lang,N,degenerate,f1_nemo_baseline,fp_nemo_baseline,f1_nemo_floor21,fp_nemo_floor21,f1_nemo_gated,fp_nemo_gated,support
aai_Latn,24580,False,0.9825052484254724,21,0.9818181818181818,22,0.9818181818181818,22,706
aak_Latn,24062,False,1.0,0,1.0,0,1.0,0,1555
aau_Latn,24485,False,0.9984871406959154,2,0.9984871406959154,2,0.9984871406959154,2,660
aaz_Latn,20777,False,0.9918465227817747,16,0.9918465227817747,16,0.9918465227817747,16,1035
aba_Latn,18107,False,0.9538977367979882,119,0.9327868852459016,200,0.9327868852459016,200,1753
abi_Latn,6735,False,0.9949324324324325,5,0.9949324324324325,5,0.9966044142614601,1,590
abk_Cyrl,100000,False,0.9966556702278987,42,0.9966670575906722,42,0.9969631531773435,47,132564
abn_Latn,47050,False,0.982532299741602,121,0.9802061855670102,145,0.9802061855670102,145,4801
abq_Cyrl,141,False,0.3636363636363636,21,0.923076923076923,1,0.923076923076923,1,6
abs_Latn,1335,False,0.04179471419791026,1557,0.07773851590106007,780,0.25,160,36
abt_Latn,46820,False,0.9945862335653519,6,0.9945862335653519,6,0.9945862335653519,6,1294
abx_Latn,17721,False,0.9045680687471732,211,0.9057971014492754,208,0.9846913580246913,28,1000
aby_Latn,21889,False,0.9939288811795316,6,0.9930675909878683,7,0.9930675909878683,7,574
abz_Latn,13333,False,0.7433188315724053,774,0.7226586102719033,866,0.9052795031055901,162,1248
aca_Latn,7493,False,0.9932483120780196,9,0.993993993993994,8,0.999245283018868,1,662
acd_Latn,17727,False,0.9973787680209699,8,0.9973787680209699,8,0.9986859395532195,2,1522
ace_Arab,6107,False,0.6266996291718171,584,0.6401515151515151,550,0.8203883495145632,202,527
ace_Latn,47937,False,0.9623655913978495,112,0.9606434316353887,133,0.9606434316353887,133,4713
acf_Latn,34818,False,0.9281045751633986,138,0.9286323571225477,136,0.9286323571225477,136,1748
ach_Latn,42880,False,0.9896373056994819,30,0.9895069713957165,35,0.9895069713957165,35,3480
acm_Arab,4566,False,0.10337726523887973,4237,0.12935064935064935,3233,0.1474962063732929,2684,368
acn_Latn,17803,False,0.9973304858515749,4,0.9978632478632479,3,0.9989304812834224,1,935
acr_Latn,67975,False,0.9085173501577287,601,0.9076971542581119,612,0.9076971542581119,612,4589
acu_Latn,24513,False,0.9889016456180636,16,0.9881453154875718,18,0.9881453154875718,18,1305
ada_Latn,100000,False,0.9938549325139909,87,0.9930758915131778,145,0.9918388514343424,217,18251
ade_Latn,13525,False,0.9984447900466563,4,0.9988331388564761,3,0.9996107434799533,1,1284
adh_Latn,23111,False,0.9766631835597352,59,0.9780258109522149,55,0.9780258109522149,55,1410
adi_Latn,30503,False,0.9836643177450353,81,0.9831919321274211,84,0.9831919321274211,84,3092
adj_Latn,17702,False,0.996483001172333,7,0.9961910342806914,8,0.9985315712187959,0,1705
adl_Latn,11055,False,0.9970817120622569,4,0.9970817120622569,4,0.9985387238188017,1,1027
ady_Cyrl,5894,False,0.935361216730038,61,0.9362511893434823,60,0.946153846153846,49,499
adz_Latn,3796,False,0.9056603773584906,10,0.923076923076923,8,0.9795918367346939,2,48
aeb_Arab,25840,False,0.3527199074074075,3092,0.3556394251705618,3063,0.3556394251705618,3063,2601
aer_Latn,12314,False,0.9978213507625272,3,0.9978213507625272,3,0.997384481255449,3,1147
aeu_Latn,17719,False,0.9988636363636363,2,0.9988636363636363,2,0.9988636363636363,2,879
aey_Latn,25992,False,0.9917808219178083,15,0.9917808219178083,15,0.9917808219178083,15,905
afr_Latn,100000,False,0.9814441337794686,2101,0.9814913753625402,2215,0.9811672926459497,2503,131230
agd_Latn,31162,False,0.9905712701053798,17,0.9905712701053798,17,0.9905712701053798,17,893
agg_Latn,24084,False,0.9977220956719818,2,0.9977220956719818,2,0.9977220956719818,2,658
agm_Latn,24380,False,0.9992779783393501,1,0.9992779783393501,1,0.9992779783393501,1,692
agn_Latn,17794,False,0.9574844995571301,88,0.9583333333333333,86,0.9849658314350798,25,1089
agr_Latn,32209,False,0.9962307915337779,8,0.9962307915337779,8,0.9962307915337779,8,1723
agt_Latn,16997,False,0.9903354178510517,14,0.9914627205463858,12,0.9965635738831615,2,874
agu_Latn,22058,False,0.9930151338766007,12,0.9930151338766007,12,0.9930151338766007,12,853
agw_Latn,39173,False,0.994287478771036,35,0.9941339919728311,36,0.9941339919728311,36,3222
agx_Cyrl,1958,False,0.652542372881356,80,0.736842105263158,53,0.9005847953216375,15,79
aha_Latn,15133,False,0.9945017182130584,10,0.9945017182130584,10,0.9958563535911603,1,1453
ahk_Latn,100000,False,0.9998560115190784,0,0.9998560115190784,0,0.9998200208775782,1,13892
aia_Latn,17546,False,0.9985677456316241,5,0.9982817869415808,6,0.999140154772141,3,1743
aii_Syrc,24440,True,1.0,0,1.0,0,1.0,0,1576
aim_Latn,11048,False,0.9828734538534729,33,0.9823893384102808,33,0.9875478927203065,21,1036
ain_Latn,4507,False,0.9551374819102749,29,0.9763313609467456,14,0.9833080424886192,3,332
ajg_Latn,29217,False,0.9617504593285452,170,0.958284859564567,196,0.958284859564567,196,2938
aji_Latn,12641,False,0.9978714346530438,1,0.9978714346530438,1,0.9953051643192489,1,1176
ajz_Latn,11064,False,0.9846153846153847,29,0.9855477855477855,28,0.9948137670909948,6,1060
akb_Latn,13505,False,0.787515762925599,670,0.7917591125198098,653,0.907292048369366,238,1253
ake_Latn,17791,False,0.9983489268024216,3,0.9983489268024216,3,0.9994490358126722,1,907
akh_Latn,24012,False,0.9952456418383517,6,0.9952456418383517,6,0.9952456418383517,6,628
akp_Latn,17785,False,0.9962749746020995,11,0.9962749746020995,11,0.999659979598776,0,1471
ald_Latn,11035,False,0.9995258416311048,1,0.9990521327014218,2,0.9995253915519696,0,1054
alj_Latn,13407,False,0.9814677538917718,49,0.9832900111399926,44,0.9954751131221719,7,1325
aln_Latn,62542,False,0.8885477004675831,1562,0.8878041977546894,1574,0.8878041977546894,1574,6401
alp_Latn,17561,False,0.9942498693152116,8,0.9942498693152116,8,0.9973753280839895,1,954
alq_Latn,17867,False,0.986709197235513,18,0.9851380042462845,21,0.9930444087747458,6,935
als_Latn,100000,False,0.9723355444136484,473,0.9722939681551788,512,0.9722595726195155,656,49026
alt_Cyrl,84843,False,0.985492361021954,152,0.9853026121558309,155,0.9853026121558309,155,7750
aly_Latn,6317,False,0.986400725294651,15,0.989090909090909,12,0.9908759124087592,9,544
alz_Latn,92770,False,0.9901194971806941,135,0.9883445074780814,182,0.9883445074780814,182,9626
ame_Latn,34032,False,0.997391304347826,5,0.9972467758295899,6,0.9972467758295899,6,3454
amf_Latn,13325,False,0.9799691833590138,50,0.9818602856040138,45,0.9956811935610521,5,1274
amh_Ethi,100000,False,0.9522847601205507,2403,0.9526251943759211,2413,0.9581417895374672,2567,61911
ami_Latn,87543,False,0.995042414894789,82,0.9945511585667897,94,0.9945511585667897,94,9040
amk_Latn,17696,False,0.984776902887139,25,0.9863301787592008,22,0.9946977730646872,6,942
amm_Latn,24436,False,0.9882537196554424,15,0.9859375,18,0.9859375,18,631
amn_Latn,37915,False,0.9935379644588045,24,0.9932705248990579,25,0.9932705248990579,25,1845
amp_Latn,30724,False,0.9841521394611727,20,0.9825949367088608,22,0.9825949367088608,22,621
amr_Latn,23701,False,0.9968152866242038,4,0.9968152866242038,4,0.9968152866242038,4,626
amu_Latn,17900,False,0.9975076156189422,2,0.9975076156189422,2,0.9977839335180055,1,1808
amx_Latn,1656,False,0.896,13,0.9655172413793104,4,0.9739130434782608,3,56
ang_Latn,490,False,0.014884979702300407,1455,0.3098591549295775,48,0.7333333333333334,7,12
anm_Latn,30734,False,0.9937389629153957,20,0.9934199967902424,22,0.9934199967902424,22,3114
ann_Latn,22124,False,0.9944289693593314,12,0.9944289693593314,12,0.9944289693593314,12,1071
anp_Deva,4499,False,0.014078349073102481,22432,0.015260663507109003,20660,0.02260541950441965,13367,279
anv_Latn,17797,False,0.9989339019189766,1,0.9978700745473909,3,0.9973361747469365,3,938
any_Latn,11974,False,0.9991158267020336,0,0.9991158267020336,0,0.9968985378821444,0,1132
aoi_Latn,3242,False,0.9888641425389755,5,0.9910714285714286,4,0.9910313901345291,3,222
aoj_Latn,55040,False,0.9987652143235138,3,0.9987652143235138,3,0.9987652143235138,3,2835
aom_Latn,17715,False,0.9982142857142856,5,0.9988088147706968,3,0.9997019374068554,0,1678
aoz_Latn,13501,False,0.9782857142857142,54,0.9812762705387847,46,0.9937984496124032,11,1287
apb_Latn,10888,False,0.9965969859017987,6,0.9965969859017987,6,0.9985387238188017,2,1026
apc_Arab,79058,False,0.7279132791327914,3505,0.7257019438444925,3570,0.7257019438444925,3570,8230
ape_Latn,59332,False,0.9940288022479803,16,0.9933309933309933,18,0.9933309933309933,18,1416
apn_Latn,16297,False,0.9994008388256441,1,0.9994008388256441,1,0.9994008388256441,1,834
apr_Latn,24377,False,0.9936406995230525,8,0.9936406995230525,8,0.9936406995230525,8,625
apt_Latn,11049,False,0.9883666821777571,23,0.9906716417910448,18,0.995768688293371,4,1064
apu_Latn,11186,False,0.9880439980870397,14,0.9899377096310494,10,0.9913378248315687,4,1044
apw_Latn,11058,False,0.9960861056751468,8,0.9975502204801567,5,0.9980392156862744,4,1018
apy_Latn,36974,False,0.9963498320922762,15,0.9960589694935046,17,0.9960589694935046,17,3422
apz_Latn,24230,False,0.9987538940809968,4,0.9984428526938648,5,0.9984428526938648,5,1603
aqz_Latn,271,False,0.07142857142857142,22,0.33333333333333337,0,0.33333333333333337,0,5
arb_Arab,100000,False,0.962233714590816,1348,0.9629471304792763,1377,0.9631268257502726,1420,639083
arb_Latn,847,False,0.03607843137254902,1229,0.15384615384615385,253,0.71875,18,23
arc_Syrc,410,True,0.0,3,0.0,0,0.0,0,12
are_Latn,6673,False,0.9949238578680203,5,0.9940828402366865,6,0.9974511469838572,1,589
arg_Latn,25914,False,0.6260122699386502,2985,0.6310054482417039,2914,0.6310054482417039,2914,2614
arl_Latn,24447,False,0.9946442234123948,6,0.9938837920489297,7,0.9938837920489297,7,651
arn_Latn,100000,False,0.9892382061324583,20,0.9892063492063493,25,0.988649182177101,42,14303
arp_Latn,1963,False,0.9365853658536586,13,0.9948186528497409,1,0.9948186528497409,1,96
arq_Arab,2712,False,0.38136826783114997,397,0.4425385934819897,295,0.5217391304347827,198,159
arr_Latn,572,False,0.11650485436893204,84,0.6,1,0.6,1,13
ars_Arab,18539,False,0.10543347381095725,23315,0.10690338311490398,22985,0.10690338311490398,22985,1860
ary_Arab,100000,False,0.7257120357002232,7098,0.7232687992485519,7292,0.7167662819455894,7731,17174
arz_Arab,100000,False,0.5418219225054293,14466,0.5407504402402131,14890,0.5377291960507758,15748,17428
asg_Latn,17719,False,0.9927835051546392,9,0.9922720247295209,10,0.9927835051546392,9,968
asm_Beng,100000,False,0.9934221081341248,112,0.9934221081341248,112,0.9932651834034878,129,24984
asm_Latn,455,False,0.07547169811320756,341,0.5581395348837209,15,0.8275862068965517,1,16
aso_Latn,23837,False,0.9968533668974198,9,0.9968533668974198,9,0.9968533668974198,9,1585
ast_Latn,100000,False,0.9659867552477956,5150,0.9647739472111605,5518,0.9620186538097143,6243,92359
ata_Latn,27005,False,0.9981288425554665,4,0.9981288425554665,4,0.9981288425554665,4,1870
atb_Latn,25098,False,0.9906817067189799,6,0.9911678115799804,5,0.9911678115799804,5,1023
atd_Latn,17597,False,0.9914271306101867,16,0.9909274193548387,17,0.9974632166412989,4,984
atg_Latn,17802,False,0.9627682873412177,83,0.9661538461538461,75,0.9834451901565994,35,1101
ati_Latn,10154,False,0.9587852494577006,38,0.9546436285097192,46,0.9751518498067365,6,922
atj_Latn,1662,False,0.627906976744186,62,0.7066666666666667,41,0.9137931034482758,7,56
atq_Latn,6661,False,0.9553264604810996,51,0.9635416666666667,40,0.9910714285714287,8,557
att_Latn,17829,False,0.9944567627494457,10,0.9939058171745152,11,0.9983305509181971,3,897
auc_Latn,17817,False,1.0,0,1.0,0,1.0,0,915
aui_Latn,4581,False,0.9073825503355705,68,0.9441340782122903,39,0.9868613138686132,8,339
auy_Latn,24037,False,0.9944229944229944,4,0.9939965694682676,5,0.9939965694682676,5,1168
ava_Cyrl,17634,False,0.9797619047619047,65,0.9788878977103777,68,0.9948593891744784,13,1649
avk_Latn,3056,False,0.38979591836734695,589,0.7169811320754716,140,0.9012658227848102,17,200
avn_Latn,11063,False,0.9799777530589544,35,0.9799777530589544,35,0.991501416430595,8,882
avt_Latn,24340,False,0.9941089837997055,3,0.9933774834437087,4,0.9933774834437087,4,680
avu_Latn,17019,False,0.9996981587684878,1,0.9996981587684878,1,0.9996981587684878,1,1656
awa_Deva,18700,False,0.6959232613908872,900,0.6959232613908872,900,0.6959232613908872,900,1819
awb_Latn,24529,False,0.9898403483309144,14,0.9898403483309144,14,0.9898403483309144,14,682
awi_Latn,6621,False,0.9860769860769861,17,0.9876948318293683,15,0.9958643507030605,5,602
awx_Latn,4174,False,0.7843137254901961,33,0.8571428571428571,20,0.9836065573770492,2,60
ayo_Latn,6717,False,0.9894179894179894,12,0.991166077738516,10,0.9991095280498664,1,561
ayp_Arab,6764,False,0.8805513016845329,155,0.9033778476040848,122,0.9730200174064404,14,576
ayr_Latn,100000,False,0.9943303856498772,95,0.9944194593549012,109,0.9941425506002435,155,51877
azb_Arab,100000,False,0.978854834877643,870,0.9785523767766452,889,0.9775945117501095,951,27067
azg_Latn,17785,False,1.0,0,1.0,0,1.0,0,1788
azj_Cyrl,26412,False,0.991965510484029,31,0.991965510484029,31,0.991965510484029,31,2541
azj_Latn,100000,False,0.9946344735077131,490,0.9948118191423472,529,0.9955745937317046,692,137418
azz_Latn,17799,False,0.9556962025316457,84,0.9562005277044855,83,0.9847494553376906,26,906
bak_Cyrl,100000,False,0.9713026527671836,483,0.9713772475385111,488,0.9712863576338334,520,29861
bal_Arab,39095,False,0.9551546391752577,283,0.9539490609724723,295,0.9539490609724723,295,3771
bam_Latn,18697,False,0.6655164977356048,1225,0.6663789382822615,1221,0.6663789382822615,1221,1869
ban_Latn,41792,False,0.929173443737986,406,0.9241845430502498,446,0.9241845430502498,446,3215
bao_Latn,17847,False,0.9961474958723171,5,0.9961474958723171,5,0.9966960352422908,4,907
bar_Latn,100000,False,0.9317311181902496,1469,0.9251548451548451,1672,0.906608410704533,2237,11777
bas_Latn,100000,False,0.9951605807303123,59,0.994549929676512,77,0.993068959466573,116,11361
bav_Latn,17825,False,0.9985486211901305,1,0.9985486211901305,1,0.9988385598141696,0,1724
bba_Latn,84918,False,0.9926208651399491,11,0.9928780363728856,12,0.9928780363728856,12,7907
bbb_Latn,21471,False,0.9961627014581734,9,0.9961627014581734,9,0.9961627014581734,9,1299
bbc_Latn,100000,False,0.977263796103969,238,0.9777055184915252,263,0.9829573842082864,392,27089
bbj_Latn,11052,False,0.999508116084604,0,0.9990167158308751,1,0.9990167158308751,1,1017
bbk_Latn,4286,False,0.9955947136563876,3,0.9985272459499264,1,0.9985272459499264,1,339
bbo_Latn,6704,False,0.9919571045576407,9,0.9946236559139785,6,0.9945652173913043,0,555
bbr_Latn,23818,False,0.9924012158054711,10,0.9908952959028832,12,0.9908952959028832,12,653
bch_Latn,22386,False,0.9969018932874354,7,0.9965588437715072,8,0.9965588437715072,8,1450
bci_Latn,100000,False,0.998168444063691,67,0.997785912499262,103,0.9972125127206761,150,33846
bcl_Latn,100000,False,0.9812318387464597,1800,0.981206807822379,1872,0.9811447009001412,2162,108989
bco_Latn,3937,False,1.0,0,1.0,0,1.0,0,68
bcw_Latn,17698,False,0.9996676636756398,1,0.9996676636756398,1,0.9996676636756398,1,1504
bdd_Latn,30992,False,0.9933837429111531,10,0.9929145016532829,11,0.9929145016532829,11,1055
bdh_Latn,12360,False,0.9969578444154715,5,0.996524761077324,6,0.9991289198606271,0,1149
bdq_Latn,4240,False,0.9833080424886191,11,0.9893129770992367,7,0.9908256880733944,6,324
bea_Latn,1152,False,0.5573770491803279,54,0.9315068493150686,5,1.0,0,34
bef_Latn,24278,False,0.9947579401788468,16,0.9947579401788468,16,0.9947579401788468,16,1614
bel_Cyrl,100000,False,0.9908714238737258,1056,0.9908544002103947,1080,0.9896711027114996,1318,75663
bem_Latn,100000,False,0.9778574602736788,1989,0.9780972146702712,2018,0.9785123081865886,2116,131419
ben_Beng,100000,False,0.9904199223077265,380,0.9906973172834985,382,0.9917732739066184,404,170499
ben_Latn,3910,False,0.3973509933774835,813,0.5193050193050193,491,0.8585209003215434,79,276
beq_Latn,11039,False,0.931304347826087,153,0.9419525065963061,127,0.9849765258215962,5,1076
bew_Latn,16291,False,0.6808611308256447,1209,0.675852405418029,1256,0.7573432124900767,769,1579
bex_Latn,22281,False,0.998165137614679,4,0.9979362531529467,5,0.9979362531529467,5,2180
bfd_Latn,17820,False,1.0,0,0.9996494917630564,1,1.0,0,1426
bfo_Latn,13446,False,0.9953379953379953,2,0.9953379953379953,2,0.9953379953379953,2,1291
bgr_Latn,17611,False,0.9622559652928416,86,0.9647672901261418,80,0.9791943337760072,43,1110
bgs_Latn,19527,False,0.9927319367250963,17,0.9923076923076923,18,0.9923076923076923,18,1161
bgt_Latn,10924,False,0.9821073558648111,25,0.9847176079734219,21,0.9959623149394348,3,743
bgz_Latn,13364,False,0.9784706755753526,54,0.9806547619047619,48,0.9928220627125048,11,1322
bhg_Latn,7106,False,0.9518716577540107,18,0.964769647696477,13,0.9916434540389973,3,178
bhl_Latn,27070,False,0.9920734251147267,17,0.9916597164303587,18,0.9916597164303587,18,1191
bho_Deva,55844,False,0.6225104214914312,4286,0.6177010088657903,4407,0.6177010088657903,4407,4636
bhp_Latn,8035,False,0.9485396383866482,35,0.9463414634146341,35,0.9460043196544277,11,721
bhw_Latn,96876,False,0.9906227703598003,24,0.9905218100285365,26,0.9905218100285365,26,9879
bhz_Latn,6727,False,0.9823973176865047,21,0.9857022708158116,17,0.9940627650551315,7,586
bib_Latn,17804,False,0.9988564894225271,3,0.9991421218187018,2,0.9997138769670958,0,1748
big_Latn,24303,False,0.9891640866873065,14,0.9891640866873065,14,0.9891640866873065,14,639
bim_Latn,60084,False,0.9901944209636516,102,0.9901107260586595,103,0.9901107260586595,103,5871
bin_Latn,100000,False,0.9915053857605745,151,0.9910722100656454,162,0.9904228801329427,178,11365
bis_Latn,100000,False,0.995348680629976,274,0.9955575997576873,282,0.9955752460533326,297,89255
biu_Latn,11038,False,0.976255707762557,50,0.9798350137488543,42,0.9892973476035365,15,1071
biv_Latn,17791,False,0.9965197215777262,11,0.9962307915337779,12,0.9962307915337779,12,1719
bjn_Arab,6110,False,0.5221421215242018,909,0.5297805642633229,881,0.6907849829351536,433,526
bjn_Latn,27655,False,0.4030383243181033,5023,0.40772182811954877,4931,0.7135371179039303,1031,1915
bjp_Latn,3587,False,0.8219178082191781,26,0.9375,8,0.975609756097561,3,60
bjr_Latn,26849,False,0.9980411361410382,4,0.9980411361410382,4,0.9980411361410382,4,1019
bjv_Latn,28868,False,0.9995381062355658,1,0.9995381062355658,1,0.9995381062355658,1,1082
bkd_Latn,17628,False,0.9846851956891662,26,0.985244040862656,25,0.998849252013809,1,869
bkl_Latn,6670,False,0.9531388152077807,52,0.9616413916146298,42,0.9963031423290203,3,540
bkq_Latn,17510,False,0.9875876956287103,23,0.9875876956287103,23,0.9967284623773173,5,915
bku_Latn,13480,False,0.9839203675344564,41,0.9846743295019157,39,0.9957314707023671,8,1286
bkv_Latn,13494,False,0.9918573090345095,21,0.9918573090345095,21,0.9992181391712275,1,1279
bla_Latn,1048,False,0.5148514851485149,49,0.9454545454545454,3,0.9811320754716981,1,26
blh_Latn,6716,False,0.9966722129783694,4,0.9975020815986678,3,0.9991659716430359,1,599
blk_Mymr,26251,False,0.9862852664576802,26,0.9866823345084215,26,0.9866823345084215,26,2561
blt_Latn,6684,False,0.9876746096959738,15,0.9917491749174917,10,1.0,0,601
blw_Latn,17130,False,0.9916963226571768,14,0.9922848664688428,13,0.995830851697439,7,836
blz_Latn,17821,False,0.9772481040086674,36,0.9761646803900325,37,0.9917446340121078,8,908
bmh_Latn,23801,False,0.9925705794947994,10,0.9940476190476192,8,0.9940476190476192,8,668
bmk_Latn,1657,False,0.4057971014492754,41,0.7567567567567568,9,0.8750000000000001,4,14
bmq_Latn,13524,False,0.9937839937839938,12,0.994556765163297,10,0.9960906958561376,1,1283
bmr_Latn,17771,False,0.9977900552486187,3,0.9966887417218543,5,0.9983416252072969,2,904
bmu_Latn,27341,False,0.9957035445757252,7,0.9941018766756031,10,0.9941018766756031,10,928
bmv_Latn,11017,False,0.9863013698630138,6,0.9818181818181818,8,0.9840546697038723,7,216
bnj_Latn,13502,False,0.9813121272365805,26,0.9817315329626688,27,0.9848605577689243,19,1255
bno_Latn,4263,False,0.7067209775967414,288,0.7486515641855448,233,0.9755395683453238,9,347
bnp_Latn,35503,False,0.9919669497360569,16,0.9912804038549794,18,0.9912804038549794,18,2180
boa_Latn,17164,False,0.9971444888635066,5,0.9971444888635066,5,0.9988558352402745,2,873
bod_Tibt,45476,True,0.9327524575513853,179,0.9327524575513853,179,0.9327524575513853,179,4598
boj_Latn,41261,False,0.9968213604577241,10,0.9961880559085133,12,0.9961880559085133,12,1568
bom_Latn,11082,False,0.9927360774818402,15,0.9927360774818402,15,0.9990243902439024,1,1025
bon_Latn,24452,False,0.9839743589743589,20,0.9824,22,0.9824,22,614
bor_Latn,156,False,0.27272727272727276,15,0.8571428571428571,0,0.8571428571428571,0,4
bov_Latn,17729,False,0.992761692650334,25,0.992761692650334,25,0.9972020145495244,8,1784
box_Latn,17668,False,0.9979844514828677,7,0.9971231300345225,10,0.9988472622478387,4,1733
bpr_Latn,17724,False,0.9364655632674853,71,0.9380341880341881,69,0.9380341880341881,69,925
bps_Latn,17697,False,0.9500221141088013,55,0.9495575221238939,55,0.9495575221238939,55,1132
bpy_Beng,25498,False,0.6692473118279569,2086,0.6721405934889081,2054,0.6721405934889081,2054,2555
bqc_Latn,56840,False,0.9943701618578465,20,0.9944586155334683,20,0.9944586155334683,20,5696
bqj_Latn,11034,False,0.9850746268656716,29,0.9874517374517374,24,0.9961013645224172,5,1025
bqp_Latn,13480,False,0.9738260200153965,32,0.9738260200153965,32,0.9757038179714616,27,1301
bre_Latn,33378,False,0.9558801385333534,192,0.9550308317040157,199,0.9550308317040157,199,3275
brh_Arab,11614,False,0.7324577861163228,690,0.7324577861163228,690,0.8663343905754418,252,999
bru_Latn,17733,False,0.9971313826735513,10,0.9968454258675079,11,0.999712395743457,1,1738
brx_Deva,3440,False,0.8295081967213115,100,0.8391376451077944,93,0.89247311827957,52,257
brx_Latn,374,False,0.15652173913043477,97,0.9,2,1.0,0,9
bsc_Latn,11055,False,0.9980353634577603,3,0.9980353634577603,3,0.9990167158308751,1,1017
bsn_Latn,16998,False,0.9956949569495696,4,0.9950829748002458,6,0.9963076923076924,2,1629
bsp_Latn,7698,False,0.9809104258443465,17,0.9823529411764705,15,0.9850968703427719,4,677
bsq_Latn,3179,False,0.7322404371584699,146,0.8553191489361702,67,0.9779951100244499,7,202
bss_Latn,17773,False,0.9970777323202805,10,0.9964953271028038,12,0.9991210079109288,2,1706
btd_Latn,14730,False,0.9735006973500696,68,0.9724642732659463,70,0.9924812030075189,3,1404
bth_Latn,10993,False,0.9845288326300984,33,0.987306064880113,27,0.9976201808662543,3,1050
bts_Latn,40284,False,0.8609535811804242,1300,0.8558605573530946,1358,0.8558605573530946,1358,4123
btt_Latn,13406,False,0.9968798751950079,7,0.9972688255950058,6,0.9976507439310887,1,1279
btx_Latn,100000,False,0.9784197305320849,262,0.9784480301043389,285,0.9752844697937062,424,17632
bud_Latn,13483,False,0.9964774951076321,9,0.9964774951076321,9,0.9976489028213166,6,1273
bug_Latn,14761,False,0.9297590770274856,149,0.9231805929919138,170,0.9645641389085755,33,1428
buk_Latn,24072,False,0.9977924944812362,2,0.9977924944812362,2,0.9977924944812362,2,679
bul_Cyrl,100000,False,0.9814626232963494,4147,0.9813186423025942,4263,0.9804657263901773,4661,167886
bum_Latn,100000,False,0.989742767849988,66,0.9899151592764528,79,0.98938462766382,121,12541
bus_Latn,23216,False,0.9817557415754454,50,0.9815450643776824,51,0.9815450643776824,51,2322
bvc_Latn,6694,False,0.988666085440279,13,0.9912587412587412,10,0.9982394366197184,2,567
bvd_Latn,4273,False,0.9757489300998574,14,0.9813486370157819,10,0.9869375907111756,4,345
bvr_Latn,17732,False,0.9822916666666667,34,0.9802494802494802,38,0.9952506596306069,9,943
bvz_Latn,12855,False,0.9960191082802548,10,0.9948310139165009,13,0.9984038308060655,4,1251
bwd_Latn,3872,False,0.6399999999999999,54,0.7499999999999999,32,0.8347826086956522,19,48
bwi_Latn,221,False,0.11267605633802817,63,0.888888888888889,1,1.0,0,4
bwq_Latn,13507,False,0.9953124999999999,8,0.9945269741985927,8,0.9952830188679246,0,1278
bwu_Latn,17557,False,0.9953325554259044,13,0.9950422863808691,14,0.9976580796252928,3,1709
bxh_Latn,7138,False,0.9696498054474708,37,0.975724353954581,29,0.9879903923138511,7,625
bxr_Cyrl,28040,False,0.9469285415796072,157,0.9469285415796072,157,0.9469285415796072,157,2363
byr_Latn,18296,False,0.9988801791713325,4,0.9988801791713325,4,0.9988801791713325,4,1784
byv_Latn,1735,False,0.7346938775510204,39,0.9473684210526316,6,1.0,0,54
byx_Latn,17508,False,0.9968119022316684,6,0.996282527881041,7,0.9984017048481619,2,938
bzd_Latn,25300,False,0.984009840098401,18,0.981896287204664,25,0.981896287204664,25,1634
bzh_Latn,24550,False,0.9943661971830986,7,0.9943661971830986,7,0.9943661971830986,7,707
bzi_Thai,11019,False,0.9533213644524238,103,0.9533213644524238,103,0.9962335216572504,3,1063
bzj_Latn,100000,False,0.990527018012008,80,0.9896522627348227,106,0.9876051350154935,166,11269
caa_Latn,17822,False,0.9988662131519274,4,0.9985831680362709,5,0.9994324631101021,1,1762
cab_Latn,100000,False,0.9957861531580311,68,0.9956473660682775,83,0.9948281536508533,118,21261
cac_Latn,54632,False,0.9938368580060423,14,0.9937167713871435,15,0.9937167713871435,15,4149
caf_Latn,17803,False,0.987601078167116,14,0.9865374259558427,16,0.988133764832794,13,925
cag_Latn,12070,False,0.9947089947089947,3,0.9947136563876653,4,0.9938271604938271,4,1137
cak_Latn,100000,False,0.9835502384609166,100,0.9835509032857777,101,0.9832727272727272,115,25049
cao_Latn,17717,False,0.9919828968466061,15,0.9919828968466061,15,0.9983862291554599,3,928
cap_Latn,28831,False,0.9975961538461539,10,0.9975961538461539,10,0.9975961538461539,10,2075
caq_Latn,31638,False,0.998295894655306,5,0.9982980040228996,9,0.9982980040228996,9,3228
car_Latn,18987,False,0.9865030674846625,28,0.9881196231052848,24,0.9881196231052848,24,1211
cas_Latn,6696,False,0.986644407345576,16,0.9891213389121338,13,0.9974683544303797,3,591
cat_Latn,100000,False,0.9891888143964244,810,0.9894512463196601,924,0.9895061728395061,1184,188708
cav_Latn,17546,False,0.9930475086906141,10,0.9936231884057971,9,0.9959278650378126,4,859
cax_Latn,28858,False,0.9971014492753623,12,0.9971014492753623,12,0.9971014492753623,12,2064
cbc_Latn,17534,False,0.9926231926822071,3,0.9926231926822071,3,0.9929161747343564,2,1704
cbi_Latn,10976,False,0.9940476190476191,11,0.9935547843331681,12,0.9970119521912351,4,1003
cbk_Latn,100000,False,0.9502124515056346,779,0.9470149940207893,861,0.943287407882089,957,10586
cbr_Latn,24284,False,0.9990645463049579,3,0.9990645463049579,3,0.9990645463049579,3,1602
cbs_Latn,27312,False,0.9958711808422791,9,0.9958711808422791,9,0.9958711808422791,9,1207
cbt_Latn,10883,False,0.9976042165788213,5,0.9985611510791367,3,0.9985597695631302,2,1041
cbu_Latn,16983,False,0.9877464038359085,20,0.9877464038359085,20,0.9956942949407965,3,930
cbv_Latn,27955,False,0.9991728701406121,1,0.9983471074380166,2,0.9983471074380166,2,604
cce_Latn,100000,False,0.9733132869761323,305,0.9717043005715357,354,0.9680369558116747,437,10621
cco_Latn,17689,False,1.0,0,1.0,0,1.0,0,1746
ccp_Latn,6763,False,0.9127413127413128,111,0.9395866454689984,74,0.9890480202190396,7,593
cdf_Latn,6763,False,0.9776632302405498,26,0.9895652173913044,12,0.9964912280701754,3,569
cdo_Latn,9577,False,0.9966101694915255,5,0.9943630214205186,9,0.9988674971687429,1,883
ceb_Latn,100000,False,0.9664249764554577,1512,0.966491192549099,1563,0.967539520949008,1741,202617
ceg_Latn,13524,False,0.9965156794425087,9,0.9965156794425087,9,0.9976744186046511,6,1287
cek_Latn,44097,False,0.9931146213041717,30,0.9924446842957366,35,0.9924446842957366,35,3699
ces_Latn,100000,False,0.9802714167573967,5382,0.9800707512113914,5532,0.9796715975540581,5768,166015
cfm_Latn,80737,False,0.9513546423135464,704,0.9511289635445195,709,0.9511289635445195,709,7908
cgc_Latn,17863,False,0.9718076285240465,64,0.971844981782047,66,0.9905469277515192,9,1486
cgg_Latn,34573,False,0.7142857142857144,2384,0.7099642198850699,2429,0.7099642198850699,2429,3520
cha_Latn,19311,False,0.935801041064199,99,0.9370306181398036,99,0.9370306181398036,99,821
chd_Latn,18037,False,0.9741772151898734,12,0.9741772151898734,12,0.9741772151898734,12,1001
che_Cyrl,56243,False,0.9357458075904678,306,0.9373297002724795,322,0.9373297002724795,322,5723
chf_Latn,18010,False,0.991332611050921,5,0.989713048186248,7,0.989713048186248,7,926
chj_Latn,4286,False,1.0,0,1.0,0,1.0,0,339
chk_Latn,100000,False,0.9973866164897033,52,0.9975223880597015,66,0.9971213364158401,102,33517
cho_Latn,1031,False,0.5609756097560975,35,0.7796610169491525,12,0.9387755102040817,2,24
chq_Latn,10965,False,0.9990494296577946,2,0.9990494296577946,2,0.9985734664764623,2,1051
chr_Cher,11732,True,0.9982238010657194,1,0.9929328621908127,4,0.9929328621908127,4,281
chr_Latn,6768,False,0.9924178601516429,9,0.9957734573119188,5,0.9991518235793045,1,589
chu_Cyrl,27598,False,0.7366007451991973,1738,0.7420239641980655,1687,0.7420239641980655,1687,2670
chv_Cyrl,47817,False,0.9833700171191,72,0.9832620647525963,76,0.9832620647525963,76,4085
chw_Latn,99872,False,0.9708709724167915,289,0.9703839475207409,310,0.9703839475207409,310,10363
chz_Latn,17827,False,1.0,0,1.0,0,1.0,0,886
cjk_Latn,100000,False,0.956258219452227,1114,0.9556245903041011,1182,0.952024285754816,1329,17140
cjo_Latn,17378,False,0.9706390328151987,39,0.9695227142035652,41,0.9717579250720462,37,855
cjp_Latn,13518,False,0.9966455460305628,6,0.9966455460305628,6,0.9988793425476279,0,1340
cjs_Cyrl,1320,False,0.7676767676767677,23,0.9156626506024096,7,0.9870129870129869,1,38
cjv_Latn,24274,False,0.9924937447873228,9,0.9916527545909849,9,0.9916527545909849,9,595
ckb_Arab,100000,False,0.8741844769403826,2334,0.8741915527810584,2335,0.8739703691209132,2344,17683
cko_Latn,17723,False,0.9944649446494466,16,0.9947740547187212,16,0.9975323874151758,6,1619
ckt_Cyrl,2269,False,0.9657794676806085,8,0.9769230769230769,5,0.9841269841269841,0,128
cle_Latn,17829,False,1.0,0,1.0,0,1.0,0,904
clu_Latn,10945,False,0.8266214497668503,401,0.8379888268156426,369,0.9766734279918864,26,983
cly_Latn,13513,False,0.8757539203860072,78,0.8763592428513894,75,0.8774193548387096,72,1320
cme_Latn,17736,False,0.9959946595460615,7,0.9955516014234875,8,0.9973262032085561,4,1121
cmn_Hani,100000,False,0.8517293632271123,1914,0.8517947101533426,1919,0.8517899998894038,1920,101900
cmo_Khmr,11062,True,0.9572400388726919,87,0.9572400388726919,87,0.9928789420142421,4,986
cmo_Latn,17989,False,0.9835728952772074,20,0.982060481804203,23,0.9850899742930591,17,970
cmr_Latn,6689,False,0.9923142613151152,9,0.9974248927038626,3,0.9991386735572783,0,581
cnh_Latn,100000,False,0.9870857112236423,132,0.9871423979427837,139,0.9871022985737604,180,37673
cni_Latn,32688,False,0.9442449442449443,34,0.9456398640996602,34,0.9456398640996602,34,2759
cnk_Latn,11067,False,0.9454722492697177,30,0.9477794045876037,25,0.95242766061795,15,1053
cnl_Latn,17804,False,1.0,0,1.0,0,0.9996424740793707,0,1399
cnt_Latn,17808,False,1.0,0,1.0,0,1.0,0,913
cnw_Latn,6740,False,0.9813242784380306,22,0.9838297872340426,19,0.9869451697127937,4,578
coe_Latn,17384,False,0.9986082115518442,4,0.9986082115518442,4,0.9996516893068618,1,1435
cof_Latn,16915,False,0.9845984598459846,24,0.9845984598459846,24,0.9938854919399667,6,899
cok_Latn,28590,False,0.8472434915773354,161,0.8472434915773354,161,0.8472434915773354,161,2850
con_Latn,17696,False,0.9949698189134809,9,0.9944695827048768,10,0.996969696969697,3,990
cop_Copt,27503,True,0.9998185447287244,1,0.99909338168631,5,0.99909338168631,5,2755
cor_Latn,41440,False,0.9876601803512102,77,0.9857954545454546,95,0.9857954545454546,95,4189
cos_Latn,9423,False,0.6682867557715674,799,0.7088172043010752,656,0.8907193849533224,165,845
cot_Latn,17733,False,0.9886792452830189,18,0.9886792452830189,18,0.9929615592853275,10,920
cou_Latn,6745,False,0.9966666666666666,4,0.9983305509181971,2,0.9991645781119466,1,598
cpa_Latn,17827,False,0.9983597594313832,3,0.9983597594313832,3,0.9978118161925601,3,913
cpb_Latn,17824,False,0.9518716577540107,62,0.9549356223175967,56,0.9548872180451128,55,918
cpc_Latn,17825,False,0.9800838574423479,29,0.9811122770199371,27,0.9811122770199371,27,944
cpu_Latn,17825,False,0.9117063492063491,167,0.910802775024777,169,0.9112543381259297,168,930
cpy_Latn,14716,False,0.9567765567765567,46,0.9588839941262848,43,0.9659763313609468,33,666
crh_Cyrl,38964,False,0.952054794520548,231,0.9514623522090853,235,0.9514623522090853,235,3135
crh_Latn,17238,False,0.5430876420975431,2419,0.5429565854552115,2423,0.5967676767676768,1919,1554
cri_Latn,2059,False,0.18848167539267016,614,0.4516129032258064,162,0.8789808917197452,10,78
crj_Cans,4295,True,0.9893778452200304,6,0.9893778452200304,6,0.9893778452200304,6,327
crk_Cans,4454,True,0.988795518207283,4,0.9874125874125874,5,0.9874125874125874,5,357
crk_Latn,6188,False,0.9899909008189264,9,0.991810737033667,8,0.995433789954338,4,546
crl_Cans,4295,True,0.9936507936507936,0,0.9936507936507936,0,0.9936507936507936,0,317
crm_Cans,11058,True,0.9723018147086915,14,0.9723018147086915,14,0.9723018147086915,14,1062
crn_Latn,37171,False,0.9015403573629083,641,0.9015403573629083,641,0.9015403573629083,641,3816
crs_Latn,100000,False,0.9854186887849643,812,0.985736017107961,825,0.9855672829032898,857,45181
crt_Latn,10872,False,0.993643031784841,13,0.9941291585127202,12,0.9990167158308751,2,1016
crx_Latn,11044,False,0.9887005649717514,19,0.988235294117647,20,0.9915014164305949,13,1055
csb_Latn,9336,False,0.5295912141549726,1527,0.5684348395546824,1303,0.9504730105731776,60,883
csk_Latn,17816,False,0.989749430523918,18,0.9891861126920888,19,0.9948483113909559,9,869
cso_Latn,17825,False,0.9974632166412988,2,0.9974632166412988,2,0.9974632166412988,2,986
csw_Cans,124,True,0.22222222222222224,12,0.36363636363636365,5,0.36363636363636365,5,4
csw_Latn,247,False,0.0915032679738562,139,0.9333333333333333,1,0.9333333333333333,1,7
csy_Latn,36704,False,0.9808449938867001,76,0.9801792017377138,81,0.9801792017377138,81,3675
cta_Latn,17725,False,0.9978425026968716,0,0.9978425026968716,0,0.9973016729627631,0,929
ctd_Latn,66425,False,0.8790709416813935,587,0.8789433835282241,590,0.8789433835282241,590,6073
cto_Latn,16604,False,0.9566318455207343,28,0.9557242251739405,31,0.9613541999361227,6,1620
ctp_Latn,25169,False,0.9988636363636364,2,0.9988636363636364,2,0.9988636363636364,2,1760
ctu_Latn,100000,False,0.9973585289037894,8,0.9975877916867684,9,0.9974110360932028,20,19730
cub_Latn,17667,False,0.9943235572374646,7,0.9943235572374646,7,0.9966808914177335,2,1056
cuc_Latn,17804,False,1.0,0,1.0,0,1.0,0,899
cui_Latn,17685,False,0.9978046103183316,4,0.9967105263157894,6,0.9989010989010989,2,909
cuk_Latn,44245,False,0.9844653179190752,60,0.9835769716657644,65,0.9835769716657644,65,2751
cul_Latn,17610,False,0.9967248908296943,6,0.9961811238406983,7,0.9989059080962801,2,913
cut_Latn,17581,False,0.9934426229508196,12,0.9939857845817387,11,0.9978021978021978,3,909
cux_Latn,11059,False,0.9995244888254874,1,0.9995244888254874,1,1.0,0,1051
cwd_Cans,231,True,0.5185185185185185,12,0.9333333333333333,0,0.9333333333333333,0,8
cwe_Latn,17817,False,0.8952380952380953,188,0.9006555723651034,176,0.907520325203252,161,914
cwt_Latn,13447,False,0.981060606060606,50,0.9840425531914894,42,0.9938461538461538,13,1295
cya_Latn,17827,False,0.8430173292558614,242,0.8418912048805287,246,0.842319430315361,245,893
cym_Latn,100000,False,0.9923778708074119,212,0.9918512223166525,254,0.9907881609577651,352,29995
czt_Latn,19062,False,0.9981348254729551,4,0.9976031957390146,6,0.9976031957390146,6,1876
daa_Latn,17721,False,0.9915094339622642,15,0.9915094339622642,15,0.9947941315664932,8,1054
dad_Latn,24369,False,0.9818481848184818,17,0.9810387469084915,18,0.9810387469084915,18,600
daf_Latn,10483,False,0.9964376590330789,7,0.9969450101832994,6,0.9989795918367348,2,979
dag_Latn,11906,False,0.7066929133858268,888,0.6777847702957835,1018,0.943445857080228,122,1083
dah_Latn,23848,False,0.9968051118210862,4,0.9960095770151637,5,0.9960095770151637,5,624
dak_Latn,2019,False,0.8444444444444443,35,0.9500000000000001,10,0.979381443298969,4,95
dan_Latn,100000,False,0.9588834346623046,5080,0.9590956374557015,5431,0.9590857324003195,5832,348795
dar_Cyrl,1870,False,0.7472527472527472,46,0.8395061728395062,26,0.9444444444444444,8,68
dbq_Latn,6656,False,0.9883616830796776,11,0.989247311827957,10,0.9963898916967509,2,554
ddg_Latn,1354,False,0.37554585152838427,142,0.8958333333333334,9,0.9397590361445783,0,44
ddn_Latn,6765,False,0.9862570735650767,17,0.9870340356564019,15,0.9870340356564019,15,610
ded_Latn,34664,False,0.9958228905597327,10,0.9962390305056414,9,0.9962390305056414,9,1192
des_Latn,17332,False,0.9995022399203584,1,0.999004975124378,2,0.9995022399203584,1,1004
deu_Latn,100000,False,0.9883726311172455,1064,0.9888213793131181,1135,0.9896894382500758,1250,250334
dga_Latn,17138,False,0.9863263445761167,41,0.9863346492559977,42,0.994159237626806,9,1627
dgc_Latn,17586,False,0.9652042360060514,69,0.9666666666666666,66,0.9953100573215216,7,957
dgi_Latn,13517,False,0.9931245225362872,18,0.9931245225362872,18,0.9957870547682881,11,1300
dgr_Latn,18978,False,0.9990467111534795,2,0.9990467111534795,2,0.9990467111534795,2,1048
dgz_Latn,24281,False,0.9892141756548537,13,0.9884526558891454,14,0.9884526558891454,14,643
dhg_Latn,1607,False,0.970873786407767,3,0.9803921568627451,2,0.99009900990099,1,50
dhm_Latn,11061,False,0.9206208425720621,172,0.9263063867798124,157,0.9832455720440401,17,1045
dhv_Latn,100000,False,0.9977146018021167,19,0.9978314971401958,22,0.9975560081466396,46,34408
did_Latn,6278,False,0.9963702359346642,4,0.9972752043596731,3,0.999088422971741,0,549
dig_Latn,13447,False,0.8935553946415641,285,0.8986880466472303,268,0.9741345005968962,46,1243
dik_Latn,40448,False,0.9012256669069936,5,0.9020878329733621,7,0.9020878329733621,7,3043
dip_Latn,6750,False,0.9315746084089035,77,0.9330024813895782,74,0.9345484672742337,72,571
diq_Latn,28046,False,0.8586560741476333,649,0.8484848484848485,716,0.8484848484848485,716,2799
dis_Latn,11060,False,0.9852169766332857,30,0.9870998566650742,26,0.9942140790742526,9,1034
diu_Latn,166,False,0.0,93,0.0,0,0.0,0,2
div_Thaa,33933,False,0.9995662859621223,3,0.9995662859621223,3,0.9995662859621223,3,3457
dje_Latn,6801,False,0.9791332263242375,23,0.9798873692679002,21,0.9886178861788618,9,613
djk_Latn,92008,False,0.9745331069609507,361,0.9715284433669729,422,0.9715284433669729,422,8699
djr_Latn,10796,False,0.9926071956628881,11,0.9926071956628881,11,0.9926071956628881,11,1011
dks_Latn,15265,False,0.8322875071306332,530,0.8345241497570735,522,0.8357183743560389,517,1517
dln_Latn,26435,False,0.9718920958309751,133,0.9715255515745804,135,0.9715255515745804,135,2592
dng_Cyrl,804,False,0.8163265306122449,9,0.975609756097561,1,0.975609756097561,1,20
dnj_Latn,21454,False,0.9985902255639098,5,0.9983556495184402,6,0.9983556495184402,6,2126
dnw_Latn,6439,False,0.9903593339176161,10,0.9929701230228472,7,0.9964664310954063,2,566
dob_Latn,31031,False,0.9964686998394864,7,0.9958293230670516,9,0.9958293230670516,9,1556
doi_Deva,3674,False,0.5397489539748953,426,0.5730211817168339,368,0.8302521008403361,76,272
dop_Latn,33651,False,0.999126383226558,1,0.999126383226558,1,0.999126383226558,1,3436
dos_Latn,6742,False,0.9844897959183674,19,0.9877149877149877,15,0.9925925925925926,9,603
dow_Latn,11019,False,0.9985652797704447,3,0.9985652797704447,3,0.9971209213051823,1,1044
drg_Latn,201,False,0.015503875968992248,252,0.6666666666666666,0,0.6666666666666666,0,4
dru_Latn,29903,False,0.9939859672569329,29,0.9931564012685694,34,0.9931564012685694,34,2982
dsb_Latn,9265,False,0.5309043591411842,1412,0.5758976182012087,1157,0.7837969741337238,400,846
dsh_Latn,6743,False,0.9769427839453458,27,0.9811320754716981,22,0.9991266375545852,1,572
dtb_Latn,6615,False,0.9593908629441625,48,0.9642857142857143,42,0.987783595113438,13,567
dtp_Latn,52534,False,0.9696126685212925,40,0.9717273018243892,44,0.9717273018243892,44,4775
dts_Latn,13356,False,0.9944267515923567,12,0.9944267515923567,12,0.994797919167667,5,1251
dty_Deva,11466,False,0.5196405648267008,1791,0.5247601763028261,1753,0.6412657410397159,1012,1092
dua_Latn,43871,False,0.9954205294314756,26,0.9930911522175173,47,0.9930911522175173,47,4471
due_Latn,17710,False,0.9809417040358744,33,0.9814918676388109,32,0.9971477467199087,3,876
dug_Latn,13397,False,0.9381327334083239,163,0.9423728813559321,151,0.9888888888888889,21,1253
duo_Latn,17496,False,0.9460450497642745,102,0.9465408805031446,101,0.9922992299229924,12,904
dur_Latn,11023,False,0.998530132288094,3,0.998530132288094,3,0.9995095635115253,1,1019
dwr_Ethi,1693,False,0.8288288288288289,12,0.8288288288288289,12,0.8288288288288289,12,53
dwr_Latn,28305,False,0.9419299743808711,132,0.9418803418803419,131,0.9418803418803419,131,1107
dww_Latn,31055,False,0.9934959349593495,7,0.9934959349593495,7,0.9934959349593495,7,612
dyi_Latn,17802,False,0.9954413593037713,8,0.9954413593037713,8,0.9970918155380142,3,1204
dyo_Latn,14804,False,0.9812583668005355,49,0.9825737265415548,45,0.9921954530030541,12,1473
dyu_Latn,100000,False,0.9636910469880569,277,0.9641519296105932,283,0.9626397481819168,395,23498
dzo_Tibt,13407,False,0.7805227354099534,433,0.7805227354099534,433,0.7805227354099534,433,1270
ebk_Latn,17799,False,0.9930624380574826,13,0.9935547843331681,12,0.9985052316890882,2,1003
efi_Latn,100000,False,0.9982098982098982,32,0.9983213527440327,38,0.9983038555118846,42,85591
eka_Latn,17820,False,0.9918061987887424,20,0.9911000355998576,22,0.9974919383733428,4,1395
ekk_Latn,100000,False,0.973778957389724,2458,0.9747254045116334,2660,0.9756186563036499,3257,353261
eko_Latn,2700,False,0.6985446985446986,145,0.8215158924205379,73,0.9479768786127167,14,168
ell_Grek,100000,False,0.9849864162813975,244,0.9856725116092298,318,0.9871487099875085,334,393732
eme_Latn,645,False,0.4411764705882352,36,0.7317073170731708,9,0.7317073170731708,9,17
emi_Latn,18149,False,0.9879051765844218,24,0.9893410852713178,21,0.9893410852713178,21,1022
eml_Latn,25500,False,0.9123711340206186,426,0.9045097681212342,472,0.9045097681212342,472,2528
emp_Latn,18016,False,0.9948078920041536,2,0.9953295277633627,2,0.9953295277633627,2,966
enb_Latn,13439,False,0.997270955165692,6,0.9980491611392899,4,0.99921875,1,1280
eng_Latn,100000,False,0.979151788598438,5085,0.9802684536263989,5695,0.9863041532828097,8178,1164217
enl_Latn,11016,False,0.9927501208313195,15,0.9927501208313195,15,0.9990272373540857,2,1027
enm_Latn,34177,False,0.3322149282761974,13708,0.3440741113684423,13004,0.3440741113684423,13004,3441
enq_Latn,16127,False,0.9041095890410958,14,0.923076923076923,11,0.9850746268656716,2,66
enx_Latn,26138,False,0.9925187032418953,28,0.9921380632790028,30,0.9921380632790028,30,2598
epo_Latn,100000,False,0.9914286963746883,868,0.9915334782656193,958,0.9911959927590495,1252,137510
eri_Latn,17713,False,0.9914984059511158,16,0.9914984059511158,16,0.9983931440814141,2,933
ese_Latn,24273,False,0.9981740718198417,6,0.9981740718198417,6,0.9981740718198417,6,1640
esi_Latn,11038,False,0.9672371638141809,34,0.9672050905531081,33,0.9686274509803922,30,1022
esk_Latn,17756,False,0.9634015069967707,40,0.9628832705755783,41,0.9634015069967707,40,923
ess_Latn,6942,False,0.972972972972973,34,0.9776357827476039,28,0.9918032786885247,3,612
esu_Latn,11057,False,0.9778615167216204,47,0.9815602836879432,39,0.9942363112391931,9,1038
eto_Latn,153,False,0.0851063829787234,41,0.4,0,0.4,0,4
etr_Latn,9965,False,0.9667149059334298,23,0.9737609329446064,18,0.9910979228486646,6,334
etu_Latn,11024,False,0.9868421052631579,28,0.9896324222431667,22,0.9962049335863379,8,1050
eus_Latn,100000,False,0.9929012432691495,326,0.9929060431046626,386,0.9924782420352066,563,88981
eve_Cyrl,1953,False,0.7435897435897436,59,0.8365384615384616,33,0.9717514124293786,3,88
ewe_Latn,100000,False,0.9963737038889129,140,0.9966699988745523,166,0.9968176254589964,238,151388
ewo_Latn,11283,False,0.9815428300993848,22,0.9843379212149976,16,0.9851745576279293,7,1054
ext_Latn,8692,False,0.4263628966639544,2098,0.4723314182038101,1723,0.7596822244289971,446,803
eza_Latn,30724,False,0.9797979797979798,77,0.9799706888128968,78,0.9799706888128968,78,3054
faa_Latn,24288,False,0.9910313901345292,12,0.9902912621359222,13,0.9902912621359222,13,663
fad_Latn,1949,False,0.8544600938967136,31,0.9479166666666667,10,0.978494623655914,4,91
fai_Latn,28850,False,0.9880418535127056,15,0.9873039581777445,16,0.9873039581777445,16,662
fal_Latn,13515,False,0.9906176700547302,21,0.9910050840829097,20,0.996059889676911,4,1270
fan_Latn,17431,False,0.8787958806443095,446,0.8769799366420273,450,0.9029099809627413,340,1677
fao_Latn,94618,False,0.963159518667078,487,0.9606890187634575,533,0.9606890187634575,533,7914
far_Latn,10940,False,0.9783132530120482,9,0.9806763285024155,8,0.9854368932038834,6,203
fas_Arab,100000,False,0.9467672878296186,528,0.9478668499007482,535,0.948734104795832,548,343986
fat_Latn,39870,False,0.8006743355811187,1975,0.7942536652563219,2055,0.7942536652563219,2055,4072
ffm_Latn,24480,False,0.9201406328478152,106,0.9210658622423329,104,0.9210658622423329,104,969
fij_Latn,100000,False,0.9939857251548857,113,0.9942233167940313,127,0.9942890242467575,165,110955
fil_Latn,100000,False,0.9689373569436558,3442,0.9690756974386797,3485,0.9706305152291489,3716,140931
fin_Latn,100000,False,0.9547600556817349,2263,0.9615696245986987,2536,0.9730214225590436,3083,354399
fit_Latn,3881,False,0.03445389873064584,13813,0.04458769809293581,10642,0.08096318269062992,5221,278
fkv_Latn,1884,False,0.037621766879408804,2849,0.07118412046543465,1337,0.09606147934678193,919,72
fmu_Deva,974,False,0.6024096385542169,33,0.641025641025641,28,0.9090909090909091,5,25
fon_Latn,100000,False,0.9923247404642482,78,0.993687839191298,83,0.9941447093266416,126,21519
for_Latn,31149,False,0.97883149872989,25,0.9780033840947547,26,0.9780033840947547,26,578
fra_Latn,100000,False,0.9843538211817466,1021,0.9870376393858266,1189,0.9920717817103863,1523,302449
frd_Latn,10934,False,0.9855875831485588,24,0.9866814650388458,22,0.9971925884334644,2,891
fro_Latn,15794,False,0.6480869154463863,1416,0.6853988961364776,1174,0.7289820037604082,920,1446
frp_Latn,5176,False,0.19816993464052288,3046,0.23799058084772373,2406,0.7829880043620502,158,400
frr_Latn,10794,False,0.5520567375886525,1562,0.6085866499529928,1230,0.8801463860933212,234,990
fry_Latn,100000,False,0.9675581579363823,626,0.9651419558359622,700,0.9569665729459544,933,12422
fub_Latn,38248,False,0.9603845516326869,123,0.9591262617905014,132,0.9591262617905014,132,3013
fud_Latn,9316,False,0.5607725607725608,1313,0.6015037593984962,1105,0.7123526844172852,627,848
fue_Latn,10730,False,0.9658246656760773,56,0.967741935483871,52,0.9725685785536159,42,988
fuf_Latn,21670,False,0.9717223650385605,30,0.9720998531571219,30,0.9720998531571219,30,1370
fuh_Latn,24509,False,0.9280197713932654,123,0.928549334982988,120,0.928549334982988,120,1612
fuq_Latn,17770,False,0.9527410207939507,82,0.9523809523809524,83,0.9523809523809524,83,1303
fur_Latn,46173,False,0.8600260416666666,732,0.8478260869565217,885,0.8478260869565217,885,4521
fuv_Arab,6753,False,0.999131190269331,1,0.999131190269331,1,1.0,0,575
fuv_Latn,30578,False,0.9192118226600985,131,0.9171162334477685,145,0.9171162334477685,145,2063
gaa_Latn,100000,False,0.9963742398373204,42,0.9964320653737699,44,0.9967026120297149,79,104590
gag_Cyrl,14070,False,0.970354302241504,72,0.9710564399421129,70,0.9854640327991055,9,1352
gag_Latn,14325,False,0.6892023346303502,1269,0.6927784577723379,1244,0.9823321554770318,14,1426
gah_Latn,24357,False,0.9871382636655948,16,0.9871382636655948,16,0.9871382636655948,16,614
gai_Latn,17631,False,0.9943618657098925,5,0.9943618657098925,5,0.9964047252182845,1,976
gam_Latn,24151,False,0.9922600619195046,10,0.9930286599535244,9,0.9930286599535244,9,641
gaw_Latn,24230,False,0.9983333333333333,2,0.9983333333333333,2,0.9983333333333333,2,599
gaz_Latn,100000,False,0.9869504833408963,156,0.9876088688628184,180,0.992968552858614,313,73516
gbi_Latn,13298,False,0.9882638607851073,29,0.9882543539894694,28,0.9959116925592805,7,1221
gbo_Latn,6764,False,0.9941324392288349,6,0.9974768713204373,2,0.9983164983164983,1,594
gbr_Latn,10708,False,0.9838155958803335,30,0.9838155958803335,30,0.9910269192422732,6,1006
gcf_Latn,67389,False,0.9739357080799305,152,0.9728987497289875,172,0.9728987497289875,172,6934
gcr_Latn,26871,False,0.9665037117508599,155,0.9659790083242851,158,0.9659790083242851,158,2699
gde_Latn,17787,False,0.9989750597881789,3,0.9989750597881789,3,0.9989750597881789,3,1462
gdg_Latn,10967,False,0.9931972789115646,13,0.9941634241245136,11,0.9960822722820764,2,1023
gdn_Latn,23906,False,0.9734219269102989,32,0.9750415973377704,30,0.9750415973377704,30,586
gdr_Latn,24452,False,0.9984202211690364,2,0.9984202211690364,2,0.9984202211690364,2,632
geb_Latn,17527,False,0.9972375690607735,3,0.9975837072833966,3,0.9975786924939467,0,1449
gej_Latn,6763,False,0.9922212618841831,9,0.9948006932409013,6,0.997384481255449,1,574
gfk_Latn,23745,False,0.9890590809628009,13,0.9890590809628009,13,0.9890590809628009,13,680
ghe_Deva,11062,False,0.9860724233983286,28,0.9860724233983286,28,0.9896030245746692,5,1064
ghs_Latn,29407,False,0.987489574645538,14,0.9866666666666667,15,0.9866666666666667,15,593
gid_Latn,11033,False,0.9943342776203966,11,0.9957406530998582,7,0.9981024667931688,2,1054
gil_Latn,100000,False,0.9975355251428871,89,0.9975377200335288,123,0.997159351232475,157,38147
giz_Latn,34343,False,0.9890014471780029,59,0.9880040468275763,67,0.9880040468275763,67,3434
gjn_Latn,30192,False,0.9965545529122232,10,0.9963910761154856,11,0.9963910761154856,11,3048
gkn_Latn,77520,False,0.9894894894894894,152,0.9890563441936089,159,0.9890563441936089,159,7924
gla_Latn,100000,False,0.9862468790994879,198,0.9853786342123055,225,0.9817401548300235,321,11780
gle_Latn,100000,False,0.9879311947931195,218,0.9879428539580507,244,0.9869643420052291,322,26994
glg_Latn,100000,False,0.8854068499894507,7559,0.8817625733122437,7882,0.8756545047985445,8415,32062
glk_Arab,22263,False,0.19701066163342343,15571,0.19740604575163398,15550,0.19740604575163398,15550,2101
glv_Latn,60970,False,0.9898213073965166,43,0.989711701526286,45,0.989711701526286,45,4423
gmh_Latn,3042,False,0.47854356306892076,399,0.6143572621035058,229,0.95,3,186
gmv_Ethi,10916,True,0.953454189122979,31,0.953454189122979,31,0.9529411764705882,31,1037
gmv_Latn,30907,False,0.9734789391575663,70,0.9713574097135741,77,0.9713574097135741,77,1575
gna_Latn,10888,False,0.9989827060020345,1,0.9989827060020345,1,0.9989827060020345,1,491
gnb_Latn,11064,False,0.9709275496077525,56,0.9727230698104485,52,0.9836065573770492,26,1059
gnd_Latn,13375,False,0.9976708074534162,2,0.9976708074534162,2,0.9984459984459985,0,1289
gng_Latn,17738,False,0.9856334349151067,33,0.9852045256744996,34,0.9903677758318739,21,1132
gnn_Latn,15289,False,0.9936391027787078,8,0.9936391027787078,8,0.9946380697050938,5,1495
gnw_Latn,36657,False,0.9849564528899446,30,0.9849624060150377,31,0.9849624060150377,31,2534
goa_Latn,1598,False,0.652482269503546,48,0.9019607843137255,9,0.968421052631579,2,47
gof_Ethi,11001,True,0.7436399217221135,110,0.7436399217221135,110,0.7465618860510804,108,211
gof_Latn,17756,False,0.8881939014855356,274,0.890894819466248,265,0.8922955974842767,261,1148
gog_Latn,14102,False,0.96005655708731,95,0.9624379872430899,88,0.9838945827232797,12,1376
goh_Latn,306,False,0.024691358024691357,549,0.6363636363636364,4,0.7368421052631579,1,11
gom_Deva,3496,False,0.2657733109994417,1296,0.28833231521075137,1144,0.5625,318,257
gom_Latn,77660,False,0.982655353132019,153,0.9808529155787641,197,0.9808529155787641,197,8000
gor_Latn,13438,False,0.9896432681242808,26,0.9923076923076923,19,0.9969016266460109,4,1291
gos_Latn,3946,False,0.1874595992243051,2503,0.30280571731074646,1302,0.5018796992481203,496,301
got_Goth,7413,True,1.0,0,1.0,0,1.0,0,159
got_Latn,4657,False,0.963181148748159,21,0.9803921568627451,7,0.9739663093415007,4,331
gqr_Latn,17816,False,0.9989572471324296,2,0.9989572471324296,2,1.0,0,958
grc_Grek,100000,False,0.8813973316127844,4990,0.8811942774206925,5000,0.8788296357539845,5127,19282
grt_Beng,13469,False,0.9871504157218443,31,0.9871504157218443,31,0.9977029096477795,0,1309
gso_Latn,18608,False,0.9902280130293161,16,0.9902280130293161,16,0.9902280130293161,16,1379
gsw_Latn,93517,False,0.8081141328577797,3726,0.7916466843963901,4217,0.7916466843963901,4217,9641
gub_Latn,56520,False,0.9916094584286804,3,0.9933384088313667,4,0.9933384088313667,4,5285
guc_Latn,100000,False,0.9989816921243635,23,0.9990251088628436,24,0.9984411535463757,52,23078
gud_Latn,11042,False,0.9980430528375734,3,0.9980430528375734,3,0.9980411361410382,2,1021
gug_Latn,100000,False,0.9739148727298227,230,0.9734922320917909,303,0.9746504410892989,440,43669
guh_Latn,17659,False,0.9966666666666666,6,0.995560488346282,8,0.9994428969359331,1,897
gui_Latn,28148,False,0.9713890170742964,83,0.9727859778597786,81,0.9727859778597786,81,2146
guj_Gujr,100000,False,0.999979704703435,0,0.9999898524546912,0,0.9999898524546912,0,98547
guj_Latn,4070,False,0.8005427408412483,125,0.8223776223776224,104,0.8858447488584474,49,317
guk_Ethi,13514,True,0.918702150929639,209,0.9170305676855897,214,0.9751675206937327,26,1274
gul_Latn,17812,False,0.9767190037899296,42,0.980967917346384,34,0.9977876106194692,3,903
gum_Latn,19118,False,0.9977349943374858,7,0.9974525898669686,8,0.9974525898669686,8,1763
gun_Latn,17907,False,0.9733681462140992,45,0.974869109947644,41,0.9867233138608604,16,938
guo_Latn,17493,False,0.9911602209944752,16,0.9889746416758545,20,0.9988864142538975,2,897
guq_Latn,13503,False,0.9949553744664339,11,0.9957281553398057,9,0.9984411535463756,1,1284
gur_Latn,77453,False,0.9893907629756686,55,0.9896527645527836,59,0.9896527645527836,59,7899
guu_Latn,6743,False,0.9939810834049871,7,0.9956933677863911,5,0.9991356957649092,1,578
guw_Latn,100000,False,0.996171820622452,192,0.9962135335106428,194,0.9961311274408278,206,60381
gux_Latn,27027,False,0.9892997935047869,41,0.9891100262861435,41,0.9891100262861435,41,2651
guz_Latn,7508,False,0.955153422501967,54,0.9603174603174605,45,0.9811629811629811,12,610
gvc_Latn,24005,False,0.9981470043236566,5,0.9981470043236566,5,0.9981470043236566,5,1617
gvf_Latn,24429,False,0.9931766489764974,8,0.9931766489764974,8,0.9931766489764974,8,656
gvl_Latn,17827,False,0.9968354430379747,4,0.9952606635071091,7,0.9984152139461172,1,947
gvn_Latn,11212,False,0.9980411361410382,3,0.9975526186979932,4,0.9980353634577603,0,1020
gwi_Latn,17620,False,0.997164461247637,6,0.9966934341048654,7,1.0,0,1055
gwr_Latn,6749,False,0.8154385964912281,260,0.8365730741540677,224,0.9783923941227313,7,584
gya_Latn,38815,False,0.9936180657830143,17,0.9932929821691477,19,0.9932929821691477,19,3058
gym_Latn,100000,False,0.9976952935468218,33,0.9977767896843043,38,0.9973736312578286,58,24756
gyr_Latn,46436,False,0.9911764705882352,23,0.9911764705882352,23,0.9911764705882352,23,1349
hac_Arab,28717,False,0.7900569981000631,1071,0.7900569981000631,1071,0.7900569981000631,1071,2750
hae_Latn,13526,False,0.6745531019978969,1231,0.681359532660648,1193,0.8849122807017543,299,1290
hag_Latn,14200,False,0.9905865314989138,23,0.9920232052211747,19,0.9959927140255009,7,1371
hak_Hani,29565,False,0.8590704647676162,930,0.8591570421478926,928,0.8591570421478926,928,2875
hak_Latn,13696,False,0.988198269079465,6,0.9885871704053522,5,0.9897557131599685,2,1280
hat_Latn,100000,False,0.9855535024357468,91,0.9858965748824714,98,0.9862068965517242,154,42182
hau_Latn,100000,False,0.981819520997778,831,0.9814605914954142,894,0.9799396847490324,1133,40640
hav_Latn,7393,False,0.784625579854208,293,0.8099173553719008,240,0.8840030326004549,112,624
haw_Latn,6448,False,0.9649737302977233,21,0.9717314487632509,12,0.962962962962963,4,570
hay_Latn,13828,False,0.6079849104055329,917,0.6190323614226209,858,0.6565726083964213,655,1297
hbo_Hebr,100000,False,0.5725999316706527,6431,0.5725999316706527,6431,0.5725999316706527,6431,12370
hbs_Latn,100000,False,0.923170867832356,6461,0.9230089714631816,6736,0.9322305632456483,7884,239539
hch_Latn,30840,False,0.9869728416869067,26,0.9872021182700794,27,0.9872021182700794,27,2268
heb_Hebr,100000,False,0.9699249841650195,4902,0.9699522563151642,4909,0.9699522563151642,4909,197568
heg_Latn,18356,False,0.9790619765494138,46,0.9790619765494138,46,0.9790619765494138,46,1173
heh_Latn,18364,False,0.9383624655013799,128,0.9422632794457275,119,0.9422632794457275,119,1026
her_Latn,100000,False,0.9930335655478151,115,0.9926339285714286,139,0.9915304606240714,174,13400
hif_Latn,21900,False,0.9411237967315872,167,0.935971542907959,195,0.935971542907959,195,2198
hig_Latn,13520,False,0.9995943204868154,0,0.9995943204868154,0,0.9987819732034106,0,1233
hil_Latn,100000,False,0.9732658798508722,4208,0.9734116186930164,4258,0.9750226634462386,4646,157037
hin_Deva,100000,False,0.9035329254888028,711,0.9087745271345236,738,0.933027856767429,1126,196800
hin_Latn,34642,False,0.9571263035921206,69,0.9585439838220424,74,0.9585439838220424,74,3531
hix_Latn,17476,False,0.9971477467199088,5,0.9971477467199088,5,1.0,0,874
hla_Latn,23887,False,0.989247311827957,14,0.9884881043745204,15,0.9884881043745204,15,644
hlt_Latn,6729,False,0.9307692307692308,90,0.9329221279876639,87,0.93343653250774,84,605
hmo_Latn,100000,False,0.98204165316648,495,0.9820750458082161,500,0.9820553263126589,510,95330
hmr_Latn,61468,False,0.9618989653073645,299,0.9614308310013384,303,0.9614308310013384,303,3965
hne_Deva,50507,False,0.7492373398413668,1345,0.7441533674596006,1451,0.7441533674596006,1451,4805
hnj_Latn,61097,False,0.991662658329325,65,0.9915831663326652,66,0.9915831663326652,66,6224
hnn_Latn,13501,False,0.9480566654558663,142,0.9483636363636365,140,0.9938744257274119,8,1306
hns_Latn,19168,False,0.9857076994006455,20,0.9875288683602771,16,0.9875288683602771,16,1080
hoc_Latn,380,False,0.04395604395604395,259,0.7692307692307693,0,0.7692307692307693,0,8
hoc_Wara,499,False,0.5499999999999999,18,0.9166666666666666,2,0.9565217391304348,1,11
hop_Latn,11019,False,0.997005988023952,6,0.996508728179551,7,0.9994997498749374,1,999
hot_Latn,23745,False,0.9983818770226538,2,0.9967689822294022,4,0.9967689822294022,4,617
hra_Latn,30616,False,0.9818181818181819,85,0.9819805453675648,85,0.9819805453675648,85,3107
hrx_Latn,38051,False,0.9546240851630073,122,0.9514717581543357,148,0.9514717581543357,148,3806
hsb_Latn,28261,False,0.7929425488480606,1345,0.786468122018216,1403,0.786468122018216,1403,2794
hto_Latn,17753,False,0.9980309423347398,7,0.9980309423347398,7,0.9997182304874613,1,1774
hub_Latn,23928,False,0.9858338699291693,33,0.986786980341605,30,0.986786980341605,30,1542
hui_Latn,64883,False,0.9948813401582132,11,0.9944186046511628,12,0.9944186046511628,12,1069
hun_Hung,11832,False,0.9887640449438202,1,0.967032967032967,3,0.9777777777777777,2,44
hun_Latn,100000,False,0.9876560007085253,1165,0.9883523229960841,1306,0.9885231260867281,1513,393185
hus_Latn,57511,False,0.9881010915527585,38,0.9891016200294551,41,0.9891016200294551,41,5107
huu_Latn,24119,False,0.9949409780775718,6,0.9949409780775718,6,0.9949409780775718,6,590
huv_Latn,20043,False,0.9872974156811213,26,0.9872974156811213,26,0.9872974156811213,26,1130
hvn_Latn,13972,False,0.9909714698447093,18,0.9916877484640404,16,0.9938383472272563,9,1379
hwc_Latn,10591,False,0.7817969661610269,561,0.798569725864124,507,0.9950199203187251,4,1005
hye_Armn,100000,False,0.9863092744389728,715,0.9863374264406566,716,0.986337534432812,717,127526
hyw_Armn,100000,False,0.9719618564082536,2733,0.9719618564082536,2733,0.9719618564082536,2733,60442
ian_Latn,30210,False,0.9958228905597326,4,0.9958228905597326,4,0.9958228905597326,4,597
iba_Latn,100000,False,0.9911222399271569,157,0.9913325186848163,176,0.9894671272438982,274,17571
ibg_Latn,97484,False,0.95622831614467,867,0.9306216778368385,1454,0.9306216778368385,1454,10114
ibo_Latn,100000,False,0.9935683543691667,156,0.9935599907171038,167,0.9934194633142327,210,51874
icr_Latn,17695,False,0.9781897491821157,40,0.9787234042553191,39,0.9938990571270105,10,897
ido_Latn,33665,False,0.3124118476727786,13305,0.3253743847523301,12545,0.3253743847523301,12545,3446
idu_Latn,59832,False,0.9838921761998685,163,0.9755541069100391,267,0.9755541069100391,267,6019
ifa_Latn,57138,False,0.9895426217386712,59,0.9895426217386712,59,0.9895426217386712,59,4724
ifb_Latn,33099,False,0.9843587069864442,74,0.9833333333333334,81,0.9833333333333334,81,3335
ife_Latn,17731,False,0.9988059701492537,4,0.9988059701492537,4,0.9997012249775918,1,1673
ifk_Latn,17387,False,0.9836175192243397,41,0.9839464882943143,40,0.9909060289659818,19,1479
ifu_Latn,17672,False,0.9897501601537475,30,0.9900672861262416,29,0.9970958373668926,7,1547
ify_Latn,55082,False,0.9921468638449771,46,0.9918433931484503,49,0.9918433931484503,49,4895
ige_Latn,63586,False,0.9894304615618584,131,0.9887537993920973,140,0.9887537993920973,140,6514
ign_Latn,28193,False,0.9942714819427149,23,0.9942714819427149,23,0.9942714819427149,23,1996
ike_Cans,30725,True,1.0,0,1.0,0,1.0,0,3112
ikk_Latn,44245,False,0.9926058133605303,54,0.9922263285331974,57,0.9922263285331974,57,3897
ikt_Latn,1601,False,0.7023809523809523,50,0.921875,10,0.9830508474576272,1,59
ikw_Latn,17829,False,0.9732678668848883,45,0.9743309666848716,43,0.9823788546255506,28,896
ilb_Latn,10085,False,0.7909940526762956,484,0.8111644134321849,424,0.9645690111052354,40,939
ile_Latn,14414,False,0.5548071034905083,2122,0.6360009387467731,1488,0.7406380027739251,852,1418
ilo_Latn,100000,False,0.9856089924349973,618,0.9857569793716744,654,0.9863893131621693,817,103704
imo_Latn,23862,False,0.9937007874015747,7,0.9921383647798742,9,0.9921383647798742,9,632
ina_Latn,56283,False,0.8698174372973894,1376,0.8621854416483702,1489,0.8621854416483702,1489,5248
inb_Latn,17919,False,0.991374936580416,15,0.9918781725888325,14,0.9949083503054991,8,979
ind_Latn,100000,False,0.9106543344811512,12976,0.9108041676125467,13185,0.9151289505184449,14048,265098
inh_Cyrl,2521,False,0.10596616206589493,1989,0.11574301128003923,1783,0.28192771084337354,575,138
ino_Latn,23125,False,0.9819324430479184,22,0.9811616954474097,23,0.9811616954474097,23,626
iou_Latn,32094,False,0.997743795437453,7,0.997743795437453,7,0.997743795437453,7,1992
ipi_Latn,19056,False,0.9934782608695651,6,0.9934782608695651,6,0.9934782608695651,6,457
iqw_Latn,11059,False,0.9052537045352492,167,0.9067147363677333,161,0.9116447666515631,149,1052
iri_Latn,17827,False,0.9916776171703898,18,0.9916776171703898,18,0.9991166077738516,0,1133
irk_Latn,13515,False,0.9819819819819819,46,0.9849397590361446,38,0.9924012158054711,16,1310
iry_Latn,13449,False,0.9551353355580275,114,0.9586899888351322,104,0.9922480620155039,5,1295
isd_Latn,10971,False,0.9791363415817564,43,0.9810403500243072,39,0.9921259842519684,15,1009
ish_Latn,88944,False,0.982193576578545,275,0.9808562857922006,301,0.9808562857922006,301,9042
isl_Latn,100000,False,0.9873222305389222,281,0.9870378587944041,320,0.98566065891021,386,21366
iso_Latn,100000,False,0.9949188890965234,149,0.9948658628820573,156,0.9946271949331957,186,56325
ita_Latn,100000,False,0.9838877455261267,1590,0.9842996888409835,1727,0.9849217661797611,1974,247988
itl_Cyrl,978,False,0.9642857142857143,2,0.9818181818181818,1,1.0,0,27
itv_Latn,13512,False,0.9856977193660612,34,0.986842105263158,31,0.9941291585127201,7,1278
ium_Latn,42126,False,0.999192152336988,5,0.999192152336988,5,0.999192152336988,5,4331
ivb_Latn,11038,False,0.9814907453726863,37,0.9839518555667001,32,0.9949031600407747,5,981
ivv_Latn,11031,False,0.9803370786516854,41,0.9826372595025809,36,0.9956958393113343,2,1048
iws_Latn,24587,False,1.0,0,1.0,0,1.0,0,646
ixl_Latn,54068,False,0.9971042471042472,18,0.9971042471042472,18,0.9971042471042472,18,4138
izr_Latn,17843,False,0.9941826643397325,19,0.9947613504074505,17,0.997953814674072,4,1710
izz_Latn,37494,False,0.9603569589840397,87,0.9598902982516284,92,0.9598902982516284,92,2942
jaa_Latn,4307,False,0.923076923076923,53,0.9535232383808095,31,0.9890453834115807,5,318
jac_Latn,24475,False,0.9951612903225806,19,0.9947601773478435,21,0.9947601773478435,21,2473
jae_Latn,21891,False,0.9986244841815681,3,0.9986244841815681,3,0.9986244841815681,3,2181
jam_Latn,32289,False,0.9370049038098831,89,0.9351381838691483,103,0.9351381838691483,103,2729
jav_Java,6597,False,0.998696219035202,1,0.998696219035202,1,0.998696219035202,1,383
jav_Latn,100000,False,0.9564922829377766,578,0.9557380163370411,671,0.949512658359944,1100,24066
jbo_Latn,12439,False,0.9629012088370154,78,0.9759392148585901,47,0.9870912220309811,11,1166
jbu_Latn,13500,False,0.9886851346078814,27,0.9882995319812793,28,0.9960629921259844,6,1269
jic_Latn,17740,False,0.9973126306360107,9,0.9970149253731343,10,0.9997006884166418,1,1670
jiv_Latn,17510,False,0.9975155279503106,7,0.997825411618515,6,0.9993777224642191,1,1607
jmc_Latn,13528,False,0.9574626865671642,106,0.9595808383233533,99,0.9871345029239766,8,1291
jpn_Jpan,100000,False,0.9957516307619432,190,0.9957641439845664,196,0.9957641648842608,197,203337
jra_Latn,19753,False,0.9958333333333332,9,0.9958333333333332,9,0.9958333333333332,9,1437
jun_Orya,6741,True,0.981907894736842,20,0.981907894736842,20,0.9821580288870008,0,599
jvn_Latn,23937,False,0.6927811975377729,547,0.6966797974113675,537,0.6966797974113675,537,621
kaa_Cyrl,38209,False,0.9685734974656047,181,0.9681528662420382,184,0.9681528662420382,184,3380
kaa_Latn,20305,False,0.975682382133995,88,0.9759245470340034,87,0.9759245470340034,87,1976
kab_Latn,100000,False,0.9934629469425454,280,0.9933929872021642,304,0.993506999454588,414,77092
kac_Latn,100000,False,0.9966710287669032,33,0.9967172470788092,34,0.9967422226300816,47,21818
kak_Latn,165,False,0.020202020202020204,194,0.19999999999999998,16,0.19999999999999998,16,2
kal_Latn,100000,False,0.9966729285019125,82,0.9965617082880927,97,0.9955943155373805,145,22083
kam_Latn,100000,False,0.9928731355050298,61,0.992876055982852,74,0.9927368404468182,90,31876
kan_Knda,100000,False,0.9938843981370065,29,0.994389931589708,31,0.9968958997657815,52,71042
kan_Latn,4121,False,0.6674233825198639,282,0.7095990279465371,226,0.889937106918239,48,305
kao_Latn,13507,False,0.9914211115255501,22,0.9925373134328358,20,0.9966228893058161,7,1330
kap_Cyrl,776,False,0.962962962962963,2,0.962962962962963,2,1.0,0,26
kaq_Latn,24486,False,0.989010989010989,14,0.9897879025923016,13,0.9897879025923016,13,630
kas_Arab,10408,False,0.9287493771798705,136,0.9296055916125812,133,0.9843497031840258,2,939
kas_Deva,7226,False,0.35780072564889753,2287,0.363894408174851,2227,0.5557506584723442,990,655
kas_Latn,405,False,0.042440318302387266,360,0.41025641025641024,22,0.64,8,9
kat_Geor,100000,False,0.9940143533363872,204,0.9940067643398661,205,0.9940067643398661,205,65678
kaz_Cyrl,100000,False,0.9926550491627281,343,0.9925514785773193,353,0.9915544515622957,441,38127
kbc_Latn,17609,False,0.9994722955145119,0,0.9989451476793249,1,0.9989451476793249,1,948
kbd_Cyrl,46268,False,0.9541360389274253,394,0.9535629330851174,402,0.9535629330851174,402,4657
kbh_Latn,17713,False,0.9955357142857144,8,0.9949804796430564,9,0.9988801791713325,2,892
kbm_Latn,24119,False,0.9932432432432433,6,0.9932432432432433,6,0.9932432432432433,6,590
kbo_Latn,4300,False,0.9923430321592649,5,0.9984591679506933,1,0.9984591679506933,1,324
kbp_Latn,100000,False,0.9967249813448303,32,0.9968501326259946,35,0.9956957205529343,97,24169
kbq_Latn,28955,False,0.9711359404096835,61,0.9693308550185874,65,0.9693308550185874,65,1044
kbr_Latn,12888,False,0.9937402190923317,16,0.9937402190923317,16,0.9972408356326369,2,1270
kby_Latn,1099,False,0.33532934131736525,111,0.5544554455445544,45,0.6292134831460674,33,28
kca_Cyrl,951,False,0.34146341463414637,107,0.7000000000000002,23,0.9473684210526316,1,29
kcg_Latn,11045,False,0.9977324263038548,1,0.9977324263038548,1,1.0,0,220
kck_Latn,26283,False,0.8377558756633813,460,0.838868855570317,453,0.838868855570317,453,2606
kdc_Latn,17827,False,0.9178294573643411,94,0.9202072538860103,89,0.9249999999999999,79,953
kde_Latn,26927,False,0.9548338932437477,186,0.9546387903677431,186,0.9546387903677431,186,2614
kdh_Latn,1820,False,0.9879518072289156,2,1.0,0,1.0,0,82
kdi_Latn,17817,False,0.9891196834817013,19,0.9896091044037605,18,0.9970089730807578,3,1003
kdj_Latn,13519,False,0.9886706948640483,28,0.9897920604914933,25,0.9931714719271624,16,1311
kdl_Latn,17708,False,0.9893503727369543,15,0.9882854100106496,16,0.9914529914529914,10,934
kdr_Latn,85,False,0.050420168067226885,113,0.4,1,0.4,1,3
kea_Latn,100000,False,0.952068431531598,628,0.9457789477532814,834,0.9393543706927822,1038,13583
kei_Latn,226,False,0.0625,149,0.8333333333333334,1,0.8,0,6
kek_Latn,100000,False,0.9957450923508365,76,0.9958432017013871,81,0.9956515437019858,93,20694
ken_Latn,17805,False,0.9967776584317938,5,0.9951742627345844,8,0.9962426194310252,6,929
keo_Latn,6847,False,0.9749582637729549,29,0.9773679798826487,25,0.9922613929492691,1,585
ker_Latn,6741,False,0.9941027801179445,7,0.9966159052453469,3,0.9983050847457627,1,590
kew_Latn,26979,False,0.9920676890534109,12,0.9915433403805497,13,0.9915433403805497,13,941
kex_Deva,739,False,0.25,42,0.5925925925925927,5,0.5925925925925927,5,14
kez_Latn,13488,False,0.9968944099378882,5,0.9968944099378882,5,0.9980537173997663,0,1287
kff_Telu,6762,False,0.9576763485477178,51,0.9584717607973422,50,0.9769503546099292,0,577
kgf_Latn,28674,False,0.9954914337240758,10,0.9950428120775123,11,0.9950428120775123,11,1104
kgk_Latn,17217,False,0.9795321637426901,38,0.9790550414028252,39,0.9965260545905708,2,1009
kgp_Latn,19199,False,0.9980638915779284,1,0.9980638915779284,1,0.9980638915779284,1,1034
kgr_Latn,6735,False,0.9883333333333333,14,0.9916387959866221,10,0.9991575400168492,1,593
kha_Latn,34095,False,0.9912969039805964,22,0.9912969039805964,22,0.9912969039805964,22,3513
khk_Cyrl,100000,False,0.9900215222070046,248,0.9899460136139582,257,0.9877087560480724,381,25562
khm_Khmr,100000,False,0.9945679929430336,2,0.9945679929430336,2,0.99879896526238,11,10826
khq_Latn,6762,False,0.9724919093851133,34,0.9852459016393442,18,0.9908713692946058,7,601
khs_Latn,17585,False,0.9922720247295209,13,0.9922720247295209,13,0.9974106680476439,3,965
khy_Latn,11021,False,0.9827586206896551,31,0.985117618819011,26,0.9877511024007839,2,1031
khz_Latn,24568,False,0.973302822273074,33,0.9710806697108068,36,0.9710806697108068,36,640
kia_Latn,41825,False,0.9935406339191829,27,0.9932422285628473,29,0.9932422285628473,29,3323
kij_Latn,32364,False,0.9875738439600732,50,0.9867697944229594,54,0.9867697944229594,54,2435
kik_Latn,100000,False,0.9918639127092671,50,0.9929104886876925,57,0.9947562710818797,71,50443
kin_Latn,100000,False,0.8857104304412361,13570,0.8861305238171236,13593,0.8878158887290857,13673,234170
kir_Cyrl,100000,False,0.9857327366112997,731,0.9858251873207502,736,0.9849182195703342,904,66805
kiu_Latn,100000,False,0.965919881827454,282,0.9659849602923606,294,0.9656793935991017,318,14419
kix_Latn,11038,False,0.9926793557833089,15,0.9936492427943332,13,0.9965669445806767,6,1017
kjb_Latn,37135,False,0.9882792593850857,46,0.9876082159225937,50,0.9876082159225937,50,2932
kje_Latn,17575,False,0.9927132447492499,16,0.9927132447492499,16,0.9974160206718347,5,1159
kjh_Cyrl,39529,False,0.9105666156202145,362,0.9066788655077768,390,0.9066788655077768,390,3195
kjs_Latn,24469,False,0.9891936824605154,7,0.9891936824605154,7,0.9891936824605154,7,601
kkc_Latn,14662,False,0.9957356076759062,4,0.9946751863684772,5,0.9967914438502674,2,467
kki_Latn,17827,False,0.8893075836081019,220,0.8947867298578199,207,0.9029172644667623,188,959
kkj_Latn,17797,False,0.9970896391152503,8,0.9967995344777423,9,0.9970845481049563,5,1715
kkl_Latn,2995,False,0.8340807174887892,74,0.8815165876777251,50,0.9199999999999999,30,186
kle_Deva,6765,False,0.9850498338870433,17,0.9850498338870433,17,0.9915824915824916,5,594
klt_Latn,3724,False,0.9400000000000001,18,0.9657534246575342,10,0.9860139860139859,4,141
klv_Latn,21999,False,0.9871860584315736,20,0.9861751152073733,22,0.9861751152073733,22,968
kma_Latn,6754,False,0.9974554707379135,1,0.9974554707379135,1,0.9974554707379135,1,590
kmb_Latn,100000,False,0.9893617021276595,182,0.9897053603123891,229,0.9888496699206925,310,33923
kmd_Latn,6703,False,0.97789566755084,25,0.9813333333333333,20,0.9945750452079566,3,553
kmg_Latn,10497,False,0.9908629441624365,16,0.9928789420142421,12,0.9959183673469388,6,978
kmh_Latn,46615,False,0.9617161716171617,4,0.9630850362557679,4,0.9630850362557679,4,1569
kmk_Latn,17725,False,0.9838457529963522,28,0.9833333333333333,29,0.9963060686015831,4,947
kmm_Latn,29927,False,0.9871216999356084,56,0.9869628198937711,57,0.9869628198937711,57,3090
kmo_Latn,24242,False,0.9846153846153847,21,0.9846153846153847,21,0.9846153846153847,21,672
kmr_Cyrl,6748,False,0.965289256198347,42,0.9668874172185431,40,0.9974380871050385,3,584
kmr_Latn,100000,False,0.9936275290743986,180,0.9933516461642583,198,0.9930392585815997,228,25088
kms_Latn,24321,False,0.9961802902979374,1,0.9954198473282444,2,0.9954198473282444,2,656
kmu_Latn,23350,False,0.9974847287100251,7,0.9974847287100251,7,0.9974847287100251,7,1388
kmy_Latn,11048,False,0.998468606431853,2,0.998468606431853,2,0.998468606431853,2,979
knc_Arab,6113,False,0.9659442724458204,8,0.9689440993788819,5,0.9696969696969697,0,493
knc_Latn,9356,False,0.8744635193133047,196,0.8758029978586724,197,0.9471851421938479,54,853
kne_Latn,17520,False,0.9628635346756151,78,0.9628302731751007,77,0.9830508474576272,29,1081
knf_Latn,19074,False,0.9961744452945677,9,0.9965583173996176,9,0.9965583173996176,9,1303
kng_Latn,100000,False,0.9767899772854504,483,0.9774122821117877,496,0.9777032410620198,525,79024
knj_Latn,24479,False,0.99450884685784,9,0.99450884685784,9,0.99450884685784,9,815
knk_Latn,13427,False,0.9919137466307277,19,0.9919137466307277,19,0.9953307392996108,1,1290
kno_Latn,13390,False,0.9980276134122288,4,0.9984214680347278,3,0.9996048992493085,0,1266
knv_Latn,54786,False,0.997489014438167,8,0.997489014438167,8,0.997489014438167,8,1589
knx_Latn,351,False,0.1904761904761905,84,0.8333333333333333,3,0.9523809523809523,0,11
kny_Latn,3507,False,0.7232704402515723,172,0.8214285714285714,96,0.9556025369978858,13,234
kog_Latn,17787,False,0.996709323583181,8,0.9959810010960906,10,0.9989006962257237,2,1364
koi_Cyrl,13537,False,0.43661305581835375,2245,0.4391056137012369,2221,0.5008174386920982,1691,1060
koo_Latn,100000,False,0.9546003254080722,1538,0.9546884833228445,1552,0.9525951104719571,1649,18380
kor_Hang,100000,False,0.9999117209818039,0,0.9999346757179051,3,0.9999346757179051,3,283218
kos_Latn,72165,False,0.9855681279219459,152,0.9832522960561858,194,0.9832522960561858,194,7334
kpe_Latn,78345,False,0.9863834422657952,18,0.9861413043478261,27,0.9861413043478261,27,3704
kpf_Latn,35264,False,0.7804878048780487,6,0.7825124515771996,6,0.7825124515771996,6,1094
kpg_Latn,66707,False,0.9942724329708641,31,0.994355909694555,31,0.994355909694555,31,6027
kpj_Latn,17134,False,0.9832775919732442,27,0.9838259899609593,26,0.9966101694915255,3,885
kpq_Latn,6764,False,0.9783174327840416,25,0.9868766404199476,15,0.9991142604074402,1,564
kpr_Latn,27728,False,0.9860896445131375,25,0.9861039629439013,26,0.9861039629439013,26,959
kpv_Cyrl,37519,False,0.8702290076335877,338,0.8704853273137698,345,0.8704853273137698,345,3658
kpw_Latn,23907,False,0.9984544049459042,2,0.9984544049459042,2,0.9984544049459042,2,646
kpx_Latn,24157,False,0.9916222391469915,10,0.9923780487804877,9,0.9923780487804877,9,652
kpz_Latn,13549,False,0.9897610921501707,26,0.9897610921501707,26,0.9976993865030674,1,1306
kqa_Latn,889,False,0.9019607843137255,5,0.92,4,0.9787234042553191,1,23
kqc_Latn,22286,False,0.98328173374613,26,0.9845009299442035,24,0.9845009299442035,24,795
kqe_Latn,17772,False,0.9620141342756183,83,0.9632905793896506,80,0.9868599909379248,26,1092
kqf_Latn,4591,False,0.9712556732223903,19,0.9831546707503829,11,0.9968847352024922,1,321
kql_Latn,1133,False,0.8292682926829268,14,0.9577464788732395,3,0.9855072463768115,1,34
kqn_Latn,100000,False,0.9769565702802278,908,0.977290978852503,937,0.977054149532502,987,44909
kqo_Latn,11062,False,0.9947140797693416,11,0.9937590014402304,13,0.9985528219971056,3,1035
kqp_Latn,17793,False,0.998073217726397,3,0.998073217726397,3,0.9990356798457087,1,1037
kqs_Latn,11046,False,0.9760000000000001,50,0.9783018867924529,45,0.9932367149758453,4,1038
kqw_Latn,13948,False,0.9740932642487047,15,0.9740932642487047,15,0.9964664310954063,2,282
kqy_Ethi,13330,True,0.963531669865643,60,0.963531669865643,60,0.9657853810264386,40,1290
krc_Cyrl,23418,False,0.8982128982128982,490,0.8985619898950641,488,0.8985619898950641,488,2346
kri_Latn,100000,False,0.9969490047944211,17,0.9970662561361723,21,0.996719788673111,38,17243
krj_Latn,17825,False,0.46734821614855,2543,0.4723745255166597,2492,0.5705537126818065,1671,1130
krl_Latn,9341,False,0.5033846153846153,1541,0.5061804697156984,1526,0.8893805309734513,113,891
kru_Deva,17760,False,0.9550561797752808,96,0.955503512880562,95,0.9631728045325779,78,1020
krx_Latn,970,False,0.29577464788732394,100,0.9130434782608696,4,1.0,0,21
ksb_Latn,11038,False,0.905775075987842,211,0.9181338028169014,180,0.9795140543115769,22,1049
ksc_Latn,10977,False,0.9856364536899456,28,0.9885742672627917,22,0.9969909729187563,4,996
ksd_Latn,59612,False,0.9842239185750635,26,0.9832231825114388,28,0.9832231825114388,28,972
ksf_Latn,11299,False,0.9921186833565137,2,0.9921186833565137,2,0.9916512059369201,2,1085
ksh_Latn,11430,False,0.62819750148721,1215,0.6662448592217652,1017,0.887741935483871,202,1091
ksj_Latn,10732,False,1.0,0,1.0,0,1.0,0,285
ksp_Latn,8240,False,0.9924812030075189,9,0.9958847736625515,4,0.9972489683631361,1,728
ksr_Latn,27341,False,0.9918533604887985,13,0.9903406202338586,16,0.9903406202338586,16,977
kss_Latn,100000,False,0.9936032809965415,2,0.9942196531791908,4,0.9965241783035551,17,16439
ksw_Mymr,100000,False,0.9997149256770516,0,0.9997149256770516,0,0.9997149256770516,0,12281
ktb_Ethi,13238,True,0.8070643118960347,530,0.8055925432756325,534,0.8464788732394367,378,1260
ktj_Latn,17646,False,0.9942151947551099,7,0.9942151947551099,7,0.9942151947551099,7,1297
ktm_Latn,6181,False,0.8599348534201954,43,0.8949152542372881,31,0.962962962962963,8,132
kto_Latn,30763,False,0.9834254143646408,21,0.9826498422712934,22,0.9826498422712934,22,623
ktu_Latn,21343,False,0.622263109475621,1653,0.6291341508732814,1598,0.6291341508732814,1598,2091
ktz_Latn,357,False,0.3278688524590164,41,0.9523809523809523,1,0.9523809523809523,1,10
kua_Latn,100000,False,0.9077774671512441,6486,0.9083555843546458,6506,0.9084113400796617,6569,42350
kub_Latn,17771,False,0.9938935737132888,14,0.9938935737132888,14,0.9956306437518205,8,1716
kud_Latn,31123,False,0.9862570735650769,15,0.9846650524616626,17,0.9846650524616626,17,612
kue_Latn,24594,False,0.9904912836767036,7,0.9904912836767036,7,0.9904912836767036,7,630
kuj_Latn,11061,False,0.9605568445475638,85,0.9623430962343097,81,0.9961389961389961,5,1035
kum_Cyrl,13281,False,0.9405034324942793,137,0.9428899961671139,127,0.9696252465483234,54,1252
kup_Latn,23283,False,0.9924559932942163,9,0.9891395154553049,13,0.9891395154553049,13,592
kus_Latn,13488,False,0.9917417417417417,22,0.992114156965828,21,0.993563044301401,8,1321
kvg_Latn,11146,False,0.9849246231155778,6,0.9775561097256857,9,0.98,8,196
kvj_Latn,11057,False,0.9990319457889641,2,0.9990319457889641,2,0.999031007751938,1,1032
kvn_Latn,17773,False,0.9811726734803657,35,0.9822294022617124,33,0.9945474372955289,10,912
kwd_Latn,17670,False,0.9937304075235109,8,0.9937304075235109,8,0.9958115183246073,4,955
kwf_Latn,18620,False,0.9862243463592915,6,0.9865092748735245,6,0.9865092748735245,6,1797
kwi_Latn,17740,False,0.9895120839033287,22,0.989963503649635,21,0.9958658704639413,7,1086
kwj_Latn,24528,False,0.9901083372585964,21,0.9887111947318908,24,0.9887111947318908,24,1051
kwn_Latn,100000,False,0.9886426695275794,424,0.9886327930059332,445,0.9871581977194731,533,26914
kwy_Latn,100000,False,0.9866102375132256,476,0.9868046949041335,506,0.9864064472278862,568,41188
kxc_Ethi,13467,True,0.9534184823441022,77,0.9534184823441022,77,0.9606419564386702,44,1316
kxm_Thai,13492,False,0.9878192534381139,31,0.9882075471698113,30,0.9992050874403815,2,1257
kxw_Latn,11040,False,0.9995217599234816,1,0.9995217599234816,1,1.0,0,1045
kyc_Latn,27920,False,0.9977298524404087,8,0.9974468085106384,9,0.9974468085106384,9,1758
kyf_Latn,17627,False,0.9976851851851852,4,0.9976851851851852,4,0.9988412514484357,1,1295
kyg_Latn,27081,False,0.995588734306074,2,0.995588734306074,2,0.995588734306074,2,1478
kyq_Latn,24514,False,0.998982015609094,0,0.9986431478968792,1,0.9986431478968792,1,1475
kyu_Kali,4280,True,1.0,0,1.0,0,1.0,0,330
kyu_Latn,4306,False,0.9861751152073733,5,0.9876923076923076,4,0.9922720247295209,1,325
kyu_Mymr,13476,False,1.0,0,1.0,0,1.0,0,1266
kyz_Latn,16966,False,0.9973821989528796,8,0.9967298888162198,10,0.9990167158308751,3,1524
kze_Latn,24039,False,0.990066225165563,12,0.990066225165563,12,0.990066225165563,12,598
kzf_Latn,12488,False,0.9908333333333332,21,0.9916597164303587,19,0.9966471081307627,7,1190
kzj_Latn,4996,False,0.6243050039714059,456,0.7382297551789075,260,0.7799385875127943,186,410
kzn_Latn,2125,False,0.01947015639961698,6111,0.032122169562927856,3643,0.039656311962987446,2872,94
lac_Latn,17753,False,0.9965792474344356,6,0.9954441913439636,8,0.9982866933181039,3,874
lad_Hebr,171,False,0.0,8,0.0,0,0.0,0,4
lad_Latn,10070,False,0.3248618784530387,3618,0.38386041439476554,2775,0.6721633294071457,761,930
lai_Latn,11021,False,0.9273793414524132,155,0.9311594202898551,146,0.9859971028488653,16,1034
laj_Latn,22156,False,0.9860982391102873,25,0.984729291994447,28,0.984729291994447,28,1069
lam_Latn,43564,False,0.7019659239842727,494,0.7029496215087445,511,0.7029496215087445,511,4458
lao_Laoo,33981,False,0.9984143001297392,4,0.9984143001297392,4,0.9984143001297392,4,3470
lap_Latn,4299,False,0.9862174578866768,9,0.9907692307692307,6,0.9953343701399688,1,322
las_Latn,6746,False,0.8060109289617488,284,0.8140981340704907,268,0.8258426966292135,246,590
lat_Latn,100000,False,0.9623692058402717,1181,0.9610795405771971,1341,0.958615397732117,1620,28916
law_Latn,6540,False,0.9849157054125998,17,0.9875444839857651,14,0.9982014388489209,2,555
lbb_Latn,1700,False,0.4470588235294118,47,0.7755102040816326,11,0.9047619047619047,4,19
lbe_Cyrl,182,False,0.2777777777777778,24,0.6666666666666666,1,0.6666666666666666,1,7
lbj_Tibt,10380,True,0.998452810727179,1,0.998452810727179,1,0.998452810727179,1,970
lbk_Latn,17600,False,0.9776695087291921,53,0.9776695087291921,53,0.9925742574257426,15,1206
lcm_Latn,27324,False,0.9880823401950163,22,0.9843497031840259,29,0.9843497031840259,29,912
lcp_Thai,4281,False,0.9582089552238806,28,0.9596412556053812,27,0.99375,1,321
ldi_Latn,51424,False,0.9370121619168633,604,0.9336702463676563,656,0.9336702463676563,656,5252
ldn_Latn,106,False,0.02259887005649718,173,1.0,0,1.0,0,2
lea_Latn,3217,False,0.27622149837133547,1104,0.3955431754874652,645,0.5375796178343949,355,219
led_Latn,3688,False,0.8048048048048049,130,0.9178082191780821,48,0.9816176470588235,9,268
lee_Latn,17731,False,0.9988109393579072,4,0.9985141158989599,5,0.9991079393398752,3,1680
lef_Latn,13442,False,0.9946070878274268,12,0.9946070878274268,12,0.9969016266460108,2,1293
leh_Latn,55845,False,0.9273031825795646,696,0.926849681955139,703,0.926849681955139,703,5708
lem_Latn,17770,False,0.9977233921457029,8,0.9968723343758885,11,0.9988597491448119,3,1753
leu_Latn,35286,False,0.9929169349645847,11,0.9922779922779923,12,0.9922779922779923,12,771
lew_Latn,13383,False,0.9752252252252253,55,0.9759398496240602,52,0.9915902140672783,9,1310
lex_Latn,19181,False,0.9812171299774606,46,0.9797449362340584,50,0.9797449362340584,50,1310
lez_Cyrl,337,False,0.06134969325153374,150,0.2962962962962963,15,0.380952380952381,9,8
lfn_Cyrl,5655,False,0.7215007215007215,386,0.8183306055646482,222,0.9627391742195368,15,500
lfn_Latn,12192,False,0.5423889812396105,1911,0.6600870827285922,1150,0.8241798746774788,437,1158
lgg_Latn,9264,False,0.9395638629283488,43,0.9520807061790669,23,0.959589480436177,3,808
lgl_Latn,10951,False,0.9794871794871794,6,0.9794871794871794,6,0.9896373056994818,2,193
lgm_Latn,11059,False,0.9645390070921986,73,0.9700427960057061,61,0.9892682926829268,14,1022
lhi_Latn,10945,False,0.9995085995085995,1,1.0,0,1.0,0,1017
lhu_Latn,72409,False,0.9996627318718381,4,0.9996627318718381,4,0.9996627318718381,4,7411
lia_Latn,13468,False,0.9946889226100152,11,0.9946889226100152,11,0.9980952380952381,1,1314
lid_Latn,27185,False,0.9960707269155207,7,0.9960707269155207,7,0.9960707269155207,7,1015
lif_Deva,24326,False,0.9984334203655352,3,0.9984334203655352,3,0.9984334203655352,3,956
lif_Limb,10950,True,1.0,0,1.0,0,1.0,0,1030
lij_Latn,35338,False,0.8328196095699398,1010,0.8249309893941595,1078,0.8249309893941595,1078,2966
lim_Latn,100000,False,0.8590617685967232,3577,0.8469598878729226,4035,0.8253968253968254,4926,13241
lin_Latn,100000,False,0.9932059030970726,165,0.9934789463976533,177,0.9939297732434392,229,168990
lip_Latn,17701,False,0.9983316649983317,4,0.9983316649983317,4,0.9996658870698296,0,1497
lis_Lisu,6732,True,1.0,0,1.0,0,1.0,0,580
lit_Latn,100000,False,0.9731896644982988,2182,0.973626001741006,2382,0.9760681018359635,2765,249347
liv_Latn,625,False,0.13168724279835392,211,0.5333333333333333,28,0.8205128205128205,7,16
ljp_Latn,13436,False,0.9531659797677032,123,0.9571106094808126,112,0.990215264187867,16,1274
lki_Arab,211,False,0.0,24,0.0,6,0.0,6,5
llb_Latn,25228,False,0.9067547723935389,455,0.8409593468276918,884,0.8409593468276918,884,2523
lld_Latn,814,False,0.10746268656716418,298,0.6666666666666666,13,0.8421052631578947,3,19
llg_Latn,14230,False,0.935483870967742,48,0.9366459627329191,47,0.9568527918781725,30,381
lln_Latn,8245,False,0.9922151450813871,4,0.9915134370579914,5,0.9907473309608541,1,708
lmk_Latn,17821,False,0.9871977240398292,41,0.9857954545454546,46,0.9954075774971298,11,1739
lmo_Latn,58536,False,0.8727388636544744,1356,0.8605946497215031,1545,0.8605946497215031,1545,5717
lmp_Latn,11043,False,0.9975526186979932,5,0.998530132288094,3,0.998530132288094,3,1019
lnd_Latn,25726,False,0.9906050357008643,35,0.9906015037593985,34,0.9906015037593985,34,2651
lob_Latn,13529,False,0.9988597491448118,3,0.9988597491448118,3,0.9988597491448118,3,1314
loe_Latn,6830,False,0.941747572815534,69,0.9533169533169534,54,0.9863713798977853,10,585
log_Latn,11018,False,0.9933586337760911,13,0.9928876244665717,14,0.9947743467933493,10,1048
lok_Latn,6752,False,0.9941715237302248,6,0.9950000000000001,5,0.998324958123953,0,598
lol_Latn,11060,False,0.9757688723205964,50,0.9807962529274005,39,0.9904489016236866,8,1049
lom_Latn,11043,False,0.9980879541108987,4,0.9985652797704447,3,0.9995208433157643,0,1044
loq_Latn,7481,False,0.9778085991678225,32,0.9784871616932685,31,0.9914893617021276,6,705
loz_Latn,100000,False,0.9916065153385887,514,0.9916561824957866,532,0.991359013136435,611,84425
lrc_Arab,168,False,0.1176470588235294,27,0.4000000000000001,3,0.4000000000000001,3,5
lsi_Latn,10998,False,0.9951550387596899,10,0.9970873786407767,6,0.9995133819951338,1,1027
lsm_Latn,13528,False,0.9736644093303234,66,0.9743975903614457,64,0.9915188897455668,10,1298
ltg_Latn,14559,False,0.3780327868852459,3736,0.3852691218130312,3634,0.47916230366492146,2420,1211
ltz_Latn,100000,False,0.9401260886993914,1461,0.9301588445052769,1770,0.903843466107617,2605,13081
lua_Latn,100000,False,0.9915046981593513,371,0.9916103645407974,381,0.9916239950525665,425,101484
lub_Latn,100000,False,0.9788644695069546,1014,0.9788890447468088,1032,0.978639143462947,1082,57204
luc_Latn,7040,False,0.9975308641975309,3,0.9975308641975309,3,0.9983498349834984,1,606
lud_Latn,554,False,0.06936416184971098,322,0.6666666666666666,12,0.9600000000000001,1,12
lue_Latn,100000,False,0.9840856123662307,569,0.9840986038726367,580,0.9838571673036335,612,52830
lug_Latn,100000,False,0.9716121570391313,473,0.9716795746156514,493,0.9736327500926625,613,39539
lun_Latn,100000,False,0.9880140406951856,592,0.9880336028981787,607,0.9871624991094964,674,34869
luo_Latn,100000,False,0.9913303437967116,171,0.9916736675067674,198,0.991423190945873,280,53813
lus_Latn,100000,False,0.9896208015211062,102,0.9901474937809727,113,0.9906397629131171,156,51443
lvs_Latn,100000,False,0.9757989207009412,2784,0.9761349015886341,3075,0.977449682010682,3609,277441
lwg_Latn,1392,False,0.24698795180722893,247,0.6356589147286822,44,0.8421052631578948,11,44
lwo_Latn,17490,False,0.9977807367953839,5,0.9977807367953839,5,0.9995549621717846,0,1124
lww_Latn,17549,False,0.9941395844432604,10,0.9946695095948829,9,0.997860962566845,3,934
lzh_Hani,97818,False,0.8123843591957568,2097,0.8131868131868132,2081,0.8131868131868132,2081,7531
maa_Latn,38068,False,0.9983421750663131,10,0.9983421750663131,10,0.9983421750663131,10,3011
mad_Latn,44560,False,0.9645239860213914,246,0.9632601351351351,267,0.9632601351351351,267,4643
maf_Latn,11056,False,0.9932497589199615,13,0.9946885562530178,10,0.9995147986414362,0,1031
mag_Deva,12847,False,0.6369626608095388,913,0.6385390428211586,903,0.676132521974307,699,1259
mah_Latn,100000,False,0.9984801148357679,21,0.9985436893203883,26,0.9984489580585597,38,47423
mai_Deva,43579,False,0.8127301420305103,965,0.8111576741749608,990,0.8111576741749608,990,3549
maj_Latn,17827,False,0.9972692517749864,5,0.9972692517749864,5,0.9989059080962801,2,913
mak_Latn,26049,False,0.9518183496400222,221,0.9462681092976343,255,0.9462681092976343,255,2618
mal_Latn,10693,False,0.9379450661241099,47,0.9422492401215806,47,0.9556701030927836,16,997
mal_Mlym,100000,False,0.9999788035299187,0,0.9999788038294414,1,0.9999788038294414,1,70768
mam_Latn,100000,False,0.9963391674220766,43,0.9970738844184345,47,0.9970755143961285,63,28744
maq_Latn,17793,False,0.9983827493261456,3,0.9983827493261456,3,0.9989212513484358,2,926
mar_Deva,100000,False,0.9836920765059233,623,0.9842906272856009,635,0.9865529834117356,1080,129906
mar_Latn,3924,False,0.39038601602330664,808,0.5100671140939597,480,0.6509316770186335,246,297
mas_Latn,31948,False,0.9725922523350176,132,0.9727662178702571,134,0.9727662178702571,134,3223
mau_Latn,100000,False,0.9986216588740845,15,0.9985679932992894,21,0.9981638494356536,40,18511
mav_Latn,23723,False,0.8999280057595394,8,0.9002153625269204,12,0.9002153625269204,12,1520
maw_Latn,17707,False,0.9944068295554901,17,0.9938180747718576,18,0.9958677685950413,10,1691
max_Latn,333,False,0.0449438202247191,80,0.25,0,0.25,0,7
maz_Latn,17588,False,0.9957805907172996,7,0.9957805907172996,7,0.9989417989417989,1,945
mbb_Latn,55597,False,0.9837549933422104,57,0.9824468085106384,62,0.9824468085106384,62,1851
mbc_Latn,25471,False,0.9511520737327189,6,0.9502762430939227,8,0.9502762430939227,8,1132
mbd_Latn,10885,False,0.9882926829268291,19,0.9887750122010737,18,0.9950884086444007,5,1018
mbf_Latn,6748,False,0.8760456273764259,162,0.9193934557063049,100,0.9853321829163072,11,577
mbh_Latn,24424,False,0.9971428571428572,4,0.9971428571428572,4,0.9971428571428572,4,698
mbi_Latn,11002,False,0.9932104752667312,11,0.9941747572815534,9,0.997564539698003,2,1027
mbj_Latn,17676,False,0.9989440337909187,2,0.9989440337909187,2,0.999471737982039,1,946
mbl_Latn,17712,False,0.9994706193753309,1,0.9994706193753309,1,0.9994706193753309,1,944
mbs_Latn,18964,False,0.9906265416872225,19,0.9906265416872225,19,0.9906265416872225,19,1004
mbt_Latn,17750,False,0.9916630100921457,18,0.9925340360122968,16,0.9969122187913542,6,1131
mca_Latn,24591,False,0.997787610619469,6,0.997787610619469,6,0.997787610619469,6,1353
mcb_Latn,17596,False,0.9909429941395844,17,0.9914712153518124,16,0.9973161567364467,4,930
mcd_Latn,26561,False,0.9895287958115183,15,0.9895397489539749,16,0.9895397489539749,16,950
mcf_Latn,17567,False,0.9939192924267551,11,0.9939192924267551,11,0.9988888888888888,2,899
mck_Latn,100000,False,0.9683604312251992,378,0.9681242767472035,402,0.9658666107675645,489,14311
mcn_Latn,30781,False,0.9884871088049295,59,0.9880064829821719,62,0.9880064829821719,62,3060
mco_Latn,100000,False,0.9975515585271684,2,0.997504825573184,6,0.9974820567125544,13,21288
mcp_Latn,22044,False,0.9523508993373304,4,0.9579937304075234,6,0.9579937304075234,6,1656
mcq_Latn,31265,False,0.9967284623773174,9,0.9963662790697674,10,0.9963662790697674,10,1371
mcu_Latn,13492,False,0.9928436911487758,19,0.9880059970014992,32,0.9887387387387387,29,1318
mda_Latn,17774,False,0.9994472084024323,0,0.9988950276243094,1,0.9994472084024323,0,905
mdf_Cyrl,16365,False,0.5445292620865141,2660,0.5534114403859408,2568,0.6300294406280668,1860,1630
mdy_Ethi,67085,True,0.9878275570583263,46,0.9879131096272504,46,0.9879131096272504,46,5941
med_Latn,23245,False,0.9987080103359173,0,0.9987080103359173,0,0.9987080103359173,0,1550
mee_Latn,24514,False,0.9922589725545391,11,0.9915611814345991,12,0.9915611814345991,12,705
mej_Latn,13341,False,0.9957048028114018,10,0.9945397815912638,13,0.9976507439310884,4,1276
mek_Latn,24096,False,0.9986919555264879,1,0.9986919555264879,1,0.9986919555264879,1,1530
men_Latn,16422,False,0.9920911104080987,14,0.9917773561037319,15,0.994910941475827,1,1579
meq_Latn,17804,False,0.9968454258675079,4,0.9968454258675079,4,0.9972948602344455,3,1109
mer_Latn,3326,False,0.4004171011470281,552,0.48000000000000004,393,0.6445993031358884,174,215
met_Latn,6728,False,0.9783549783549783,25,0.9860383944153578,16,0.9937998228520815,3,565
meu_Latn,100000,False,0.8899684071067024,2660,0.888888888888889,2712,0.8882498223771019,2752,13678
mev_Latn,277,False,0.0020304568527918783,980,0.05128205128205128,34,0.05128205128205128,34,4
mfe_Latn,100000,False,0.982996543807866,451,0.9828715365239294,518,0.9822642884975553,622,39862
mfg_Latn,1598,False,0.8148148148148148,25,0.9166666666666666,10,0.9642857142857142,3,55
mfh_Latn,13516,False,0.9977460555972952,5,0.9981210071401728,4,0.999247554552295,1,1329
mfi_Latn,17796,False,0.997411561691113,8,0.9971247843588269,9,0.9991356957649093,2,1735
mfk_Latn,17787,False,0.9930592632140951,10,0.9935897435897435,9,0.9973190348525468,2,933
mfq_Latn,21554,False,0.9921596578759801,8,0.9921596578759801,8,0.9921596578759801,8,2113
mfy_Latn,19912,False,0.9770264412657131,28,0.9779507133592736,30,0.9779507133592736,30,1152
mfz_Latn,13402,False,0.9972473456547385,6,0.9972473456547385,6,0.9992119779353822,1,1269
mgc_Latn,5026,False,0.9819494584837545,15,0.991494532199271,7,0.9963369963369962,3,408
mgh_Latn,78930,False,0.9763249932741459,168,0.9763504434291858,176,0.9763504434291858,176,7442
mgm_Latn,179,False,0.05095541401273885,148,0.6,2,0.6,2,5
mgo_Latn,11133,False,0.9909443725743855,1,0.9909443725743855,1,0.9909443725743855,1,389
mgr_Latn,100000,False,0.9492699993271881,696,0.9491867186449792,713,0.9467939059099281,806,14921
mhi_Latn,13542,False,0.959489872468117,108,0.9652830188679246,92,0.9926156237854645,17,1279
mhl_Latn,17037,False,0.9911712772218952,14,0.9911712772218952,14,0.9970396684428657,4,843
mhr_Cyrl,100000,False,0.9513814092127346,1288,0.9505178365937859,1332,0.9443522623145695,1669,19644
mhw_Latn,524,False,0.1492537313432836,169,0.8333333333333333,4,0.8823529411764706,2,17
mhx_Latn,17532,False,0.9957761351636748,8,0.993677555321391,12,0.9978768577494693,1,943
mhy_Latn,13427,False,0.9754624386560966,58,0.9769376181474481,54,0.9880539499036608,14,1299
mib_Latn,24577,False,0.997005988023952,3,0.9962602842183995,4,0.9962602842183995,4,667
mic_Latn,17716,False,0.9972451790633609,5,0.996147495872317,7,0.9994478188845942,1,905
mie_Latn,17822,False,1.0,0,0.9994465965688987,1,1.0,0,903
mif_Latn,17711,False,0.9965576592082617,7,0.9965576592082617,7,0.998706338939198,2,1159
mig_Latn,17825,False,1.0,0,1.0,0,1.0,0,902
mih_Latn,17758,False,0.9977997799779978,3,0.9977997799779978,3,0.998898678414097,1,908
mil_Latn,17720,False,0.9989316239316238,2,0.998398291510945,3,0.9994655264564404,1,935
mim_Latn,6759,False,0.990325417766051,11,0.990325417766051,11,0.994661921708185,2,563
min_Arab,847,False,0.1027190332326284,293,0.173469387755102,158,0.2857142857142857,81,21
min_Latn,100000,False,0.9553339980059821,927,0.9526868191901466,1026,0.9426573426573427,1464,14790
mio_Latn,17742,False,0.9982449982449982,3,0.9982449982449982,3,0.9989462592202317,1,1424
mip_Latn,6764,False,0.9864406779661017,14,0.9872773536895674,13,0.9965694682675814,1,584
miq_Latn,86132,False,0.9939861999113755,30,0.9941142965635086,31,0.9941142965635086,31,7916
mir_Latn,16801,False,0.9996933455995094,1,0.9996933455995094,1,1.0,0,1630
mit_Latn,17430,False,0.9977728285077951,4,0.9972175848636617,5,0.9994422755158953,1,896
miy_Latn,17828,False,0.9921171171171171,26,0.9921171171171171,26,0.995193666949392,13,1764
miz_Latn,17822,False,0.9973361747469366,5,0.9973361747469366,5,0.9989327641408752,2,936
mjc_Latn,17745,False,0.9994538503549972,1,0.9994538503549972,1,1.0,0,915
mjw_Latn,11088,False,0.9865229110512129,27,0.9874100719424461,25,0.9972727272727273,2,1101
mkd_Cyrl,100000,False,0.9771592733787017,1863,0.9771776756172401,1892,0.977049609494306,2005,91775
mkl_Latn,17702,False,0.9973100201748487,7,0.9976454759502186,6,0.9976454759502186,6,1484
mkn_Latn,18360,False,0.9784289784289784,47,0.9759869759869759,50,0.9759869759869759,50,1208
mks_Latn,17827,False,1.0,0,1.0,0,1.0,0,924
mkz_Latn,1446,False,0.49397590361445776,83,0.8723404255319148,11,0.9382716049382716,1,42
mlh_Latn,31269,False,0.9912280701754386,12,0.9912280701754386,12,0.9912280701754386,12,678
mlp_Latn,24038,False,0.9866875489428348,16,0.9851446442533229,18,0.9851446442533229,18,631
mlt_Latn,100000,False,0.9762995875590269,4653,0.9753222671299955,5256,0.9744558387185531,6001,200861
mlu_Latn,815,False,0.18627450980392157,166,0.7307692307692308,14,0.8181818181818181,7,19
mmn_Latn,11023,False,0.9646831156265119,72,0.9660852713178295,69,0.9929859719438878,7,998
mmo_Latn,24576,False,0.9740007760962359,67,0.9740007760962359,67,0.9740007760962359,67,1255
mmx_Latn,28734,False,0.9946771580652627,22,0.9942169789498033,24,0.9942169789498033,24,2150
mna_Latn,33077,False,0.9944025310294475,20,0.9941605839416058,21,0.9941605839416058,21,2046
mnb_Latn,13514,False,0.9838163342115168,42,0.9856603773584907,36,0.9923488905891354,9,1308
mnf_Latn,13467,False,0.9992343032159265,2,0.9992343032159265,2,0.9996170049789354,1,1305
mni_Beng,41766,False,0.962437492731713,271,0.9617664148750726,277,0.9617664148750726,277,4190
mni_Latn,889,False,0.08370044052863436,416,0.36,63,0.782608695652174,9,19
mni_Mtei,3424,True,0.9979296066252588,1,0.9979296066252588,1,0.9979296066252588,1,241
mnk_Latn,13537,False,0.995301487862177,9,0.995301487862177,9,0.9972538250294233,4,1274
mns_Cyrl,971,False,0.23893805309734514,172,0.54,46,0.9629629629629629,1,27
mnw_Mymr,291,False,0.3018867924528302,37,0.48484848484848486,17,1.0,0,8
mnx_Latn,6272,False,0.9860982391102874,15,0.9925373134328358,8,0.99812382739212,2,532
mny_Latn,41872,False,0.9015071854188574,458,0.8971680594243269,508,0.8971680594243269,508,4243
moa_Latn,17800,False,0.996573386636208,12,0.995436394751854,16,0.9997135491263248,1,1745
moc_Latn,18050,False,0.9950966253244881,15,0.9948096885813149,16,0.9948096885813149,16,1727
mog_Latn,13436,False,0.9938414164742109,15,0.994224104736234,14,0.9972941631233089,5,1292
moh_Latn,1569,False,0.738095238095238,44,0.9172932330827067,10,0.9682539682539683,3,62
mop_Latn,18531,False,0.9492969748615253,54,0.9488926746166951,55,0.9488926746166951,55,1179
mor_Latn,13526,False,1.0,0,1.0,0,1.0,0,1297
mos_Latn,100000,False,0.9969284617307762,32,0.9974836257205576,36,0.997431369401188,67,56138
mox_Latn,30851,False,0.9966931216931216,8,0.9960343688037012,10,0.9960343688037012,10,1509
mpg_Latn,17806,False,0.9800968262506724,36,0.9811523963381799,34,0.9945414847161571,9,912
mph_Latn,1016,False,0.835820895522388,11,0.9824561403508771,1,1.0,0,28
mpm_Latn,17709,False,0.9935785172212492,17,0.9938686131386861,16,0.9959040374488004,9,1707
mpp_Latn,13388,False,0.9819927971188475,14,0.9819927971188475,14,0.9963459196102314,2,410
mps_Latn,62082,False,0.9950290851401374,9,0.9950290851401374,9,0.9950290851401374,9,4742
mpt_Latn,30449,False,0.9869281045751634,12,0.9847826086956522,14,0.9847826086956522,14,453
mpx_Latn,28162,False,0.9895093062605753,23,0.9888324873096447,24,0.9888324873096447,24,1470
mqb_Latn,17749,False,0.9970077797725913,9,0.996709542327251,10,0.9988002399520096,2,1667
mqj_Latn,24541,False,0.9662162162162162,31,0.9655172413793104,31,0.9655172413793104,31,734
mqy_Latn,11063,False,0.9892262487757102,21,0.9911678115799804,17,0.9965329370975731,2,1011
mrg_Latn,9720,False,0.9897684437264406,18,0.9913700107874865,15,0.9983686786296899,1,920
mri_Latn,73030,False,0.9739707835325366,264,0.9738588110403397,271,0.9738588110403397,271,7462
mrj_Cyrl,32843,False,0.9206507304116867,304,0.9151145541453765,344,0.9151145541453765,344,2947
mrq_Latn,827,False,0.04018912529550827,812,0.10921501706484642,260,0.1851851851851852,130,17
mrv_Latn,137,False,0.05263157894736843,106,0.7499999999999999,0,0.7499999999999999,0,5
mrw_Latn,32855,False,0.9845042876485632,91,0.9843561973525874,92,0.9843561973525874,92,3284
msb_Latn,17760,False,0.5187465025181869,1715,0.5249150622876556,1673,0.6280487804878049,1093,932
msc_Latn,4006,False,0.9359165424739195,42,0.9515151515151515,31,0.9775641025641026,4,315
mse_Latn,11044,False,0.9932885906040269,11,0.9947191550648105,8,0.9975903614457832,1,1039
msk_Latn,17461,False,0.9722675367047308,45,0.9722675367047308,45,0.9894853348090757,13,900
msm_Latn,17525,False,0.9736603088101726,53,0.9749886311959982,50,0.989386248269497,18,1077
msy_Latn,23880,False,0.9943593875906527,7,0.9935587761674718,8,0.9935587761674718,8,617
mta_Latn,17707,False,0.9977233921457029,8,0.9980074010816965,7,0.9997146932952925,0,1753
mtg_Latn,10910,False,0.9916743755781684,16,0.9921332716335031,15,0.9962790697674418,5,1074
mti_Latn,37906,False,0.9910614525139665,15,0.9910614525139665,15,0.9910614525139665,15,888
mtj_Latn,13341,False,0.9930178432893716,16,0.9941747572815534,13,0.997270955165692,4,1282
mto_Latn,24568,False,0.9996903065964695,1,0.9996903065964695,1,0.9996903065964695,1,1614
mtp_Latn,17826,False,0.999340804218853,2,0.999340804218853,2,1.0,0,1516
mua_Latn,11045,False,0.9965736661771905,4,0.9960861056751468,5,0.9975478175576262,1,1021
mug_Latn,30584,False,0.9923886639676114,17,0.9923911283794723,18,0.9923911283794723,18,3094
muh_Latn,17927,False,0.9985511445957693,3,0.9985519837822184,4,0.9991301826616411,1,1725
mui_Latn,2590,False,0.3276283618581907,537,0.3611859838274933,461,0.8506493506493507,30,147
mup_Deva,6754,False,0.8354430379746836,220,0.8448795180722891,205,0.9664902998236331,24,562
mur_Latn,13305,False,0.9948269001193792,11,0.9952229299363058,10,0.9988004798080767,0,1252
mus_Latn,406,False,0.0916030534351145,237,0.8571428571428571,3,0.8799999999999999,1,13
mux_Latn,30379,False,0.9936766034327009,13,0.9932279909706546,14,0.9932279909706546,14,1101
muy_Latn,17784,False,0.9957056971085028,14,0.9968490403895732,11,0.9979925437338687,7,1740
mva_Latn,31340,False,0.9784065524944154,27,0.9755011135857462,31,0.9755011135857462,31,659
mvn_Latn,17532,False,0.9940071913703555,8,0.9940119760479041,9,0.9959967974379503,3,1251
mvp_Latn,13386,False,0.9833729216152021,40,0.9845544554455447,38,0.9920063948840928,17,1244
mwc_Latn,5701,False,0.8652931854199684,84,0.8995057660626029,60,0.9782608695652174,8,274
mwf_Latn,268,False,0.5217391304347826,11,1.0,0,1.0,0,6
mwl_Latn,29497,False,0.810614224137931,1391,0.8063219930350924,1432,0.8063219930350924,1432,3024
mwm_Latn,34765,False,0.9965322139076475,1,0.9967153284671533,1,0.9967153284671533,1,2748
mwn_Latn,45676,False,0.8554509270944569,1311,0.8161451583040177,1810,0.8161451583040177,1810,4584
mwp_Latn,4930,False,0.9912170639899623,6,0.992462311557789,5,0.9962168978562421,2,396
mwq_Latn,13480,False,0.9961089494163424,6,0.9968847352024922,4,0.9980506822612086,1,1284
mwv_Latn,13480,False,0.987987987987988,30,0.9894736842105263,26,0.9924069855732727,9,1318
mww_Latn,100000,False,0.996231420905062,40,0.9963831454578334,42,0.996294176132084,50,16607
mxb_Latn,17827,False,0.9988719684151155,1,0.9988719684151155,1,0.9988713318284425,0,1774
mxp_Latn,17765,False,0.9978902953586498,3,0.9978902953586498,3,0.9989440337909187,1,947
mxq_Latn,17822,False,0.9991396616002294,3,0.9991396616002294,3,0.9997130559540889,1,1742
mxt_Latn,17738,False,0.9967707212055974,5,0.9967707212055974,5,0.9973074851911685,4,927
mxv_Latn,100000,False,0.9917479369842461,9,0.9918247956198905,11,0.9960836969900413,27,13431
mya_Mymr,100000,False,0.9989725323652305,45,0.9991096674461152,46,0.9992369847201299,48,51104
myb_Latn,17794,False,0.9960448253131179,8,0.9950609153770168,11,0.9983481995374958,1,1515
myk_Latn,17969,False,0.9953596287703016,16,0.994782608695652,18,0.9953596287703016,16,1716
myu_Latn,17307,False,0.9966814159292036,6,0.996130458817026,7,0.9961261759822911,6,901
myv_Cyrl,46588,False,0.8845467169212458,1002,0.8828472565496788,1029,0.8828472565496788,1029,4621
myw_Latn,20830,False,0.9817518248175183,20,0.9799635701275046,22,0.9799635701275046,22,538
myx_Latn,24108,False,0.9612778315585672,138,0.9610452455843214,139,0.9610452455843214,139,2008
myy_Latn,17572,False,0.9935992122107337,12,0.9935992122107337,12,0.994088669950739,11,1010
mza_Latn,17806,False,0.9390862944162437,120,0.9405185561769192,117,0.9898341359015517,19,925
mzh_Latn,30095,False,0.9901250822909808,58,0.989962152377818,59,0.989962152377818,59,3010
mzk_Latn,13518,False,0.9942682460833013,13,0.9954128440366973,11,0.9988483685220729,1,1303
mzl_Latn,11046,False,0.9990272373540857,2,0.9990272373540857,2,1.0,0,1027
mzm_Latn,17809,False,0.998768472906404,3,0.9987692307692307,4,0.9990766389658357,3,1623
mzn_Arab,25413,False,0.25889857053362947,12712,0.26529778918509017,12295,0.26529778918509017,12295,2574
mzw_Latn,17739,False,0.9973630237327864,8,0.9973630237327864,8,0.9991189427312774,1,1703
mzz_Latn,1662,False,0.6140350877192983,44,0.8045977011494253,17,0.9722222222222222,2,35
nab_Latn,17051,False,1.0,0,1.0,0,1.0,0,879
naf_Latn,30339,False,0.993920972644377,7,0.993920972644377,7,0.993920972644377,7,655
nah_Latn,14383,False,0.719595813785637,491,0.7211815561959655,492,0.7263427109974425,460,1283
nak_Latn,24401,False,0.9951923076923077,5,0.9951923076923077,5,0.9951923076923077,5,622
nan_Latn,41646,False,0.9549752363800089,382,0.9441601779755284,486,0.9441601779755284,486,4260
nap_Latn,26109,False,0.7421254047689138,1639,0.7387862796833774,1668,0.7387862796833774,1668,2634
naq_Latn,92558,False,0.9993648105017997,5,0.9994177737786482,5,0.9994177737786482,5,9447
nas_Latn,24606,False,0.9981905910735827,6,0.9978883861236804,6,0.9978883861236804,6,1655
nav_Latn,81124,False,0.998150026854449,15,0.9979718444285374,20,0.9979718444285374,20,8379
naw_Latn,17827,False,0.9983268265476853,3,0.9983268265476853,3,0.998324958123953,2,895
nba_Latn,100000,False,0.9879001055223355,232,0.9853415626315051,312,0.9826229852103073,394,14155
nbc_Latn,10982,False,0.9909394372913686,17,0.9923591212989494,14,0.9975949975949976,1,1041
nbe_Latn,11062,False,0.9947191550648103,10,0.9942418426103646,11,0.998073217726397,3,1037
nbl_Latn,100000,False,0.833396250157292,6079,0.8325102536201556,6162,0.8314043371077592,6234,21734
nbq_Latn,3157,False,0.934156378600823,32,0.9639065817409767,17,0.9784482758620688,10,227
nbu_Latn,30552,False,0.9954560207724765,13,0.9954560207724765,13,0.9954560207724765,13,3082
nca_Latn,24465,False,0.9947486871717929,7,0.9947486871717929,7,0.9947486871717929,7,663
nch_Latn,100000,False,0.9169468530643545,369,0.9169934833249787,372,0.9175348755076814,398,17992
ncj_Latn,100000,False,0.9431792040487693,331,0.9435458384807653,341,0.9437229437229437,377,18045
ncl_Latn,17768,False,0.9854423292273236,18,0.9865470852017937,16,0.990990990990991,8,888
ncq_Laoo,4269,True,0.9851632047477745,9,0.9851632047477745,9,0.988095238095238,7,333
nct_Latn,11027,False,0.9900896649362907,19,0.9896226415094341,20,0.994291151284491,6,1051
ncu_Latn,17218,False,1.0,0,1.0,0,1.0,0,1605
ncx_Latn,100000,False,0.8653800333571599,2754,0.8642277251265329,2805,0.8631236662940758,2869,13913
ndc_Latn,100000,False,0.8608475006343568,4754,0.8603702859458501,4805,0.8576258357512301,4946,17693
nde_Latn,100000,False,0.7270673456214587,11740,0.7270381189627054,11758,0.7263938124395746,11811,23757
ndh_Latn,625,False,0.2442748091603053,97,0.8888888888888888,2,0.9411764705882353,0,18
ndi_Latn,11030,False,0.9980411361410382,1,0.9980411361410382,1,0.998530132288094,0,1022
ndj_Latn,17827,False,0.9614961496149614,60,0.961453744493392,59,0.9705391884380211,42,884
ndo_Latn,100000,False,0.8990163853701173,1548,0.8994502047894912,1570,0.89999140503174,1625,43169
ndp_Latn,13523,False,0.9866463181991606,35,0.9873901413832632,32,0.9957413859852884,4,1293
nds_Latn,100000,False,0.8905515177426251,1697,0.8820746747761445,1956,0.8520758086116635,2865,11278
ndy_Latn,6763,False,0.9843749999999999,18,0.9843749999999999,18,0.9938217122683143,3,567
ndz_Latn,17783,False,0.9967939376275138,11,0.9967939376275138,11,0.9997076878105816,1,1710
neb_Latn,13396,False,0.9972815533980582,7,0.9965075669383004,9,0.9968919968919969,7,1284
new_Deva,25626,False,0.6436654706044714,2318,0.6461708904583853,2292,0.6461708904583853,2292,2596
nfa_Latn,17143,False,0.9931725079654075,12,0.9936247723132968,11,0.9949794614331355,7,1094
nfr_Latn,13480,False,0.9980908743795341,2,0.9984721161191751,1,0.9977046671767407,0,1310
ngb_Latn,3303,False,0.7064516129032258,181,0.7821428571428571,121,0.9680365296803652,6,220
ngc_Latn,11049,False,0.9510945505356312,103,0.956440281030445,91,0.985860555826426,17,1023
ngl_Latn,100000,False,0.9573323082836825,670,0.9572496645153045,713,0.9558176601848899,773,15605
ngp_Latn,17827,False,0.862167300380228,245,0.8620361560418649,244,0.8657429526994744,235,952
ngu_Latn,100000,False,0.9044394281414598,410,0.9051114255394411,415,0.9076665786462459,444,11966
nhd_Latn,13486,False,0.6369965191447041,1445,0.6374283578370297,1438,0.6556948798328109,1277,1296
nhe_Latn,28871,False,0.925199709513435,114,0.925751539297356,117,0.925751539297356,117,1366
nhg_Latn,16904,False,0.9855477855477855,31,0.9855477855477855,31,0.998109640831758,3,1057
nhi_Latn,18600,False,0.7575384615384615,740,0.761433868974042,725,0.761433868974042,725,1279
nhk_Latn,3218,False,0.6190476190476191,216,0.7607843137254902,97,0.860310421286031,38,219
nho_Latn,24502,False,0.9863597612958227,32,0.985519591141397,34,0.985519591141397,34,1157
nhr_Latn,17751,False,0.9966024915062288,12,0.9963204075856212,13,0.9974497024652875,9,1760
nhu_Latn,17806,False,0.9993150684931507,2,0.9989729544676481,3,1.0,0,1459
nhw_Latn,17816,False,0.5868748193119399,1373,0.5871453387376955,1369,0.5873153779322328,1368,1071
nhx_Latn,35642,False,0.9882237487733072,24,0.9872549019607844,26,0.9872549019607844,26,1007
nhy_Latn,17810,False,0.9552077711818673,80,0.9588299024918743,73,0.9661572052401748,59,888
nia_Latn,100000,False,0.9943788906438726,187,0.9940347700949331,210,0.9927217097028417,268,21460
nif_Latn,10209,False,0.9965397923875432,2,0.9965397923875432,2,0.9982668977469671,1,288
nii_Latn,30695,False,0.9966273187183811,2,0.9966273187183811,2,0.9966273187183811,2,593
nij_Latn,13418,False,0.9794050343249429,53,0.981276270538785,48,0.9918256130790192,10,1285
nim_Latn,17845,False,0.9853403141361257,25,0.9848246991104134,26,0.9931398416886543,10,944
nin_Latn,24556,False,0.9900332225913622,21,0.9900332225913622,21,0.9900332225913622,21,1043
nio_Cyrl,90,False,0.09523809523809523,76,1.0,0,1.0,0,4
niq_Latn,30088,False,0.9835356727091302,75,0.9840319361277445,73,0.9840319361277445,73,2981
niu_Latn,100000,False,0.9932894045357158,283,0.9937885689468848,290,0.9941472078144866,316,49523
niy_Latn,11062,False,0.9830028328611897,36,0.9834671705243269,35,0.9839319470699432,34,1041
njb_Latn,10983,False,0.9907452508524112,16,0.9931640625,11,0.9965703086722195,4,1020
njm_Latn,30730,False,0.9920382165605096,35,0.9912462199586186,39,0.9912462199586186,39,3130
njn_Latn,29912,False,0.9887603844274312,48,0.9884383650871195,50,0.9884383650871195,50,3056
njo_Latn,30731,False,0.9906572164948454,49,0.9914585012087027,45,0.9914585012087027,45,3084
njz_Latn,11038,False,0.9882121807465618,23,0.9877270495827196,24,0.9975210708973723,4,1007
nkf_Latn,6762,False,0.9835497835497835,18,0.9921397379912664,8,0.9973661106233538,2,569
nki_Latn,11061,False,0.9140229885057471,148,0.9173210161662817,139,0.9185938945420907,136,1033
nko_Latn,17654,False,1.0,0,0.9983136593591906,3,0.998875140607424,2,888
nla_Latn,233,False,0.032467532467532464,298,1.0,0,1.0,0,5
nlc_Latn,13403,False,0.9932991722506899,17,0.9940828402366864,15,0.9984139571768438,3,1260
nld_Latn,100000,False,0.9587426695067578,3417,0.9615119356304632,3768,0.9653618421927219,4425,384720
nlg_Latn,16692,False,0.9797619047619047,29,0.9797619047619047,29,0.992744860943168,5,828
nma_Latn,11038,False,0.9920300046882325,17,0.9934272300469483,14,0.9985842378480415,3,1058
nmf_Latn,30733,False,0.9852611342518424,85,0.9851033157135992,86,0.9851033157135992,86,3082
nmh_Latn,11056,False,0.9937828790052606,12,0.9942583732057416,11,0.9985583853916387,2,1040
nmo_Latn,11055,False,0.9854057209573848,24,0.9865575686732906,22,0.9940898345153665,6,845
nmw_Latn,3113,False,0.6590909090909091,30,0.7945205479452054,15,0.9508196721311475,3,29
nmz_Latn,13452,False,0.9977595220313666,5,0.9973870847331094,6,0.9988785046728972,2,1337
nnb_Latn,83880,False,0.8716124442144751,263,0.8713178294573642,276,0.8713178294573642,276,8460
nng_Latn,11050,False,0.9917127071823205,18,0.992169507139567,17,0.9976798143851509,3,1077
nnh_Latn,10903,False,0.997090203685742,6,0.9941972920696325,12,0.9966068831798351,7,1028
nnl_Latn,29935,False,0.988399071925754,47,0.9885666942833472,47,0.9885666942833472,47,3005
nno_Latn,100000,False,0.866103457791174,11275,0.8648031221245677,11523,0.861012956419317,12008,42144
nnp_Latn,11050,False,0.9928605425987624,13,0.9933333333333334,12,0.9966523194643712,4,1045
nnq_Latn,17827,False,0.9190573770491803,157,0.9251419721218379,143,0.9542066027689031,84,898
nnw_Latn,17675,False,1.0,0,1.0,0,1.0,0,1711
noa_Latn,35324,False,0.9964485032978183,4,0.996703018006594,4,0.996703018006594,4,1974
nob_Latn,100000,False,0.9510807252140858,12660,0.9509933160403434,12766,0.9509348954207705,12907,258590
nod_Thai,11038,False,0.43966269264321023,1927,0.4409448818897638,1917,0.6475374732334047,823,756
nog_Cyrl,19172,False,0.8684965178205655,309,0.8720691073632251,299,0.8720691073632251,299,1072
non_Latn,502,False,0.036939313984168866,359,0.4827586206896552,9,0.5384615384615384,6,13
nop_Latn,31774,False,0.9968141592920354,7,0.9957567185289958,10,0.9957567185289958,10,1410
not_Latn,24235,False,0.9884704073789393,15,0.9869531849577897,17,0.9869531849577897,17,643
nou_Latn,30588,False,0.9939498703543648,5,0.993091537132988,6,0.993091537132988,6,577
nov_Latn,1813,False,0.05701078582434515,2440,0.1379962192816635,903,0.3436754176610979,265,82
nph_Latn,11061,False,0.9951267056530214,10,0.9960975609756098,8,0.9995105237395986,1,1021
npi_Deva,100000,False,0.9508319681029549,435,0.9512705176767676,437,0.9523013852998893,820,26142
npi_Latn,359,False,0.06167400881057268,212,0.43750000000000006,17,0.823529411764706,2,8
npl_Latn,24576,False,0.8033067274800456,675,0.8043416166809483,669,0.8043416166809483,669,1424
npo_Latn,11061,False,0.992074592074592,17,0.9930004666355576,15,0.99812382739212,4,1064
npy_Latn,13254,False,0.9835275210928084,40,0.9847144006436042,37,0.9955120359037127,6,1225
nqo_Nkoo,8471,False,1.0,0,1.0,0,1.0,0,713
nre_Latn,30002,False,0.9921026653504443,29,0.9916132215096202,32,0.9916132215096202,32,3034
nrf_Latn,6460,False,0.37887977167320724,1735,0.4089333846746246,1529,0.9573283858998145,25,537
nri_Latn,11054,False,0.962996802192782,78,0.9691954022988505,64,0.9943396226415093,9,1057
nsa_Latn,11044,False,0.9939562993956299,13,0.9948813401582132,11,0.9990654205607477,2,1069
nse_Latn,93386,False,0.7947788885493516,4364,0.7862776365125199,4641,0.7862776365125199,4641,9440
nsm_Latn,29995,False,0.9906817067189798,34,0.9903610521156674,37,0.9903610521156674,37,3053
nsn_Latn,24366,False,0.982919254658385,21,0.982128982128982,21,0.982128982128982,21,634
nso_Latn,100000,False,0.9868390606746393,981,0.9872036056668538,1003,0.9872891630810527,1041,178542
nss_Latn,5620,False,0.8560885608856088,39,0.9169960474308301,21,0.9789029535864979,5,116
nst_Latn,30606,False,0.9861224489795918,32,0.986957939354418,34,0.986957939354418,34,3073
nsu_Latn,17790,False,0.9489274770173647,90,0.9503836317135551,87,0.9677083333333334,52,939
ntp_Latn,17357,False,0.9977678571428571,4,0.9977678571428571,4,1.0,0,894
ntr_Latn,17764,False,0.9973965866358114,7,0.9973965866358114,7,0.9985519837822184,3,1726
ntu_Latn,12626,False,0.9824561403508771,15,0.9836065573770492,14,0.9952153110047847,0,420
nuj_Latn,8313,False,0.9410222804718219,77,0.9459102902374671,68,0.973463687150838,4,731
nus_Latn,14391,False,0.995253742241694,9,0.9934402332361516,14,0.9952433223563849,6,1367
nuy_Latn,11270,False,0.9990749306197965,1,0.9990749306197965,1,0.9995372512725589,0,1081
nuz_Latn,1598,False,0.3657587548638132,162,0.4895833333333333,97,0.9199999999999999,6,48
nvm_Latn,22498,False,0.9902568644818424,11,0.9893805309734514,12,0.9893805309734514,12,559
nwb_Latn,13165,False,0.9976580796252927,6,0.9976580796252927,6,0.9992181391712275,2,1278
nwi_Latn,17294,False,0.9967396367023753,6,0.9962756052141527,7,0.9981343283582089,3,1071
nwx_Deva,16773,False,0.9600715137067939,127,0.9603576751117734,126,0.9768856447688565,64,1618
nxd_Latn,11061,False,0.989928057553957,18,0.9913544668587897,15,0.995159728944821,3,1035
nya_Latn,100000,False,0.9709926013873772,1215,0.9714354771373953,1266,0.9724653897628294,1381,232789
nyf_Latn,13672,False,0.9260808926080893,199,0.9270506108202443,196,0.975,53,1341
nyk_Latn,100000,False,0.9845917976236106,231,0.9845364770726479,269,0.9836240995165575,334,26261
nyn_Latn,100000,False,0.9075710761418888,814,0.9078733377977614,841,0.9055164736256187,1113,21991
nyo_Latn,13528,False,0.654291094969061,1255,0.6615845358017969,1212,0.7296397214653345,852,1246
nyu_Latn,100000,False,0.9148134420558438,2036,0.9135559316817972,2121,0.9092522335087505,2294,15531
nyy_Latn,99263,False,0.9746273077302795,226,0.9728081821310911,285,0.9728081821310911,285,10160
nza_Latn,4301,False,0.9619883040935672,26,0.9806259314456036,13,0.9850299401197605,10,329
nzi_Latn,100000,False,0.9961350243214249,52,0.9969903839095646,57,0.9968359066006505,138,34103
nzm_Latn,30721,False,0.9949943484579363,20,0.9946731234866828,22,0.9946731234866828,22,3092
obo_Latn,17566,False,0.9953917050691244,11,0.9949748743718593,12,0.9991589571068125,2,1188
oci_Latn,100000,False,0.9299147865910881,1441,0.924033200580638,1642,0.905709719599012,2252,12812
ogo_Latn,49629,False,0.9948207171314741,26,0.9933406222045521,44,0.9933406222045521,44,5020
ojb_Cans,33721,False,0.9850671976107517,44,0.9850671976107517,44,0.9850671976107517,44,1995
ojb_Latn,26541,False,0.995343639411436,20,0.9947897283215482,24,0.9947897283215482,24,2677
oke_Latn,51037,False,0.9680426098535285,259,0.9684110371075166,255,0.9684110371075166,255,5166
oku_Latn,6760,False,0.9966273187183812,4,0.9957877000842459,5,0.9991546914623838,1,591
okv_Latn,24041,False,0.9896324222431667,11,0.9905660377358491,10,0.9905660377358491,10,525
old_Latn,13531,False,0.9747899159663865,55,0.9751461988304094,54,0.9881217520415738,15,1348
olo_Latn,8012,False,0.46791707798617965,1613,0.48598769651401225,1500,0.8842239185750635,162,715
omb_Latn,4266,False,0.9695024077046549,19,0.9821138211382114,11,0.9966996699669968,2,302
omw_Latn,27268,False,0.9947698744769874,8,0.9947698744769874,8,0.9947698744769874,8,953
ong_Latn,31080,False,0.9947275922671353,6,0.9947275922671353,6,0.9947275922671353,6,566
ons_Latn,24539,False,0.9984726161902684,6,0.9982547993019198,7,0.9982547993019198,7,2289
ood_Latn,16954,False,0.9969493593654667,7,0.9972535855965822,6,0.9987775061124695,1,1637
opm_Latn,23755,False,0.9896743447180302,13,0.9896743447180302,13,0.9896743447180302,13,623
orv_Cyrl,27832,False,0.7322880371660859,1592,0.7350626639463712,1566,0.7350626639463712,1566,2774
ory_Latn,435,False,0.08040201005025126,181,0.5185185185185185,10,0.6666666666666666,4,10
ory_Orya,100000,False,0.9995314330339711,4,0.9995314330339711,4,0.9995512983085897,23,25618
oss_Cyrl,100000,False,0.9983129067099895,10,0.9983397304293492,10,0.9983935169483963,15,56098
ota_Arab,674,False,0.20930232558139533,60,0.27272727272727276,21,0.3870967741935484,8,17
otd_Latn,6719,False,0.9481946624803768,64,0.9610182975338107,47,0.9877149877149877,12,606
ote_Latn,56504,False,0.986228813559322,26,0.98545101842871,37,0.98545101842871,37,5716
otm_Latn,17662,False,0.9962864721485412,7,0.9962864721485412,7,0.9962864721485412,7,939
otn_Latn,17786,False,0.9883966244725738,20,0.9878755930416446,21,0.9889182058047493,19,939
oto_Latn,4664,False,0.7932692307692308,141,0.8745046235138705,65,0.8971193415637859,41,361
otq_Latn,17800,False,0.9985528219971056,5,0.9988419224088014,4,0.9988419224088014,4,1725
ots_Latn,21473,False,0.9546366920915296,5,0.9605105704028719,6,0.9605105704028719,6,1297
otw_Latn,85,False,0.030534351145038167,126,0.8,0,0.8,0,3
oym_Latn,10692,False,0.9974424552429668,5,0.9974424552429668,5,0.9984623270117888,2,975
ozm_Latn,13451,False,0.9996036464526358,1,0.9984164687252574,4,0.9984164687252574,4,1261
pab_Latn,17824,False,0.9948186528497409,10,0.995850622406639,8,0.9994788952579468,0,960
pad_Latn,24093,False,0.9812550937245313,23,0.9804560260586319,24,0.9804560260586319,24,602
pag_Latn,100000,False,0.9916535816175333,439,0.9916523707620749,483,0.9917435648372996,633,113547
pah_Latn,17258,False,0.9907053034445051,17,0.9912472647702407,16,0.9983471074380166,3,906
pam_Latn,34170,False,0.9394919168591225,175,0.9359742054352834,189,0.9359742054352834,189,2121
pan_Guru,100000,False,0.9999483832909338,0,0.9999631314658192,0,0.9999631314658192,0,67811
pan_Latn,4064,False,0.5483568075117371,461,0.5985552115583076,367,0.7047146401985112,210,312
pao_Latn,15679,False,0.9962774957698814,11,0.9962774957698814,11,0.9979633401221996,4,1472
pap_Latn,100000,False,0.992045539553225,351,0.9922319451465677,411,0.992183692129259,511,141127
pau_Latn,100000,False,0.9982056223831993,37,0.9976425274761762,57,0.9968152866242038,83,15037
pbb_Latn,17747,False,0.9959349593495934,13,0.9959349593495934,13,0.9988351776354106,3,1716
pbc_Latn,13500,False,0.9957347809228384,10,0.9957347809228384,10,0.9976671850699845,4,1285
pbi_Latn,13371,False,0.999623352165725,0,0.9988709070380127,2,0.9988709070380127,2,1328
pbt_Arab,80648,False,0.9463341760514825,797,0.9458031921001263,809,0.9458031921001263,809,8372
pcd_Latn,2213,False,0.06878698224852071,2512,0.11849901250822908,1330,0.4098765432098765,223,99
pck_Latn,37494,False,0.9414396631135675,222,0.9409443640668158,226,0.9409443640668158,226,3800
pcm_Latn,33265,False,0.6572419997429636,1901,0.6442041740005029,2069,0.6442041740005029,2069,3323
pdc_Latn,13498,False,0.9700272479564033,63,0.9696024941543258,62,0.9871897518014411,5,1260
pdt_Latn,100000,False,0.9682086023781801,808,0.9674736582443528,837,0.9655754421744787,896,13813
pem_Latn,8343,False,0.8398369248689574,272,0.837995337995338,273,0.9596167008898016,36,724
pfe_Latn,15290,False,0.9989969909729188,3,0.9986631016042781,4,0.9993311036789299,2,1494
pfl_Latn,8500,False,0.6204047914085089,901,0.6818388711879837,679,0.8905380333951762,128,769
phm_Latn,38316,False,0.6955765887579678,2960,0.6945033751205398,2976,0.6945033751205398,2976,3793
pib_Latn,25109,False,0.9823034522773426,55,0.9820185614849188,56,0.9820185614849188,56,1699
pio_Latn,17469,False,0.9966629588431591,6,0.9961089494163424,7,0.9988851727982163,2,896
pir_Latn,17355,False,0.9974424552429668,5,0.9974424552429668,5,0.9994874423372629,1,975
pis_Latn,100000,False,0.9924111091455864,400,0.9923696481559984,489,0.9918993328862377,562,56559
pjt_Latn,19780,False,1.0,0,1.0,0,1.0,0,1192
pkb_Latn,13429,False,0.9536967886482449,122,0.9544095665171899,120,0.9874312647289866,10,1279
plg_Latn,15999,False,0.9905073649754501,19,0.9901896664486594,21,0.9950674120355146,5,1523
pls_Latn,36929,False,0.9948927477017365,7,0.9947251999319381,9,0.9947251999319381,9,2945
plt_Latn,100000,False,0.9899186248165724,327,0.9898874478660801,346,0.9886508374047107,426,26174
plu_Latn,22814,False,0.991852639036486,21,0.991501416430595,22,0.991501416430595,22,1402
plw_Latn,18070,False,0.9916690606147659,26,0.9913842619184376,27,0.9913842619184376,27,1729
pma_Latn,31148,False,0.9861895794099185,44,0.9852618375666353,47,0.9852618375666353,47,1571
pmf_Latn,13325,False,0.9886939571150097,15,0.9894736842105263,14,0.9925460965084347,2,1282
pmq_Latn,315,False,0.3684210526315789,24,1.0,0,1.0,0,7
pms_Latn,26149,False,0.8688605920291054,752,0.8754377188594298,704,0.8754377188594298,704,2668
pmx_Latn,30033,False,0.9911592994161801,34,0.990828747707187,36,0.990828747707187,36,2990
pnb_Arab,100000,False,0.9582771008762758,781,0.9585193911870333,784,0.9588099822554461,957,26621
pne_Latn,17790,False,0.9956331877729258,5,0.9956331877729258,5,0.9978094194961665,0,915
pnt_Grek,846,False,0.019002375296912115,2065,0.028901734104046246,1344,0.29824561403508776,77,20
pny_Latn,11061,False,1.0,0,1.0,0,1.0,0,664
poe_Latn,34622,False,1.0,0,0.9998150545589051,1,0.9998150545589051,1,2703
poh_Latn,57259,False,0.9908097126825963,16,0.9908097126825963,16,0.9908097126825963,16,5200
poi_Latn,24578,False,0.997624703087886,4,0.997624703087886,4,0.997624703087886,4,840
pol_Latn,100000,False,0.9813931577200211,1805,0.9821486467050687,2038,0.98448725052738,2345,415506
pon_Latn,100000,False,0.9975710345874554,49,0.9977617319389472,58,0.9977383283846105,92,39570
por_Latn,100000,False,0.9794142640000957,4439,0.9800150810782274,4786,0.9803080223737644,5159,507199
pos_Latn,4298,False,0.9847094801223241,10,0.9953632148377125,3,0.9969040247678018,2,322
pot_Latn,3543,False,0.9367088607594937,35,0.981060606060606,10,0.9961538461538463,2,259
pov_Latn,23414,False,0.8790912591451675,605,0.8721374045801527,649,0.8721374045801527,649,2306
poy_Latn,11062,False,0.9688090737240075,62,0.9696969696969697,59,0.9823702252693439,10,1029
ppk_Latn,13248,False,0.9899879855826992,24,0.9911788291900561,21,0.9959709911361805,9,1237
ppo_Latn,23741,False,1.0,0,1.0,0,1.0,0,842
pps_Latn,11062,False,0.990467111534795,20,0.9909307875894987,18,0.9913875598086125,15,1039
prf_Latn,17733,False,0.9604221635883905,89,0.9616908850726553,86,0.9763075547608404,52,1093
prg_Latn,891,False,0.10204081632653061,352,0.5797101449275363,29,0.8695652173913044,6,20
pri_Latn,16474,False,0.9970501474926253,6,0.9970501474926253,6,0.9995775242923532,0,1184
prq_Latn,4298,False,0.9355281207133059,46,0.9605633802816901,27,0.9673758865248228,22,342
pse_Latn,13493,False,0.9835820895522387,40,0.9835820895522387,40,0.9935434865172806,3,1322
pss_Latn,6762,False,0.9951377633711508,6,0.9959382615759544,4,0.9975550122249389,1,614
ptp_Latn,24490,False,0.9959049959049959,3,0.9959049959049959,3,0.9959049959049959,3,610
ptu_Latn,17647,False,0.9891360579410244,20,0.989648033126294,19,0.9953149401353462,8,957
pua_Latn,6760,False,0.5960863020572001,799,0.6024340770791076,778,0.6266375545851528,658,600
pui_Latn,6760,False,0.9716251074806536,32,0.9800520381613183,22,0.9955869373345101,3,566
pwg_Latn,24474,False,0.9885057471264368,17,0.9885172241637544,18,0.9885172241637544,18,995
pwn_Latn,561,False,0.13978494623655913,158,0.3939393939393939,38,0.7647058823529413,6,15
pww_Thai,37451,False,0.9973161567364466,15,0.9973161567364466,15,0.9973161567364466,15,3721
pxm_Latn,30440,False,0.9945402926403145,18,0.9945402926403145,18,0.9945402926403145,18,2284
qub_Latn,86392,False,0.9578414839797639,111,0.9586474419966332,118,0.9586474419966332,118,6996
quc_Latn,100000,False,0.9621613626839549,847,0.9615659239197341,884,0.961247939374554,905,20204
quf_Latn,17558,False,0.9835261128636523,40,0.9838596491228071,38,0.9936079545454546,7,1410
qug_Latn,100000,False,0.9040728647533941,1378,0.9040502937235908,1386,0.9058976286475774,1445,14565
quh_Latn,50801,False,0.8501949988529479,618,0.8494155397662159,626,0.8494155397662159,626,4394
qul_Latn,28854,False,0.7166940789473684,999,0.7164609053497943,997,0.7164609053497943,997,2122
qup_Latn,23884,False,0.985553772070626,16,0.9847634322373697,17,0.9847634322373697,17,616
qus_Latn,5732,False,0.414898224339541,1350,0.4986985944820406,962,0.8552875695732839,137,480
quw_Latn,28537,False,0.9251480883144858,155,0.9246231155778895,157,0.9246231155778895,157,2839
quy_Latn,100000,False,0.9380128618145126,1316,0.938357994994776,1331,0.9387111256719207,1369,42363
quz_Latn,100000,False,0.9034064254475567,2680,0.9036687535916281,2696,0.9045297429472763,2736,33552
qva_Latn,10970,False,0.952657004830918,63,0.954920019389239,57,0.9553831231813773,56,1021
qvc_Latn,17482,False,0.9840776699029127,39,0.9844599844599844,38,0.9937205651491365,13,1269
qve_Latn,17832,False,0.4368600682593857,2451,0.4384,2432,0.4471904872930753,2346,984
qvh_Latn,22988,False,0.940928270042194,71,0.94018296973962,71,0.94018296973962,71,682
qvi_Latn,100000,False,0.9345628482666798,1014,0.9349299036637347,1022,0.9356969235679736,1082,20592
qvm_Latn,16650,False,0.9644218551461246,39,0.9643765903307887,38,0.9643765903307887,38,776
qvn_Latn,17810,False,0.9749872383869321,34,0.9754851889683351,33,0.9759836484414921,32,970
qvo_Latn,13361,False,0.9642445213379469,65,0.9657296881016557,61,0.9672386895475819,42,1282
qvs_Latn,17666,False,0.9886055344546935,15,0.9886055344546935,15,0.9896795219989136,13,917
qvw_Latn,23613,False,0.9878934624697335,13,0.9870967741935485,14,0.9870967741935485,14,614
qvz_Latn,17523,False,0.9719317556411667,46,0.972466960352423,45,0.9735391400220507,43,888
qwh_Latn,17649,False,0.9797979797979798,36,0.9792484576556365,37,0.992609437180216,13,873
qxh_Latn,17446,False,0.9724483406386976,73,0.9733458764502979,69,0.9742623979912115,66,1568
qxl_Latn,10958,False,0.9923150816522576,15,0.9937469937469937,12,0.9975833736104398,3,1034
qxn_Latn,17805,False,0.9673704414587332,29,0.9668746999519923,29,0.9673390970220942,28,1047
qxo_Latn,23074,False,0.93944099378882,49,0.93944099378882,49,0.93944099378882,49,634
qxr_Latn,12493,False,0.8450926290894757,324,0.8497820055489496,310,0.883779264214047,194,1141
rad_Latn,30721,False,0.997737556561086,9,0.9975763451284537,10,0.9975763451284537,10,3092
rai_Latn,24409,False,0.9897058823529412,13,0.9904341427520236,12,0.9904341427520236,12,674
ram_Latn,8103,False,0.9993098688750862,1,0.9993098688750862,1,1.0,0,724
rap_Latn,10989,False,0.9701149425287356,65,0.9745958429561201,55,0.9915413533834587,18,1055
rar_Latn,100000,False,0.9937670263959327,186,0.9942956624810163,194,0.9946754360527892,212,81259
rav_Deva,6754,False,0.9875886524822696,11,0.9884649511978706,10,0.9946428571428572,3,560
raw_Latn,6734,False,0.9930434782608696,8,0.994773519163763,6,0.9973799126637556,3,571
rcf_Latn,10707,False,0.8568943018703785,326,0.8873873873873873,247,0.9793866264454499,27,988
rej_Latn,9098,False,0.9543325526932085,69,0.9519906323185011,71,0.9797421731123388,7,824
rel_Latn,6750,False,0.9361702127659576,80,0.9451073985680191,68,0.9966329966329966,1,595
rgu_Latn,12785,False,0.9647979139504563,24,0.9660574412532636,23,0.9813829787234042,10,373
rhg_Latn,3252,False,0.6126373626373627,282,0.8087431693989071,104,0.9508928571428571,12,223
ria_Latn,11043,False,0.9942196531791907,11,0.9946987951807229,10,0.9990319457889641,1,1033
rim_Latn,17820,False,0.9722518676627534,46,0.9743315508021391,42,0.9886055344546935,15,917
rjs_Deva,6760,False,0.961926961926962,49,0.9626749611197513,48,0.9774193548387097,15,619
rkb_Latn,17397,False,0.9835507657402156,28,0.9829931972789115,29,0.993095512082854,7,868
rmc_Latn,39151,False,0.955294816575078,276,0.9520426287744227,299,0.9520426287744227,299,3241
rme_Latn,366,False,0.01948051948051948,906,0.339622641509434,35,0.8421052631578948,2,9
rml_Latn,1790,False,0.3980099502487562,241,0.6694560669456067,78,0.9285714285714286,9,81
rmn_Cyrl,64930,False,0.9147232857640097,1153,0.9156038748344832,1138,0.9156038748344832,1138,6642
rmn_Grek,79160,False,0.7897012578616353,4236,0.787341400088179,4297,0.787341400088179,4297,8080
rmn_Latn,100000,False,0.9594527280576496,1018,0.955627562491734,1144,0.9478585951334689,1393,14649
rmo_Latn,16689,False,0.9803688280785247,47,0.9815476190476191,44,0.990671080349082,10,1667
rmq_Latn,3913,False,0.7450980392156863,182,0.8664495114006515,82,0.9814814814814815,9,266
rmy_Cyrl,30085,False,0.9008846903583746,639,0.9013365370175702,632,0.9013365370175702,632,3026
rmy_Latn,70602,False,0.8970498783454987,552,0.8930703544169878,623,0.8930703544169878,623,6701
rnd_Latn,24508,False,0.9861972394478895,56,0.9862027594481103,57,0.9862027594481103,57,2478
rng_Latn,65043,False,0.8765852993317879,1617,0.8686254643701452,1754,0.8686254643701452,1754,6621
rnl_Latn,21989,False,0.9877172653534183,32,0.9888631090487239,27,0.9888631090487239,27,2152
roh_Latn,30545,False,0.9386446886446888,333,0.9354201489135391,359,0.9354201489135391,359,3144
ron_Cyrl,30637,False,0.9324234354194407,393,0.9313383208645055,400,0.9313383208645055,400,2814
ron_Latn,100000,False,0.9924935767183329,936,0.9927206704098105,1014,0.9926827307084081,1274,149054
roo_Latn,24068,False,0.9955385595920969,7,0.9955385595920969,7,0.9955385595920969,7,781
rop_Latn,54485,False,0.9841431185200243,23,0.9840430938103465,24,0.9840430938103465,24,4974
row_Latn,14225,False,0.9793438639125153,11,0.977025392986699,14,0.988957055214724,3,409
rro_Latn,24580,False,0.9895988112927191,12,0.9903345724907063,11,0.9903345724907063,11,668
rtm_Latn,8987,False,0.9799528301886793,34,0.9886972040452112,19,0.9963855421686747,2,831
rub_Latn,11018,False,0.9813176007866274,35,0.9798723613156602,38,0.9970000000000001,2,1001
rue_Cyrl,8501,False,0.15264348899403415,8213,0.17714558928998325,6858,0.5814332247557004,975,767
ruf_Latn,17822,False,0.9492412349555207,89,0.9492412349555207,89,0.9705724986623864,47,915
rug_Latn,30060,False,0.9909530822638334,37,0.9909568874868558,38,0.9909568874868558,38,2361
run_Latn,100000,False,0.8301016020514975,28716,0.8299217619884586,28845,0.8290821278545194,29193,121606
rup_Latn,5032,False,0.6991596638655463,356,0.7775700934579439,236,0.9549763033175356,23,418
rus_Cyrl,100000,False,0.9805060610553735,1450,0.9814357127886014,1491,0.9840877941857928,1625,827081
rwo_Latn,51384,False,0.998226321390564,5,0.998226321390564,5,0.998226321390564,5,1407
sab_Latn,16901,False,0.9969824984912493,4,0.9975845410628019,3,0.9969715324046032,1,827
sag_Latn,100000,False,0.9955164854533637,58,0.9959543585594214,80,0.9960498663116315,116,91126
sah_Cyrl,100000,False,0.981924988703118,182,0.9818411780648658,187,0.9796433075121601,245,11083
saj_Latn,6675,False,0.9854077253218885,17,0.9888027562446167,13,0.9982608695652174,2,574
san_Deva,100000,False,0.9343234773129854,1371,0.9343637230203581,1380,0.9263164965072542,1714,14271
san_Latn,36337,False,0.9870625085115076,76,0.9854520734194426,88,0.9854520734194426,88,3643
sas_Latn,13444,False,0.9912514263978699,22,0.9923780487804877,18,0.9965424510180559,2,1304
sat_Latn,10932,False,0.992607195662888,14,0.994567901234568,10,0.998017839444995,3,1008
sat_Olck,16858,False,0.9918414918414918,28,0.9918414918414918,28,0.9967789165446559,11,1702
say_Latn,693,False,0.21052631578947367,105,0.8235294117647058,6,0.8750000000000001,4,14
sba_Latn,37535,False,0.9989038092628116,1,0.9986305121884415,4,0.9986305121884415,4,3652
sbd_Latn,13463,False,0.995066413662239,12,0.9954441913439636,11,0.9958190801976435,9,1312
sbe_Latn,14275,False,0.9830747531734838,23,0.9837685250529287,22,0.9914529914529915,10,698
sbl_Latn,17703,False,0.9819089207735496,58,0.9828285981891977,55,0.9962001266624446,11,1574
sbs_Latn,271,False,0.0002820476660555634,7082,0.002642007926023778,748,0.002642007926023778,748,8
sby_Latn,172,False,0.0,80,0.0,0,0.0,0,4
sck_Deva,6800,False,0.8790199081163859,150,0.8822170900692842,144,0.9500831946755408,49,582
scn_Latn,62189,False,0.9038338365815719,735,0.8984403336960464,819,0.8984403336960464,819,5255
sco_Latn,87458,False,0.4174289504922841,24939,0.4004461795872839,26793,0.8258960876067345,3112,9057
sda_Latn,18554,False,0.9686013320647002,59,0.969062351261304,58,0.969062351261304,58,1025
sdc_Latn,692,False,0.16923076923076924,215,0.5499999999999999,35,0.7777777777777777,10,23
sdh_Arab,100000,False,0.8031841442612297,1941,0.8030862944162437,1944,0.8020440442876262,1976,12793
sdo_Latn,643,False,0.2764227642276422,89,0.9189189189189189,3,0.9375,0,17
sdq_Latn,12828,False,0.9788445890968267,49,0.9772542648253452,53,0.991304347826087,12,1206
seh_Latn,100000,False,0.9581843391957965,1198,0.9584434039607208,1231,0.9600579920260965,1338,27354
sel_Cyrl,111,False,0.15384615384615385,44,0.888888888888889,1,0.888888888888889,1,4
ses_Latn,22094,False,0.9913763366678164,20,0.9903514817367334,23,0.9903514817367334,23,1442
sey_Latn,17722,False,0.9997143673236218,1,0.9997143673236218,1,1.0,0,1750
sfw_Latn,8107,False,0.6006084311169058,916,0.6333180357962368,795,0.8694533762057878,185,694
sgb_Latn,17786,False,0.9742729306487696,44,0.9742729306487696,44,0.9914432401597262,11,873
sgc_Latn,11896,False,0.8807339449541285,73,0.9056603773584906,55,0.9519071310116086,23,293
sgh_Cyrl,614,False,0.3673469387755102,29,0.8181818181818182,2,0.8421052631578948,0,11
sgs_Latn,8518,False,0.4390811282349521,1922,0.468362282878412,1707,0.9125852448853069,115,762
sgw_Ethi,13446,True,0.46530951391773995,1251,0.46027171675586664,1274,0.5856236786469344,742,596
sgz_Latn,28351,False,0.9864406779661017,16,0.9864406779661017,16,0.9864406779661017,16,582
shi_Latn,8865,False,0.9298360655737706,17,0.9315789473684212,13,0.9249329758713137,3,799
shk_Latn,6733,False,1.0,0,1.0,0,1.0,0,567
shn_Mymr,32679,False,0.999390801096558,4,0.9990864799025578,6,0.9990864799025578,6,3281
shp_Latn,71688,False,0.9853615259500221,73,0.9849290780141844,77,0.9849290780141844,77,3358
shr_Latn,12550,False,0.8530841121495327,350,0.8401759530791789,398,0.8894099257522469,237,1184
shu_Arab,4298,False,0.3110492107706592,1484,0.33872598584428715,1308,0.5796847635726796,476,335
sid_Latn,100000,False,0.99470715835141,105,0.9929864057494154,149,0.9912697726683377,189,11481
sig_Latn,17703,False,0.9985908877407234,3,0.9985908877407234,3,0.9990592662276576,1,1063
sil_Latn,13450,False,0.9988146977479258,2,0.9984189723320158,2,0.9988137603795967,1,1265
sim_Latn,24094,False,0.9899536321483771,23,0.9891891891891891,25,0.9891891891891891,25,1284
sin_Sinh,100000,False,0.9999600694791063,4,0.9999600694791063,4,0.9999600694791063,4,50085
sja_Latn,22053,False,0.9991608391608392,3,0.9991608391608392,3,0.9991608391608392,3,1786
sjo_Mong,688,True,1.0,0,1.0,0,1.0,0,19
sju_Latn,102,False,0.01801801801801802,108,0.6666666666666666,0,0.6666666666666666,0,2
skg_Latn,44788,False,0.9694937256598875,200,0.9669831678895122,224,0.9669831678895122,224,4563
skr_Arab,2026,False,0.47761194029850745,165,0.5633802816901409,114,0.6666666666666667,60,90
sld_Latn,13475,False,0.9988304093567251,2,0.9984411535463756,3,0.998829496683574,1,1282
slk_Latn,100000,False,0.9745491171399049,2188,0.9747641720587638,2507,0.9749057787923426,2831,312407
sll_Latn,24338,False,0.9879518072289156,15,0.9879324215607401,14,0.9879324215607401,14,615
slv_Latn,100000,False,0.9685361168537806,5491,0.968836685891124,5805,0.9693971380799894,6337,360722
sma_Latn,11624,False,0.9274633123689727,170,0.9317032040472175,158,0.9762651141961487,34,1109
sme_Latn,100000,False,0.9778462519258353,429,0.9760864383888139,521,0.9701226543662858,837,18811
smj_Latn,7981,False,0.8462414578587699,267,0.8654630168899243,228,0.9323703217334208,67,746
smk_Latn,17697,False,0.9373297002724795,137,0.9377555656519763,136,0.9837786259541985,32,1033
sml_Latn,13435,False,0.9908814589665653,24,0.990505127231295,25,0.9980835569183595,3,1304
smn_Latn,12132,False,0.9290894439967768,173,0.9320937752627323,165,0.979014989293362,36,1156
smo_Latn,100000,False,0.9953997929564044,84,0.9956239098326669,95,0.99606105029525,103,146450
sms_Latn,5951,False,0.9318394024276379,72,0.9541108986615677,47,0.9851632047477745,13,500
smt_Latn,17824,False,0.967670011148272,102,0.9690203739882779,97,0.9690203739882779,97,1750
sna_Latn,100000,False,0.9746040328223395,811,0.9747973509933775,875,0.9748765003944575,980,192632
snc_Latn,24563,False,0.9931454683929931,5,0.9931454683929931,5,0.9931454683929931,5,656
snd_Arab,100000,False,0.9706970772600255,733,0.9701109517699449,749,0.9661730436743592,857,12896
snd_Deva,2147,False,0.37777777777777777,330,0.4316239316239316,259,0.8178137651821863,38,108
snd_Latn,4155,False,0.43714285714285717,777,0.547085201793722,493,0.7403726708074535,190,317
snf_Latn,11027,False,0.9945300845350571,9,0.9935419771485345,11,0.996512207274539,5,1002
snn_Latn,17690,False,0.9961046188091263,7,0.9961046188091263,7,1.0,0,895
snp_Latn,48512,False,0.9897260273972603,30,0.9893871961656967,31,0.9893871961656967,31,1445
snw_Latn,17742,False,0.9952755905511811,9,0.994883903974813,10,0.9968454258675079,5,1267
sny_Latn,24185,False,0.9903307888040712,18,0.9903307888040712,18,0.9903307888040712,18,974
soe_Latn,945,False,0.421875,73,0.9152542372881356,4,0.9454545454545454,1,28
som_Latn,100000,False,0.9908532577052382,146,0.9909368960276209,169,0.9899481496733616,261,26719
sop_Latn,100000,False,0.9689985992546978,738,0.9675042757531904,853,0.9642164824225913,1003,18767
soq_Latn,28667,False,0.9928300295234078,15,0.991575400168492,18,0.991575400168492,18,1179
sot_Latn,73326,False,0.9331643965790307,913,0.9328183372380169,920,0.9328183372380169,920,7507
soy_Latn,17800,False,0.999702646446625,1,0.999702646446625,1,0.999702646446625,1,1681
spa_Latn,100000,False,0.9705019702493138,3297,0.9721699250993819,3391,0.9746546261436336,3596,324716
spl_Latn,21813,False,0.9947643979057591,6,0.9947643979057591,6,0.9947643979057591,6,570
spm_Latn,2755,False,0.9968454258675079,1,1.0,0,1.0,0,158
spp_Latn,17708,False,0.9957761351636748,6,0.9957761351636748,6,0.9984118581259925,1,945
sps_Latn,24920,False,0.9904632152588556,14,0.9891156462585033,16,0.9891156462585033,16,727
spy_Latn,19910,False,0.9984536082474227,6,0.9987110079917505,5,0.9987110079917505,5,1937
srd_Latn,48717,False,0.7033220991815119,2311,0.6776844243375496,2739,0.6776844243375496,2739,4422
sri_Latn,17537,False,0.9969293756397134,3,0.9964194373401535,4,0.9969293756397134,3,977
srm_Latn,65066,False,0.9956878329246639,17,0.9953519817459646,22,0.9953519817459646,22,5922
srn_Latn,100000,False,0.995483431796839,114,0.9956434266411665,121,0.9955550699517763,154,100970
srp_Cyrl,100000,False,0.9873853069135446,2066,0.9874090931578686,2094,0.9869404598638447,2280,120711
srp_Latn,79008,False,0.35342573866719285,25282,0.3529962316199108,25336,0.3988602331869857,19435,8099
srq_Latn,10959,False,0.9969909729187563,6,0.9969909729187563,6,0.9984917043740572,2,994
srr_Latn,2867,False,0.7540983606557378,119,0.9408740359897172,21,0.9753424657534248,2,185
ssd_Latn,29416,False,0.9955516014234875,7,0.9951089373054691,8,0.9951089373054691,8,1122
ssg_Latn,24525,False,0.9835651074589129,23,0.9841872232764074,22,0.9841872232764074,22,781
ssw_Latn,100000,False,0.9549044519247142,1322,0.9547971566586813,1347,0.9539024709112304,1434,38574
ssx_Latn,22160,False,0.9994858611825194,1,0.9994858611825194,1,0.9994858611825194,1,972
stn_Latn,13415,False,0.9924812030075187,17,0.9932673267326732,15,0.9960159362549801,4,1256
stp_Latn,17750,False,0.9994343891402715,2,0.9994343891402715,2,1.0,0,1767
stq_Latn,8966,False,0.9594438006952491,66,0.9763872491145218,35,0.9891172914147521,4,832
sua_Latn,23474,False,0.9891135303265942,13,0.9875776397515528,15,0.9875776397515528,15,637
suc_Latn,11025,False,0.9950199203187251,10,0.9975037443834248,5,0.998998998998999,1,999
sue_Latn,24412,False,0.9866666666666666,16,0.9858934169278996,17,0.9858934169278996,17,630
suk_Latn,22242,False,0.9665864742047582,106,0.9668449197860962,105,0.9668449197860962,105,1827
sun_Latn,100000,False,0.9545794760685443,616,0.9521159874608149,718,0.9376749894526906,1196,12653
sur_Latn,13529,False,0.9980835569183595,4,0.9984662576687116,3,0.9988483685220729,1,1303
sus_Arab,30707,False,0.9992012779552715,3,0.9990017967658216,4,0.9990017967658216,4,2503
sus_Latn,21057,False,0.9856115107913669,12,0.9844062375049981,13,0.9844062375049981,13,1257
suz_Deva,57138,False,0.9916337225337869,44,0.9915425629711344,45,0.9915425629711344,45,5440
swb_Latn,1096,False,0.23333333333333334,184,0.8484848484848484,10,0.962962962962963,0,28
swc_Latn,100000,False,0.8763729785411986,5337,0.8767897653315483,5373,0.8766015335147167,5489,39930
swe_Latn,100000,False,0.9756731718767145,3622,0.9760749219562955,3868,0.9763884463531204,4318,365129
swg_Latn,8406,False,0.8053435114503817,208,0.8197787898503578,176,0.8689558514365803,76,731
swh_Latn,100000,False,0.898019689742673,6174,0.8974624591947769,6314,0.8963749859311014,6723,57013
swk_Latn,6577,False,0.5758793969849245,843,0.6079575596816976,738,0.876475216365067,140,574
swp_Latn,25881,False,0.9835831548893648,42,0.9842857142857144,40,0.9842857142857144,40,1382
sxb_Latn,17789,False,0.9795769511305616,53,0.9799343305363006,52,0.9878631849944832,30,1346
sxn_Latn,49827,False,0.9936293436293436,35,0.9933442654577023,40,0.9933442654577023,40,5178
syb_Latn,10836,False,0.9937046004842615,13,0.9941804073714839,11,0.9975669099756691,4,1026
syc_Syrc,7103,True,0.9902597402597403,12,0.9894566098945661,13,0.9894566098945661,13,610
syl_Beng,4163,False,0.5801668211306765,453,0.6101364522417154,400,0.9602543720190779,14,313
syl_Latn,8549,False,0.8152610441767069,368,0.8507071765322158,285,0.9830097087378641,26,812
syl_Sylo,3570,False,1.0,0,1.0,0,1.0,0,176
szb_Latn,6749,False,0.9940928270042194,7,0.9966159052453468,4,0.99830220713073,1,589
szl_Latn,55404,False,0.6893643125527184,3922,0.6703411291523909,4302,0.6703411291523909,4302,4624
szy_Latn,2536,False,0.8127490039840638,46,0.864406779661017,31,0.9760765550239234,4,103
tab_Cyrl,17650,False,0.9730407523510972,85,0.9727358194923221,86,0.9910600255427843,27,1553
tac_Latn,20618,False,0.9860583016476554,26,0.986046511627907,25,0.986046511627907,25,1174
tah_Latn,100000,False,0.996025112735189,61,0.9969609585117436,62,0.9972727449191529,71,103244
taj_Deva,17753,False,0.980435997764114,34,0.9815332960268607,32,0.9920814479638009,13,878
tam_Latn,4081,False,0.7130852340936374,219,0.7636363636363637,159,0.8700906344410876,57,317
tam_Taml,100000,False,0.9999440467374311,0,0.9999539212975762,0,0.9999539212975762,0,151921
tap_Latn,6921,False,0.819112627986348,251,0.851457000710732,194,0.9669421487603306,11,614
taq_Latn,27347,False,0.9088461538461539,82,0.9073189375119436,104,0.9073189375119436,104,2755
taq_Tfng,4245,False,0.9969418960244648,2,0.9969418960244648,2,0.9984686064318529,1,326
tar_Latn,46732,False,0.9768409374566633,46,0.9759136212624585,56,0.9759136212624585,56,3643
tat_Cyrl,100000,False,0.971454942787724,1057,0.9715712482868115,1063,0.9703141928494041,1185,36831
tat_Latn,885,False,0.08607594936708862,359,0.23943661971830985,106,0.6153846153846154,17,19
tav_Latn,17136,False,0.987152034261242,24,0.987152034261242,24,0.987680771290841,23,922
taw_Latn,17319,False,0.9420889348500517,111,0.944041450777202,107,0.9445308449974079,106,912
tay_Latn,743,False,0.38983050847457623,72,0.6133333333333333,29,0.9583333333333334,2,23
tbc_Latn,24280,False,0.991869918699187,10,0.9911373707533235,11,0.9911373707533235,11,672
tbg_Latn,44840,False,0.9947970863683663,16,0.9942797711908476,19,0.9942797711908476,19,2882
tbk_Latn,10680,False,0.9880439980870397,24,0.9880439980870397,24,0.9985500241662639,2,1034
tbl_Latn,11846,False,0.9968567579703638,7,0.9982014388489209,4,0.9990990990990991,1,1110
tbo_Latn,24484,False,0.9813664596273292,30,0.9819209039548022,29,0.9819209039548022,29,872
tbw_Latn,4287,False,0.974739970282318,17,0.9864661654135338,9,0.998473282442748,0,328
tby_Latn,13422,False,0.9922299922299922,20,0.9930015552099534,18,0.9984338292873923,2,1277
tbz_Latn,52480,False,0.9997239348486243,0,0.9997239348486243,0,0.9997239348486243,0,5435
tca_Latn,17326,False,0.9987046632124352,3,0.9987046632124352,3,0.9987046632124352,3,1543
tcc_Latn,17823,False,0.9934411893310012,15,0.993006993006993,16,0.9973661106233538,6,1136
tcf_Latn,100000,False,0.9979005020538566,25,0.9978096194213745,28,0.9969455208570777,48,10953
tcs_Latn,22712,False,0.9830273640457222,30,0.981994459833795,32,0.981994459833795,32,1438
tcy_Knda,8457,False,0.6334488734835355,817,0.6520572450805009,747,0.7691472026072786,373,760
tcz_Latn,68634,False,0.9867116642058638,152,0.9861589264385583,161,0.9861589264385583,161,7054
tdx_Latn,55963,False,0.9856326813224857,124,0.9837566960428548,145,0.9837566960428548,145,5736
ted_Latn,17646,False,0.9935332157554381,8,0.9935332157554381,8,0.9941176470588236,7,848
tee_Latn,17807,False,0.9976851851851852,8,0.9976851851851852,8,0.9994202898550725,2,1724
tel_Latn,4040,False,0.50682261208577,476,0.5910652920962199,325,0.7533234859675036,132,290
tel_Telu,100000,False,0.9990177853901664,0,0.9990584262731538,1,0.999732431709275,27,61656
tem_Latn,13526,False,0.9984603541185527,3,0.9980761831473643,4,0.9969135802469136,2,1298
teo_Latn,41825,False,0.9893793985924504,60,0.9884998722208024,69,0.9884998722208024,69,3889
ter_Latn,17895,False,0.9911751045053414,19,0.9902552204176334,21,0.996265172735761,8,1067
tet_Latn,100000,False,0.9934958784042294,116,0.9942434877283204,126,0.9940403865069722,174,43291
tew_Latn,10834,False,0.9990662931839402,1,0.9981343283582089,2,0.9990662931839402,1,535
tfr_Latn,17084,False,0.9960377933556842,9,0.9963414634146341,8,0.9987775061124694,0,1638
tgk_Cyrl,100000,False,0.9898425923937553,296,0.9898673307286077,303,0.9881319622964868,393,23224
tgo_Latn,24717,False,0.9946768060836502,6,0.9931662870159453,8,0.9931662870159453,8,655
tgp_Latn,17765,False,0.9896587383660808,18,0.9896587383660808,18,0.9958333333333333,5,959
tha_Thai,100000,False,0.9906985086865168,1,0.9907761683520088,2,0.9961008843092448,12,118166
thk_Latn,13482,False,0.9936858721389108,15,0.9929022082018927,17,0.9968228752978555,3,1260
thl_Deva,6915,False,0.8782287822878229,163,0.8804751299183371,157,0.948318293683347,44,597
thv_Latn,372,False,0.047058823529411764,151,0.4210526315789474,0,0.4210526315789474,0,15
tif_Latn,23726,False,0.9809885931558936,24,0.9802431610942249,25,0.9802431610942249,25,646
tig_Ethi,3064,True,0.052249637155297526,457,0.08219178082191782,206,0.08219178082191782,206,214
tih_Latn,40349,False,0.9890800299177261,59,0.9880454273759713,66,0.9880454273759713,66,3320
tik_Latn,13464,False,1.0,0,1.0,0,1.0,0,1316
tim_Latn,30702,False,0.995640802092415,4,0.9947735191637631,5,0.9947735191637631,5,572
tir_Ethi,100000,False,0.9703660589674745,1601,0.9712842379038057,1612,0.9719112698303688,1677,80658
tiv_Latn,100000,False,0.9980777548176271,47,0.9981747003866753,62,0.9976718509984638,110,41651
tiy_Latn,17716,False,0.9956989247311828,8,0.9967707212055974,6,0.9983810037776578,2,926
tke_Latn,14338,False,0.8993112495900295,284,0.9015475798485347,274,0.924119241192412,194,1394
tkl_Latn,505,False,0.06763285024154589,189,0.4999999999999999,7,0.5555555555555556,2,11
tkr_Cyrl,777,False,0.8085106382978724,9,0.8837209302325582,5,0.9500000000000001,2,19
tku_Latn,17821,False,0.986680873734683,17,0.984582668793195,21,0.9856306546035125,19,934
tlb_Latn,13436,False,0.9846743295019157,39,0.9858074415036441,36,0.9965075669383003,7,1286
tlf_Latn,23775,False,0.9911218724778047,11,0.9887278582930756,14,0.9887278582930756,14,614
tlh_Latn,42807,False,0.9865994731416791,96,0.9856963039249342,104,0.9856963039249342,104,4328
tlj_Latn,17791,False,0.990343347639485,18,0.9892818863879956,20,0.9962223421478683,7,923
tll_Latn,100000,False,0.9934561719091837,63,0.9939266730800997,71,0.9937371952344424,121,51696
tly_Latn,3892,False,0.1261941790713175,3931,0.1398670278256587,3491,0.813314037626628,124,286
tmc_Latn,6765,False,0.9950900163666121,6,0.9926530612244897,9,0.9959049959049959,5,608
tmd_Latn,17323,False,0.9989304812834224,1,0.998398291510945,3,1.0,0,935
tna_Latn,23936,False,0.9826771653543307,22,0.9826771653543307,22,0.9826771653543307,22,624
tnc_Latn,5146,False,0.9927007299270074,6,0.9963369963369962,3,0.9975550122249389,2,408
tnk_Latn,17717,False,0.9983212087297144,1,0.9983212087297144,1,0.9983212087297144,1,894
tnn_Latn,17665,False,0.9946865037194474,5,0.9941582580987787,6,0.9952153110047847,4,941
tnp_Latn,10970,False,0.9980879541108987,4,0.9966555183946488,6,0.9980861244019139,3,1044
tnr_Latn,6516,False,0.9963963963963963,4,0.9972948602344455,3,1.0,0,553
tob_Latn,42001,False,0.9933539045810587,21,0.993476455936425,23,0.993476455936425,23,4220
toc_Latn,17742,False,0.9991132131244458,1,0.9991132131244458,1,0.9991126885536824,0,1692
tod_Latn,19051,False,0.9959338574139333,9,0.9959338574139333,9,0.9959338574139333,9,1843
tog_Latn,100000,False,0.9589802898693374,945,0.9587243870080093,983,0.9573831592369182,1052,20208
toh_Latn,89915,False,0.9831785619527726,275,0.9755276038103258,427,0.9755276038103258,427,9306
toi_Latn,100000,False,0.9853545577229789,417,0.9854928077126457,444,0.9867298578199052,532,65746
toj_Latn,100000,False,0.9943122916141324,107,0.9933949062412538,143,0.9923130677847659,185,17840
tok_Latn,48852,False,0.9978997899789979,4,0.997999599919984,3,0.997999599919984,3,5006
ton_Latn,100000,False,0.9980599936960893,76,0.9981846024101734,81,0.9981405958081307,109,112771
too_Latn,17821,False,0.9875876956287102,14,0.9870410367170628,14,0.9875742841707186,13,924
top_Latn,100000,False,0.9845714795326852,31,0.9857041061726196,34,0.9915728473159187,55,22741
tos_Latn,17720,False,0.8650137741046833,538,0.8647971957936905,539,0.9279569892473118,266,1728
tpa_Latn,1672,False,0.4819277108433735,43,0.625,24,0.6779661016949152,19,20
tpi_Latn,100000,False,0.9950105986042072,69,0.9951570173671898,71,0.9952880602979581,81,162078
tpm_Latn,56620,False,0.9933297277807824,29,0.9931506849315069,31,0.9931506849315069,31,5555
tpn_Latn,493,False,0.14666666666666667,126,0.37735849056603776,30,0.4255319148936171,24,13
tpp_Latn,17827,False,0.9961489088575096,11,0.9961489088575096,11,0.9990344383649822,2,1553
tpt_Latn,17825,False,0.997076023391813,9,0.9976594499707431,7,0.9985358711566618,4,1706
tpw_Latn,360,False,0.06486486486486487,168,0.6666666666666665,1,0.6666666666666665,1,11
tpz_Latn,24321,False,0.9994065281899109,1,0.9997033521210322,1,0.9997033521210322,1,1685
tqo_Latn,6765,False,0.9679595278246206,35,0.9761904761904762,25,0.9896193771626297,7,577
trc_Latn,10997,False,0.9995222169135212,1,0.9995222169135212,1,1.0,0,1046
trn_Latn,6686,False,0.9872988992379339,15,0.9906542056074767,11,0.9982876712328768,2,583
tro_Latn,11062,False,0.9829414476717381,34,0.9852125693160814,29,0.9929742388758782,6,1069
trp_Latn,30617,False,0.9927617822100692,24,0.9919639987142398,29,0.9919639987142398,29,3107
trq_Latn,6754,False,0.9983471074380166,2,0.9991728701406121,1,1.0,0,604
trs_Latn,6763,False,0.9991546914623838,1,0.9991546914623838,1,0.9991546914623838,1,591
trv_Latn,5293,False,0.5984583041345479,573,0.61,546,0.9617117117117117,34,427
tsc_Latn,100000,False,0.9716232419161449,949,0.9673012148506982,1219,0.9625028235825616,1490,26068
tsg_Latn,10993,False,0.9930761622156281,14,0.9935675408213755,13,0.9985067197610752,2,1004
tsn_Latn,100000,False,0.9687041437791369,2477,0.9689661885910831,2496,0.9691199076386231,2529,76940
tso_Latn,100000,False,0.9759600007832745,634,0.975980267407944,656,0.9760285805555737,725,77809
tsw_Latn,17700,False,0.9969969969969971,4,0.9974962443665498,3,0.9974962443665498,3,998
tsz_Latn,100000,False,0.963906944919603,46,0.9633266447508858,73,0.9658883851010637,134,12068
ttc_Latn,17827,False,0.9824561403508772,32,0.9819341126461212,33,0.9930145083288555,12,925
tte_Latn,30509,False,0.9711375212224108,33,0.9694915254237287,35,0.9694915254237287,35,573
ttj_Latn,89198,False,0.9066224811588006,995,0.9057407604643732,1041,0.9057407604643732,1041,9233
ttq_Latn,6630,False,0.7563352826510722,373,0.7632786885245901,359,0.784366576819407,318,584
ttq_Tfng,4277,True,1.0,0,1.0,0,1.0,0,326
tuc_Latn,42199,False,0.996191282268303,20,0.9960507757404796,21,0.9960507757404796,21,3538
tue_Latn,17632,False,0.9991095280498665,2,0.9991095280498665,2,0.9991095280498665,2,1684
tuf_Latn,17688,False,0.9923076923076923,14,0.9923076923076923,14,0.9972360420121614,4,903
tui_Latn,30782,False,0.995882166613874,16,0.9954077593032463,18,0.9954077593032463,18,3154
tuk_Arab,4783,False,0.887627695800227,99,0.900921658986175,86,0.9750623441396508,20,391
tuk_Cyrl,100000,False,0.9873865757127229,282,0.9873865757127229,282,0.9857390634033534,336,15453
tuk_Latn,100000,False,0.9944245749840771,332,0.9941920255433346,367,0.9933764467620901,464,50980
tul_Latn,4299,False,0.9742857142857143,18,0.9827089337175793,12,0.9927007299270073,4,341
tum_Latn,100000,False,0.9817363022266701,544,0.9818800805947335,553,0.9818901465176029,593,72716
tuo_Latn,28238,False,0.9984361424847958,8,0.9982626824183459,9,0.9982626824183459,9,2874
tur_Latn,100000,False,0.987569656278022,726,0.9879640397625572,832,0.9913261679062172,1068,249361
tuv_Latn,532,False,0.07346938775510205,225,0.6153846153846153,7,0.7368421052631579,1,11
tvk_Latn,22714,False,0.9913090711569797,31,0.9905020352781547,34,0.9905020352781547,34,1826
tvl_Latn,100000,False,0.9923355568317356,341,0.9926593149429855,348,0.9927586548953479,413,45280
twb_Latn,6753,False,0.9528706083976007,42,0.9610389610389609,31,0.968586387434555,22,569
twi_Latn,100000,False,0.9887274232303607,90,0.988966151370611,97,0.9902344982700947,156,175833
twu_Latn,13437,False,0.9755363191569439,56,0.9748025573523881,58,0.9866768176627332,26,1305
twx_Latn,26573,False,0.6191007060572278,2940,0.6118945432250154,3026,0.6118945432250154,3026,2634
txq_Latn,18350,False,0.9781696053736356,38,0.9773489932885905,40,0.9773489932885905,40,1179
txu_Latn,17214,False,0.9978494623655914,7,0.9975429975429976,8,0.999692212988612,1,1624
tyv_Cyrl,100000,False,0.9811519506414356,256,0.9809674264650567,261,0.9783978397839784,335,13285
tzh_Latn,100000,False,0.9908725986810666,279,0.9900040556337524,330,0.9891125670041692,378,20838
tzj_Latn,56692,False,0.9508196721311476,38,0.9511778764083305,38,0.9511778764083305,38,1498
tzl_Latn,190,False,0.03174603174603175,121,0.6666666666666666,1,0.6666666666666666,1,3
tzm_Tfng,1590,False,0.7154471544715447,27,0.7154471544715447,27,0.7154471544715447,27,52
tzo_Latn,100000,False,0.9963569593796088,47,0.9965239806280269,53,0.9965441162114141,61,51333
ubr_Latn,27048,False,0.981359649122807,32,0.981359649122807,32,0.981359649122807,32,897
ubu_Latn,58489,False,0.9982492997198881,9,0.9982492997198881,9,0.9982492997198881,9,2852
udm_Cyrl,100000,False,0.9682503426222019,633,0.9673078385159279,665,0.9609811320754718,849,12918
udu_Latn,17827,False,0.997330485851575,5,0.9967982924226254,6,0.9989304812834224,2,934
uig_Arab,100000,False,0.9986985460900607,24,0.9986985460900607,24,0.9981789125506375,38,13440
uig_Cyrl,39412,False,0.9859015582488251,103,0.9857796463459872,104,0.9857796463459872,104,3997
uig_Latn,59496,False,0.9887769312689442,120,0.9879695556101155,131,0.9879695556101155,131,6052
ukr_Cyrl,100000,False,0.9843201042460823,4075,0.9849449533612238,4146,0.9860078154544308,4826,220406
umb_Latn,100000,False,0.990968214391575,233,0.9914716054114797,248,0.9913880931026375,277,57638
upv_Latn,17741,False,0.9823284823284824,33,0.9823284823284824,33,0.9921259842519685,14,946
ura_Latn,17359,False,0.9965277777777778,6,0.9959514170040485,7,0.9976825028968713,4,861
urb_Latn,17434,False,0.9910213243546577,8,0.9910213243546577,8,0.9938028169014085,2,891
urd_Arab,100000,False,0.9809672246616812,1065,0.98124260266379,1067,0.9819019414281015,1136,66932
urd_Latn,38376,False,0.9529285905322279,26,0.9526097984247764,34,0.9526097984247764,34,3889
urh_Latn,100000,False,0.9852632936699881,338,0.9852334279081765,341,0.9848543439030678,355,15396
uri_Latn,4227,False,0.978328173374613,14,0.9905956112852665,6,0.9968454258675079,2,316
urk_Thai,13466,False,0.9973574933937335,7,0.9973574933937335,7,0.9996216420734014,1,1321
urt_Latn,17543,False,0.9973016729627631,3,0.9973016729627631,3,0.9978401727861771,2,926
urw_Latn,1006,False,0.5714285714285715,36,0.8,12,0.923076923076923,4,24
ury_Latn,6598,False,0.9748917748917749,28,0.9774305555555556,25,0.99822695035461,1,564
usa_Latn,24754,False,0.9939759036144578,8,0.9932279909706546,9,0.9932279909706546,9,660
usp_Latn,17825,False,0.9972451790633609,4,0.9972451790633609,4,0.9977949283351709,3,906
uth_Latn,4272,False,0.9910979228486646,6,0.9955290611028316,3,0.9985052316890882,1,334
uvh_Latn,17225,False,0.9945414847161572,10,0.9945414847161572,10,0.9994514536478333,1,911
uvl_Latn,24441,False,0.9871504157218444,17,0.9864048338368581,18,0.9864048338368581,18,653
uzn_Cyrl,37596,False,0.9886931369971076,72,0.9883033250098567,75,0.9883033250098567,75,3774
uzn_Latn,100000,False,0.9890390508368035,269,0.9898557170327155,316,0.9906973554890175,424,154129
uzs_Arab,100000,False,0.9879285669840084,316,0.9878363664644579,319,0.9875606418708796,329,15949
vag_Latn,17828,False,0.9935597189695551,17,0.9935597189695551,17,0.9953051643192488,10,1702
vap_Latn,30667,False,0.9730079198319056,121,0.9736544367221595,119,0.9736544367221595,119,3056
var_Latn,11058,False,0.992081974848626,17,0.9916201117318435,18,0.9957924263674615,9,1065
vec_Latn,100000,False,0.8970951529091065,1655,0.8902926931985682,1883,0.8753359520363861,2308,11292
ven_Latn,100000,False,0.996992470611437,67,0.9971763148444156,72,0.9971064285161118,90,71135
vep_Latn,9947,False,0.3579841668275729,3312,0.4065717415115006,2697,0.7879049676025919,463,940
vid_Latn,17829,False,0.9210663878724517,144,0.9234800838574423,139,0.9514038876889849,83,888
vie_Latn,100000,False,0.9977906006206991,116,0.9980109526761727,142,0.9979960540858804,203,193803
viv_Latn,23382,False,0.9900900900900901,17,0.9878651685393258,22,0.9878651685393258,22,1104
vls_Latn,25500,False,0.592362025619538,3315,0.5836869401225837,3444,0.5836869401225837,3444,2564
vmk_Latn,1646,False,0.29850746268656714,174,0.5517241379310345,51,0.6280991735537191,29,54
vmw_Latn,100000,False,0.97537147102526,435,0.9761644191352414,450,0.9752041628858725,522,27148
vmy_Latn,17829,False,0.9940661203729867,20,0.9937853107344633,21,0.998014184397163,6,1760
vol_Latn,88791,False,0.5546202650920283,13795,0.5443794271635356,14418,0.5443794271635356,14418,9214
vot_Latn,119,False,0.04347826086956522,42,0.5,0,0.5,0,3
vro_Latn,51151,False,0.6986578690860014,3949,0.6906666666666667,4109,0.6906666666666667,4109,4729
vun_Latn,17824,False,0.9827027027027027,20,0.9837837837837837,19,0.9843158464034613,18,921
vut_Latn,17776,False,0.9979550102249488,5,0.9979550102249488,5,0.9979550102249488,5,1220
waj_Latn,24407,False,0.9936908517350158,6,0.9936908517350158,6,0.9936908517350158,6,632
wal_Ethi,6595,True,0.7176470588235294,386,0.7159685863874347,386,0.7979274611398964,217,595
wal_Latn,100000,False,0.9911477869467367,87,0.9913692558898998,97,0.9908275207670922,140,30171
wap_Latn,30027,False,0.9955693398316349,10,0.9955693398316349,10,0.9955693398316349,10,2257
war_Latn,100000,False,0.936105587299989,5873,0.9347691380147711,6081,0.9302931704239848,6912,57525
wat_Latn,6617,False,0.9699431356620634,36,0.9778869778869779,26,0.9933110367892977,4,598
way_Latn,13526,False,0.9977409638554217,5,0.9981167608286253,4,0.998868351565447,1,1326
wba_Latn,7083,False,0.9586645468998409,50,0.9710144927536232,34,0.9917491749174917,6,605
wbm_Latn,64634,False,0.9984381101132371,5,0.9984381101132371,5,0.9984381101132371,5,5125
wbp_Latn,20841,False,0.9976525821596244,4,0.9980445834962847,4,0.9980445834962847,4,1277
wed_Latn,6267,False,0.9551098376313275,23,0.9675572519083969,17,0.974903474903475,7,524
wer_Latn,24394,False,0.9983606557377049,2,0.9975429975429976,3,0.9975429975429976,3,609
wes_Latn,65898,False,0.7563159395494725,4116,0.755613815114556,4129,0.755613815114556,4129,6788
wew_Latn,727,False,0.21839080459770113,136,0.8085106382978724,9,0.9,3,19
whg_Latn,782,False,0.2573099415204679,127,0.9565217391304348,2,0.9523809523809523,0,22
whk_Latn,11051,False,0.9953271028037383,9,0.9948622139187295,10,0.9971830985915493,2,1066
wib_Latn,9431,False,0.9988095238095239,2,0.9988095238095239,2,0.9994044073853484,1,839
wim_Latn,17245,False,0.9978471474703983,3,0.9973103819257666,4,0.9978471474703983,3,928
wiu_Latn,29858,False,0.9925925925925927,8,0.9909613804437142,10,0.9909613804437142,10,604
wln_Latn,25529,False,0.9360072926162261,337,0.9344739716053877,346,0.9344739716053877,346,2581
wls_Latn,100000,False,0.9941422921295602,79,0.9945098243534553,88,0.9950156817324085,117,77107
wlv_Latn,1486,False,0.056804733727810655,1592,0.2594594594594595,272,0.7999999999999999,22,50
wlx_Latn,19671,False,0.9677086024283131,124,0.9689601655457838,119,0.9689601655457838,119,1874
wmt_Latn,1953,False,0.956989247311828,8,0.967391304347826,6,0.9944134078212291,1,89
wmw_Latn,17797,False,0.800568787771063,558,0.8034249018908313,548,0.8582317073170731,369,1129
wnc_Latn,28251,False,0.9885386819484241,24,0.9875954198473281,26,0.9875954198473281,26,1035
wnu_Latn,23875,False,0.9897070467141725,13,0.9897070467141725,13,0.9897070467141725,13,625
wob_Latn,17751,False,0.9988998899889989,2,0.9978021978021978,4,1.0,0,908
wol_Latn,69728,False,0.9723675484488984,147,0.9693503446253117,202,0.9693503446253117,202,6826
wos_Latn,19970,False,0.9950177935943061,5,0.9957264957264957,4,0.9957264957264957,4,701
wrk_Latn,10995,False,0.9961240310077519,4,0.9951597289448209,5,0.9980544747081712,1,514
wrs_Latn,25819,False,0.9857224443175329,20,0.9817974971558588,27,0.9817974971558588,27,868
wsg_Telu,4001,False,0.9041095890410958,63,0.9096477794793261,59,1.0,0,297
wsk_Latn,29455,False,0.9880031991468942,39,0.9874700079978672,40,0.9874700079978672,40,1859
wuu_Hani,74364,False,0.42274166792339013,18408,0.4225309665169826,18432,0.4225309665169826,18432,7739
wuv_Latn,24539,False,0.991174473862865,9,0.991174473862865,9,0.991174473862865,9,734
wwa_Latn,13509,False,0.9934959349593495,14,0.9943043124491457,12,0.9967373572593801,6,1224
xal_Cyrl,11611,False,0.9790528233151183,38,0.9790337283500455,37,0.9878731343283583,2,1083
xav_Latn,30476,False,0.9005424954792043,16,0.9002890173410405,20,0.9002890173410405,20,3024
xbi_Latn,8764,False,0.9876923076923078,7,0.9876923076923078,7,0.9953488372093025,2,322
xbr_Latn,6415,False,0.9787234042553192,16,0.9856887298747764,7,0.9855334538878844,1,560
xed_Latn,17807,False,0.9966909331568499,6,0.9963612305656632,7,0.9980119284294234,2,1510
xho_Latn,100000,False,0.9028747017243708,5533,0.9029954396441684,5604,0.9028225489425269,5745,91940
xla_Latn,27219,False,0.9969293756397134,5,0.9969293756397134,5,0.9969293756397134,5,975
xmf_Geor,100000,False,0.9644572526416908,575,0.9644572526416908,575,0.9644572526416908,575,10744
xmm_Latn,6762,False,0.9467649467649467,63,0.9522240527182867,56,0.993103448275862,4,580
xmv_Latn,56898,False,0.9832564496839227,145,0.981666240300162,165,0.981666240300162,165,5806
xnn_Latn,10778,False,0.9758793969849245,44,0.9803129732458354,35,0.9948665297741273,4,975
xog_Latn,26865,False,0.8898085876875323,577,0.8898465781761765,578,0.8898465781761765,578,2642
xon_Latn,24417,False,0.9215809284818067,246,0.9227386934673367,242,0.9227386934673367,242,1473
xrb_Latn,17749,False,0.9974025974025974,6,0.9974025974025974,6,0.9995657837603126,0,1152
xsb_Latn,17822,False,0.9619341563786009,70,0.9624292331446216,69,0.9821428571428571,30,939
xsi_Latn,28581,False,0.996708979783733,7,0.996708979783733,7,0.996708979783733,7,1060
xsm_Latn,24468,False,0.9972282106559901,2,0.9966143428747307,4,0.9966143428747307,4,1626
xsr_Deva,17795,False,0.9880020865936359,23,0.9880020865936359,23,0.9947478991596639,10,947
xsu_Latn,19885,False,0.9993412384716732,2,0.9993412384716732,2,0.9993412384716732,2,1517
xtd_Latn,17918,False,0.9979879275653925,5,0.9979879275653925,5,0.998849252013809,2,1738
xtm_Latn,22034,False,0.9856670341786108,38,0.9860294117647058,37,0.9860294117647058,37,1342
xtn_Latn,23830,False,0.9877445710599871,20,0.9879621668099741,20,0.9879621668099741,20,2334
xum_Latn,113,False,0.12903225806451613,27,1.0,0,1.0,0,2
xuo_Latn,17719,False,0.9985955056179776,3,0.9985955056179776,3,0.9992972593113141,1,1423
yaa_Latn,17141,False,0.9958358120166567,7,0.9952437574316291,8,0.9976162097735399,4,837
yad_Latn,16726,False,0.994026284348865,10,0.994620442319187,9,0.9993993993993994,1,832
yal_Latn,17818,False,0.990672557682867,15,0.9901768172888017,15,0.992607195662888,9,1013
yam_Latn,17769,False,0.9997068308413954,1,0.9994138335287222,2,0.9997068308413954,1,1705
yan_Latn,30490,False,0.9888727624576681,59,0.9888763501531518,60,0.9888763501531518,60,3076
yao_Latn,100000,False,0.9908997388620717,104,0.9910641326409575,114,0.9900223772541793,158,19024
yap_Latn,100000,False,0.9985530773574253,35,0.9986770386833889,41,0.9980080734721217,79,28342
yaq_Latn,17776,False,0.9947698744769874,10,0.9947698744769874,10,0.9979013641133263,4,951
yas_Latn,6565,False,0.984641638225256,18,0.988013698630137,14,0.9982698961937717,2,577
yat_Latn,6733,False,0.994661921708185,6,0.9955476402493321,5,0.9982142857142857,2,559
yaz_Latn,6764,False,0.9902740937223695,10,0.9929078014184397,7,0.9982174688057041,1,561
ybb_Latn,12240,False,0.983050847457627,10,0.9817534490431686,14,0.9802513464991023,6,1130
yby_Latn,24355,False,0.9835164835164836,20,0.9835164835164836,20,0.9835164835164836,20,720
ycn_Latn,17642,False,0.9961367013372957,13,0.995840760546643,14,0.999105278854757,2,1676
ydd_Hebr,38324,False,0.9337625355948991,472,0.9338781575037147,471,0.9338781575037147,471,3834
yim_Latn,30719,False,0.9902692182938696,41,0.9899481193255513,43,0.9899481193255513,43,3072
yka_Latn,24931,False,0.9975772259236826,8,0.9972752043596731,9,0.9972752043596731,9,1647
yle_Latn,30413,False,0.9982253771073647,4,0.9977827050997783,5,0.9977827050997783,5,1125
yli_Latn,13447,False,0.9938032532920218,14,0.9938032532920218,14,0.9968847352024922,3,1285
yml_Latn,22780,False,0.9966352624495289,6,0.9966352624495289,6,0.9966352624495289,6,1485
yom_Latn,70854,False,0.9629781982723159,403,0.9624914442162902,419,0.9624914442162902,419,7160
yon_Latn,21011,False,0.9964469009080141,8,0.9960505529225908,8,0.9960505529225908,8,1263
yor_Latn,100000,False,0.9938850790978635,71,0.9940034531198753,73,0.9942996062614634,88,162489
yrb_Latn,15989,False,0.9882075471698113,17,0.9876106194690265,17,0.9946460440214159,4,841
yre_Latn,28067,False,0.996684519255292,10,0.9964303926568078,11,0.9964303926568078,11,1957
yrk_Cyrl,1902,False,0.8022598870056497,35,0.8987341772151899,16,0.979020979020979,2,71
yrl_Latn,6918,False,0.7119370979270908,350,0.7820613690007867,223,0.9197355996222851,21,551
yss_Latn,37876,False,0.9945115257958288,20,0.9945115257958288,20,0.9945115257958288,20,1812
yua_Latn,100000,False,0.9961206152504339,123,0.9965857910794712,127,0.9966049382716049,142,55125
yue_Hani,100000,False,0.7732245503430373,5357,0.7731098668842004,5361,0.772966560391488,5366,11183
yuj_Latn,24252,False,0.996282527881041,7,0.996282527881041,7,0.996282527881041,7,938
yup_Latn,270,False,0.07526881720430108,172,1.0,0,0.923076923076923,0,7
yut_Latn,28424,False,0.9991071428571429,2,0.9991071428571429,2,0.9991071428571429,2,1119
yuw_Latn,20046,False,0.9937973811164714,9,0.9931129476584022,10,0.9931129476584022,10,721
yuz_Latn,6670,False,0.9888983774551665,13,0.9931389365351629,8,0.9982758620689656,2,579
yva_Latn,17493,False,0.9892673821745217,22,0.9892673821745217,22,0.9971724787935909,3,1061
zaa_Latn,17673,False,0.9904559915164368,16,0.9899311075781663,17,0.9957264957264957,4,936
zab_Latn,19384,False,0.977944626935711,21,0.9774859287054409,22,0.9774859287054409,22,1068
zac_Latn,17805,False,0.99835255354201,2,0.9967105263157894,5,0.9978021978021978,2,910
zad_Latn,17817,False,0.996832101372756,6,0.9957805907172996,8,0.9973586899101955,5,944
zae_Latn,17778,False,0.9878371232152301,23,0.9878371232152301,23,0.9973276322822021,4,934
zai_Latn,100000,False,0.9951759588770265,66,0.9952574793502746,77,0.9948088348498904,117,25346
zam_Latn,17797,False,0.9942196531791908,11,0.9936974789915966,12,0.9989440337909187,2,946
zao_Latn,17796,False,0.9928571428571429,13,0.9953964194373401,8,0.9989733059548255,1,974
zar_Latn,17756,False,0.9853015712113533,29,0.9853015712113533,29,0.9878048780487805,24,972
zas_Latn,17799,False,0.9953168904152357,15,0.99625,12,0.998434074538052,5,1594
zat_Latn,17798,False,0.9983324068927182,3,0.9977777777777778,4,0.9994428969359331,0,898
zav_Latn,17587,False,0.9994597514856833,0,0.9989200863930886,1,0.9989200863930886,1,926
zaw_Latn,17823,False,0.994535519125683,10,0.9934497816593887,12,0.9983543609434997,3,910
zca_Latn,17802,False,0.9951113525258012,9,0.9940314704286489,11,0.9967355821545157,6,916
zdj_Latn,1573,False,0.3163841807909604,241,0.7272727272727272,41,0.9655172413793103,3,57
zea_Latn,8505,False,0.07960140679953108,15610,0.0953872437357631,12607,0.14102425876010782,7850,771
zgh_Tfng,2897,False,0.909090909090909,8,0.909090909090909,8,0.909090909090909,8,184
zia_Latn,24412,False,0.9922360248447205,9,0.9906976744186047,11,0.9906976744186047,11,640
ziw_Latn,17829,False,0.8481927710843372,267,0.8507751937984497,258,0.8540856031128404,250,928
zne_Latn,100000,False,0.9946425004086229,167,0.9949000889308335,178,0.9936229573535275,263,27512
zoc_Latn,4297,False,0.9895366218236173,7,0.9925037481259371,5,1.0,0,331
zom_Latn,48432,False,0.7357881136950905,865,0.7364516129032258,868,0.7364516129032258,868,3049
zos_Latn,17816,False,0.99457111834962,10,0.9934924078091106,12,0.9989094874591058,2,916
zpa_Latn,50169,False,0.9545854087313214,305,0.9498542274052478,356,0.9498542274052478,356,5047
zpc_Latn,17745,False,0.9971751412429378,10,0.9968935329003107,11,0.9997167941093175,1,1765
zpg_Latn,833,False,0.23668639053254437,129,0.9090909090909091,4,1.0,0,20
zpi_Latn,17812,False,0.9880304678998911,18,0.9891067538126361,16,0.9978021978021978,0,912
zpj_Latn,90,False,0.05298013245033112,143,0.6666666666666665,2,0.6666666666666665,2,4
zpl_Latn,17820,False,0.9997138769670958,1,0.9997138769670958,1,0.9991406473789745,0,1747
zpm_Latn,17300,False,0.9947089947089948,8,0.9947089947089948,8,0.9984067976633033,1,942
zpo_Latn,17782,False,0.9932203389830507,12,0.9926595143986449,13,0.9982964224872232,3,879
zpq_Latn,17691,False,0.9989484752891693,2,0.9989484752891693,2,0.9989484752891693,2,950
zpt_Latn,17827,False,0.9982798165137615,3,0.9985661026670491,2,0.9991391678622669,0,1744
zpu_Latn,17841,False,0.9966120835686053,11,0.9968935329003106,10,0.9977388355002826,7,1766
zpv_Latn,17800,False,0.9978046103183316,4,0.9978046103183316,4,0.9989010989010989,2,909
zpz_Latn,17804,False,0.9985435479172736,4,0.9982527664531159,5,0.9991256193529584,2,1715
zsm_Arab,281,False,0.16,16,0.4444444444444445,0,0.4444444444444445,0,7
zsm_Latn,100000,False,0.7519180628500854,27311,0.7503370632933414,27832,0.7417424020326395,30272,72734
zsr_Latn,17753,False,0.9850402761795167,4,0.9850402761795167,4,0.9867435158501442,1,878
ztq_Latn,17742,False,0.988835725677831,19,0.9909429941395844,15,0.9978540772532188,2,932
zty_Latn,17738,False,0.9978308026030369,3,0.9978308026030369,3,0.998914223669924,1,921
zul_Latn,100000,False,0.8514173708614369,8185,0.8514386168443357,8228,0.8512711939583543,8326,88795
zyb_Latn,13305,False,0.9965635738831615,9,0.9961832061068702,10,0.9988518943742823,3,1305
zyp_Latn,17810,False,0.9939857845817387,11,0.9939857845817387,11,0.999450247388675,1,909
