lang,N,degenerate,f1_nemo_baseline,fp_nemo_baseline,f1_nemo_floor21,fp_nemo_floor21,f1_nemo_gated,fp_nemo_gated,support
aai_Latn,24580,False,0.9840255591054313,40,0.9840255591054313,40,0.9840255591054313,40,1391
aak_Latn,24062,False,0.9996418338108882,2,0.9996418338108882,2,0.9996418338108882,2,2791
aau_Latn,24485,False,0.9988709070380127,3,0.9988709070380127,3,0.9988709070380127,3,1327
aaz_Latn,20777,False,0.9921339761481858,29,0.9923857868020305,28,0.9923857868020305,28,1957
aba_Latn,18107,False,0.9578930768017663,186,0.9377798363439864,322,0.9377798363439864,322,3118
abi_Latn,6735,False,0.9974554707379134,5,0.9974554707379134,5,0.9978732454274776,1,1177
abk_Cyrl,100000,False,0.9966665684690461,69,0.9966733893811326,69,0.9969598803887365,76,221310
abn_Latn,47050,False,0.981527769310492,203,0.9794428901593479,240,0.9794428901593479,240,8150
abq_Cyrl,141,False,0.6097560975609756,31,0.9230769230769231,2,0.9230769230769231,2,26
abs_Latn,1335,False,0.1486353173298257,2581,0.2590431738623104,1258,0.5880681818181818,263,234
abt_Latn,46820,False,0.9946317371698519,12,0.9946317371698519,12,0.9946317371698519,12,2329
abx_Latn,17721,False,0.9083605322621139,364,0.910188679245283,356,0.988235294117647,39,1810
aby_Latn,21889,False,0.9947089947089947,11,0.994270603790216,12,0.994270603790216,12,1129
abz_Latn,13333,False,0.7587521663778163,1300,0.739527027027027,1450,0.9072383782636382,293,2281
aca_Latn,7493,False,0.9905767056162834,25,0.9924471299093656,20,0.9961948249619482,5,1314
acd_Latn,17727,False,0.998003992015968,11,0.998003992015968,11,0.9989090909090909,3,2750
ace_Arab,6107,False,0.6666666666666666,982,0.6790205162144275,926,0.8357113738279657,358,1070
ace_Latn,47937,False,0.9612025948103792,188,0.9597361379052834,219,0.9597361379052834,219,8139
acf_Latn,34818,False,0.9335956714215444,216,0.9340551181102362,213,0.9340551181102362,213,3036
ach_Latn,42880,False,0.9894441695530265,52,0.9892083367657961,60,0.9892083367657961,60,6075
acm_Arab,4566,False,0.12685592113077562,7090,0.15624535868112283,5412,0.17445482866043613,4479,795
acn_Latn,17803,False,0.9974248927038627,8,0.9982817869415808,5,0.9994266055045872,1,1744
acr_Latn,67975,False,0.9059934571940004,1056,0.9053020961775586,1072,0.9053020961775586,1072,7806
acu_Latn,24513,False,0.9877170690385431,38,0.9868810833685993,42,0.9868810833685993,42,2352
ada_Latn,100000,False,0.9936900223478375,133,0.9931152055602911,225,0.9919720083059466,339,30487
ade_Latn,13525,False,0.9991536182818451,4,0.9993650793650793,3,0.9997882701672666,1,2361
adh_Latn,23111,False,0.9793129626115012,92,0.9793129626115012,92,0.9793129626115012,92,2597
adi_Latn,30503,False,0.9830666170450316,146,0.9828837209302326,148,0.9828837209302326,148,5319
adj_Latn,17702,False,0.9961089494163424,13,0.9962704718663855,12,0.997888582101673,2,3083
adl_Latn,11055,False,0.9963973237261966,11,0.9963973237261966,11,0.9987103430487491,2,1939
ady_Cyrl,5894,False,0.947069943289225,94,0.9479659413434247,92,0.956563245823389,73,1020
adz_Latn,3796,False,0.9603024574669188,20,0.9694656488549618,15,0.9921875,3,255
aeb_Arab,25840,False,0.3564763290814142,5075,0.35808609157948895,5050,0.35808609157948895,5050,4524
aer_Latn,12314,False,0.9979045401629802,5,0.9979045401629802,5,0.9979025868096014,3,2147
aeu_Latn,17719,False,0.9994011976047905,2,0.9994011976047905,2,0.9994011976047905,2,1669
aey_Latn,25992,False,0.9922613929492691,24,0.9919770773638968,25,0.9919770773638968,25,1734
afr_Latn,100000,False,0.981411053358351,3508,0.9814886956840566,3707,0.9811515833584951,4183,218523
agd_Latn,31162,False,0.9925484351713859,24,0.9922526817640047,25,0.9922526817640047,25,1666
agg_Latn,24084,False,0.9988376598217745,2,0.9988376598217745,2,0.9988376598217745,2,1290
agm_Latn,24380,False,0.9988942130482861,3,0.9985261606484893,4,0.9985261606484893,4,1355
agn_Latn,17794,False,0.9641050349313418,138,0.965034965034965,134,0.9861932938856016,44,2012
agr_Latn,32209,False,0.9950738916256157,22,0.9952335557673975,22,0.9952335557673975,22,3140
agt_Latn,16997,False,0.9907918968692448,27,0.9914004914004915,25,0.9969097651421508,6,1617
agu_Latn,22058,False,0.9945255474452555,17,0.9942231681362117,18,0.9942231681362117,18,1636
agw_Latn,39173,False,0.993657122145705,63,0.9935682579943835,65,0.9935682579943835,65,5490
agx_Cyrl,1958,False,0.8423645320197044,125,0.8766066838046271,92,0.9550561797752809,27,345
aha_Latn,15133,False,0.9948226270373921,20,0.9950134253931722,19,0.9955624155894269,2,2601
ahk_Latn,100000,False,0.9998487500270089,2,0.9998487500270089,2,0.9998271466228772,3,23142
aia_Latn,17546,False,0.9980487804878049,9,0.9978865225166639,10,0.9986983403839895,5,3072
aii_Syrc,24440,True,1.0,0,0.999822032390105,1,0.999822032390105,1,2809
aim_Latn,11048,False,0.9829559908420248,59,0.9829473148383813,58,0.9884644962830043,33,1940
ain_Latn,4507,False,0.9570552147239263,58,0.9713574097135742,34,0.9756410256410256,7,792
ajg_Latn,29217,False,0.9628770301624131,287,0.959946081263239,324,0.959946081263239,324,5077
aji_Latn,12641,False,0.9972640218878249,2,0.9972640218878249,2,0.9958885335769758,1,2197
ajz_Latn,11064,False,0.9869731800766284,45,0.9889997441800972,38,0.9961290322580645,7,1938
akb_Latn,13505,False,0.8008150789607743,1165,0.8049197130167407,1132,0.9145315861529435,409,2366
ake_Latn,17791,False,0.9985358711566619,5,0.9985358711566619,5,0.9991210079109288,3,1705
akh_Latn,24012,False,0.9960691823899371,9,0.9956777996070728,10,0.9956777996070728,10,1268
akp_Latn,17785,False,0.9965092779717067,19,0.9965092779717067,19,0.9996312684365781,1,2712
ald_Latn,11035,False,0.9994834710743802,2,0.9992254066615027,3,0.999482936918304,0,1935
alj_Latn,13407,False,0.9849119865884325,70,0.9863588667366211,63,0.996600084997875,9,2352
aln_Latn,62542,False,0.8878458498023715,2665,0.8871518492615296,2684,0.8871518492615296,2684,10841
alp_Latn,17561,False,0.9933583598036385,19,0.9947976878612718,15,0.9979692486219901,3,1724
alq_Latn,17867,False,0.9886302111532215,30,0.988095238095238,32,0.9937414965986394,11,1838
als_Latn,100000,False,0.9724045021946026,749,0.9723123499450961,815,0.972107265472766,1070,82012
alt_Cyrl,84843,False,0.9861481286835092,243,0.9860000750666216,247,0.9860000750666216,247,13261
aly_Latn,6317,False,0.9901610017889088,22,0.9919354838709677,18,0.9941573033707866,12,1107
alz_Latn,92770,False,0.9905343323158511,214,0.9885354233901951,298,0.9885354233901951,298,16156
ame_Latn,34032,False,0.9970546158377515,12,0.9969707169303265,13,0.9969707169303265,13,5947
amf_Latn,13325,False,0.9804088586030665,88,0.9825010670081092,78,0.9947916666666666,10,2306
amh_Ethi,100000,False,0.9523081715698681,4014,0.9526964898197475,4027,0.9580069730831265,4282,103607
ami_Latn,87543,False,0.9948956220142661,135,0.9943772474664923,157,0.9943772474664923,157,15224
amk_Latn,17696,False,0.9841452868261746,48,0.9847130083645803,46,0.994175888177053,13,1714
amm_Latn,24436,False,0.9896579156722354,26,0.9884783472387764,29,0.9884783472387764,29,1244
amn_Latn,37915,False,0.9943147815679234,38,0.994166043380703,39,0.994166043380703,39,3323
amp_Latn,30724,False,0.9842146803472771,39,0.9818897637795276,45,0.9818897637795276,45,1248
amr_Latn,23701,False,0.9979716024340771,5,0.9975669099756691,6,0.9975669099756691,6,1230
amu_Latn,17900,False,0.9976057462090981,3,0.997446536865624,4,0.9976057462090981,3,3137
amx_Latn,1656,False,0.965289256198347,21,0.9931972789115647,4,0.9931740614334471,3,292
ang_Latn,490,False,0.061208875286916604,2447,0.6367346938775511,80,0.8554913294797688,12,87
anm_Latn,30734,False,0.993393505164232,45,0.9925622908144293,54,0.9925622908144293,54,5364
ann_Latn,22124,False,0.9948979591836734,20,0.9948979591836734,20,0.9948979591836734,20,1950
anp_Deva,4499,False,0.019670949303535107,37807,0.021109063494722736,34786,0.030570102609954443,22478,650
anv_Latn,17797,False,0.9976744186046512,6,0.9970947123765254,8,0.9979633401221997,4,1718
any_Latn,11974,False,0.9995233555767398,0,0.9995233555767398,0,0.9978515158749105,0,2099
aoi_Latn,3242,False,0.9930191972076788,8,0.9956255468066492,5,0.9947368421052633,4,569
aoj_Latn,55040,False,0.99907701774177,3,0.99907701774177,3,0.99907701774177,3,4877
aom_Latn,17715,False,0.9978726885943381,11,0.9983628028814668,8,0.9995082773315849,1,3051
aoz_Latn,13501,False,0.9815314380576884,83,0.9837770382695508,72,0.9938985903639805,20,2371
apb_Latn,10888,False,0.9976234486400845,8,0.9976234486400845,8,0.9981476581106112,3,1890
apc_Arab,79058,False,0.7248257164988381,5968,0.722636655948553,6076,0.722636655948553,6076,13787
ape_Latn,59332,False,0.9918287937743191,38,0.9910575427682737,42,0.9910575427682737,42,2553
apn_Latn,16297,False,0.99812382739212,6,0.99812382739212,6,0.99812382739212,6,1596
apr_Latn,24377,False,0.9959049959049959,10,0.9959049959049959,10,0.9959049959049959,10,1216
apt_Latn,11049,False,0.9877237851662404,43,0.9900025634452705,34,0.9961190168175937,4,1936
apu_Latn,11186,False,0.9892911779704233,24,0.9905539954046464,19,0.9923116350589442,8,1958
apw_Latn,11058,False,0.9971685971685972,11,0.9979392065945389,8,0.9987110079917505,5,1937
apy_Latn,36974,False,0.9950604667007324,32,0.9948910081743869,34,0.9948910081743869,34,5868
apz_Latn,24230,False,0.9975386779184248,14,0.997188049209139,16,0.997188049209139,16,2837
aqz_Latn,271,False,0.1702127659574468,42,0.3076923076923077,0,0.3076923076923077,0,44
arb_Arab,100000,False,0.9622585140950676,2298,0.9629624236069648,2358,0.9631538105778288,2432,1065827
arb_Latn,847,False,0.13145125716806352,1969,0.4093406593406594,430,0.9226006191950465,25,149
arc_Syrc,410,True,0.0,6,0.0,0,0.0,0,73
are_Latn,6673,False,0.9918838103374628,17,0.9927319367250962,15,0.9961290322580645,4,1163
arg_Latn,25914,False,0.6353785432364549,4961,0.6413563251702651,4829,0.6413563251702651,4829,4547
arl_Latn,24447,False,0.9948798739661284,12,0.9940968122786304,14,0.9940968122786304,14,1264
arn_Latn,100000,False,0.9886048271802204,51,0.9885883613895718,61,0.9879659771080542,92,24002
arp_Latn,1963,False,0.9662921348314606,24,0.9956584659913169,3,0.9956584659913169,3,344
arq_Arab,2712,False,0.5009940357852882,660,0.5584512285927028,497,0.622107969151671,333,471
arr_Latn,572,False,0.46052631578947373,135,0.8165680473372782,1,0.8023952095808382,1,99
ars_Arab,18539,False,0.11176181322365773,38985,0.1131119355714415,38451,0.1131119355714415,38451,3253
ary_Arab,100000,False,0.7256314312441534,12003,0.7233607192683305,12312,0.7163092360877412,13094,28866
arz_Arab,100000,False,0.5448050259372306,23898,0.5439059014398702,24589,0.5408415025134247,26036,29261
asg_Latn,17719,False,0.9928492849284928,17,0.9923034634414514,19,0.9928492849284928,17,1814
asm_Beng,100000,False,0.9936316406904642,189,0.9936438395518369,190,0.9933244006316696,227,41846
asm_Latn,455,False,0.1904761904761905,565,0.6936416184971098,32,0.8085106382978724,3,81
aso_Latn,23837,False,0.9972958355868037,13,0.9967567567567568,16,0.9967567567567568,16,2768
ast_Latn,100000,False,0.9655283893174773,8744,0.9642797302722884,9362,0.9614623479998112,10600,154447
ata_Latn,27005,False,0.9974409152491345,13,0.9975910870219814,12,0.9975910870219814,12,3317
atb_Latn,25098,False,0.9906298802706923,12,0.9908877896381151,11,0.9908877896381151,11,1927
atd_Latn,17597,False,0.9917487356933725,26,0.9914802981895634,26,0.9970548862115127,5,1868
atg_Latn,17802,False,0.9680038204393505,132,0.9719491728602252,115,0.9861347603989297,55,2029
ati_Latn,10154,False,0.9612535612535612,69,0.9579784213515048,81,0.9765149318643086,11,1754
atj_Latn,1662,False,0.834575260804769,99,0.8687500000000001,70,0.9551724137931035,11,292
atq_Latn,6661,False,0.9685270667226187,72,0.9729957805907173,60,0.9913941480206541,15,1157
att_Latn,17829,False,0.995727712902307,15,0.9951608311984059,17,0.9985718366181091,5,1748
auc_Latn,17817,False,1.0,0,1.0,0,1.0,0,1732
aui_Latn,4581,False,0.9303423848878394,116,0.9545729860690491,73,0.9867674858223061,14,790
auy_Latn,24037,False,0.9959550561797753,6,0.9952840781495622,9,0.9952840781495622,9,2228
ava_Cyrl,17634,False,0.9810095763674729,111,0.9800551321550186,117,0.9940769990128331,29,3028
avk_Latn,3056,False,0.5146547441629409,960,0.8120063191153238,217,0.9321872015281758,24,535
avn_Latn,11063,False,0.98008658008658,67,0.9815028901734104,62,0.9920564872021183,13,1700
avt_Latn,24340,False,0.9935434865172806,10,0.9931662870159453,11,0.9931662870159453,11,1315
avu_Latn,17019,False,0.999665327978581,2,0.999665327978581,2,0.9998326359832636,1,2987
awa_Deva,18700,False,0.7043513623424156,1518,0.7046224752609462,1517,0.7046224752609462,1517,3261
awb_Latn,24529,False,0.9907763259031515,24,0.9915384615384616,22,0.9915384615384616,22,1289
awi_Latn,6621,False,0.9906303236797275,22,0.9910524073285044,21,0.9961456102783726,9,1163
awx_Latn,4174,False,0.9179229480737019,48,0.9448275862068966,31,0.9891696750902528,5,275
ayo_Latn,6717,False,0.9903157894736841,23,0.9924050632911393,18,0.9991503823279524,2,1176
ayp_Arab,6764,False,0.8960060286360212,275,0.9174382716049383,213,0.9764111204717776,25,1190
ayr_Latn,100000,False,0.9942773736156805,150,0.9943897312976568,176,0.994109546238326,252,86668
azb_Arab,100000,False,0.978662191321026,1458,0.9784077043751089,1485,0.9774789477119917,1590,45402
azg_Latn,17785,False,0.9993593850096092,3,0.9991991029953547,3,0.9995193078032368,1,3121
azj_Cyrl,26412,False,0.9927007299270073,54,0.9927007299270073,54,0.9927007299270073,54,4500
azj_Latn,100000,False,0.9946162787648904,859,0.9947604643290053,921,0.9954508101132827,1214,229211
azz_Latn,17799,False,0.9597315436241611,143,0.9600000000000001,142,0.9853068280034573,44,1717
bak_Cyrl,100000,False,0.9706281524095043,826,0.9706844349032433,833,0.9706019221041984,887,49991
bal_Arab,39095,False,0.9549977721669388,477,0.9540263977458106,494,0.9540263977458106,494,6559
bam_Latn,18697,False,0.6715200200828417,2059,0.6723575194576953,2055,0.6723575194576953,2055,3233
ban_Latn,41792,False,0.9306625577812019,675,0.9262853251617296,736,0.9262853251617296,736,5571
bao_Latn,17847,False,0.9970997679814385,7,0.9970997679814385,7,0.9976784677887406,5,1722
bar_Latn,100000,False,0.9311491323868463,2469,0.9248093164264576,2791,0.9045141330333286,3818,19552
bas_Latn,100000,False,0.9955159302478038,93,0.9948911420262517,122,0.993411420204978,190,19060
bav_Latn,17825,False,0.9983729254799869,2,0.9983729254799869,2,0.9985353946297804,1,3076
bba_Latn,84918,False,0.9928225170042464,19,0.9928998084075285,22,0.9928998084075285,22,13382
bbb_Latn,21471,False,0.9967132292522596,15,0.9969180193137456,14,0.9969180193137456,14,2427
bbc_Latn,100000,False,0.9771511692961844,385,0.9775513168627714,430,0.9826590873902369,674,45321
bbj_Latn,11052,False,0.9992262058292494,1,0.998968540484786,2,0.998968540484786,2,1939
bbk_Latn,4286,False,0.9966953073364178,5,0.9986754966887418,2,0.9986754966887418,2,754
bbo_Latn,6704,False,0.9907094594594594,21,0.9936467598475223,14,0.9952931108258452,0,1174
bbr_Latn,23818,False,0.992289899768697,20,0.9915254237288135,22,0.9915254237288135,22,1287
bch_Latn,22386,False,0.9969500571864277,11,0.996760053363827,12,0.996760053363827,12,2620
bci_Latn,100000,False,0.9982347357869619,101,0.9978458019733518,159,0.9972010133040443,243,56364
bcl_Latn,100000,False,0.9811884210207915,2962,0.9811826848821135,3069,0.9810392892680241,3574,182288
bco_Latn,3937,False,1.0,0,1.0,0,1.0,0,281
bcw_Latn,17698,False,0.9994441356309061,3,0.9994441356309061,3,0.9996293550778355,2,2697
bdd_Latn,30992,False,0.9943963321446765,17,0.9941431117901707,18,0.9941431117901707,18,1957
bdh_Latn,12360,False,0.9976979742173112,7,0.9974683544303797,8,0.9993082776112521,0,2170
bdq_Latn,4240,False,0.9866844207723036,20,0.9913043478260869,13,0.9919678714859438,12,741
bea_Latn,1152,False,0.8228105906313646,87,0.9711538461538461,12,0.9926289926289926,3,202
bef_Latn,24278,False,0.9950537267610439,28,0.995223473217332,27,0.995223473217332,27,2918
bel_Cyrl,100000,False,0.9905558245643042,1843,0.9905354085909368,1889,0.989406288665868,2275,126366
bem_Latn,100000,False,0.9782184864675967,3291,0.978430723694491,3347,0.9788329913376392,3526,218924
ben_Beng,100000,False,0.9903084513213892,654,0.990561051657048,657,0.9915944950585551,707,283921
ben_Latn,3910,False,0.4895104895104895,1368,0.6068649885583524,838,0.8796736913664174,140,684
beq_Latn,11039,False,0.9344935943920716,265,0.9426689436447915,228,0.9856957087126138,11,1939
bew_Latn,16291,False,0.6921241050119332,2077,0.688,2147,0.7683448988631331,1316,2855
bex_Latn,22281,False,0.998176133402814,7,0.9980461117624072,8,0.9980461117624072,8,3838
bfd_Latn,17820,False,0.9998028002366397,1,0.9996056782334385,2,0.9998028002366397,1,2535
bfo_Latn,13446,False,0.9950865199743644,4,0.9952991452991453,3,0.9952991452991453,3,2348
bgr_Latn,17611,False,0.9617122473246135,158,0.963315864697475,151,0.9774872912127814,87,2025
bgs_Latn,19527,False,0.9928489042675893,28,0.9921586715867159,30,0.9921586715867159,30,2155
bgt_Latn,10924,False,0.9858856739590685,37,0.9893767705382436,27,0.9967822667143368,3,1400
bgz_Latn,13364,False,0.978874712403263,96,0.9801047120418848,90,0.9925484351713861,21,2345
bhg_Latn,7106,False,0.975,26,0.9816069699903195,19,0.9960707269155207,4,507
bhl_Latn,27070,False,0.9905362776025237,37,0.9900900900900902,39,0.9900900900900902,39,2203
bho_Deva,55844,False,0.6246330337383135,7265,0.6191007724248784,7503,0.6191007724248784,7503,7961
bhp_Latn,8035,False,0.9544807965860598,58,0.9519059494121838,59,0.952415812591508,19,1412
bhw_Latn,96876,False,0.990360435875943,35,0.9901233089907817,43,0.9901233089907817,43,16828
bhz_Latn,6727,False,0.9827513672696676,41,0.9856540084388186,34,0.9948892674616696,12,1168
bib_Latn,17804,False,0.9991931579796675,4,0.9991928974979822,3,0.9995155821088325,1,3097
big_Latn,24303,False,0.9907407407407407,24,0.9907407407407407,24,0.9907407407407407,24,1284
bim_Latn,60084,False,0.9896834935897435,181,0.9894367959949937,187,0.9894367959949937,187,9906
bin_Latn,100000,False,0.990863895468388,275,0.9904261407981686,293,0.9898086522462562,318,19110
bis_Latn,100000,False,0.9953345265147706,469,0.9955302096177558,483,0.9955913193211436,501,149408
biu_Latn,11038,False,0.9779802581624905,82,0.9804618117229129,72,0.9899717150938545,27,1937
biv_Latn,17791,False,0.9965590693101753,18,0.9962325962325963,20,0.9962325962325963,20,3044
bjn_Arab,6110,False,0.5600875992335066,1559,0.5652654867256637,1523,0.715538407576289,760,1071
bjn_Latn,27655,False,0.4124549939991998,8533,0.41645348054396125,8389,0.7282772476142643,1692,3372
bjp_Latn,3587,False,0.9139072847682119,51,0.9650349650349651,19,0.9874776386404294,6,277
bjr_Latn,26849,False,0.9987215545896191,5,0.9987215545896191,5,0.9987215545896191,5,1953
bjv_Latn,28868,False,0.9997486805730083,1,0.9997486805730083,1,0.9997486805730083,1,1989
bkd_Latn,17628,False,0.9857963130855243,45,0.9863925007559723,43,0.9987752602571953,2,1633
bkl_Latn,6670,False,0.9671790610718738,78,0.9724310776942356,65,0.9965753424657534,7,1165
bkq_Latn,17510,False,0.9880501311570971,39,0.9874818049490539,42,0.9958775029446408,8,1697
bku_Latn,13480,False,0.9849498327759199,71,0.9861866889912098,65,0.9957645065650148,14,2357
bkv_Latn,13494,False,0.9919114516815666,37,0.9927567106945036,33,0.9980699120737723,5,2331
bla_Latn,1048,False,0.7964989059080964,89,0.9631578947368421,11,0.975609756097561,3,186
blh_Latn,6716,False,0.9970426700464724,7,0.9987304274227676,3,0.9991525423728813,1,1180
blk_Mymr,26251,False,0.98745420228711,46,0.987681722339363,47,0.987681722339363,47,4514
blt_Latn,6684,False,0.9894291754756871,25,0.9936305732484078,15,0.9995728321230244,1,1170
blw_Latn,17130,False,0.9932721712538227,22,0.992968511158667,23,0.9969306322897484,10,1624
blz_Latn,17821,False,0.981922525107604,56,0.9807857757384573,59,0.9941860465116279,12,1718
bmh_Latn,23801,False,0.9936210131332082,17,0.9951146185644494,13,0.9951146185644494,13,1324
bmk_Latn,1657,False,0.7474048442906575,68,0.888888888888889,22,0.9515418502202644,6,113
bmq_Latn,13524,False,0.9949109414758269,16,0.9955442393380013,13,0.9950949029643847,2,2354
bmr_Latn,17771,False,0.9971231300345225,9,0.9965497412305923,11,0.999135197463246,2,1734
bmu_Latn,27341,False,0.9947795823665893,15,0.9936268829663963,19,0.9936268829663963,19,1718
bmv_Latn,11017,False,0.9903930131004367,11,0.9878048780487805,14,0.9912587412587412,10,567
bnj_Latn,13502,False,0.9810032017075775,45,0.982066609735269,42,0.9845890410958904,30,2342
bno_Latn,4263,False,0.7486201705970899,501,0.7832020997375329,413,0.9798115746971737,12,746
bnp_Latn,35503,False,0.9916010498687664,31,0.9912061950387191,32,0.9912061950387191,32,3811
boa_Latn,17164,False,0.9966636336063087,11,0.9966636336063087,11,0.9987841945288753,4,1643
bod_Tibt,45476,True,0.9328806476886915,330,0.9328806476886915,330,0.9328806476886915,330,7842
boj_Latn,41261,False,0.9968242766407903,18,0.9964726631393298,20,0.9964726631393298,20,2825
bom_Latn,11082,False,0.9930680359435173,27,0.9930680359435173,27,0.9981916817359856,5,1934
bon_Latn,24452,False,0.9892215568862275,27,0.9880382775119617,30,0.9880382775119617,30,1239
bor_Latn,156,False,0.2647058823529412,32,0.45714285714285713,0,0.45714285714285713,0,27
bov_Latn,17729,False,0.9929396662387676,41,0.9926211100417067,43,0.9972585066924688,12,3097
box_Latn,17668,False,0.9980657640232108,12,0.9972620389756804,17,0.9988707856105824,7,3096
bpr_Latn,17724,False,0.9379271070615033,134,0.9387638849330675,132,0.939031339031339,131,1731
bps_Latn,17697,False,0.9490119541351549,94,0.9487554904831625,94,0.9487554904831625,94,2060
bpy_Beng,25498,False,0.675451682413393,3512,0.6780958721704394,3463,0.6780958721704394,3463,4479
bqc_Latn,56840,False,0.9941538461538462,29,0.994154445697877,30,0.994154445697877,30,9778
bqj_Latn,11034,False,0.9830685074238084,60,0.985378590078329,51,0.9949775310600052,9,1892
bqp_Latn,13480,False,0.9791222837665104,48,0.9791222837665104,48,0.980166346769034,43,2348
bre_Latn,33378,False,0.956492066200307,320,0.9553586641676605,335,0.9553586641676605,335,5796
brh_Arab,11614,False,0.7528209495422611,1112,0.7526607066836952,1113,0.8772990677752583,411,1817
bru_Latn,17733,False,0.9976912928759893,14,0.9973623475107154,16,0.9998347380598247,1,3025
brx_Deva,3440,False,0.858600583090379,182,0.866813833701251,169,0.9155485398579322,86,601
brx_Latn,374,False,0.4539007092198581,153,0.9402985074626865,6,0.9763779527559054,0,65
bsc_Latn,11055,False,0.997421351211965,7,0.9976786174877482,6,0.9989669421487604,1,1937
bsn_Latn,16998,False,0.9959197551853112,7,0.9955812372535691,9,0.9964279639394454,4,2946
bsp_Latn,7698,False,0.9820051413881749,33,0.9834254143646408,27,0.9869743208038705,8,1353
bsq_Latn,3179,False,0.8123123123123123,242,0.9016666666666668,110,0.9799635701275046,11,549
bss_Latn,17773,False,0.9975895870159088,15,0.9971088981689687,18,0.9993558776167472,3,3104
btd_Latn,14730,False,0.9749049429657796,112,0.9748858447488583,110,0.9902647975077882,9,2584
bth_Latn,10993,False,0.9869062901155328,51,0.9889374839207615,43,0.9968782518210197,6,1922
bts_Latn,40284,False,0.8683102081268582,2085,0.8630347799322867,2185,0.8630347799322867,2185,7050
btt_Latn,13406,False,0.9961702127659574,17,0.9963822089806341,16,0.9982898674647285,1,2342
btx_Latn,100000,False,0.9782936031265331,456,0.9784012168328545,485,0.9751929901276509,728,29739
bud_Latn,13483,False,0.9970313825275657,14,0.9970313825275657,14,0.9980879541108987,7,2351
bug_Latn,14761,False,0.9311512415349886,259,0.9252336448598131,293,0.9637468155986675,62,2582
buk_Latn,24072,False,0.998077662437524,3,0.998077662437524,3,0.998077662437524,3,1300
bul_Cyrl,100000,False,0.9814399948834291,6950,0.9813043455100421,7142,0.9804595316741399,7803,279712
bum_Latn,100000,False,0.9903912311086858,114,0.9902834391885488,140,0.9897194715572046,211,21163
bus_Latn,23216,False,0.981822678372697,93,0.9815799233527012,95,0.9815799233527012,95,4024
bvc_Latn,6694,False,0.9928057553956835,17,0.9936467598475222,15,0.9978732454274777,5,1173
bvd_Latn,4273,False,0.9815546772068512,22,0.9860834990059643,14,0.9913159652638609,4,751
bvr_Latn,17732,False,0.9866666666666666,47,0.9844324936314747,55,0.9959908361970218,14,1739
bvz_Latn,12855,False,0.9955237242614146,19,0.9946332737030412,23,0.9982046678635548,7,2225
bwd_Latn,3872,False,0.8398133748055988,102,0.8940397350993379,63,0.930795847750865,38,271
bwi_Latn,221,False,0.4245810055865922,103,0.9620253164556963,3,0.9866666666666666,0,38
bwq_Latn,13507,False,0.9955347650435892,15,0.9951053415620345,14,0.9950781082816178,1,2347
bwu_Latn,17557,False,0.9959785522788204,20,0.9958116937510471,21,0.9978154931944211,6,2976
bxh_Latn,7138,False,0.9760502552021987,59,0.9798975167520694,49,0.9899879855826992,16,1245
bxr_Cyrl,28040,False,0.9497153700189753,260,0.9499525616698291,259,0.9499525616698291,259,4168
byr_Latn,18296,False,0.9989033369888767,7,0.9987468671679198,8,0.9987468671679198,8,3188
byv_Latn,1735,False,0.904109589041096,62,0.9801980198019802,11,0.9949579831932773,1,298
byx_Latn,17508,False,0.9960893854748604,14,0.9960893854748604,14,0.9991589571068124,2,1783
bzd_Latn,25300,False,0.984415139578695,24,0.9830798154161683,34,0.9830798154161683,34,2941
bzh_Latn,24550,False,0.994531534815895,13,0.994531534815895,13,0.994531534815895,13,1366
bzi_Thai,11019,False,0.9594797398699351,161,0.9594797398699351,161,0.9971301852334986,3,1919
bzj_Latn,100000,False,0.9908889825152728,118,0.9903269898012829,163,0.9881323517853869,269,19043
caa_Latn,17822,False,0.9983958934873276,10,0.9982357658380112,11,0.9991967871485944,3,3112
cab_Latn,100000,False,0.9962146452115971,105,0.9960891004931134,128,0.995186726691016,193,35296
cac_Latn,54632,False,0.9940380164129902,26,0.9939682984990882,27,0.9939682984990882,27,7145
caf_Latn,17803,False,0.9838987924094307,35,0.983050847457627,38,0.9838987924094307,35,1732
cag_Latn,12070,False,0.9950342870655001,11,0.9957446808510637,10,0.9962121212121212,6,2114
cak_Latn,100000,False,0.9834467448482217,172,0.9834839363486109,173,0.9832826747720365,191,41956
cao_Latn,17717,False,0.9923055001424907,27,0.992588369441277,26,0.9982798165137615,6,1741
cap_Latn,28831,False,0.9978372533117059,16,0.9978372533117059,16,0.9978372533117059,16,3691
caq_Latn,31638,False,0.9984616776762283,8,0.9986441290789116,13,0.9986441290789116,13,5526
car_Latn,18987,False,0.9849955869373346,53,0.9860834990059643,48,0.9860834990059643,48,2247
cas_Latn,6696,False,0.9907016060862215,22,0.9927996611605252,17,0.9982964224872232,4,1172
cat_Latn,100000,False,0.9891346875420919,1358,0.9893805536596072,1535,0.9893984339250115,1966,313848
cav_Latn,17546,False,0.9943502824858758,16,0.9946460440214159,15,0.9967193558007754,7,1675
cax_Latn,28858,False,0.9979494190020505,15,0.997676643433101,17,0.997676643433101,17,3650
cbc_Latn,17534,False,0.9940867279894875,7,0.9940867279894875,7,0.9945768282662284,4,3055
cbi_Latn,10976,False,0.9940275253180991,22,0.9940275253180991,22,0.9973917579551381,7,1915
cbk_Latn,100000,False,0.9490373109974981,1347,0.9458947140381283,1487,0.9425051888191056,1640,17976
cbr_Latn,24284,False,0.9992841803865427,4,0.9992841803865427,4,0.9992841803865427,4,2792
cbs_Latn,27312,False,0.9956630906185803,18,0.9954358740301231,19,0.9954358740301231,19,2182
cbt_Latn,10883,False,0.9979013641133263,8,0.9981632117554448,7,0.998424369747899,5,1902
cbu_Latn,16983,False,0.9897610921501707,32,0.9897610921501707,32,0.9968454258675079,5,1744
cbv_Latn,27955,False,0.9987740089906008,3,0.9983660130718954,4,0.9983660130718954,4,1222
cce_Latn,100000,False,0.9735878808357268,504,0.9722214420133135,574,0.9685017343627615,715,17722
cco_Latn,17689,False,1.0,0,1.0,0,1.0,0,3099
ccp_Latn,6763,False,0.9289660615627466,177,0.9503431570448122,120,0.9911054637865312,11,1180
cdf_Latn,6763,False,0.976840363937138,56,0.9874581939799331,30,0.9949324324324325,9,1181
cdo_Latn,9577,False,0.9976247030878861,7,0.9961458642158316,12,0.998810232004759,2,1681
ceb_Latn,100000,False,0.9664705293280451,2524,0.9665193266246591,2603,0.9675326936674898,2890,338056
ceg_Latn,13524,False,0.9968132568514978,15,0.9968132568514978,15,0.9976610674037848,11,2346
cek_Latn,44097,False,0.9930212499019839,52,0.9926332288401254,58,0.9926332288401254,58,6369
ces_Latn,100000,False,0.9801889104788835,9075,0.9799749376102693,9327,0.9795668665116848,9719,278011
cfm_Latn,80737,False,0.9510689175202542,1192,0.9507331169062823,1203,0.9507331169062823,1203,13503
cgc_Latn,17863,False,0.9753424657534246,100,0.9755385177071924,101,0.9910979228486646,15,2705
cgg_Latn,34573,False,0.7189373911922111,3937,0.7142765479627846,4022,0.7142765479627846,4022,5997
cha_Latn,19311,False,0.9410687022900763,167,0.9425778863775197,164,0.9425778863775197,164,1567
chd_Latn,18037,False,0.9722536806342017,22,0.9722693831352575,23,0.9722693831352575,23,1793
che_Cyrl,56243,False,0.9357845409135382,536,0.9374070846362843,567,0.9374070846362843,567,9797
chf_Latn,18010,False,0.9872412815423873,15,0.9864022662889518,18,0.9864022662889518,18,1771
chj_Latn,4286,False,1.0,0,1.0,0,1.0,0,752
chk_Latn,100000,False,0.9975970771883123,75,0.9976608395978787,101,0.9972875548734786,157,56033
cho_Latn,1031,False,0.8167053364269141,73,0.9238845144356955,23,0.9637883008356546,4,182
chq_Latn,10965,False,0.9992201715622563,3,0.9992201715622563,3,0.9992197659297789,2,1922
chr_Cher,11732,True,0.9992395437262357,1,0.9939485627836611,8,0.9954545454545455,6,657
chr_Latn,6768,False,0.9949622166246851,12,0.9970551114850652,7,0.9995782370307886,1,1185
chu_Cyrl,27598,False,0.747137005767784,2850,0.7521036687983844,2771,0.7521036687983844,2771,4644
chv_Cyrl,47817,False,0.9831480817497311,130,0.9830168398423504,136,0.9830168398423504,136,6960
chw_Latn,99872,False,0.9702655889145496,476,0.9699939469057159,508,0.9699939469057159,508,17359
chz_Latn,17827,False,1.0,0,1.0,0,1.0,0,1678
cjk_Latn,100000,False,0.956570553712682,1874,0.9557285043321974,1999,0.9524082859216991,2231,28795
cjo_Latn,17378,False,0.9774392030471726,59,0.9768667642752562,61,0.9785860956292168,55,1686
cjp_Latn,13518,False,0.9972486772486773,10,0.9974597798475868,9,0.9993637327677625,0,2359
cjs_Cyrl,1320,False,0.9221556886227544,38,0.9684210526315788,13,0.9891540130151844,1,232
cjv_Latn,24274,False,0.9925558312655086,18,0.9925496688741723,17,0.9925496688741723,17,1200
ckb_Arab,100000,False,0.8727760543305106,3919,0.8727699530516432,3922,0.8725736699185356,3938,29692
cko_Latn,17723,False,0.9947386881795861,27,0.9950894423009471,26,0.997710864588836,7,2839
ckt_Cyrl,2269,False,0.9775000000000001,15,0.9836477987421384,10,0.978120978120978,3,394
cle_Latn,17829,False,1.0,0,1.0,0,1.0,0,1701
clu_Latn,10945,False,0.8472906403940886,661,0.857596371882086,606,0.9780564263322884,43,1913
cly_Latn,13513,False,0.8786309389777077,129,0.8796212804328224,124,0.8806138569171744,119,2361
cme_Latn,17736,False,0.9955686853766617,14,0.9950787401574803,16,0.9967956618190782,9,2026
cmn_Hani,100000,False,0.8527207861964696,3121,0.852772390471928,3131,0.8527639090565512,3134,169891
cmo_Khmr,11062,True,0.9620382165605096,148,0.9620382165605096,148,0.9944282302998143,6,1889
cmo_Latn,17989,False,0.9850746268656715,28,0.9837151531879658,33,0.985066371681416,27,1808
cmr_Latn,6689,False,0.9957155098543273,10,0.9987107864202837,3,0.9991386735572783,0,1162
cnh_Latn,100000,False,0.9870272275032452,226,0.9870540248601416,237,0.9870364107766881,309,62593
cni_Latn,32688,False,0.9429482246894582,55,0.9436820726753761,58,0.9436820726753761,58,4753
cnk_Latn,11067,False,0.9436060365369341,53,0.9464190981432361,44,0.9522284494262077,21,1942
cnl_Latn,17804,False,1.0,0,1.0,0,0.9998009950248755,0,2513
cnt_Latn,17808,False,1.0,0,1.0,0,1.0,0,1743
cnw_Latn,6740,False,0.9825581395348837,41,0.9841930116472546,37,0.9868810833685993,13,1184
coe_Latn,17384,False,0.9984767707539984,8,0.9986669205865549,7,0.999809342230696,1,2622
cof_Latn,16915,False,0.9847168115073419,45,0.9853073463268366,43,0.9942441684338079,11,1649
cok_Latn,28590,False,0.8460277565293411,268,0.8460277565293411,268,0.8460277565293411,268,5012
con_Latn,17696,False,0.9948579161028417,17,0.9943197186908305,19,0.9970100570807284,5,1840
cop_Copt,27503,True,0.999896190179591,1,0.9992737835875091,7,0.9992737835875091,7,4816
cor_Latn,41440,False,0.9882663334027633,131,0.9867609343591875,154,0.9867609343591875,154,7155
cos_Latn,9423,False,0.6991092765587661,1344,0.7373737373737373,1100,0.9019495412844036,265,1650
cot_Latn,17733,False,0.9896193771626298,30,0.989042675893887,31,0.9924768518518519,19,1722
cou_Latn,6745,False,0.9966216216216216,8,0.9978858350951374,5,0.9995764506565015,1,1180
cpa_Latn,17827,False,0.9985611510791367,5,0.9985611510791367,5,0.998272884283247,5,1735
cpb_Latn,17824,False,0.9533295389869096,120,0.955232392358141,113,0.9557522123893805,110,1719
cpc_Latn,17825,False,0.9826556724481093,49,0.9826556724481093,49,0.9826556724481093,49,1740
cpu_Latn,17825,False,0.9163790814972126,288,0.915892809763863,290,0.9163790814972126,288,1753
cpy_Latn,14716,False,0.9685725104127224,64,0.9689393939393939,63,0.9733637747336377,51,1298
crh_Cyrl,38964,False,0.9516288252714707,403,0.9506139643273281,416,0.9506139643273281,416,5438
crh_Latn,17238,False,0.566482582837723,3959,0.5670563230605737,3952,0.6193638587906327,3135,2790
cri_Latn,2059,False,0.36480186480186483,1060,0.6631243358129649,286,0.9049773755656109,20,343
crj_Cans,4295,True,0.9900990099009902,11,0.9900990099009902,11,0.9900990099009902,11,754
crk_Cans,4454,True,0.9791798107255522,26,0.9785894206549117,28,0.9785894206549117,28,783
crk_Latn,6188,False,0.9917582417582419,14,0.9935956084172004,13,0.9967875172097294,6,1087
crl_Cans,4295,True,0.9940039973351099,0,0.9940039973351099,0,0.9940039973351099,0,755
crm_Cans,11058,True,0.97632058287796,25,0.97632058287796,25,0.97632058287796,25,1942
crn_Latn,37171,False,0.8988086694416536,1145,0.8987441693577322,1146,0.8987441693577322,1146,6527
crs_Latn,100000,False,0.9855353375527426,1330,0.9858605558264261,1353,0.9857160732043017,1402,75607
crt_Latn,10872,False,0.9932397295891835,26,0.9937565036420395,24,0.9986921266021449,4,1910
crx_Latn,11044,False,0.9841351074718527,46,0.9846390168970813,44,0.9881808838643372,30,1939
csb_Latn,9336,False,0.5639044943820225,2452,0.6045197740112994,2067,0.9531863485351857,95,1638
csk_Latn,17816,False,0.9891552511415524,35,0.9891552511415524,35,0.9954049396898335,13,1736
cso_Latn,17825,False,0.9980785067252264,2,0.9980785067252264,2,0.9980785067252264,2,1823
csw_Cans,124,True,0.3636363636363637,24,0.4878048780487805,10,0.4878048780487805,10,21
csw_Latn,247,False,0.24605678233438485,237,0.9629629629629629,1,0.9629629629629629,1,41
csy_Latn,36704,False,0.9794835790623294,144,0.9788726904186481,152,0.9788726904186481,152,6397
cta_Latn,17725,False,0.9982638888888888,1,0.9982638888888888,1,0.9982628836132021,0,1730
ctd_Latn,66425,False,0.8735791929319502,1042,0.8734868029370907,1048,0.8734868029370907,1048,10305
cto_Latn,16604,False,0.9590747330960855,57,0.9577114427860697,65,0.9644651830581478,17,2868
ctp_Latn,25169,False,0.9993455497382199,2,0.9993455497382199,2,0.9993455497382199,2,3056
ctu_Latn,100000,False,0.9973075013913749,14,0.9975338345864662,16,0.9974745956346581,30,33316
cub_Latn,17667,False,0.9959636730575175,9,0.9959636730575175,9,0.9977255496588323,2,1981
cuc_Latn,17804,False,1.0,0,1.0,0,1.0,0,1747
cui_Latn,17685,False,0.9976918638199653,8,0.9971164936562861,10,0.998844598497978,4,1729
cuk_Latn,44245,False,0.9855527638190954,98,0.9852525886413556,104,0.9852525886413556,104,4747
cul_Latn,17610,False,0.9956127522667446,15,0.9956127522667446,15,0.9991194599354271,3,1702
cut_Latn,17581,False,0.9939498703543648,21,0.9942363112391931,20,0.9979739507959479,6,1725
cux_Latn,11059,False,0.9997420686097498,1,0.9997420686097498,1,1.0,0,1938
cwd_Cans,231,True,0.5287356321839081,25,0.7419354838709677,0,0.7419354838709677,0,39
cwe_Latn,17817,False,0.9067796610169492,309,0.910154173312068,295,0.9152632985832666,274,1755
cwt_Latn,13447,False,0.9840865690642903,75,0.985969387755102,66,0.9948431456811346,20,2319
cya_Latn,17827,False,0.8556948519605228,428,0.8553157474020783,431,0.8555437100213219,430,1717
cym_Latn,100000,False,0.9920974711907811,361,0.9916747453951249,427,0.990474860613798,590,50018
czt_Latn,19062,False,0.9968520461699896,8,0.9964028776978417,10,0.9964028776978417,10,3338
daa_Latn,17721,False,0.993260756868844,23,0.993260756868844,23,0.9966189856957087,10,1919
dad_Latn,24369,False,0.9890997174000807,21,0.9887005649717513,22,0.9887005649717513,22,1231
daf_Latn,10483,False,0.9967014843320506,11,0.9969755292823755,10,0.9986229688790967,4,1814
dag_Latn,11906,False,0.7290427257977286,1490,0.7018396390142311,1705,0.9476894205958245,208,2035
dah_Latn,23848,False,0.9963869931754316,6,0.99558764540714,8,0.99558764540714,8,1244
dak_Latn,2019,False,0.9147286821705426,66,0.9725274725274725,20,0.9874476987447699,9,354
dan_Latn,100000,False,0.9589960596045486,8428,0.9592209802265913,9039,0.9591870514238222,9715,581371
dar_Cyrl,1870,False,0.8837209302325582,82,0.9241773962804005,50,0.96996996996997,17,326
dbq_Latn,6656,False,0.9909443725743855,16,0.9913644214162349,14,0.9965277777777779,2,1154
ddg_Latn,1354,False,0.6531791907514451,236,0.9533898305084746,17,0.9571106094808125,1,230
ddn_Latn,6765,False,0.9895789912463525,25,0.989983305509182,23,0.9903966597077244,22,1187
ded_Latn,34664,False,0.9952456418383518,20,0.9954710144927535,19,0.9954710144927535,19,2199
des_Latn,17332,False,0.9994858611825194,2,0.9992289899768697,3,0.9994858611825194,2,1944
deu_Latn,100000,False,0.9885463594860735,1749,0.9890167546537696,1858,0.989824038920317,2061,418202
dga_Latn,17138,False,0.9873928391326273,66,0.9877249033125945,64,0.9945633707101597,13,2946
dgc_Latn,17586,False,0.9683207176899354,112,0.9699522606009549,106,0.9959584295612008,11,1728
dgi_Latn,13517,False,0.9941324392288349,26,0.9939241567148545,27,0.9958018471872376,18,2374
dgr_Latn,18978,False,0.9994810586403736,2,0.9992217898832686,3,0.9992217898832686,3,1926
dgz_Latn,24281,False,0.9875486381322957,30,0.9883177570093459,28,0.9883177570093459,28,1271
dhg_Latn,1607,False,0.9861111111111112,8,0.9895470383275261,6,0.9947460595446586,3,284
dhm_Latn,11061,False,0.9268765133171913,291,0.9336261591020011,260,0.9836150845253575,29,1925
dhv_Latn,100000,False,0.9977453936059018,28,0.9977804071268795,38,0.9975222522468079,75,57984
did_Latn,6278,False,0.9977303676804358,5,0.9981834695731153,4,0.9995448338643604,0,1099
dig_Latn,13447,False,0.9040187280530628,468,0.9096622152395916,435,0.9735785246248151,87,2341
dik_Latn,40448,False,0.9040560016471072,9,0.9049038758096021,12,0.9049038758096021,12,5314
dip_Latn,6750,False,0.944578313253012,127,0.9456740442655935,123,0.9455864570737607,121,1187
diq_Latn,28046,False,0.8638036809815951,1105,0.8555919513336453,1200,0.8555919513336453,1200,4914
dis_Latn,11060,False,0.9882892057026478,45,0.9903061224489798,37,0.9964028776978416,11,1942
diu_Latn,166,False,0.06282722513089005,156,0.2424242424242424,0,0.2424242424242424,0,29
div_Thaa,33933,False,0.999664147774979,4,0.9995802199647384,5,0.9995802199647384,5,5953
dje_Latn,6801,False,0.9792874896437448,45,0.9817123857024106,38,0.9866108786610879,24,1187
djk_Latn,92008,False,0.9741176470588235,622,0.971438138288967,721,0.971438138288967,721,14638
djr_Latn,10796,False,0.9936908517350158,18,0.9936908517350158,18,0.9936908517350158,18,1896
dks_Latn,15265,False,0.8391403451644416,892,0.8406458978959388,881,0.8413320274240941,876,2673
dln_Latn,26435,False,0.9730423620025673,222,0.9728342245989307,224,0.9728342245989307,224,4578
dng_Cyrl,804,False,0.9463087248322147,15,0.9894736842105264,2,0.9859154929577465,2,142
dnj_Latn,21454,False,0.9984059511158343,11,0.9981407702523241,13,0.9981407702523241,13,3759
dnw_Latn,6439,False,0.9899255365746824,21,0.9920983318700614,16,0.9951391957578435,5,1132
dob_Latn,31031,False,0.9951078093857583,10,0.9947473283825394,12,0.9947473283825394,12,2763
doi_Deva,3674,False,0.6216768916155418,703,0.6488222698072805,617,0.8625730994152047,133,645
dop_Latn,33651,False,0.9989768076398362,2,0.9988916361156108,3,0.9988916361156108,3,5868
dos_Latn,6742,False,0.9862442684451854,33,0.9887170915169243,27,0.9941176470588234,14,1183
dow_Latn,11019,False,0.9979338842975206,7,0.9974186886938564,9,0.9963749352667013,5,1933
drg_Latn,201,False,0.08943089430894309,436,0.7037037037037037,1,0.7037037037037037,1,34
dru_Latn,29903,False,0.9941732734740664,47,0.9934141452705928,55,0.9934141452705928,55,5218
dsb_Latn,9265,False,0.5665267384559225,2301,0.6125768696687165,1871,0.8031578947368421,648,1626
dsh_Latn,6743,False,0.9816513761467891,44,0.9849372384937239,36,0.9983036471586091,4,1177
dtb_Latn,6615,False,0.9665831244778613,79,0.9698239731768651,71,0.9897260273972603,22,1158
dtp_Latn,52534,False,0.9682339594100592,69,0.9696474580531641,82,0.9696474580531641,82,8116
dts_Latn,13356,False,0.9948630136986302,20,0.9948630136986302,20,0.99505269950527,8,2328
dty_Deva,11466,False,0.5459585643419901,2969,0.5503750551551699,2914,0.6649782923299565,1676,2014
dua_Latn,43871,False,0.9944961341894902,52,0.9923514414591097,86,0.9923514414591097,86,7621
due_Latn,17710,False,0.9820956853536837,59,0.9826725403817915,57,0.9970184853905785,7,1675
dug_Latn,13397,False,0.9436562626672071,271,0.9469188529591215,254,0.9874227243658068,40,2335
duo_Latn,17496,False,0.9524627720504009,165,0.9530085959885387,163,0.9949117030829093,15,1664
dur_Latn,11023,False,0.9992177314211212,3,0.9986968986187126,5,0.9997391077484998,1,1916
dwr_Ethi,1693,False,0.9415692821368947,18,0.9431438127090301,17,0.9431438127090301,17,299
dwr_Latn,28305,False,0.9461161651504549,224,0.9460910151691949,223,0.9460910151691949,223,2035
dww_Latn,31055,False,0.9951923076923077,11,0.9951923076923077,11,0.9951923076923077,11,1243
dyi_Latn,17802,False,0.997115597958731,8,0.997115597958731,8,0.9977777777777778,3,2252
dyo_Latn,14804,False,0.9831932773109243,74,0.9837569271928148,71,0.9924608544364971,18,2588
dyu_Latn,100000,False,0.9635676924474671,498,0.9639841774204008,512,0.9622785366294921,722,39429
dzo_Tibt,13407,False,0.7949626131444313,711,0.7949626131444313,711,0.7949626131444313,711,2351
ebk_Latn,17799,False,0.991345397324941,31,0.991345397324941,31,0.9976221928665786,5,1892
efi_Latn,100000,False,0.9982124205228146,58,0.9983038492808881,70,0.9982724364253099,85,142848
eka_Latn,17820,False,0.9913358855530928,40,0.9911361804995971,41,0.9981740718198417,6,2463
ekk_Latn,100000,False,0.9736661438401292,4173,0.9746483104917177,4493,0.9755535901439295,5468,589322
eko_Latn,2700,False,0.8054607508532423,227,0.8822429906542056,125,0.9615784008307373,27,473
ell_Grek,100000,False,0.9849745513116218,408,0.9856525046649591,529,0.9871138542997429,564,657498
eme_Latn,645,False,0.65625,63,0.8058252427184465,14,0.8058252427184465,14,109
emi_Latn,18149,False,0.9888357256778308,41,0.9901517167953153,36,0.9901517167953153,36,1861
eml_Latn,25500,False,0.9174407681870368,709,0.9101077050538525,785,0.9101077050538525,785,4477
emp_Latn,18016,False,0.9946733950098121,3,0.9949551569506726,3,0.9949551569506726,3,1790
enb_Latn,13439,False,0.9972240017083066,10,0.9974358974358976,8,0.998289136013687,4,2338
eng_Latn,100000,False,0.9791751121220181,8433,0.9803154261842871,9433,0.9863295199734241,13517,1939380
enl_Latn,11016,False,0.9935683046050938,25,0.9933127572016461,26,0.9984480082772892,5,1931
enm_Latn,34177,False,0.34001148105625717,22950,0.3521160247265811,21757,0.3521160247265811,21757,5967
enq_Latn,16127,False,0.962962962962963,23,0.9676375404530744,20,0.9949916527545909,2,299
enx_Latn,26138,False,0.9922031632880374,52,0.9918717292061018,55,0.9918717292061018,55,4472
epo_Latn,100000,False,0.9913996811461268,1473,0.9914888788016342,1621,0.9910640374343201,2132,229441
eri_Latn,17713,False,0.9932049830124575,24,0.9932049830124575,24,0.9982915717539863,5,1754
ese_Latn,24273,False,0.9987815491731941,7,0.9987815491731941,7,0.9987815491731941,7,2869
esi_Latn,11038,False,0.9691629955947136,59,0.969147005444646,58,0.9699014011416711,55,1930
esk_Latn,17756,False,0.9648068669527896,70,0.9639794168096055,73,0.9642550757792393,72,1739
ess_Latn,6942,False,0.9778315195485692,53,0.9817887494941319,43,0.9875724937862468,7,1215
esu_Latn,11057,False,0.9807983830217282,76,0.9842799188640974,62,0.9948586118251926,14,1941
eto_Latn,153,False,0.3389830508474576,72,0.8181818181818181,0,0.8181818181818181,0,26
etr_Latn,9965,False,0.9825268817204301,26,0.9871708305199189,19,0.9952348536419333,7,731
etu_Latn,11024,False,0.988982833717653,43,0.9907597535934292,36,0.9971583570136916,11,1930
eus_Latn,100000,False,0.9929181780311113,553,0.9929805323152737,645,0.9925551939603462,933,148124
eve_Cyrl,1953,False,0.8729139922978176,96,0.9327846364883401,46,0.9853801169590644,4,343
ewe_Latn,100000,False,0.9962922044890951,234,0.9965978896190947,281,0.9967450113329178,410,252331
ewo_Latn,11283,False,0.9823321554770318,35,0.9840707964601769,28,0.9857215706272311,8,1981
ext_Latn,8692,False,0.4567219152854512,3500,0.5046027957722469,2858,0.7737617135207496,762,1528
eza_Latn,30724,False,0.9802900706582373,134,0.9801152202192902,138,0.9801152202192902,138,5350
faa_Latn,24288,False,0.991679273827534,22,0.9913043478260869,23,0.9913043478260869,23,1311
fad_Latn,1949,False,0.9386084583901774,45,0.9772727272727273,16,0.9927849927849928,5,344
fai_Latn,28850,False,0.9914926527455529,20,0.9907264296754251,22,0.9907264296754251,22,1284
fal_Latn,13515,False,0.9917704156995146,34,0.9923986486486487,31,0.9966015293118097,7,2355
fan_Latn,17431,False,0.8889552238805969,721,0.8871664927709046,732,0.911710606989577,549,3001
fao_Latn,94618,False,0.9627101412439637,846,0.9603010892773134,927,0.9603010892773134,927,13438
far_Latn,10940,False,0.9840707964601769,17,0.9849424269264837,16,0.9875666074600356,13,557
fas_Arab,100000,False,0.9467883651908979,931,0.9478992704579414,951,0.9487406550862313,973,573597
fat_Latn,39870,False,0.8016388645010243,3328,0.7956077155472927,3456,0.7956077155472927,3456,6909
ffm_Latn,24480,False,0.9202521238695534,185,0.9204607789358201,183,0.9204607789358201,183,1785
fij_Latn,100000,False,0.9940036000086747,179,0.99423597542634,199,0.994355179474956,265,185371
fil_Latn,100000,False,0.9688480712825907,5838,0.9690050194560013,5908,0.9705262081570573,6301,235334
fin_Latn,100000,False,0.9549904387292514,3766,0.9617231765289669,4204,0.973096738249682,5198,591078
fit_Latn,3881,False,0.050375787121673773,23312,0.06413571945794971,18031,0.1143980343980344,8910,683
fkv_Latn,1884,False,0.08785727987723001,4654,0.16046681254558717,2192,0.20892594409024032,1496,330
fmu_Deva,974,False,0.8865979381443299,44,0.9028871391076115,37,0.9715909090909091,9,172
fon_Latn,100000,False,0.9921889040963323,133,0.9935127674258108,144,0.9939008439689948,222,36316
for_Latn,31149,False,0.9793510324483776,48,0.9793510324483776,48,0.9793510324483776,48,1163
fra_Latn,100000,False,0.9843001136916024,1755,0.9869569222020657,2037,0.9919178128538817,2625,503899
frd_Latn,10934,False,0.9894856493321966,35,0.9900483366505545,33,0.9979913916786227,3,1743
fro_Latn,15794,False,0.6680766688697951,2371,0.7038590604026846,1968,0.7444146559428061,1548,2667
frp_Latn,5176,False,0.2529904306220096,4952,0.298112541894514,3934,0.8335035750766088,252,890
frr_Latn,10794,False,0.5919796308084022,2532,0.6460146188652977,1998,0.8944403624785696,365,1892
fry_Latn,100000,False,0.9682680210614604,1024,0.9657782317979199,1155,0.9581262654150562,1524,21118
fub_Latn,38248,False,0.9598853868194841,221,0.9586035864173978,235,0.9586035864173978,235,5224
fud_Latn,9316,False,0.5884550719222865,2194,0.6229443233604122,1891,0.7224460772694952,1111,1584
fue_Latn,10730,False,0.9628855201254574,98,0.967436974789916,80,0.9704952581664911,68,1886
fuf_Latn,21670,False,0.9726516052318669,56,0.9726840855106887,59,0.9726840855106887,59,2536
fuh_Latn,24509,False,0.9289410141428079,224,0.929237141870901,221,0.929237141870901,221,2881
fuq_Latn,17770,False,0.9535370447886145,155,0.9537366548042704,154,0.9537366548042704,154,2345
fur_Latn,46173,False,0.8614958448753461,1234,0.8480691998764288,1514,0.8480691998764288,1514,7808
fuv_Arab,6753,False,0.9995731967562954,1,0.9995731967562954,1,1.0,0,1171
fuv_Latn,30578,False,0.9198499791637728,231,0.9175884955752212,257,0.9175884955752212,257,3657
gaa_Latn,100000,False,0.9964186757723129,71,0.9964965928719028,73,0.9967342132096337,136,174510
gag_Cyrl,14070,False,0.9748502994011976,112,0.975434391851408,109,0.9881196231052848,14,2456
gag_Latn,14325,False,0.6999577999718667,2119,0.703735144312394,2079,0.9839098954143201,24,2502
gah_Latn,24357,False,0.9891522699879469,27,0.9891522699879469,27,0.9891522699879469,27,1231
gai_Latn,17631,False,0.9952553725927993,9,0.9941455255087818,13,0.9952553725927993,9,1791
gam_Latn,24151,False,0.9909341742215214,21,0.9913249211356466,20,0.9913249211356466,20,1259
gaw_Latn,24230,False,0.996781979082864,8,0.996781979082864,8,0.996781979082864,8,1239
gaz_Latn,100000,False,0.9865788390284068,271,0.9872749257635456,309,0.9929033417175708,512,122809
gbi_Latn,13298,False,0.989740231390526,45,0.9901682324666812,42,0.9960387323943662,12,2269
gbo_Latn,6764,False,0.9966244725738398,7,0.9987315010570825,2,0.9991539763113367,1,1182
gbr_Latn,10708,False,0.9860855867681806,50,0.9871222076215506,46,0.9925412892914224,10,1881
gcf_Latn,67389,False,0.975091103965702,266,0.973643676193736,307,0.973643676193736,307,11687
gcr_Latn,26871,False,0.9658342910876606,259,0.9645093945720249,270,0.9645093945720249,270,4690
gde_Latn,17787,False,0.9990289376577977,5,0.9990289376577977,5,0.9994171361958422,3,2572
gdg_Latn,10967,False,0.9908782903309877,32,0.9921711899791231,27,0.9950039442545359,7,1904
gdn_Latn,23906,False,0.9791332263242375,52,0.9799196787148594,50,0.9799196787148594,50,1220
gdr_Latn,24452,False,0.998812821527503,3,0.998812821527503,3,0.998812821527503,3,1262
geb_Latn,17527,False,0.9975840921761754,5,0.9977703455964325,5,0.9979534883720931,1,2692
gej_Latn,6763,False,0.9949664429530202,12,0.9970575872215216,7,0.9983136593591906,2,1186
gfk_Latn,23745,False,0.9904616558565432,23,0.9904616558565432,23,0.9904616558565432,23,1300
ghe_Deva,11062,False,0.9860370652449859,53,0.9860370652449859,53,0.989413891040537,13,1944
ghs_Latn,29407,False,0.9868421052631579,28,0.985977212971078,30,0.985977212971078,30,1127
gid_Latn,11033,False,0.9943298969072165,20,0.9956106377485153,14,0.9971524721718872,6,1931
gil_Latn,100000,False,0.9975753593943091,149,0.9974914231679965,208,0.9971412056925937,263,63933
giz_Latn,34343,False,0.9881317951697235,110,0.9872326314044105,122,0.9872326314044105,122,5986
gjn_Latn,30192,False,0.9963837076513132,22,0.9961941008563273,24,0.9961941008563273,24,5251
gkn_Latn,77520,False,0.9893589601973564,259,0.9889948102616952,269,0.9889948102616952,269,13465
gla_Latn,100000,False,0.9858484595326702,335,0.9849070913917329,381,0.9813248766737139,542,19695
gle_Latn,100000,False,0.9877883008356545,368,0.9878576754849695,416,0.9871359061521029,533,45055
glg_Latn,100000,False,0.8865929359010826,12544,0.8828866322623605,13104,0.8767197951936576,14008,54001
glk_Arab,22263,False,0.2011139363119022,26099,0.20158942004367872,26030,0.20158942004367872,26030,3615
glv_Latn,60970,False,0.9895257302712901,80,0.9890795631825273,90,0.9890795631825273,90,7686
gmh_Latn,3042,False,0.6183518410286383,648,0.7393431167016074,368,0.9535783365570599,7,534
gmv_Ethi,10916,True,0.954653937947494,58,0.954653937947494,58,0.9543281996813595,56,1913
gmv_Latn,30907,False,0.9744414655942806,120,0.9732238486254908,127,0.9732238486254908,127,2749
gna_Latn,10888,False,0.9990356798457087,2,0.9995176073323685,1,0.9995176073323685,1,1036
gnb_Latn,11064,False,0.9725233173682882,95,0.9737506309944474,90,0.9849220546894966,43,1943
gnd_Latn,13375,False,0.9976530829955196,5,0.9976530829955196,5,0.9985052316890882,1,2344
gng_Latn,17738,False,0.9853497164461247,60,0.9844192634560907,64,0.9895437262357414,39,2087
gnn_Latn,15289,False,0.9947447447447448,10,0.9947447447447448,10,0.9953051643192489,7,2668
gnw_Latn,36657,False,0.9859154929577465,53,0.9859186662160639,54,0.9859186662160639,54,4447
goa_Latn,1598,False,0.8692913385826773,81,0.9630931458699473,17,0.9672727272727273,6,278
gof_Ethi,11001,True,0.8080321285140564,194,0.8080321285140564,194,0.8109854604200324,188,548
gof_Latn,17756,False,0.8949634093844168,471,0.898206181110871,453,0.8993724302099113,447,2096
gog_Latn,14102,False,0.9623941720811183,162,0.9646733767515295,150,0.9849471114727422,22,2473
goh_Latn,306,False,0.07207207207207207,909,0.6666666666666666,10,0.7191011235955056,3,54
gom_Deva,3496,False,0.3420819817163079,2197,0.3684716437039411,1932,0.6373117033603707,562,614
gom_Latn,77660,False,0.9827389496153988,271,0.981151448478181,343,0.981151448478181,343,13549
gor_Latn,13438,False,0.990725126475548,40,0.9926082365364308,31,0.9970250743731407,6,2354
gos_Latn,3946,False,0.23771224307417335,4237,0.36910846110164686,2179,0.5763500931098696,836,693
got_Goth,7413,True,1.0,0,1.0,0,1.0,0,492
got_Latn,4657,False,0.9759896171317326,27,0.9855263157894737,9,0.9813829787234042,4,762
gqr_Latn,17816,False,0.9994366197183099,2,0.9994366197183099,2,0.9997180716098111,0,1774
grc_Grek,100000,False,0.8817916960081742,8312,0.8815239146939058,8334,0.8788850212566899,8563,32180
grt_Beng,13469,False,0.9878202435951281,47,0.9880277252678009,46,0.9961767204757859,0,2363
gso_Latn,18608,False,0.9909090909090909,29,0.9909090909090909,29,0.9909090909090909,29,2524
gsw_Latn,93517,False,0.8098198460358191,6191,0.7934504255154039,7018,0.7934504255154039,7018,16304
gub_Latn,56520,False,0.9919233554280621,7,0.9934378823267713,8,0.9934378823267713,8,9042
guc_Latn,100000,False,0.9990428394039735,28,0.9990170973332297,34,0.9984102570730636,82,38665
gud_Latn,11042,False,0.9974173553719009,8,0.9974173553719009,8,0.9974160206718347,7,1933
gug_Latn,100000,False,0.9744768558951966,401,0.9740762708907574,522,0.974976547027553,765,72988
guh_Latn,17659,False,0.9961932650073205,13,0.9950277859023106,17,0.9982394366197184,6,1701
gui_Latn,28148,False,0.9734397487897424,124,0.9743656814020404,122,0.9743656814020404,122,3799
guj_Gujr,100000,False,0.9999878381007978,0,0.9999939190873767,0,0.9999939190873767,0,164450
guj_Latn,4070,False,0.8282323547782637,221,0.8498074454428756,179,0.8963623884694577,87,717
guk_Ethi,13514,True,0.9257851570314063,341,0.9243059716397043,349,0.9753800042817384,49,2344
gul_Latn,17812,False,0.9803808424697057,65,0.9823648453310205,58,0.9982373678025852,3,1702
gum_Latn,19118,False,0.9976011514473053,14,0.9974416373520947,15,0.9974416373520947,15,3120
gun_Latn,17907,False,0.9784335981838819,63,0.9795338260375213,58,0.9890804597701149,22,1737
guo_Latn,17493,False,0.9929245283018868,24,0.9911712772218954,30,0.9988137603795968,4,1684
guq_Latn,13503,False,0.9959890225881359,17,0.9964097148891237,15,0.9983065198983911,5,2361
gur_Latn,77453,False,0.9889671273110667,85,0.9893897208217323,90,0.9893897208217323,90,13340
guu_Latn,6743,False,0.992787441663131,17,0.9948979591836734,12,0.9991460290350128,2,1170
guw_Latn,100000,False,0.9959988880284346,364,0.9960488826676991,368,0.9959748864679753,387,100761
gux_Latn,27027,False,0.9892125134843582,78,0.989210185584808,77,0.989210185584808,77,4607
guz_Latn,7508,False,0.9567215626196859,105,0.9629343629343629,86,0.98051689860835,25,1257
gvc_Latn,24005,False,0.9978939978939979,11,0.9978939978939979,11,0.9978939978939979,11,2844
gvf_Latn,24429,False,0.9935238095238095,16,0.993145468392993,17,0.993145468392993,17,1305
gvl_Latn,17827,False,0.996278270827369,9,0.9959931310818546,10,0.9982788296041308,2,1744
gvn_Latn,11212,False,0.9984678243105208,4,0.9979581419091372,6,0.9976964422830817,1,1957
gwi_Latn,17620,False,0.9976702045042714,9,0.9974120082815734,10,1.0,0,1927
gwr_Latn,6749,False,0.8467100506146058,419,0.8645256552233297,362,0.9784668389319552,10,1176
gya_Latn,38815,False,0.993143608528224,27,0.9929570851723167,29,0.9929570851723167,29,5333
gym_Latn,100000,False,0.997984479283585,47,0.9979972009072922,60,0.9976963805434612,87,41465
gyr_Latn,46436,False,0.9933694996986137,32,0.9931699477701889,33,0.9931699477701889,33,2473
hac_Arab,28717,False,0.7915441176470588,1830,0.7915441176470588,1830,0.7915441176470588,1830,4744
hae_Latn,13526,False,0.6872169466764061,2124,0.6942148760330579,2055,0.8896141293914379,523,2369
hag_Latn,14200,False,0.9915966386554622,37,0.9925866559807653,31,0.9953713020728516,13,2483
hak_Hani,29565,False,0.8649157327401831,1565,0.8651146867511127,1561,0.8651146867511127,1561,5069
hak_Latn,13696,False,0.9899978718876357,8,0.990419416648925,6,0.9910524073285044,3,2365
hat_Latn,100000,False,0.9857649460901959,143,0.9860657615856103,158,0.9863896950548271,256,70643
hau_Latn,100000,False,0.9817835579634194,1371,0.981298421754867,1493,0.9794675355172008,1931,67604
hav_Latn,7393,False,0.8088478045559591,512,0.8327645051194539,418,0.8935219657483247,194,1292
haw_Latn,6448,False,0.9666221628838453,38,0.9713518352730528,26,0.9585635359116023,8,1123
hay_Latn,13828,False,0.6268708666898711,1533,0.6382978723404255,1428,0.6736163760424564,1087,2412
hbo_Hebr,100000,False,0.5788989797062452,10682,0.5788989797062452,10682,0.5788989797062452,10682,21005
hbs_Latn,100000,False,0.9230254631694379,10881,0.9228872053541123,11322,0.9320030309378063,13334,399638
hch_Latn,30840,False,0.9871426788166271,42,0.9872722735213376,43,0.9872722735213376,43,4015
heb_Hebr,100000,False,0.9700098216121148,8210,0.9700361016327195,8223,0.9700376698875385,8223,329995
heg_Latn,18356,False,0.9797608095676174,80,0.9797608095676174,80,0.9797608095676174,80,2138
heh_Latn,18364,False,0.9458279845956353,197,0.9492398866271579,183,0.9492398866271579,183,1856
her_Latn,100000,False,0.9930903969720974,191,0.9927267133973501,232,0.991554239333114,297,22688
hif_Latn,21900,False,0.9440370513315324,266,0.9379468845760981,321,0.9379468845760981,321,3838
hig_Latn,13520,False,0.9987012987012988,4,0.9987012987012988,4,0.9989161066551051,0,2309
hil_Latn,100000,False,0.973049114028566,7091,0.973175992312527,7180,0.9748709488989986,7822,261565
hin_Deva,100000,False,0.9029241241068495,1274,0.9081596428164531,1326,0.9325525196545947,1995,329298
hin_Latn,34642,False,0.9562266711910418,119,0.95759627592044,125,0.95759627592044,125,6033
hix_Latn,17476,False,0.9963877182420229,12,0.9963877182420229,12,0.9993961352657005,2,1655
hla_Latn,23887,False,0.9900199600798403,25,0.9904153354632589,24,0.9904153354632589,24,1240
hlt_Latn,6729,False,0.9328593996840442,170,0.9350752177355502,164,0.9360349622566547,158,1181
hmo_Latn,100000,False,0.9817001218290948,852,0.9817080170929268,864,0.9816935316720078,879,158794
hmr_Latn,61468,False,0.9634849455477258,488,0.9630051223676721,495,0.9630051223676721,495,6793
hne_Deva,50507,False,0.7513030974776825,2222,0.7468054898248936,2393,0.7468054898248936,2393,8199
hnj_Latn,61097,False,0.9921698113207548,97,0.9921230130654214,98,0.9921230130654214,98,10586
hnn_Latn,13501,False,0.9534368070953437,230,0.953995157384988,226,0.9945031712473572,12,2366
hns_Latn,19168,False,0.9882529367658086,30,0.9894842263395093,24,0.9894842263395093,24,1994
hoc_Latn,380,False,0.2190305206463196,428,0.896,1,0.8943089430894309,0,68
hoc_Wara,499,False,0.846153846153846,32,0.967032967032967,6,0.9887640449438202,2,88
hop_Latn,11019,False,0.9963861641713991,14,0.9961290322580645,15,0.9992234015014237,3,1930
hot_Latn,23745,False,0.9980087614496217,4,0.9972144846796657,6,0.9972144846796657,6,1254
hra_Latn,30616,False,0.9783653846153847,169,0.9785502958579881,168,0.9785502958579881,168,5356
hrx_Latn,38051,False,0.9554287476866132,195,0.9519201228878648,245,0.9519201228878648,245,6578
hsb_Latn,28261,False,0.8038606798153589,2216,0.7965749438856097,2328,0.7965749438856097,2328,4910
hto_Latn,17753,False,0.9979163327456323,12,0.9974358974358974,14,0.9991973029378713,3,3114
hub_Latn,23928,False,0.9877917414721724,52,0.9886792452830189,47,0.9886792452830189,47,2767
hui_Latn,64883,False,0.9953536396489417,18,0.9948400412796699,20,0.9948400412796699,20,1928
hun_Hung,11832,False,0.9981167608286252,1,0.9925093632958801,4,0.9943714821763603,3,265
hun_Latn,100000,False,0.9875708250468318,1937,0.9882605221117984,2169,0.9884308471798845,2515,655534
hus_Latn,57511,False,0.9876240513718622,65,0.9885164675021859,70,0.9885164675021859,70,8606
huu_Latn,24119,False,0.9958228905597327,10,0.9945765540258656,13,0.9945765540258656,13,1192
huv_Latn,20043,False,0.9875323453305104,49,0.9884624440781729,45,0.9884624440781729,45,2103
hvn_Latn,13972,False,0.9924535998368345,25,0.992858600285656,23,0.995293636177614,10,2445
hwc_Latn,10591,False,0.8015581043064272,914,0.8201948627103631,809,0.9954140814674939,7,1855
hye_Armn,100000,False,0.9863972808773197,1162,0.9864142792178264,1165,0.9864143435731034,1166,212807
hyw_Armn,100000,False,0.9721377320230853,4560,0.9721427422460311,4560,0.9721427422460311,4560,100874
ian_Latn,30210,False,0.9974704890387859,5,0.9974704890387859,5,0.9974704890387859,5,1184
iba_Latn,100000,False,0.9914587852494576,261,0.9916060247080725,298,0.9894782989916704,470,29495
ibg_Latn,97484,False,0.9568502684430304,1421,0.9316416507725903,2385,0.9316416507725903,2385,16940
ibo_Latn,100000,False,0.9935410882602497,274,0.9935369203425432,296,0.9934374423325336,363,86910
icr_Latn,17695,False,0.9798186604270255,69,0.9809663250366032,65,0.995243757431629,15,1675
ido_Latn,33665,False,0.31698496667563286,22248,0.3305097893201775,20995,0.3305097893201775,20995,5908
idu_Latn,59832,False,0.9844529750479847,262,0.9759322678843226,445,0.9759322678843226,445,10320
ifa_Latn,57138,False,0.9890649956997174,102,0.9889434889434889,104,0.9889434889434889,104,8126
ifb_Latn,33099,False,0.982643985838874,141,0.982053494391717,149,0.982053494391717,149,5750
ife_Latn,17731,False,0.9989844278943805,6,0.9986463620981387,8,0.9993227226549272,4,2951
ifk_Latn,17387,False,0.9834174477289113,71,0.9839495040577096,68,0.9900199600798403,34,2749
ifu_Latn,17672,False,0.9910042225078025,47,0.9913682277318641,45,0.9972288934047663,13,2701
ify_Latn,55082,False,0.9925234762844668,73,0.9923472438120292,78,0.9923472438120292,78,8349
ige_Latn,63586,False,0.9894320277015785,222,0.988809491708238,236,0.988809491708238,236,11014
ign_Latn,28193,False,0.9947148817802505,38,0.9943000139024051,41,0.9943000139024051,41,3576
ike_Cans,30725,True,0.9999067946686551,0,0.9999067946686551,0,0.9999067946686551,0,5365
ikk_Latn,44245,False,0.9911124277884759,105,0.9907455393499667,110,0.9907455393499667,110,6706
ikt_Latn,1601,False,0.8740279937791602,81,0.9706390328151986,17,0.9893238434163701,3,281
ikw_Latn,17829,False,0.9796852646638055,64,0.9810888252148998,59,0.9858830308268511,41,1719
ilb_Latn,10085,False,0.8095896726602121,816,0.8261074458058436,725,0.9659442724458204,71,1766
ile_Latn,14414,False,0.5760586704518571,3488,0.650334672021419,2510,0.7520050322377733,1437,2531
ilo_Latn,100000,False,0.9859565494237162,1062,0.9860596559143553,1128,0.9866507400069922,1386,172525
imo_Latn,23862,False,0.9942506707550786,14,0.9931087289433383,17,0.9931087289433383,17,1298
ina_Latn,56283,False,0.8743396040092827,2295,0.8668654965041803,2484,0.8668654965041803,2484,9104
inb_Latn,17919,False,0.991879025483058,23,0.991879025483058,23,0.9955030916245081,10,1777
ind_Latn,100000,False,0.9102261067028056,21573,0.9103923037717813,21906,0.9148870686821067,23380,442013
inh_Cyrl,2521,False,0.18260660081907973,3329,0.19915700737618547,2975,0.4155988857938719,979,443
ino_Latn,23125,False,0.9866881807180314,32,0.9862903225806453,33,0.9862903225806453,33,1224
iou_Latn,32094,False,0.9976012417101736,14,0.9976012417101736,14,0.9976012417101736,14,3538
ipi_Latn,19056,False,0.9954430379746836,9,0.9949392712550607,10,0.9949392712550607,10,983
iqw_Latn,11059,False,0.9068627450980392,295,0.9073482428115015,288,0.911379906196001,270,1935
iri_Latn,17827,False,0.9925283200771271,27,0.9927675988428158,26,0.9983013831594273,1,2063
irk_Latn,13515,False,0.9835107493216447,74,0.9861866889912098,61,0.9934585355560245,24,2361
iry_Latn,13449,False,0.9622486663931062,176,0.9648220530754988,163,0.9921091917253145,10,2353
isd_Latn,10971,False,0.984898899411313,59,0.9866666666666666,52,0.9935417204856626,24,1924
ish_Latn,88944,False,0.9825877825877826,461,0.9807335338923383,521,0.9807335338923383,521,15403
isl_Latn,100000,False,0.9865909976075224,497,0.9860711855462512,575,0.9846669993900071,688,35931
iso_Latn,100000,False,0.9946078117325473,274,0.9945761843243185,284,0.9943907476690381,325,93885
ita_Latn,100000,False,0.9838351527957114,2651,0.9842412722301898,2876,0.984857428592336,3307,412871
itl_Cyrl,978,False,0.9913544668587896,3,0.9971014492753623,1,1.0,0,172
itv_Latn,13512,False,0.985774058577406,62,0.9863874345549739,58,0.9938546302182665,12,2362
ium_Latn,42126,False,0.999111232651945,10,0.999111232651945,10,0.999111232651945,10,7310
ivb_Latn,11038,False,0.9833546734955185,65,0.9848679148499615,59,0.9966172261254228,8,1920
ivv_Latn,11031,False,0.9809572825527535,72,0.9837419354838711,61,0.9958005249343832,5,1908
iws_Latn,24587,False,0.9988492520138089,3,0.9988492520138089,3,0.9988492520138089,3,1302
ixl_Latn,54068,False,0.9968005687877711,35,0.9968005687877711,35,0.9968005687877711,35,7020
izr_Latn,17843,False,0.994532003859762,32,0.9951721918249116,28,0.9982220785518022,5,3094
izz_Latn,37494,False,0.9583987441130298,156,0.9579452994804432,163,0.9579452994804432,163,5152
jaa_Latn,4307,False,0.9459798994974873,85,0.9666238767650835,51,0.988808426596445,14,754
jac_Latn,24475,False,0.9956891529768146,32,0.9952253406311867,36,0.9952253406311867,36,4278
jae_Latn,21891,False,0.9982932913220428,6,0.9982932913220428,6,0.9982932913220428,6,3809
jam_Latn,32289,False,0.9390190013256738,154,0.9378854625550661,174,0.9378854625550661,174,4648
jav_Java,6597,False,0.9993593850096092,1,0.9993593850096092,1,0.9993593850096092,1,780
jav_Latn,100000,False,0.9565107202595166,1008,0.9556602939132411,1158,0.9493096770163054,1880,40166
jbo_Latn,12439,False,0.965871068480928,134,0.9798688079619996,71,0.9887433953595223,17,2184
jbu_Latn,13500,False,0.9914100146658287,37,0.9914100146658287,37,0.9966244725738397,8,2370
jic_Latn,17740,False,0.9980513153621305,12,0.9978892677382692,13,0.9996746909564086,2,3073
jiv_Latn,17510,False,0.9949647532729103,25,0.9959677419354839,19,0.997979797979798,7,2969
jmc_Latn,13528,False,0.958570268074736,189,0.9601139601139601,180,0.9881506559458315,16,2375
jpn_Jpan,100000,False,0.9958190038026522,307,0.9958266092086517,322,0.9958266215437362,323,339424
jra_Latn,19753,False,0.995405819295559,20,0.9952153110047848,21,0.9952153110047848,21,2604
jun_Orya,6741,True,0.985774058577406,30,0.985774058577406,30,0.980611805256355,1,1182
jvn_Latn,23937,False,0.7327380952380952,892,0.7362440191387559,876,0.7362440191387559,876,1237
kaa_Cyrl,38209,False,0.9708169579396272,289,0.9705734826952014,292,0.9705734826952014,292,5865
kaa_Latn,20305,False,0.9764044943820225,151,0.9765416491080208,150,0.9765416491080208,150,3493
kab_Latn,100000,False,0.9933471674943847,509,0.9932637173092164,559,0.99333628119497,752,129014
kac_Latn,100000,False,0.9968070382196154,50,0.9968896014031049,51,0.9969325153374233,71,36553
kak_Latn,165,False,0.14392059553349876,344,0.6021505376344086,35,0.6021505376344086,35,30
kal_Latn,100000,False,0.9966986794717887,137,0.9965368673647469,163,0.9954385152707617,252,36636
kam_Latn,100000,False,0.9931288944108734,92,0.9931316096496181,113,0.9929462219965013,144,53394
kan_Knda,100000,False,0.9937141480282209,62,0.9941947913673929,66,0.9966125403419481,112,118963
kan_Latn,4121,False,0.7300420168067226,484,0.7670171555063642,389,0.912280701754386,81,725
kao_Latn,13507,False,0.9913593256059009,39,0.9926175912254799,34,0.9959685974962869,12,2354
kap_Cyrl,776,False,0.9782608695652174,5,0.9854014598540147,3,0.996309963099631,0,136
kaq_Latn,24486,False,0.9895414320193081,26,0.9899396378269618,25,0.9899396378269618,25,1230
kas_Arab,10408,False,0.9344685242518059,241,0.9370955216153248,229,0.9867109634551494,6,1824
kas_Deva,7226,False,0.3914478855525861,3845,0.3990384615384615,3724,0.5906040268456376,1669,1271
kas_Latn,405,False,0.18106995884773663,591,0.7560975609756099,30,0.8652482269503546,8,72
kat_Geor,100000,False,0.9943871200134965,334,0.9943825860166516,335,0.9943825860166516,335,109940
kaz_Cyrl,100000,False,0.992835722730725,553,0.9927354709418837,573,0.9917046511809731,719,63763
kbc_Latn,17609,False,0.9994232987312572,1,0.999135197463246,2,0.9994232987312572,1,1734
kbd_Cyrl,46268,False,0.958559209733767,613,0.9578770008424601,627,0.9578770008424601,627,8032
kbh_Latn,17713,False,0.99504806291873,17,0.9947582993593477,18,0.9985384390529085,5,1708
kbm_Latn,24119,False,0.9921842863019333,13,0.9921842863019333,13,0.9921842863019333,13,1212
kbo_Latn,4300,False,0.996042216358839,6,0.9986772486772486,2,0.9986772486772486,2,755
kbp_Latn,100000,False,0.9968279242184875,55,0.9969157297781315,61,0.9957160418710342,172,40267
kbq_Latn,28955,False,0.9722357525572333,111,0.9708171206225681,117,0.9708171206225681,117,1999
kbr_Latn,12888,False,0.9944702499447025,25,0.9944702499447025,25,0.9971040320784138,3,2248
kby_Latn,1099,False,0.652027027027027,205,0.8126315789473684,88,0.8584269662921348,60,194
kca_Cyrl,951,False,0.6429980276134122,178,0.8858695652173914,39,0.9818181818181818,2,166
kcg_Latn,11045,False,0.9982142857142857,2,0.9982142857142857,2,0.9991063449508489,1,559
kck_Latn,26283,False,0.8464631098554819,737,0.8473838790383988,727,0.8473838790383988,727,4571
kdc_Latn,17827,False,0.9247251198195658,167,0.9257691222128138,163,0.9320829781187838,139,1740
kde_Latn,26927,False,0.9560197333893145,321,0.9565308693826122,317,0.9565308693826122,317,4652
kdh_Latn,1820,False,0.9907120743034055,6,0.9984399375975038,1,0.9984399375975038,1,320
kdi_Latn,17817,False,0.9881297810604063,40,0.9889123548046462,37,0.996011699016219,10,1878
kdj_Latn,13519,False,0.99178428481146,37,0.9930394431554526,31,0.995344900550148,18,2356
kdl_Latn,17708,False,0.9896676905892209,26,0.9891031014249791,26,0.9918744746427571,16,1783
kdr_Latn,85,False,0.13392857142857142,193,0.7586206896551724,2,0.7586206896551724,2,16
kea_Latn,100000,False,0.9521372008575054,1054,0.9457115601422252,1417,0.9387035763411278,1793,22897
kei_Latn,226,False,0.20298507462686569,263,0.9014084507042254,1,0.8656716417910448,0,38
kek_Latn,100000,False,0.9957765628163963,120,0.9959371340167431,127,0.9956210708866247,154,34595
ken_Latn,17805,False,0.997128087306146,8,0.9954128440366973,14,0.996553704767375,9,1738
keo_Latn,6847,False,0.9827586206896551,41,0.9835390946502056,37,0.993715961457897,3,1198
ker_Latn,6741,False,0.9902501059771088,20,0.9931914893617021,12,0.9961587708066582,5,1171
kew_Latn,26979,False,0.9900990099009901,30,0.9900990099009901,30,0.9900990099009901,30,1755
kex_Deva,739,False,0.44029850746268656,79,0.5858585858585859,10,0.5473684210526316,8,130
kez_Latn,13488,False,0.9970451667370199,10,0.9968347752690441,11,0.9983065198983913,0,2366
kff_Telu,6762,False,0.9660531697341513,83,0.9672399672399672,80,0.9788336933045357,1,1181
kgf_Latn,28674,False,0.995722433460076,17,0.995013061030634,20,0.995013061030634,20,2096
kgk_Latn,17217,False,0.9785522788203753,73,0.9775040171397964,77,0.9959049959049958,7,1832
kgp_Latn,19199,False,0.997175866495507,3,0.9969199178644763,4,0.9969199178644763,4,1950
kgr_Latn,6735,False,0.9894022891055533,24,0.9919252018699533,18,0.9978623343309106,4,1168
kha_Latn,34095,False,0.9920755353228797,38,0.9919082939986514,40,0.9919082939986514,40,5940
khk_Cyrl,100000,False,0.9901813750761588,416,0.9901602473994939,427,0.987919149433345,635,42677
khm_Khmr,100000,False,0.9947747106940606,2,0.9947474968539695,3,0.9989928410049814,17,18370
khq_Latn,6762,False,0.9743377483443709,62,0.9849372384937239,36,0.9927813163481953,9,1177
khs_Latn,17585,False,0.9930613377740771,23,0.992785793562708,24,0.9977691020635805,6,1791
khy_Latn,11021,False,0.9863858207038274,46,0.9879021879021879,39,0.9884756416972236,4,1927
khz_Latn,24568,False,0.9759503491078356,59,0.9744384198295895,63,0.9744384198295895,63,1261
kia_Latn,41825,False,0.9931843671814339,49,0.9928417421302286,53,0.9928417421302286,53,5786
kij_Latn,32364,False,0.9871973929236499,89,0.9865084903465923,95,0.9865084903465923,95,4262
kik_Latn,100000,False,0.9920627342388579,84,0.9931572171093416,95,0.9947835190130918,136,84363
kin_Latn,100000,False,0.8860232239940912,22588,0.8864450540584153,22630,0.8880978650409516,22786,391412
kir_Cyrl,100000,False,0.9857102376229608,1248,0.9857616996015435,1258,0.984912167259403,1524,111504
kiu_Latn,100000,False,0.9670398660667574,459,0.9671294747407159,477,0.9667112187787152,518,24221
kix_Latn,11038,False,0.9938429964084147,23,0.9951194451579758,18,0.9976810100489565,7,1938
kjb_Latn,37135,False,0.9883732291157791,73,0.987890625,78,0.987890625,78,5104
kje_Latn,17575,False,0.9931360946745562,25,0.9929010884997633,26,0.997384066587396,6,2102
kjh_Cyrl,39529,False,0.9116320212295443,630,0.9075378654455795,681,0.9075378654455795,681,5522
kjs_Latn,24469,False,0.9893617021276596,11,0.9893617021276596,11,0.9893617021276596,11,1224
kkc_Latn,14662,False,0.9948717948717948,10,0.9943618657098924,11,0.9969104016477858,4,970
kki_Latn,17827,False,0.89742923915866,366,0.90282131661442,343,0.908995265649658,317,1757
kkj_Latn,17797,False,0.996306407579894,19,0.996306407579894,19,0.9977462974887314,7,3106
kkl_Latn,2995,False,0.9097222222222222,104,0.9390681003584229,68,0.9594843462246777,41,524
kle_Deva,6765,False,0.985,32,0.985,32,0.9903157894736841,13,1186
klt_Latn,3724,False,0.9680264608599779,29,0.9821029082774049,16,0.9932126696832579,6,439
klv_Latn,21999,False,0.9903173749327595,28,0.9895189465197527,31,0.9895189465197527,31,1849
kma_Latn,6754,False,0.9978822532825075,1,0.997457627118644,1,0.997457627118644,1,1182
kmb_Latn,100000,False,0.9889579020013802,304,0.9892607966086725,392,0.9883166239011013,536,56831
kmd_Latn,6703,False,0.9824414715719063,41,0.9865546218487395,30,0.9957482993197279,5,1176
kmg_Latn,10497,False,0.989685124864278,35,0.9923788786064235,25,0.9953589953589954,14,1826
kmh_Latn,46615,False,0.9683794466403162,4,0.9695012558306422,5,0.9695012558306422,5,2867
kmk_Latn,17725,False,0.984179850124896,53,0.9844530816213215,52,0.9963452347483834,8,1777
kmm_Latn,29927,False,0.9866109581236351,99,0.9866109581236351,99,0.9866109581236351,99,5237
kmo_Latn,24242,False,0.9866666666666667,34,0.985904761904762,35,0.985904761904762,35,1296
kmr_Cyrl,6748,False,0.9746572496884088,61,0.9754677754677755,59,0.9982964224872232,3,1173
kmr_Latn,100000,False,0.9937184881461794,295,0.9934473884864659,326,0.9929891802459144,384,41917
kms_Latn,24321,False,0.9956122856003191,5,0.9952153110047847,6,0.9952153110047847,6,1254
kmu_Latn,23350,False,0.9971932638331997,13,0.9971932638331997,13,0.9971932638331997,13,2488
kmy_Latn,11048,False,0.9983425414364642,5,0.9980668323667494,6,0.9980668323667494,6,1808
knc_Arab,6113,False,0.9642686993806575,15,0.9656488549618321,12,0.9682692307692308,1,1072
knc_Latn,9356,False,0.885940146809712,328,0.8903916596224289,324,0.9478444377449502,100,1645
kne_Latn,17520,False,0.9639024390243902,140,0.96435546875,137,0.9842853579446246,52,1984
knf_Latn,19074,False,0.9970551114850653,13,0.9970563498738436,14,0.9970563498738436,14,2371
kng_Latn,100000,False,0.9767879233997618,808,0.9774027834471923,831,0.9777105605455372,881,131942
knj_Latn,24479,False,0.9942010309278351,14,0.9945214308733484,13,0.9945214308733484,13,1547
knk_Latn,13427,False,0.991075223119422,39,0.9908607863974497,39,0.9946386446493674,9,2335
kno_Latn,13390,False,0.9984910541064885,4,0.9987063389391979,3,0.9989207856680337,0,2319
knv_Latn,54786,False,0.9981212638770282,10,0.9981212638770282,10,0.9981212638770282,10,2923
knx_Latn,351,False,0.44444444444444436,141,0.9016393442622951,5,0.8928571428571428,0,62
kny_Latn,3507,False,0.8055555555555556,289,0.882608695652174,157,0.967479674796748,21,614
kog_Latn,17787,False,0.9965128205128205,16,0.9961041623949148,18,0.9993828430364122,2,2430
koi_Cyrl,13537,False,0.45719661335841955,3782,0.45776640172437016,3766,0.5166232572391605,2883,1958
koo_Latn,100000,False,0.9542442609050654,2582,0.9543636163970947,2608,0.9524167175202242,2757,30718
kor_Hang,100000,False,0.9999026193283698,2,0.9999364936895897,7,0.9999375521941937,7,472417
kos_Latn,72165,False,0.9860531648587436,257,0.9837272835253593,332,0.9837272835253593,332,12502
kpe_Latn,78345,False,0.9847456273460585,45,0.9847699545490791,55,0.9847699545490791,55,6311
kpf_Latn,35264,False,0.7905445840813884,9,0.7919904363419008,9,0.7919904363419008,9,2012
kpg_Latn,66707,False,0.9942673921492422,49,0.9943168018652547,50,0.9943168018652547,50,10302
kpj_Latn,17134,False,0.9874326750448833,37,0.986842105263158,39,0.9963746223564954,6,1655
kpq_Latn,6764,False,0.9829946080464539,39,0.9899749373433583,22,0.9974704890387859,2,1187
kpr_Latn,27728,False,0.98881309686221,39,0.9888191982547042,40,0.9888191982547042,40,1814
kpv_Cyrl,37519,False,0.8688645893282906,591,0.8691013541239229,602,0.8691013541239229,602,6288
kpw_Latn,23907,False,0.9988165680473373,3,0.9988165680473373,3,0.9988165680473373,3,1266
kpx_Latn,24157,False,0.9925402434236357,18,0.9921507064364207,19,0.9921507064364207,19,1265
kpz_Latn,13549,False,0.9912280701754387,41,0.9908141962421712,43,0.9976807927472064,3,2374
kqa_Latn,889,False,0.9689440993788819,10,0.9842271293375394,5,0.9936305732484078,2,156
kqc_Latn,22286,False,0.9867098865478121,38,0.9876703439325113,35,0.9876703439325113,35,1525
kqe_Latn,17772,False,0.9655010560901197,142,0.9670897978373296,135,0.9870441458733206,49,2062
kqf_Latn,4591,False,0.9792843691148776,31,0.9867004433185561,18,0.9936061381074168,5,782
kql_Latn,1133,False,0.9320843091334895,29,0.9900497512437811,4,0.9974937343358395,1,199
kqn_Latn,100000,False,0.9769200800677084,1518,0.9772654069143225,1569,0.9770379259716142,1655,74637
kqo_Latn,11062,False,0.9966260057098365,13,0.995850622406639,16,0.9992193598750976,3,1920
kqp_Latn,17793,False,0.9981486379264745,6,0.9984126984126983,5,0.9989406779661016,2,1888
kqs_Latn,11046,False,0.9789607097591888,81,0.9802030456852792,76,0.9948159668221878,6,1933
kqw_Latn,13948,False,0.9779735682819383,30,0.9830258302583026,23,0.9932584269662922,6,666
kqy_Ethi,13330,True,0.9603429796355841,117,0.9603429796355841,117,0.9620143260256132,83,2308
krc_Cyrl,23418,False,0.9043731126272229,805,0.9050817103201253,798,0.9050817103201253,798,4093
kri_Latn,100000,False,0.9971148696508474,28,0.9971676280612068,36,0.9967209719729394,70,28997
krj_Latn,17825,False,0.4840085287846482,4331,0.4891655692565545,4242,0.5876763604952491,2837,2068
krl_Latn,9341,False,0.5229914974839492,2620,0.5256008359456636,2597,0.8923076923076925,200,1636
kru_Deva,17760,False,0.9596224436287362,152,0.9596224436287362,152,0.9659540775930324,127,1832
krx_Latn,970,False,0.66147859922179,173,0.9577464788732394,14,0.9912023460410556,1,171
ksb_Latn,11038,False,0.9147619047619049,347,0.9268998793727383,292,0.980269989615784,32,1932
ksc_Latn,10977,False,0.9896211728074727,39,0.9916796671866874,31,0.9979057591623036,6,1908
ksd_Latn,59612,False,0.9870473169442242,41,0.9865257595772787,43,0.9865257595772787,43,1875
ksf_Latn,11299,False,0.9918616480162766,2,0.9918616480162766,2,0.9908350305498981,2,1980
ksh_Latn,11430,False,0.6568974229408793,1980,0.6950456090144875,1641,0.8948863636363636,327,2007
ksj_Latn,10732,False,0.9978976874562019,3,0.9978976874562019,3,0.9985974754558204,2,712
ksp_Latn,8240,False,0.9930843706777317,15,0.994459833795014,11,0.9965277777777778,4,1441
ksr_Latn,27341,False,0.9937584803256445,13,0.9929501084598698,16,0.9929501084598698,16,1841
kss_Latn,100000,False,0.9940449255163176,4,0.9945372983141596,9,0.9965550204714752,33,27784
ksw_Mymr,100000,False,0.9996587529859113,0,0.9996587529859113,0,0.9996587529859113,0,20520
ktb_Ethi,13238,True,0.8174457121825542,907,0.8160264657232127,915,0.8565883951096449,640,2306
ktj_Latn,17646,False,0.9945640356599261,10,0.9943478260869565,11,0.9943478260869565,11,2302
ktm_Latn,6181,False,0.9225589225589226,69,0.9437428243398392,49,0.976857490864799,9,411
kto_Latn,30763,False,0.987720644666155,31,0.9869631901840491,33,0.9869631901840491,33,1288
ktu_Latn,21343,False,0.6335182665131371,2819,0.6399070455265659,2730,0.6399070455265659,2730,3708
ktz_Latn,357,False,0.6237623762376238,76,0.9843749999999999,2,0.9843749999999999,2,63
kua_Latn,100000,False,0.90795174922435,10812,0.9085820023113357,10844,0.908481993942386,10959,70847
kub_Latn,17771,False,0.9951845906902086,19,0.9945460378569138,23,0.9964641594342655,11,3111
kud_Latn,31123,False,0.9856026326614562,29,0.9839835728952772,33,0.9839835728952772,33,1204
kue_Latn,24594,False,0.9903536977491961,17,0.9907519099316445,16,0.9907519099316445,16,1239
kuj_Latn,11061,False,0.967016491754123,132,0.9691960931630353,123,0.9961250322913976,8,1935
kum_Cyrl,13281,False,0.9450093380369371,230,0.9460978147762747,220,0.9704749679075738,94,2312
kup_Latn,23283,False,0.9934693877551021,16,0.9918500407497962,20,0.9918500407497962,20,1217
kus_Latn,13488,False,0.9924337957124842,36,0.9926424216943451,35,0.9951302138471311,12,2361
kvg_Latn,11146,False,0.9894179894179894,12,0.9876760563380281,14,0.9920424403183024,9,561
kvj_Latn,11057,False,0.9994813278008298,2,0.9994813278008298,2,0.9992213859330392,1,1927
kvn_Latn,17773,False,0.9859478061370806,49,0.9856651376146789,50,0.9968106697593506,11,1719
kwd_Latn,17670,False,0.9947178204058938,14,0.9947178204058938,14,0.9972129319955407,5,1794
kwf_Latn,18620,False,0.9875853507138423,10,0.9875892026062675,11,0.9875892026062675,11,3252
kwi_Latn,17740,False,0.9915084915084915,32,0.992007992007992,31,0.9972368751569957,9,1987
kwj_Latn,24528,False,0.9915406306075366,33,0.9905249679897566,37,0.9905249679897566,37,1934
kwn_Latn,100000,False,0.9885311471062693,715,0.9885516830240337,752,0.986953455571227,911,45057
kwy_Latn,100000,False,0.9864982861266463,820,0.9866095571851948,866,0.9862648641251504,971,69403
kxc_Ethi,13467,True,0.9549360721022846,137,0.9549360721022846,137,0.9637989778534923,77,2356
kxm_Thai,13492,False,0.9910264828189975,41,0.9912434325744308,40,0.9995584988962471,2,2264
kxw_Latn,11040,False,0.9994805194805195,2,0.9994805194805195,2,0.9997400571874188,0,1924
kyc_Latn,27920,False,0.9972424979724249,13,0.996918085969181,14,0.996918085969181,14,3078
kyf_Latn,17627,False,0.9976123290644671,8,0.9973947025618758,8,0.9982608695652173,3,2301
kyg_Latn,27081,False,0.9965622612681436,3,0.9965622612681436,3,0.9965622612681436,3,2624
kyq_Latn,24514,False,0.9990217178634319,1,0.9988262910798121,2,0.9988262910798121,2,2557
kyu_Kali,4280,True,1.0,0,1.0,0,1.0,0,750
kyu_Latn,4306,False,0.9920948616600791,6,0.992748846407383,5,0.9953734302709848,1,759
kyu_Mymr,13476,False,1.0,0,1.0,0,1.0,0,2355
kyz_Latn,16966,False,0.9974619289340101,14,0.9971003986951794,16,0.9989106753812637,6,2751
kze_Latn,24039,False,0.9919932574799831,19,0.9919932574799831,19,0.9919932574799831,19,1177
kzf_Latn,12488,False,0.9901983131980853,38,0.9913281606572342,33,0.9949610627576729,17,2177
kzj_Latn,4996,False,0.68042071197411,757,0.7756618671620995,444,0.8131868131868132,314,874
kzn_Latn,2125,False,0.043885420492104296,10297,0.07081225825647129,6128,0.0850595783684693,4867,356
lac_Latn,17753,False,0.9973427812223206,8,0.9967542047801711,10,0.9985211475894705,3,1690
lad_Hebr,171,False,0.4838709677419355,16,0.6521739130434783,0,0.6521739130434783,0,31
lad_Latn,10070,False,0.3575371549893843,5965,0.419254271106123,4567,0.6995920120249088,1257,1771
lai_Latn,11021,False,0.9338235294117647,263,0.9370388588293163,249,0.9851368970013037,34,1912
laj_Latn,22156,False,0.9848024316109423,51,0.9850519381808969,50,0.9850519381808969,50,1953
lam_Latn,43564,False,0.707713540867965,821,0.7092685906245229,847,0.7092685906245229,847,7606
lao_Laoo,33981,False,0.9989912575655683,4,0.9989912575655683,4,0.9989912575655683,4,5950
lap_Latn,4299,False,0.9875246224556795,19,0.9933949801849407,10,0.9973404255319149,2,752
las_Latn,6746,False,0.8223314606741573,506,0.8306709265175719,476,0.8425992779783394,432,1171
lat_Latn,100000,False,0.9619048602008483,2018,0.9605608033796216,2291,0.958047525722685,2767,48272
law_Latn,6540,False,0.9858064516129033,33,0.9879310344827587,28,0.9969551979121357,7,1146
lbb_Latn,1700,False,0.7452229299363057,79,0.9397590361445783,14,0.9790794979079498,4,118
lbe_Cyrl,182,False,0.3333333333333333,42,0.6190476190476191,1,0.6190476190476191,1,28
lbj_Tibt,10380,True,0.9991746905089409,1,0.9991746905089409,1,0.9991746905089409,1,1818
lbk_Latn,17600,False,0.9756975697569757,101,0.9763566764242287,98,0.9924363969745589,23,2175
lcm_Latn,27324,False,0.9877913429522753,41,0.9861495844875346,47,0.9861495844875346,47,1783
lcp_Thai,4281,False,0.9715025906735751,44,0.974025974025974,40,0.9973297730307076,1,750
ldi_Latn,51424,False,0.9391090695438522,983,0.935797355424566,1072,0.935797355424566,1072,8948
ldn_Latn,106,False,0.06896551724137932,290,0.7586206896551725,0,0.7586206896551725,0,18
lea_Latn,3217,False,0.36591989137813985,1847,0.4933638443935927,1086,0.6310160427807486,592,560
led_Latn,3688,False,0.8575215374420146,214,0.9445255474452554,75,0.9869531849577896,12,648
lee_Latn,17731,False,0.9986675549633578,8,0.9985012489592007,9,0.9991668055324112,5,2998
lef_Latn,13442,False,0.9955461293743372,19,0.9961799660441426,16,0.9978687127024721,2,2349
leh_Latn,55845,False,0.9296929692969297,1107,0.9291031726205347,1122,0.9291031726205347,1122,9595
lem_Latn,17770,False,0.9979069393012397,13,0.9974251689732861,16,0.998871513783653,6,3099
leu_Latn,35286,False,0.9924167490933069,23,0.9917627677100493,25,0.9917627677100493,25,1505
lew_Latn,13383,False,0.9784537389100127,82,0.9796782387806944,74,0.9912149132204843,18,2336
lex_Latn,19181,False,0.983065198983912,74,0.9822335025380711,78,0.9822335025380711,78,2328
lez_Cyrl,337,False,0.1566265060240964,246,0.43396226415094347,23,0.4842105263157894,12,60
lfn_Cyrl,5655,False,0.7550476190476191,642,0.8372881355932204,380,0.9642857142857143,23,992
lfn_Latn,12192,False,0.5673089880070071,3177,0.6827755102040816,1895,0.8356025198130461,726,2139
lgg_Latn,9264,False,0.9410214168039539,79,0.9479615512098111,59,0.9598108747044918,12,1528
lgl_Latn,10951,False,0.9879518072289156,9,0.9879518072289156,9,0.9944029850746269,2,537
lgm_Latn,11059,False,0.9683098591549294,122,0.9727134916624557,104,0.9886069394096323,24,1929
lhi_Latn,10945,False,0.9992201715622563,3,0.999479979199168,2,1.0,0,1922
lhu_Latn,72409,False,0.9996820349761526,5,0.9996820349761526,5,0.9996820349761526,5,12579
lia_Latn,13468,False,0.9949087823504456,19,0.9951198811797157,18,0.9985090521831735,1,2350
lid_Latn,27185,False,0.9956803455723542,14,0.9951430113329737,16,0.9951430113329737,16,1846
lif_Deva,24326,False,0.9980625518959314,6,0.9980625518959314,6,0.9980625518959314,6,1804
lif_Limb,10950,True,1.0,0,1.0,0,1.0,0,1910
lij_Latn,35338,False,0.8451954258405873,1611,0.8366244725738397,1738,0.8366244725738397,1738,5155
lim_Latn,100000,False,0.8592169028935256,5938,0.8470353761833582,6733,0.8257745499497798,8204,22192
lin_Latn,100000,False,0.9929937261515157,297,0.9932480575441931,328,0.9937030157362153,422,281556
lip_Latn,17701,False,0.9987044234684433,6,0.9987044234684433,6,0.9996294924045943,1,2699
lis_Lisu,6732,True,1.0,0,1.0,0,1.0,0,1181
lit_Latn,100000,False,0.973111812422678,3692,0.973534627413262,4053,0.9759942542028315,4701,415894
liv_Latn,625,False,0.36938435940099834,379,0.8102189781021897,52,0.9145299145299145,16,111
ljp_Latn,13436,False,0.9561850417770532,209,0.9587249693502248,196,0.9895855472901169,25,2352
lki_Arab,211,False,0.15555555555555556,45,0.23728813559322035,14,0.23728813559322035,14,38
llb_Latn,25228,False,0.9063456868334917,798,0.8428277282086479,1520,0.8428277282086479,1520,4381
lld_Latn,814,False,0.3303457106274008,514,0.8758620689655173,25,0.9195402298850575,3,138
llg_Latn,14230,False,0.9494252873563218,80,0.9499712478435882,79,0.9666080843585237,48,834
lln_Latn,8245,False,0.9916201117318436,12,0.9919664687390849,11,0.9915671117357695,3,1432
lmk_Latn,17821,False,0.9881310333913594,67,0.9875059307290844,71,0.9960108504866763,16,3130
lmo_Latn,58536,False,0.875882659589593,2227,0.864120283899888,2530,0.864120283899888,2530,9633
lmp_Latn,11043,False,0.9976762199845082,8,0.9984496124031007,5,0.9989658738366081,3,1933
lnd_Latn,25726,False,0.9901917075345519,59,0.9901895206243032,58,0.9901895206243032,58,4471
lob_Latn,13529,False,0.9989444796284569,5,0.9989444796284569,5,0.9993664202745512,3,2366
loe_Latn,6830,False,0.9544364508393286,110,0.963680387409201,86,0.9883430474604497,17,1198
log_Latn,11018,False,0.9950687775759148,18,0.9945525291828793,20,0.9955855621916384,16,1918
lok_Latn,6752,False,0.9957770270270271,9,0.9974619289340101,5,0.9987271955876115,0,1180
lol_Latn,11060,False,0.9772267206477734,85,0.9819476226798881,66,0.991466252909232,14,1936
lom_Latn,11043,False,0.9976689976689977,9,0.9979274611398964,8,0.9992213859330392,2,1926
loq_Latn,7481,False,0.9765712160654518,62,0.978026070763501,58,0.99353366298973,9,1314
loz_Latn,100000,False,0.9916612757608287,817,0.9916705163284887,852,0.9913428829123138,1003,141025
lrc_Arab,168,False,0.05405405405405406,42,0.10526315789473685,6,0.10526315789473685,6,30
lsi_Latn,10998,False,0.9955717634800729,17,0.9971301852334986,11,0.999738425320429,1,1911
lsm_Latn,13528,False,0.9748971193415639,115,0.9767058338486909,106,0.992421052631579,17,2376
ltg_Latn,14559,False,0.40206975852817173,6126,0.4096620239602611,5952,0.5052171802960447,3948,2212
ltz_Latn,100000,False,0.9402527350631839,2448,0.930554659440394,2949,0.9031371078615174,4414,21914
lua_Latn,100000,False,0.9914416793775336,646,0.9915472732613165,663,0.9916043641885058,728,169287
lub_Latn,100000,False,0.9789229131376488,1693,0.9789507347582873,1722,0.9786513969582825,1820,95657
luc_Latn,7040,False,0.9962671090833679,9,0.9970942299709423,7,0.9983361064891848,3,1201
lud_Latn,554,False,0.25662482566248257,529,0.8450704225352113,27,0.9473684210526315,4,96
lue_Latn,100000,False,0.9841107532196033,976,0.9841482600571366,992,0.9838762788268289,1051,88438
lug_Latn,100000,False,0.9713752525486204,795,0.9715241332007798,827,0.9732871250690056,1054,65900
lun_Latn,100000,False,0.9877866634803314,997,0.987817570680271,1021,0.9870030255252057,1128,58302
luo_Latn,100000,False,0.991054513659242,302,0.9913808070342471,344,0.9910954000357974,485,89703
lus_Latn,100000,False,0.9896422788164287,177,0.99017963789989,196,0.990562378797673,273,85615
lvs_Latn,100000,False,0.9759203066883889,4623,0.9762480334599593,5110,0.9776256650832521,6003,461790
lwg_Latn,1392,False,0.5144124168514412,424,0.8446069469835465,70,0.9237113402061856,15,246
lwo_Latn,17490,False,0.9978586723768736,9,0.9976213130352045,10,0.9995231282784931,1,2097
lww_Latn,17549,False,0.9953161592505855,13,0.9950248756218905,14,0.9979441997063143,3,1703
lzh_Hani,97818,False,0.8142694941947771,3529,0.8149261390711484,3507,0.8149261390711484,3507,12658
maa_Latn,38068,False,0.9987627296088322,13,0.9987627296088322,13,0.9987627296088322,13,5247
mad_Latn,44560,False,0.965521596362718,397,0.9633731906859662,442,0.9633731906859662,442,7794
maf_Latn,11056,False,0.9946140035906643,20,0.9953798767967146,17,0.9984512132163139,0,1940
mag_Deva,12847,False,0.65,1553,0.6511213955144179,1535,0.6885931558935361,1195,2254
mah_Latn,100000,False,0.9984269408403912,41,0.9984838667060902,52,0.9983835766354494,78,79547
mai_Deva,43579,False,0.8140680313991073,1618,0.8121314237573715,1668,0.8121314237573715,1668,6087
maj_Latn,17827,False,0.9976798143851509,8,0.9976798143851509,8,0.9991281604184831,2,1720
mak_Latn,26049,False,0.9525725174677111,380,0.9481216457960645,431,0.9481216457960645,431,4567
mal_Latn,10693,False,0.9421981004070556,80,0.9442640692640694,82,0.9584594222833562,24,1869
mal_Mlym,100000,False,0.9999746448161326,0,0.9999830968298105,1,0.9999873226759296,1,118322
mam_Latn,100000,False,0.9963336483833778,68,0.9970738388743619,78,0.9970757201816787,109,48249
maq_Latn,17793,False,0.9985807550383196,5,0.9985807550383196,5,0.9991479693268958,3,1759
mar_Deva,100000,False,0.9835617206895101,1043,0.9842376222822279,1064,0.9864290807403502,1834,216364
mar_Latn,3924,False,0.4712643678160919,1309,0.5879518072289156,779,0.7185273159144893,393,686
mas_Latn,31948,False,0.9739176721078779,222,0.9740996984211461,222,0.9740996984211461,222,5561
mau_Latn,100000,False,0.9986493439670697,24,0.998569522799235,39,0.9980245089378925,79,31114
mav_Latn,23723,False,0.9055501460564752,17,0.906583802680132,22,0.906583802680132,22,2793
maw_Latn,17707,False,0.9949188657597116,26,0.9939374078322136,30,0.9957307060755336,18,3040
max_Latn,333,False,0.22018348623853212,135,0.525,0,0.525,0,59
maz_Latn,17588,False,0.9962867752070836,11,0.9957179560376821,13,0.9985677456316242,2,1746
mbb_Latn,55597,False,0.9857877230117932,85,0.9847455067210391,92,0.9847455067210391,92,3269
mbc_Latn,25471,False,0.9535928143712574,12,0.952404684774483,17,0.952404684774483,17,2085
mbd_Latn,10885,False,0.9890167364016738,36,0.9897932478408793,33,0.996049512773242,9,1897
mbf_Latn,6748,False,0.9013333333333332,258,0.9377724930638129,156,0.9856540084388187,18,1184
mbh_Latn,24424,False,0.9966329966329968,8,0.9962602842183993,9,0.9962602842183993,9,1333
mbi_Latn,11002,False,0.9922118380062306,24,0.9929851909586905,21,0.9968701095461658,6,1917
mbj_Latn,17676,False,0.9980636237897649,6,0.9980636237897649,6,0.9991692052063141,2,1805
mbl_Latn,17712,False,0.998282770463652,6,0.9985685657028341,5,0.9991406473789745,3,1744
mbs_Latn,18964,False,0.9911087866108786,33,0.9911087866108786,33,0.9911087866108786,33,1896
mbt_Latn,17750,False,0.990353697749196,38,0.9910891089108911,35,0.9957721959711515,16,2003
mca_Latn,24591,False,0.9987844408427877,6,0.9987844408427877,6,0.9987844408427877,6,2465
mcb_Latn,17596,False,0.9919075144508671,28,0.9924812030075187,26,0.9970930232558141,9,1716
mcd_Latn,26561,False,0.9909860693799508,28,0.9901800327332243,32,0.9901800327332243,32,1819
mcf_Latn,17567,False,0.9944911568570599,19,0.9947795823665894,18,0.9988351776354106,4,1715
mck_Latn,100000,False,0.9681429681429682,628,0.9679340645513076,666,0.9657089123393584,808,23940
mcn_Latn,30781,False,0.9888930025916328,100,0.9882527055776523,107,0.9882527055776523,107,5362
mco_Latn,100000,False,0.9971844468845904,10,0.9971285400596813,17,0.997045249887438,34,35607
mcp_Latn,22044,False,0.9528201489890032,9,0.9573342736248237,14,0.9573342736248237,14,2943
mcq_Latn,31265,False,0.9969255995080959,14,0.9965171071501742,16,0.9965171071501742,16,2433
mcu_Latn,13492,False,0.9934363751852636,31,0.9877894736842106,58,0.9888162059506225,50,2346
mda_Latn,17774,False,0.9997174343034756,0,0.9994350282485875,1,0.9997174343034756,0,1770
mdf_Cyrl,16365,False,0.5642,4309,0.574015667921457,4138,0.6463624870704517,3019,2870
mdy_Ethi,67085,True,0.9881775373209097,82,0.9882282222110905,82,0.9882282222110905,82,10017
med_Latn,23245,False,0.9990867579908675,1,0.9990867579908675,1,0.9990867579908675,1,2739
mee_Latn,24514,False,0.9946902654867256,15,0.9939865581888928,17,0.9939865581888928,17,1405
mej_Latn,13341,False,0.9957464908549554,19,0.9953231292517006,21,0.9982920580700256,4,2342
mek_Latn,24096,False,0.999096657633243,1,0.999096657633243,1,0.999096657633243,1,2769
men_Latn,16422,False,0.9939035011322068,16,0.9935551297683329,17,0.9954545454545455,1,2872
meq_Latn,17804,False,0.9961482908040443,8,0.9961482908040443,8,0.9971084337349397,4,2077
mer_Latn,3326,False,0.5171717171717172,896,0.5998828353837141,623,0.7313432835820896,278,572
met_Latn,6728,False,0.9794721407624634,49,0.9864978902953586,32,0.9940017137960583,5,1169
meu_Latn,100000,False,0.8896757061237628,4498,0.8886881461407207,4582,0.8880205202196305,4647,23098
mev_Latn,277,False,0.03045685279187817,1698,0.416,51,0.416,51,48
mfe_Latn,100000,False,0.98308256378269,748,0.9829038407497701,864,0.982265472238643,1048,66095
mfg_Latn,1598,False,0.9382303839732887,37,0.9740034662045061,15,0.9857142857142857,3,281
mfh_Latn,13516,False,0.9970563498738436,11,0.9972660357518401,10,0.998946259220232,1,2374
mfi_Latn,17796,False,0.996952686447474,17,0.9958346683755208,24,0.9985542168674698,7,3110
mfk_Latn,17787,False,0.9918272037361354,24,0.9921167883211679,23,0.9964809384164224,8,1703
mfq_Latn,21554,False,0.9933226495726496,11,0.9933226495726496,11,0.9933226495726496,11,3758
mfy_Latn,19912,False,0.9779693486590039,55,0.9797087610408213,58,0.9797087610408213,58,2079
mfz_Latn,13402,False,0.9968146103206627,14,0.9968146103206627,14,0.9989350372736955,2,2348
mgc_Latn,5026,False,0.9854910714285715,25,0.9926925238898258,12,0.9954853273137697,6,884
mgh_Latn,78930,False,0.9760143101065127,273,0.9761643724367565,286,0.9761643724367565,286,12321
mgm_Latn,179,False,0.14678899082568805,271,0.75,3,0.75,3,32
mgo_Latn,11133,False,0.9905771495877503,4,0.9911608721272834,3,0.9917452830188678,2,853
mgr_Latn,100000,False,0.9487692615569342,1201,0.9486502699460106,1225,0.9462884010041042,1381,25064
mhi_Latn,13542,False,0.963098878695209,181,0.9686282550748411,153,0.9928360724820903,28,2362
mhl_Latn,17037,False,0.9910851521672301,28,0.9907749077490775,28,0.9965975873801424,9,1613
mhr_Cyrl,100000,False,0.9517594827329341,2155,0.9507640573154582,2233,0.9444812703463108,2803,33025
mhw_Latn,524,False,0.36174636174636177,301,0.9180327868852459,6,0.9142857142857143,2,93
mhx_Latn,17532,False,0.995834490419328,15,0.9950055493895671,18,0.99860529986053,2,1793
mhy_Latn,13427,False,0.9813690600795479,80,0.9821914938194006,76,0.9910638297872341,18,2353
mib_Latn,24577,False,0.9980522010128555,4,0.9976635514018691,5,0.9976635514018691,5,1282
mic_Latn,17716,False,0.9951247490679668,17,0.994269340974212,20,0.9988485895221647,4,1735
mie_Latn,17822,False,1.0,0,0.9997061416397296,1,1.0,0,1701
mif_Latn,17711,False,0.9973538609574212,10,0.9973538609574212,10,0.9990361445783134,3,2074
mig_Latn,17825,False,0.9988412514484357,2,0.9988412514484357,2,0.9991301826616411,0,1726
mih_Latn,17758,False,0.9982847341337907,4,0.9982847341337907,4,0.9988558352402745,2,1748
mil_Latn,17720,False,0.9991163475699558,3,0.9985281130409184,5,0.9997052755673446,1,1696
mim_Latn,6759,False,0.9915397631133671,20,0.9919525624735281,18,0.9935815147625161,4,1172
min_Arab,847,False,0.31034482758620685,487,0.43283582089552236,270,0.575682382133995,137,150
min_Latn,100000,False,0.9549917679963501,1541,0.9523207334663796,1711,0.9418721886148596,2487,24800
mio_Latn,17742,False,0.9988239905919247,3,0.9988239905919247,3,0.9992156862745097,1,2551
mip_Latn,6764,False,0.9924559932942164,16,0.9928721174004193,15,0.9970426700464723,1,1186
miq_Latn,86132,False,0.9929514764801899,58,0.9929167439273132,63,0.9929167439273132,63,13515
mir_Latn,16801,False,0.9993134225883968,4,0.9993134225883968,4,0.9998282672162115,1,2911
mit_Latn,17430,False,0.9982507288629737,6,0.9979597784902361,7,0.9997080291970802,1,1712
miy_Latn,17828,False,0.9902571474205399,59,0.9902571474205399,59,0.9939043952518447,34,3102
miz_Latn,17822,False,0.9982373678025851,6,0.9979441997063142,7,0.9991179064980887,3,1699
mjc_Latn,17745,False,0.9991230634317451,3,0.9991230634317451,3,1.0,0,1709
mjw_Latn,11088,False,0.9872967479674797,47,0.9875476493011436,46,0.9976881582327253,5,1946
mkd_Cyrl,100000,False,0.9772522257520493,3073,0.9772718361585613,3115,0.9771583379573718,3295,153389
mkl_Latn,17702,False,0.9969765684051399,14,0.9971649971649972,13,0.9973534971644613,12,2640
mkn_Latn,18360,False,0.979232505643341,79,0.977657413676371,83,0.977657413676371,83,2182
mks_Latn,17827,False,0.9994239631336406,2,0.9994239631336406,2,0.9988472622478386,2,1735
mkz_Latn,1446,False,0.7853577371048253,126,0.9533468559837729,19,0.9567099567099567,2,239
mlh_Latn,31269,False,0.9927536231884058,18,0.9927536231884058,18,0.9927536231884058,18,1372
mlp_Latn,24038,False,0.9890795631825273,25,0.9883086515978176,27,0.9883086515978176,27,1271
mlt_Latn,100000,False,0.976045210910031,7877,0.9750667734445255,8887,0.9741979717098287,10121,334748
mlu_Latn,815,False,0.49270072992700725,273,0.9084745762711866,21,0.9103942652329748,12,140
mmn_Latn,11023,False,0.9694189602446484,119,0.9716475095785441,110,0.9942105263157894,8,1903
mmo_Latn,24576,False,0.9773160907356371,107,0.9769018859927951,109,0.9769018859927951,109,2305
mmx_Latn,28734,False,0.9941489361702127,43,0.9936204146730463,47,0.9936204146730463,47,3739
mna_Latn,33077,False,0.994073275862069,40,0.9932705248990579,46,0.9932705248990579,46,3694
mnb_Latn,13514,False,0.9849686847599165,70,0.986410202801589,63,0.9938598348507305,15,2361
mnf_Latn,13467,False,0.9989359438178336,5,0.9987234042553191,6,0.9991482112436116,3,2347
mni_Beng,41766,False,0.9638009049773756,460,0.9627758574847115,476,0.9627758574847115,476,7326
mni_Latn,889,False,0.31749241658240646,675,0.7315914489311164,110,0.9274447949526814,13,157
mni_Mtei,3424,True,0.9983305509181971,2,0.9991645781119466,1,0.9991645781119466,1,598
mnk_Latn,13537,False,0.9953508030431106,16,0.9955611921369689,15,0.9974587039390089,6,2361
mns_Cyrl,971,False,0.5425867507886435,290,0.8113207547169812,80,0.9855907780979827,4,172
mnw_Mymr,291,False,0.6335403726708075,58,0.8031496062992126,24,0.9600000000000001,0,52
mnx_Latn,6272,False,0.9861048857014793,30,0.9918845807033363,17,0.997732426303855,4,1101
mny_Latn,41872,False,0.9022401863396589,779,0.8983374216407741,851,0.8983374216407741,851,7233
moa_Latn,17800,False,0.9972778222578063,17,0.9958426606971539,26,0.9993581514762516,4,3114
moc_Latn,18050,False,0.9959080893925086,24,0.9957513768686074,25,0.9957513768686074,25,3166
mog_Latn,13436,False,0.9936788874841972,28,0.9936788874841972,28,0.9976719576719578,8,2360
moh_Latn,1569,False,0.8644338118022328,81,0.9540636042402828,21,0.9781818181818182,6,275
mop_Latn,18531,False,0.9468307406547481,103,0.94661095636026,104,0.94661095636026,104,2165
mor_Latn,13526,False,1.0,0,0.9997876406880442,1,0.9997876406880442,1,2354
mos_Latn,100000,False,0.9969629241479612,51,0.9975581215168501,60,0.9975753821176421,106,93744
mox_Latn,30851,False,0.9963924963924964,13,0.996033177064551,15,0.996033177064551,15,2769
mpg_Latn,17806,False,0.9803354540196646,64,0.9820393974507532,58,0.9947152084556665,13,1699
mph_Latn,1016,False,0.9518716577540107,18,0.9944134078212291,2,1.0,0,178
mpm_Latn,17709,False,0.9936944219886823,30,0.9938551099611901,29,0.9956261137210433,18,3082
mpp_Latn,13388,False,0.9858196256381168,24,0.9858196256381168,24,0.997128087306146,3,870
mps_Latn,62082,False,0.9961681087762669,13,0.9961681087762669,13,0.9961681087762669,13,8108
mpt_Latn,30449,False,0.9900575614861329,19,0.989022477783586,21,0.989022477783586,21,946
mpx_Latn,28162,False,0.9899143672692673,41,0.9893495625713199,44,0.9893495625713199,44,2613
mqb_Latn,17749,False,0.997675962815405,12,0.9975103734439833,13,0.999001996007984,2,3007
mqj_Latn,24541,False,0.965177629264861,63,0.9648135116115413,63,0.9648135116115413,63,1408
mqy_Latn,11063,False,0.9884998722208025,44,0.9915406306075366,32,0.9968992248062015,6,1935
mrg_Latn,9720,False,0.9900990099009901,31,0.9909647333139026,28,0.9982373678025852,2,1703
mri_Latn,73030,False,0.9730281496603981,465,0.9730493115217136,475,0.9730493115217136,475,12614
mrj_Cyrl,32843,False,0.9230769230769231,503,0.9184347006129183,561,0.9184347006129183,561,5174
mrq_Latn,827,False,0.17799752781211373,1328,0.39831697054698456,425,0.5458248472505092,211,146
mrv_Latn,137,False,0.07881773399014778,170,0.43750000000000006,0,0.43750000000000006,0,25
mrw_Latn,32855,False,0.985172981878089,155,0.9850021673168617,157,0.9850021673168617,157,5697
msb_Latn,17760,False,0.5504148053605615,2806,0.5560032232070911,2743,0.6547664261298899,1805,1737
msc_Latn,4006,False,0.950575490859851,70,0.9616438356164384,53,0.9769452449567724,5,705
mse_Latn,11044,False,0.9921915668922436,23,0.9934844930935627,18,0.9973808276584599,1,1913
msk_Latn,17461,False,0.9751588677065279,79,0.9748772740398499,80,0.9911920140927775,23,1695
msm_Latn,17525,False,0.9746290090952608,96,0.9746168582375478,95,0.9885783718104495,35,2046
msy_Latn,23880,False,0.994797919167667,13,0.9944,14,0.9944,14,1243
mta_Latn,17707,False,0.9974068071312804,15,0.997569275644142,15,0.9995127497157706,2,3078
mtg_Latn,10910,False,0.991448561803576,31,0.991448561803576,31,0.9963522668056279,11,1915
mti_Latn,37906,False,0.9913664781184875,27,0.9916617033948779,26,0.9916617033948779,26,1667
mtj_Latn,13341,False,0.9929802169751116,26,0.9936115843270868,22,0.9963667450309895,7,2341
mto_Latn,24568,False,0.9998274969811972,1,0.9998274969811972,1,0.9998274969811972,1,2898
mtp_Latn,17826,False,0.9987334901393161,7,0.9987334901393161,7,1.0,0,2760
mua_Latn,11045,False,0.9971406290616064,8,0.9973998959958398,7,0.9984375,2,1921
mug_Latn,30584,False,0.9927841814262957,31,0.9927855335894313,32,0.9927855335894313,32,5343
muh_Latn,17927,False,0.9977535301668806,11,0.9977542508822587,12,0.9993571198971392,1,3112
mui_Latn,2590,False,0.4588045234248788,977,0.4871060171919771,866,0.8867313915857606,62,454
mup_Deva,6754,False,0.863103953147877,369,0.8681885125184094,353,0.9688552188552187,41,1184
mur_Latn,13305,False,0.9942344650864829,23,0.9946592608417004,21,0.9967804249839022,5,2332
mus_Latn,406,False,0.25782688766114176,401,0.9589041095890412,4,0.9343065693430657,1,72
mux_Latn,30379,False,0.9948867786705624,20,0.9946445959104185,21,0.9946445959104185,21,2044
muy_Latn,17784,False,0.9955773955773956,26,0.9960681520314547,24,0.9980295566502462,11,3040
mva_Latn,31340,False,0.9817629179331306,44,0.979529946929492,50,0.979529946929492,50,1296
mvn_Latn,17532,False,0.994919372652971,12,0.9947019867549669,14,0.9966806815667183,4,2263
mvp_Latn,13386,False,0.9846219564288764,66,0.9856807010044881,62,0.9928894634776988,26,2311
mwc_Latn,5701,False,0.9088453747467926,132,0.9353717859624741,90,0.983050847457627,14,676
mwf_Latn,268,False,0.7933884297520661,25,1.0,0,1.0,0,48
mwl_Latn,29497,False,0.815993665874901,2296,0.8120028353154289,2361,0.8120028353154289,2361,5181
mwm_Latn,34765,False,0.9968827260023648,2,0.9969905417024936,2,0.9969905417024936,2,4664
mwn_Latn,45676,False,0.8557010829506151,2220,0.818245842136627,3036,0.818245842136627,3036,7871
mwp_Latn,4930,False,0.9931192660550459,11,0.9954022988505746,7,0.9976958525345622,3,867
mwq_Latn,13480,False,0.996618765849535,11,0.9972510044406852,8,0.998305802626006,2,2363
mwv_Latn,13480,False,0.9865940511101801,62,0.9882501049097776,54,0.9925768822905621,18,2357
mww_Latn,100000,False,0.996492243156258,65,0.9965653132795835,69,0.9964942715674582,81,27685
mxb_Latn,17827,False,0.9988696915872759,1,0.9988700564971751,2,0.9983844911147012,1,3099
mxp_Latn,17765,False,0.9973599295981226,6,0.9973599295981226,6,0.998531571218796,2,1703
mxq_Latn,17822,False,0.9993564993564993,4,0.9993564993564993,4,0.9998390471591823,1,3106
mxt_Latn,17738,False,0.9974070872947278,8,0.9974070872947278,8,0.9979821274142405,6,1732
mxv_Latn,100000,False,0.9913047345831387,18,0.9914180265907776,21,0.9955335426524565,53,22661
mya_Mymr,100000,False,0.998990823534934,73,0.9991376427729184,74,0.9992140301483958,81,85231
myb_Latn,17794,False,0.995418728238959,18,0.9952363503114694,19,0.9985294117647059,1,2723
myk_Latn,17969,False,0.9947191550648105,31,0.9947191550648105,31,0.9955156950672645,26,3110
myu_Latn,17307,False,0.9967883211678832,9,0.9962065946892326,11,0.9964912280701754,7,1709
myv_Cyrl,46588,False,0.886814068049032,1695,0.8852608745290559,1742,0.8852608745290559,1742,8022
myw_Latn,20830,False,0.9842105263157895,36,0.9833479404031551,38,0.9833479404031551,38,1122
myx_Latn,24108,False,0.9646835099157837,222,0.9646835099157837,222,0.9646835099157837,222,3589
myy_Latn,17572,False,0.9941050375133975,21,0.993838735601393,22,0.9943714821763602,20,1856
mza_Latn,17806,False,0.9455909943714822,202,0.9468599033816425,197,0.9910112359550562,31,1765
mzh_Latn,30095,False,0.9905368868288914,90,0.9902519061866616,94,0.9902519061866616,94,5137
mzk_Latn,13518,False,0.9964066793489749,15,0.9970401691331925,13,0.9985160059359762,3,2359
mzl_Latn,11046,False,0.9989637305699481,4,0.9989637305699481,4,0.9997407311381903,1,1928
mzm_Latn,17809,False,0.9984251968503937,5,0.9984257477698094,6,0.9986004198740378,5,2857
mzn_Arab,25413,False,0.26551956815114713,21247,0.2718070957266729,20555,0.2718070957266729,20555,4458
mzw_Latn,17739,False,0.9978537229651643,11,0.9978537229651643,11,0.9988424011906731,3,3024
mzz_Latn,1662,False,0.8352668213457076,71,0.9350649350649352,25,0.9917355371900827,3,180
nab_Latn,17051,False,1.0,0,1.0,0,1.0,0,1684
naf_Latn,30339,False,0.9948919449901769,12,0.9945011783189317,13,0.9945011783189317,13,1267
nah_Latn,14383,False,0.7333728044207618,833,0.7343565525383707,840,0.7379145025968838,783,2376
nak_Latn,24401,False,0.9961389961389961,8,0.9953703703703703,10,0.9953703703703703,10,1292
nan_Latn,41646,False,0.9560924231452832,635,0.9456557110315652,806,0.9456557110315652,806,7294
nap_Latn,26109,False,0.7461571125265394,2802,0.7430214853662661,2850,0.7430214853662661,2850,4580
naq_Latn,92558,False,0.9995026112907237,6,0.9995337125804346,6,0.9995337125804346,6,16086
nas_Latn,24606,False,0.9984712077458807,9,0.998301053346925,9,0.998301053346925,9,2939
nav_Latn,81124,False,0.9980150290656459,25,0.9978738483345145,31,0.9978738483345145,31,14109
naw_Latn,17827,False,0.9988432620011567,4,0.9988432620011567,4,0.9991316931982634,2,1727
nba_Latn,100000,False,0.98732747804266,420,0.9851125938281902,544,0.9825152290068401,677,23793
nbc_Latn,10982,False,0.9927611168562565,25,0.9940460781775823,20,0.9979166666666667,1,1923
nbe_Latn,11062,False,0.9961350167482609,14,0.9958784131890779,15,0.9984496124031006,4,1934
nbl_Latn,100000,False,0.8324551107559373,10310,0.8316138357256779,10443,0.8303604746622881,10574,36442
nbq_Latn,3157,False,0.9518900343642612,56,0.9719298245614034,32,0.983111111111111,18,554
nbu_Latn,30552,False,0.9943746484155259,30,0.9944678856071261,29,0.9944678856071261,29,5333
nca_Latn,24465,False,0.9954819277108433,12,0.9954819277108433,12,0.9954819277108433,12,1322
nch_Latn,100000,False,0.9167162611587607,603,0.9166987504812573,610,0.9173215969820812,655,30341
ncj_Latn,100000,False,0.9433826428289822,570,0.9437270952495119,589,0.9438501760021872,653,30251
ncl_Latn,17768,False,0.986838256800234,34,0.9874158618671349,32,0.9935217903415783,11,1698
ncq_Laoo,4269,True,0.9920739762219286,11,0.9920739762219286,11,0.9933862433862434,9,752
nct_Latn,11027,False,0.9902614044079959,35,0.9907692307692308,33,0.9961230292065133,7,1935
ncu_Latn,17218,False,1.0,0,1.0,0,1.0,0,2969
ncx_Latn,100000,False,0.8652781970017105,4653,0.8643220117701409,4729,0.8632220062909461,4828,23542
ndc_Latn,100000,False,0.8611090200093346,8010,0.8608409374483245,8077,0.857814512023478,8329,29812
nde_Latn,100000,False,0.7279322337678964,19672,0.7278854254422914,19699,0.7272766016386629,19781,39946
ndh_Latn,625,False,0.5263157894736842,171,0.9116279069767442,8,0.9365853658536586,0,109
ndi_Latn,11030,False,0.9987056691690396,2,0.9987056691690396,2,0.9989642672190574,1,1932
ndj_Latn,17827,False,0.9677063207286779,105,0.9684908789386402,101,0.9757592644190582,73,1765
ndo_Latn,100000,False,0.8988107533862543,2609,0.8992747427695392,2648,0.8997197066115399,2757,72023
ndp_Latn,13523,False,0.9856519026824704,69,0.9862614487926727,65,0.9957770270270271,8,2370
nds_Latn,100000,False,0.8927479082935215,2785,0.8836245631552672,3244,0.853483631130831,4785,19117
ndy_Latn,6763,False,0.9874686716791979,29,0.9882943143812709,27,0.995766299745978,3,1183
ndz_Latn,17783,False,0.9977280103862383,14,0.9975661203959111,15,0.9993493819128172,2,3074
neb_Latn,13396,False,0.9970238095238095,14,0.9963868225292243,16,0.9972334539263673,11,2345
new_Deva,25626,False,0.6536498420157174,3803,0.6559961000974976,3765,0.6559961000974976,3765,4506
nfa_Latn,17143,False,0.9933741080530072,17,0.9936273260260006,16,0.9951468710089401,9,1958
nfr_Latn,13480,False,0.998730964467005,3,0.9989422466680771,2,0.9983050847457626,0,2364
ngb_Latn,3303,False,0.7796610169491526,320,0.838192419825073,217,0.9703832752613241,11,580
ngc_Latn,11049,False,0.9574678536102869,167,0.9612711022840118,151,0.9868793413943916,28,1941
ngl_Latn,100000,False,0.957391853368282,1110,0.9571556709097501,1185,0.9556359482102057,1288,26137
ngp_Latn,17827,False,0.8727825646224024,433,0.8733823902562802,429,0.8762729124236251,416,1791
ngu_Latn,100000,False,0.9043564563309654,692,0.9048302497325227,701,0.90703171675715,755,20283
nhd_Latn,13486,False,0.6627674750356634,2334,0.6638066638066639,2319,0.679617453676031,2065,2353
nhe_Latn,28871,False,0.9233265720081135,214,0.9234817813765182,219,0.9234817813765182,219,2440
nhg_Latn,16904,False,0.9862104187946884,54,0.9859586418177175,55,0.9971568880847764,9,1931
nhi_Latn,18600,False,0.7727505548915826,1240,0.7768056270372277,1211,0.7768056270372277,1211,2354
nhk_Latn,3218,False,0.706703910614525,374,0.8208469055374593,172,0.9,64,552
nho_Latn,24502,False,0.9894640403114978,45,0.9892374627891001,46,0.9892374627891001,46,2161
nhr_Latn,17751,False,0.9972646822204345,17,0.9971042471042472,18,0.9980676328502416,12,3099
nhu_Latn,17806,False,0.9986399844569652,6,0.9984459984459985,7,0.999611046285492,1,2571
nhw_Latn,17816,False,0.6102670718055333,2339,0.610088070456365,2334,0.6102835175396445,2332,2006
nhx_Latn,35642,False,0.990280777537797,35,0.9889458074952817,40,0.9889458074952817,40,1835
nhy_Latn,17810,False,0.9573170731707317,146,0.9597110308419006,137,0.9675070028011205,108,1735
nia_Latn,100000,False,0.9942992808535895,325,0.9939999172402377,362,0.9924544928813372,482,36105
nif_Latn,10209,False,0.9963423555230432,5,0.9956140350877193,6,0.9992663242846662,1,681
nii_Latn,30695,False,0.9978947368421052,3,0.9970551114850652,5,0.9970551114850652,5,1187
nij_Latn,13418,False,0.9795577805590322,95,0.9809901817422185,88,0.9921259842519685,17,2351
nim_Latn,17845,False,0.9869540555870674,40,0.9869540555870674,40,0.9931467732724159,17,1746
nin_Latn,24556,False,0.9910279415534479,35,0.9910279415534479,35,0.9910279415534479,35,1933
nio_Cyrl,90,False,0.22368421052631576,118,0.9714285714285714,1,0.9714285714285714,1,17
niq_Latn,30088,False,0.9850576886703234,120,0.9850605143721635,121,0.9850605143721635,121,5246
niu_Latn,100000,False,0.9932772091333051,462,0.9937473897016541,474,0.9940312407399569,526,82648
niy_Latn,11062,False,0.9852866565195332,58,0.9855366658208576,57,0.9857868020304569,56,1942
njb_Latn,10983,False,0.9927423535510627,25,0.9940306254866338,20,0.9971331769611677,6,1918
njm_Latn,30730,False,0.9921875,56,0.9914466344365935,62,0.9914466344365935,62,5362
njn_Latn,29912,False,0.99046347510967,69,0.9901783160102984,71,0.9901783160102984,71,5224
njo_Latn,30731,False,0.9918473225866221,77,0.9922164566345442,74,0.9922164566345442,74,5364
njz_Latn,11038,False,0.9907692307692307,35,0.9907692307692307,35,0.9976750193748386,7,1933
nkf_Latn,6762,False,0.9837296620775972,35,0.9895090222408729,21,0.9957770270270271,6,1183
nki_Latn,11061,False,0.9204629401625216,254,0.9249070631970261,231,0.9258248573554949,227,1938
nko_Latn,17654,False,0.9997031760166222,1,0.9985176400830122,5,0.9985167606051617,4,1684
nla_Latn,233,False,0.14137931034482756,498,0.9876543209876543,0,0.9876543209876543,0,41
nlc_Latn,13403,False,0.9932432432432432,32,0.9940828402366864,28,0.9980879541108987,6,2352
nld_Latn,100000,False,0.9588284460934124,5597,0.9615928163584638,6181,0.9654056760523404,7295,641526
nlg_Latn,16692,False,0.9787367104440274,56,0.9793491864831039,54,0.9920508744038157,8,1577
nma_Latn,11038,False,0.9938429964084144,24,0.9953751284686536,18,0.998968540484786,4,1937
nmf_Latn,30733,False,0.9856221198156682,138,0.9854404718024328,140,0.9854404718024328,140,5365
nmh_Latn,11056,False,0.9925507320832263,27,0.9930609097918274,25,0.9976738175239079,5,1934
nmo_Latn,11055,False,0.9870208270449744,41,0.9885126964933495,36,0.9951219512195122,11,1637
nmw_Latn,3113,False,0.9019607843137255,45,0.9517241379310345,21,0.983372921615202,7,207
nmz_Latn,13452,False,0.9968119022316684,13,0.9970238095238095,12,0.9987217724755006,3,2347
nnb_Latn,83880,False,0.8725016179997716,429,0.8721964570820345,455,0.8721964570820345,455,14379
nng_Latn,11050,False,0.9912954429083463,34,0.9923116350589442,30,0.9974213512119648,8,1936
nnh_Latn,10903,False,0.9968586387434556,10,0.9947753396029257,18,0.9968586387434556,10,1906
nnl_Latn,29935,False,0.9891325071496663,75,0.9889460644177626,78,0.9889460644177626,78,5227
nno_Latn,100000,False,0.8679183010269494,18602,0.8665970838472973,19007,0.8629644074833613,19795,70580
nnp_Latn,11050,False,0.9928315412186379,26,0.9943589743589745,20,0.9974240082431737,5,1941
nnq_Latn,17827,False,0.9357045143638851,232,0.9387530898104917,219,0.9620039403321138,131,1713
nnw_Latn,17675,False,0.999838213881249,0,0.999838213881249,0,0.999838213881249,0,3091
noa_Latn,35324,False,0.9971477467199087,8,0.9972907457578782,8,0.9972907457578782,8,3508
nob_Latn,100000,False,0.9515221853123365,21052,0.9514561757785724,21221,0.9513630003252266,21461,431557
nod_Thai,11038,False,0.4779612117326495,3256,0.47942122186495184,3237,0.6816,1392,1492
nog_Cyrl,19172,False,0.8789237668161436,513,0.8816381638163817,498,0.8816381638163817,498,1987
non_Latn,502,False,0.14646464646464646,646,0.6918238993710693,16,0.6845637583892618,10,88
nop_Latn,31774,False,0.9974791545472173,10,0.9967060647161403,14,0.9967060647161403,14,2575
not_Latn,24235,False,0.9873817034700315,32,0.9866036249014972,34,0.9866036249014972,34,1252
nou_Latn,30588,False,0.9941275167785235,9,0.9937106918238993,10,0.9937106918238993,10,1190
nov_Latn,1813,False,0.1184995737425405,4098,0.2641148325358852,1498,0.536,416,316
nph_Latn,11061,False,0.9956219417975791,14,0.9966486207785512,10,0.998966408268734,1,1936
npi_Deva,100000,False,0.9509242307919449,779,0.9513240381096302,782,0.9516057766098462,1451,43631
npi_Latn,359,False,0.24669603524229075,334,0.7499999999999999,21,0.8376068376068376,4,64
npl_Latn,24576,False,0.8088607594936709,1178,0.8096973538266519,1170,0.8096973538266519,1170,2586
npo_Latn,11061,False,0.9938398357289527,23,0.9948612538540595,19,0.9984528107271791,5,1937
npy_Latn,13254,False,0.9856254022741902,65,0.9866838487972509,60,0.9956502827316225,10,2299
nqo_Nkoo,8471,False,1.0,0,1.0,0,1.0,0,1394
nre_Latn,30002,False,0.9913522759669295,56,0.9908797263917919,60,0.9908797263917919,60,5251
nrf_Latn,6460,False,0.4338335607094134,2894,0.46102819237147596,2588,0.9544235924932977,46,1124
nri_Latn,11054,False,0.9677257943457593,126,0.9728370221327969,105,0.9956241956241957,14,1937
nsa_Latn,11044,False,0.9935749164739142,25,0.9945973758682789,21,0.9984504132231405,6,1933
nse_Latn,93386,False,0.7992470151370586,7224,0.7911527876872898,7662,0.7911527876872898,7662,16058
nsm_Latn,29995,False,0.9917024320457797,46,0.9915149203927924,49,0.9915149203927924,49,5240
nsn_Latn,24366,False,0.9819413092550789,45,0.981188863807374,46,0.981188863807374,46,1308
nso_Latn,100000,False,0.9869203771829677,1630,0.987290456515712,1672,0.9873447672099673,1741,297849
nss_Latn,5620,False,0.919952210274791,66,0.9529702970297029,37,0.988446726572529,8,386
nst_Latn,30606,False,0.9872420262664166,48,0.9881030444964871,51,0.9881030444964871,51,5350
nsu_Latn,17790,False,0.9544055944055944,144,0.9568143578238922,135,0.9715261958997721,81,1725
ntp_Latn,17357,False,0.9985193959135328,5,0.9988151658767772,4,1.0,0,1686
ntr_Latn,17764,False,0.9977206121784434,12,0.9977206121784434,12,0.9990215264187867,3,3066
ntu_Latn,12626,False,0.9868904037755637,25,0.9884453781512605,22,0.9978700745473909,0,941
nuj_Latn,8313,False,0.9439890710382514,144,0.9488148402610787,128,0.9739507959479017,16,1402
nus_Latn,14391,False,0.9962502466942964,12,0.9944838455476753,21,0.9964426877470356,8,2531
nuy_Latn,11270,False,0.998727411555103,3,0.9984732824427482,4,0.9992360580595875,1,1964
nuz_Latn,1598,False,0.6853658536585366,257,0.7794729542302358,158,0.9577464788732395,14,282
nvm_Latn,22498,False,0.993085566119274,16,0.9922279792746114,18,0.9922279792746114,18,1149
nwb_Latn,13165,False,0.9969723183391004,14,0.9969723183391004,14,0.99913307325531,4,2305
nwi_Latn,17294,False,0.9970617042115573,10,0.9970617042115573,10,0.9987736080451313,3,2038
nwx_Deva,16773,False,0.9602780536246276,228,0.9607550919026329,225,0.9765163034296334,116,2913
nxd_Latn,11061,False,0.9899974352398051,33,0.9917780061664954,26,0.9945638105099663,6,1936
nya_Latn,100000,False,0.971026170762508,2083,0.9715139618417249,2156,0.9725228229550289,2358,387398
nyf_Latn,13672,False,0.9261797532798121,350,0.9281789638932496,339,0.9727610400330169,97,2392
nyk_Latn,100000,False,0.9850674428998728,366,0.9850411454339442,425,0.9842514285714286,524,43915
nyn_Latn,100000,False,0.9077867972340334,1386,0.9081655992680695,1429,0.9059265028676627,1870,36759
nyo_Latn,13528,False,0.6857142857142856,2056,0.6927475173036413,1984,0.7551290536068829,1402,2360
nyu_Latn,100000,False,0.9157468727005151,3390,0.9145527859237537,3531,0.9100683371298406,3825,26080
nyy_Latn,99263,False,0.9752989438771057,367,0.9735369989275673,464,0.9735369989275673,464,17243
nza_Latn,4301,False,0.9709489993544222,45,0.9868766404199476,20,0.9894736842105264,16,752
nzi_Latn,100000,False,0.9958698516861089,97,0.996660187312246,107,0.996588775573165,246,56672
nzm_Latn,30721,False,0.9951582867783986,37,0.995065636346709,38,0.995065636346709,38,5359
obo_Latn,17566,False,0.9958178438661711,16,0.9948908499767766,19,0.9983686786296901,4,2145
oci_Latn,100000,False,0.930436926939718,2383,0.9248076837565031,2708,0.9064473427225972,3724,21472
ogo_Latn,49629,False,0.9948884758364313,55,0.9932193567082005,89,0.9932193567082005,89,8597
ojb_Cans,33721,False,0.9861191440138808,69,0.9861191440138808,69,0.9861191440138808,69,3437
ojb_Latn,26541,False,0.9950844197478094,40,0.9940234791889008,51,0.9940234791889008,51,4662
oke_Latn,51037,False,0.9663294078620004,460,0.9666961717194069,451,0.9666961717194069,451,8888
oku_Latn,6760,False,0.9966386554621849,8,0.9970575872215216,7,0.9991575400168492,2,1186
okv_Latn,24041,False,0.9920597851471274,17,0.9925233644859813,16,0.9925233644859813,16,1062
old_Latn,13531,False,0.9798378715443775,79,0.9796342477140483,80,0.9886363636363636,28,2375
olo_Latn,8012,False,0.5131603165838394,2636,0.5334355240467522,2424,0.8968935888962327,266,1403
omb_Latn,4266,False,0.9758327890267798,37,0.9861386138613861,21,0.9966644429619745,5,747
omw_Latn,27268,False,0.9966703662597115,9,0.9966703662597115,9,0.9966703662597115,9,1799
ong_Latn,31080,False,0.9944277753964852,13,0.9944277753964852,13,0.9944277753964852,13,1160
ons_Latn,24539,False,0.9978510934142333,16,0.9977249747219414,17,0.9977249747219414,17,3948
ood_Latn,16954,False,0.9972621492128679,12,0.9974328256032859,11,0.9989715461090161,2,2918
opm_Latn,23755,False,0.9894050529747352,25,0.9890020366598778,26,0.9890020366598778,26,1215
orv_Cyrl,27832,False,0.7359771946004863,2740,0.7384900260920797,2696,0.7384900260920797,2696,4798
ory_Latn,435,False,0.28110599078341014,296,0.778523489932886,14,0.8057553956834532,6,77
ory_Orya,100000,False,0.9995538963630815,8,0.9995538963630815,8,0.9994252266835578,48,42602
oss_Cyrl,100000,False,0.9983740357498894,15,0.9984114122438535,15,0.9984542731352671,24,93928
ota_Arab,674,False,0.5052631578947367,93,0.5607476635514019,34,0.582010582010582,14,120
otd_Latn,6719,False,0.9564863765758439,103,0.9655455291222312,81,0.9894736842105264,20,1180
ote_Latn,56504,False,0.9859810666804615,51,0.9849666787208762,74,0.9849666787208762,74,9750
otm_Latn,17662,False,0.9962438601560243,13,0.9959560947429231,14,0.9971081550028918,10,1724
otn_Latn,17786,False,0.9888603256212509,37,0.9885779554540264,38,0.9894255501571878,35,1733
oto_Latn,4664,False,0.8372093023255814,225,0.9001218026796589,103,0.9127432517263026,66,800
otq_Latn,17800,False,0.9982075932866221,11,0.9983702737940027,10,0.9983702737940027,10,3063
ots_Latn,21473,False,0.9567901234567902,8,0.9611586570111915,9,0.9611586570111915,9,2358
otw_Latn,85,False,0.09649122807017545,202,0.846153846153846,0,0.846153846153846,0,15
oym_Latn,10692,False,0.9949615486608328,19,0.9954895197665162,17,0.9978700745473909,6,1876
ozm_Latn,13451,False,0.9995748299319728,2,0.9985134848163092,7,0.9985134848163092,7,2351
pab_Latn,17824,False,0.9955182072829132,16,0.9955182072829132,16,0.9988745075970737,2,1777
pad_Latn,24093,False,0.9823151125401929,44,0.9819204499799116,45,0.9819204499799116,45,1222
pag_Latn,100000,False,0.9916256157635468,728,0.9916608424931699,800,0.9917282400370102,1059,189643
pah_Latn,17258,False,0.9903083700440528,33,0.9897270325799824,35,0.9976331360946745,8,1686
pam_Latn,34170,False,0.9393223010244286,313,0.9371398638030383,333,0.9371398638030383,333,3725
pan_Guru,100000,False,0.9999427572511153,0,0.9999559676979032,0,0.9999559676979032,0,113558
pan_Latn,4064,False,0.6146118721461187,809,0.6539775500244022,671,0.7426303854875284,401,708
pao_Latn,15679,False,0.9964211715954041,19,0.9964211715954041,19,0.9973544973544973,8,2645
pap_Latn,100000,False,0.9919712100457108,576,0.9921515781200947,688,0.992124908764187,855,235273
pau_Latn,100000,False,0.9983459875251589,63,0.9977696351760396,95,0.9968962635788469,140,25069
pbb_Latn,17747,False,0.996938939906557,16,0.9972611567584986,15,0.9988700564971751,4,3097
pbc_Latn,13500,False,0.9972625815961256,12,0.9970526315789474,13,0.998523518245096,5,2369
pbi_Latn,13371,False,0.9987146529562982,4,0.9982869379014988,6,0.9985007496251873,5,2333
pbt_Arab,80648,False,0.9495162828723259,1270,0.9490094628633672,1289,0.9490094628633672,1289,14149
pcd_Latn,2213,False,0.14669630228328953,4197,0.23592493297587133,2243,0.5966850828729282,373,389
pck_Latn,37494,False,0.9390374331550801,401,0.9384826744008549,411,0.9384826744008549,411,6543
pcm_Latn,33265,False,0.6643707419330689,3170,0.6523013778950454,3444,0.6523013778950454,3444,5750
pdc_Latn,13498,False,0.9724080267558529,102,0.9731993299832495,96,0.9847672173353358,10,2356
pdt_Latn,100000,False,0.9690803659276938,1345,0.9684258949481432,1389,0.9665936358894105,1485,23278
pem_Latn,8343,False,0.862279098110908,445,0.8593132786387117,455,0.9627307558342041,67,1422
pfe_Latn,15290,False,0.9992526158445441,4,0.9990659443302821,5,0.9996261682242991,2,2674
pfl_Latn,8500,False,0.6451327433628319,1566,0.701983551040155,1187,0.8973286128097844,217,1496
phm_Latn,38316,False,0.7096810612475304,4817,0.708779443254818,4845,0.708779443254818,4845,6612
pib_Latn,25109,False,0.9815461346633417,95,0.9815461346633417,95,0.9815461346633417,95,2968
pio_Latn,17469,False,0.9976717112922002,8,0.9973814372999709,9,0.9991256193529583,3,1714
pir_Latn,17355,False,0.9973147153598282,8,0.9973147153598282,8,0.9989241527703067,2,1859
pis_Latn,100000,False,0.9924366214425242,667,0.9923686028591168,820,0.9918858065338375,937,93983
pjt_Latn,19780,False,1.0,0,1.0,0,1.0,0,2244
pkb_Latn,13429,False,0.9563237424963776,208,0.957910014513788,200,0.98959236773634,17,2313
plg_Latn,15999,False,0.9935251798561152,23,0.9931703810208483,26,0.9960303139660773,7,2775
pls_Latn,36929,False,0.9951034276006796,14,0.9949056038357806,17,0.9949056038357806,17,5014
plt_Latn,100000,False,0.990068962393414,530,0.9899620890624116,563,0.9885130174507258,713,44063
plu_Latn,22814,False,0.9917291786882093,38,0.9915384615384615,39,0.9915384615384615,39,2583
plw_Latn,18070,False,0.9923371647509579,41,0.9924956091330034,40,0.9924956091330034,40,3115
pma_Latn,31148,False,0.989049191726056,63,0.9880187532557736,69,0.9880187532557736,69,2845
pmf_Latn,13325,False,0.9878260869565217,29,0.9878313776618861,30,0.9914679501203237,6,2299
pmq_Latn,315,False,0.713375796178344,45,0.9911504424778761,1,1.0,0,56
pms_Latn,26149,False,0.8758359988368712,1212,0.8819220627014356,1137,0.8819220627014356,1137,4587
pmx_Latn,30033,False,0.9918297548926468,54,0.9913588453138352,59,0.9913588453138352,59,5252
pnb_Arab,100000,False,0.9576751286255442,1385,0.9578859325903655,1396,0.9580526363064762,1696,44704
pne_Latn,17790,False,0.9968013957545798,6,0.9968013957545798,6,0.9973753280839895,0,1719
pnt_Grek,846,False,0.07841059602649006,3477,0.1141304347826087,2279,0.6136363636363636,155,150
pny_Latn,11061,False,1.0,0,0.9996137504828119,1,0.9996137504828119,1,1294
poe_Latn,34622,False,0.9996804771541166,3,0.9995740149094781,4,0.9995740149094781,4,4693
poh_Latn,57259,False,0.9916579770594369,28,0.9916579770594369,28,0.9916579770594369,28,8675
poi_Latn,24578,False,0.9987429289754871,4,0.9987429289754871,4,0.9987429289754871,4,1589
pol_Latn,100000,False,0.9812777088590724,3036,0.982058674249239,3423,0.9843239022028493,3959,692516
pon_Latn,100000,False,0.9975710340130907,77,0.9977837114135081,87,0.9976797091700615,148,66161
por_Latn,100000,False,0.9794011210730134,7510,0.9799956015901208,8072,0.9802856320693102,8691,845331
pos_Latn,4298,False,0.9887936717205009,17,0.9946949602122016,8,0.9973404255319148,4,750
pot_Latn,3543,False,0.9568567026194145,56,0.9841521394611727,20,0.9967897271268058,4,621
pov_Latn,23414,False,0.8827785817655573,1015,0.8776548672566372,1070,0.8776548672566372,1070,4003
poy_Latn,11062,False,0.9718592964824121,107,0.9723340040241448,104,0.987012987012987,11,1939
ppk_Latn,13248,False,0.9896907216494845,46,0.9907546764136744,41,0.9958918918918919,16,2306
ppo_Latn,23741,False,0.9990509332489719,3,0.9990509332489719,3,0.9990509332489719,3,1579
pps_Latn,11062,False,0.9917737789203084,32,0.9920246977103164,30,0.9922680412371134,26,1929
prf_Latn,17733,False,0.966975528629128,137,0.9669598288566674,136,0.9788257940327236,85,2037
prg_Latn,891,False,0.3571428571428572,556,0.8850574712643677,37,0.9551282051282051,6,157
pri_Latn,16474,False,0.997341603898981,11,0.997341603898981,11,0.9997779258272262,0,2252
prq_Latn,4298,False,0.9439899307740717,84,0.9689922480620156,43,0.9746588693957116,34,755
pse_Latn,13493,False,0.985525487728131,64,0.9853187919463088,65,0.9942467504794376,6,2354
pss_Latn,6762,False,0.9966329966329966,8,0.9974704890387859,5,0.9987325728770596,1,1184
ptp_Latn,24490,False,0.9948919449901769,11,0.9948919449901769,11,0.9948919449901769,11,1268
ptu_Latn,17647,False,0.9861525929948411,49,0.9864204236827812,48,0.9931637954607602,23,1818
pua_Latn,6760,False,0.6306741874832124,1364,0.6342254663422546,1341,0.6530494821634062,1156,1185
pui_Latn,6760,False,0.978565539983512,50,0.9850622406639005,34,0.9966386554621849,5,1189
pwg_Latn,24474,False,0.9855147439213656,46,0.9855222337125129,47,0.9855222337125129,47,1915
pwn_Latn,561,False,0.39909297052154197,254,0.7011952191235059,64,0.8844221105527638,12,99
pww_Thai,37451,False,0.997457431235072,26,0.997457431235072,26,0.997457431235072,26,6480
pxm_Latn,30440,False,0.9944506104328524,30,0.9944506104328524,30,0.9944506104328524,30,4047
qub_Latn,86392,False,0.9574313027821838,178,0.9584866900624839,186,0.9584866900624839,186,11982
quc_Latn,100000,False,0.9613981629334466,1459,0.960682460016681,1525,0.9602585097672243,1566,33989
quf_Latn,17558,False,0.9827150903087978,80,0.9828993392926545,78,0.9948778565799843,12,2539
qug_Latn,100000,False,0.9043272274295984,2293,0.904414916416631,2304,0.9054097961172934,2417,24534
quh_Latn,50801,False,0.8497332342810833,1017,0.849065515147426,1030,0.849065515147426,1030,7499
qul_Latn,28854,False,0.7164073550212163,1771,0.7164425572068884,1767,0.7164425572068884,1767,3674
qup_Latn,23884,False,0.9853581321725365,32,0.9853581321725365,32,0.9853581321725365,32,1250
qus_Latn,5732,False,0.4677457189772461,2265,0.550580431177446,1621,0.8812016385980883,228,1001
quw_Latn,28537,False,0.9241922120961061,245,0.9239051661662698,248,0.9239051661662698,248,4949
quy_Latn,100000,False,0.9377027243240099,2223,0.938093230809483,2245,0.9385429444512996,2308,70811
quz_Latn,100000,False,0.9030310675412672,4456,0.9033460596455842,4478,0.9042757777817718,4548,56417
qva_Latn,10970,False,0.959130884635282,102,0.9608504018667359,94,0.9610995850622407,93,1910
qvc_Latn,17482,False,0.9847457627118645,68,0.9847392963119967,67,0.9944325481798716,20,2328
qve_Latn,17832,False,0.45425132651740663,4170,0.4559989600935916,4137,0.4648634314505436,3987,1802
qvh_Latn,22988,False,0.9424005945745075,129,0.9416573764399851,130,0.9416573764399851,130,1294
qvi_Latn,100000,False,0.9338873417908028,1787,0.934173710717757,1797,0.9347634698908321,1908,34391
qvm_Latn,16650,False,0.9648953301127214,71,0.9660962221504682,65,0.9664082687338502,64,1536
qvn_Latn,17810,False,0.976560293702344,53,0.9768230638778971,51,0.9770992366412214,50,1759
qvo_Latn,13361,False,0.9658371994938845,110,0.9672650475184793,103,0.9683219178082191,68,2342
qvs_Latn,17666,False,0.9877551020408163,31,0.9877551020408163,31,0.9906432748538011,21,1705
qvw_Latn,23613,False,0.9900039984006398,20,0.9900039984006398,20,0.9900039984006398,20,1243
qvz_Latn,17523,False,0.9735849056603775,83,0.9738675958188153,82,0.9747019482407675,78,1685
qwh_Latn,17649,False,0.9824258138864881,61,0.983275663206459,58,0.9944590259550891,19,1705
qxh_Latn,17446,False,0.9746790299572039,115,0.9755400821281913,109,0.9764117226590422,104,2760
qxl_Latn,10958,False,0.9929632525410478,26,0.9942588726513569,21,0.9976396538158929,5,1906
qxn_Latn,17805,False,0.9726205997392438,50,0.9726205997392438,50,0.9728742827334377,49,1920
qxo_Latn,23074,False,0.9462875197472354,85,0.9459139360442165,86,0.9459139360442165,86,1249
qxr_Latn,12493,False,0.8665254237288135,512,0.8702127659574468,492,0.8965364120781528,322,2163
rad_Latn,30721,False,0.9981287425149701,13,0.9980353634577603,14,0.9980353634577603,14,5341
rai_Latn,24409,False,0.9922308546059933,20,0.9922308546059933,20,0.9922308546059933,20,1342
ram_Latn,8103,False,0.9992962702322309,2,0.9992962702322309,2,1.0,0,1420
rap_Latn,10989,False,0.9721236695387734,110,0.9753368929570302,97,0.9922360248447204,29,1918
rar_Latn,100000,False,0.9935971931279007,320,0.9941116420825259,336,0.9944847369160364,365,135642
rav_Deva,6754,False,0.9891304347826086,21,0.9895441237975743,20,0.9936948297604036,9,1188
raw_Latn,6734,False,0.9940978077571669,13,0.9957770270270271,9,0.9983065198983913,3,1180
rcf_Latn,10707,False,0.8708452041785375,538,0.9010071235568656,397,0.9802328730029788,43,1840
rej_Latn,9098,False,0.9609756097560975,109,0.9615384615384616,106,0.9835443037974684,11,1595
rel_Latn,6750,False,0.9517632752330766,118,0.9595422966898243,98,0.9948892674616694,5,1175
rgu_Latn,12785,False,0.9711595055915243,39,0.9717314487632509,38,0.9832935560859188,17,835
rhg_Latn,3252,False,0.7053682896379526,468,0.8630451415455241,174,0.9556737588652483,20,569
ria_Latn,11043,False,0.9946112394149346,19,0.9951219512195122,17,0.9989690721649485,2,1940
rim_Latn,17820,False,0.9718349928876245,89,0.9723882721320809,87,0.9850057670126874,42,1718
rjs_Deva,6760,False,0.9633848657445078,88,0.9641693811074918,86,0.978562421185372,29,1186
rkb_Latn,17397,False,0.9843703922146859,51,0.9837901562039493,53,0.9940227136879857,12,1671
rmc_Latn,39151,False,0.958401515803979,450,0.9555212089987978,485,0.9555212089987978,485,5597
rme_Latn,366,False,0.07793764988009591,1538,0.6631578947368421,62,0.9448818897637796,2,65
rml_Latn,1790,False,0.6068292682926829,401,0.8238410596026491,131,0.963317384370016,12,313
rmn_Cyrl,64930,False,0.9142646274960023,1972,0.9151957967326164,1946,0.9151957967326164,1946,11268
rmn_Grek,79160,False,0.7923849323814498,7069,0.7898406086377969,7180,0.7898406086377969,7180,13737
rmn_Latn,100000,False,0.9594166138237159,1716,0.9553846153846155,1941,0.9475949218520764,2360,24540
rmo_Latn,16689,False,0.9811192379656404,78,0.9816326530612245,77,0.9895134949286574,22,2917
rmq_Latn,3913,False,0.8096676737160121,315,0.8963210702341138,155,0.9844789356984479,17,670
rmy_Cyrl,30085,False,0.9033664747950463,1066,0.9033778476040848,1061,0.9033778476040848,1061,5221
rmy_Latn,70602,False,0.8969090584241557,908,0.8924893465909091,1035,0.8924893465909091,1035,11440
rnd_Latn,24508,False,0.9857622410001158,99,0.9857787027402011,104,0.9857787027402011,104,4282
rng_Latn,65043,False,0.8792080795126644,2666,0.8718824463860209,2886,0.8718824463860209,2886,11317
rnl_Latn,21989,False,0.9878206789323659,54,0.9891050583657588,45,0.9891050583657588,45,3852
roh_Latn,30545,False,0.9437819420783646,526,0.9409663302670358,565,0.9409663302670358,565,5364
ron_Cyrl,30637,False,0.9401709401709403,615,0.939365496527126,623,0.939365496527126,623,5027
ron_Latn,100000,False,0.9923472117083018,1643,0.9925221541521511,1779,0.9924242729356043,2234,247940
roo_Latn,24068,False,0.9951251218719532,15,0.9954486345903771,14,0.9954486345903771,14,1531
rop_Latn,54485,False,0.9853844777187855,32,0.9852669251416643,34,0.9852669251416643,34,8472
row_Latn,14225,False,0.9778534923339012,26,0.9767705382436261,29,0.9873853211009174,9,874
rro_Latn,24580,False,0.9906191369606003,21,0.990990990990991,20,0.990990990990991,20,1324
rtm_Latn,8987,False,0.9821596244131456,57,0.9883464566929133,37,0.9964912280701754,4,1569
rub_Latn,11018,False,0.9844427441979087,57,0.98419173890872,58,0.9976714100905563,3,1934
rue_Cyrl,8501,False,0.1741007194244604,13734,0.200622621930128,11511,0.6139046786182772,1676,1494
ruf_Latn,17822,False,0.9598870056497175,126,0.9596159277040384,127,0.9750358680057389,71,1715
rug_Latn,30060,False,0.9913680974340783,60,0.9912529550827421,62,0.9912529550827421,62,4205
run_Latn,100000,False,0.8304565740426186,47976,0.8303116970690476,48182,0.8294356617220325,48783,203339
rup_Latn,5032,False,0.7496812579685509,586,0.8174235403151066,391,0.9667979741136746,33,885
rus_Cyrl,100000,False,0.9804603641788243,2394,0.9813959445100375,2455,0.9840663785571114,2677,1377480
rwo_Latn,51384,False,0.9972730814179976,14,0.9972730814179976,14,0.9972730814179976,14,2560
sab_Latn,16901,False,0.9965419679346117,8,0.9968553459119497,7,0.9971617786187323,2,1588
sag_Latn,100000,False,0.9955703284843107,100,0.9959867526443429,135,0.9961143537426215,189,151596
sah_Cyrl,100000,False,0.9820869752886586,281,0.981960361332075,292,0.9798892294456095,386,18585
saj_Latn,6675,False,0.987727465086754,28,0.9898218829516539,23,0.9965841161400513,7,1168
san_Deva,100000,False,0.9343332723614413,2368,0.9343732862104687,2383,0.9256936792547331,2963,23849
san_Latn,36337,False,0.9869485146929298,125,0.9855281042616135,143,0.9855281042616135,143,6201
sas_Latn,13444,False,0.9926019868949483,34,0.9940703091910208,26,0.99765708200213,4,2349
sat_Latn,10932,False,0.9940306254866338,22,0.9948051948051948,19,0.9986962190352022,4,1916
sat_Olck,16858,False,0.9931242663089049,41,0.9931242663089049,41,0.9976415094339623,14,2961
say_Latn,693,False,0.5378590078328982,177,0.9671361502347418,7,0.9809523809523809,4,103
sba_Latn,37535,False,0.9985574611315916,4,0.9983177120884402,8,0.9983177120884402,8,6244
sbd_Latn,13463,False,0.9959839357429718,17,0.9961945031712475,16,0.9968253968253968,12,2358
sbe_Latn,14275,False,0.9868804664723033,34,0.9861616897305172,36,0.9926578560939794,16,1356
sbl_Latn,17703,False,0.982821447162936,99,0.9831626453740671,97,0.9949042347566333,28,2832
sbs_Latn,271,False,0.0018461022069312745,11859,0.015071590052750565,1270,0.015071590052750565,1270,47
sby_Latn,172,False,0.05,126,0.18181818181818182,0,0.18181818181818182,0,30
sck_Deva,6800,False,0.9043611323641928,239,0.9056024558710667,233,0.959016393442623,77,1193
scn_Latn,62189,False,0.9042253521126761,1231,0.8983997422403608,1374,0.8983997422403608,1374,8883
sco_Latn,87458,False,0.42088782974950123,41640,0.4037983929875822,44746,0.8274270738377393,5234,15347
sda_Latn,18554,False,0.9697766097240472,99,0.970541820094687,96,0.970541820094687,96,1861
sdc_Latn,692,False,0.38785834738617203,356,0.7549668874172185,66,0.8995983935742973,15,122
sdh_Arab,100000,False,0.8040145635719076,3306,0.8039661820707494,3310,0.8028893300485542,3366,21659
sdo_Latn,643,False,0.5795454545454546,147,0.9760765550239234,4,0.9435897435897436,0,103
sdq_Latn,12828,False,0.9818181818181819,77,0.9807439824945295,82,0.9931065154547476,17,2247
seh_Latn,100000,False,0.9583360614592199,1995,0.9586784064161799,2047,0.9599080639215942,2235,45733
sel_Cyrl,111,False,0.3157894736842105,76,0.9230769230769231,1,0.9230769230769231,1,20
ses_Latn,22094,False,0.9900506851886616,38,0.9896829863065092,41,0.9896829863065092,41,2652
sey_Latn,17722,False,0.9998388396454472,1,0.999677731227844,2,0.9998388396454472,1,3102
sfw_Latn,8107,False,0.6413697362332254,1543,0.6697314299540285,1356,0.8856112749918059,307,1393
sgb_Latn,17786,False,0.9773255813953488,73,0.9773255813953488,73,0.9917257683215132,20,1686
sgc_Latn,11896,False,0.9126466753585397,127,0.9313790806129247,95,0.9680111265646733,35,707
sgh_Cyrl,614,False,0.7673469387755102,47,0.9261083743842364,5,0.9166666666666666,0,104
sgs_Latn,8518,False,0.4750479846449136,3269,0.5043301069791136,2906,0.9250876633726489,188,1498
sgw_Ethi,13446,True,0.5181046043808673,2090,0.5135254988913526,2127,0.6296498905908096,1280,1225
sgz_Latn,28351,False,0.9894202285230639,25,0.9890016920473774,26,0.9890016920473774,26,1169
shi_Latn,8865,False,0.9257375381485249,41,0.9288389513108614,30,0.9230769230769231,11,1543
shk_Latn,6733,False,1.0,0,1.0,0,1.0,0,1179
shn_Mymr,32679,False,0.9993900845168597,6,0.9991289198606271,9,0.9991289198606271,9,5736
shp_Latn,71688,False,0.9855765127592387,122,0.984993178717599,131,0.984993178717599,131,5821
shr_Latn,12550,False,0.8680016346546792,572,0.8542209745337879,659,0.8971367974549311,402,2198
shu_Arab,4298,False,0.3730826323602177,2534,0.4037483266398929,2227,0.6428571428571429,823,754
sid_Latn,100000,False,0.994496550654988,181,0.9929853517639776,247,0.9910174246518929,324,19277
sig_Latn,17703,False,0.9984833164812943,4,0.9984833164812943,4,0.9989878542510122,1,1977
sil_Latn,13450,False,0.9989291068751338,3,0.9987146529562982,3,0.9989286479537176,2,2334
sim_Latn,24094,False,0.9909872144204569,40,0.9905719673161534,42,0.9905719673161534,42,2367
sin_Sinh,100000,False,0.9999520751461709,8,0.9999520751461709,8,0.9999520751461709,8,83460
sja_Latn,22053,False,0.9987696093509689,8,0.9981555487242545,12,0.9981555487242545,12,3247
sjo_Mong,688,True,1.0,0,1.0,0,1.0,0,122
sju_Latn,102,False,0.09090909090909093,170,0.6428571428571429,0,0.6428571428571429,0,19
skg_Latn,44788,False,0.9702781658833989,342,0.9681835467106097,375,0.9681835467106097,375,7765
skr_Arab,2026,False,0.6631908237747653,284,0.7323290845886442,190,0.8031496062992125,99,357
sld_Latn,13475,False,0.9985166348802713,4,0.9983050847457626,5,0.9985160059359762,3,2359
slk_Latn,100000,False,0.9744840001211188,3656,0.9746789134029569,4195,0.9748559011113764,4704,521300
sll_Latn,24338,False,0.989815164089023,27,0.9886877828054299,29,0.9886877828054299,29,1312
slv_Latn,100000,False,0.9683397761643959,9202,0.9686506838685298,9712,0.9692144784710099,10624,601676
sma_Latn,11624,False,0.9335784877039761,281,0.9365335795061158,265,0.9770395701025891,55,2039
sme_Latn,100000,False,0.9780601010661049,724,0.9762307121310233,879,0.9701021587678466,1434,31532
smj_Latn,7981,False,0.8553921568627451,466,0.875,389,0.9417134831460673,105,1402
smk_Latn,17697,False,0.9408284023668639,238,0.9405964998767562,239,0.9834881320949432,60,1910
sml_Latn,13435,False,0.9899032393773664,47,0.9892789573260459,50,0.9970263381478335,7,2354
smn_Latn,12132,False,0.9354767672318872,288,0.9383697813121272,274,0.9806301050175029,55,2129
smo_Latn,100000,False,0.9954384165642114,128,0.9956290880791253,149,0.9960367271515057,176,243768
sms_Latn,5951,False,0.9370503597122303,137,0.9564020192748967,92,0.9862363550071191,23,1045
smt_Latn,17824,False,0.9682290028310789,169,0.9688385269121813,165,0.9688385269121813,165,3111
sna_Latn,100000,False,0.9746455291876416,1333,0.974820206827766,1436,0.9748969472869278,1621,320798
snc_Latn,24563,False,0.9921630094043887,13,0.9917743830787309,14,0.9917743830787309,14,1273
snd_Arab,100000,False,0.9719936318586452,1178,0.9715822501120575,1199,0.9676353734208294,1381,21745
snd_Deva,2147,False,0.5575289575289575,558,0.6206896551724138,424,0.9056122448979592,53,376
snd_Latn,4155,False,0.5171270718232044,1284,0.6189213085764809,833,0.7790432801822323,343,729
snf_Latn,11027,False,0.9950815428423505,15,0.994824016563147,16,0.9974039460020768,5,1926
snn_Latn,17690,False,0.997667638483965,8,0.9973768580588749,9,0.9997078586035641,1,1711
snp_Latn,48512,False,0.9906681597611048,50,0.9901137847416527,53,0.9901137847416527,53,2654
snw_Latn,17742,False,0.9947437582128777,18,0.9947437582128777,18,0.997145993413831,7,2277
sny_Latn,24185,False,0.9935170178282009,23,0.9932487172562788,24,0.9932487172562788,24,1840
soe_Latn,945,False,0.7155555555555556,123,0.9520958083832335,9,0.9396825396825397,1,166
som_Latn,100000,False,0.9908869439682396,243,0.9909172864548119,280,0.9897152876909415,448,44493
sop_Latn,100000,False,0.9683260783537792,1269,0.9671206103019986,1446,0.9641741859552766,1685,31319
soq_Latn,28667,False,0.9930200093066542,27,0.9920966992096699,31,0.9920966992096699,31,2137
sot_Latn,73326,False,0.9363810381713771,1459,0.9360792257483682,1471,0.9360792257483682,1471,12710
soy_Latn,17800,False,0.9998372130880677,1,0.9998372130880677,1,0.9998372130880677,1,3071
spa_Latn,100000,False,0.9705905876707237,5540,0.9722473964618742,5711,0.9747515982727044,6032,541465
spl_Latn,21813,False,0.9964317573595005,7,0.9964317573595005,7,0.9964317573595005,7,1118
spm_Latn,2755,False,0.9908069458631257,9,0.9948717948717948,5,0.9989701338825953,1,485
spp_Latn,17708,False,0.9968253968253968,9,0.9971131639722864,8,0.998263888888889,2,1729
sps_Latn,24920,False,0.9936305732484078,18,0.992927864214993,20,0.992927864214993,20,1404
spy_Latn,19910,False,0.9983967351698003,9,0.9986878553725033,7,0.9986878553725033,7,3427
srd_Latn,48717,False,0.7139035911444994,3711,0.687687523866674,4440,0.687687523866674,4440,7588
sri_Latn,17537,False,0.9972035794183445,6,0.9969247973161868,7,0.9980408620207109,3,1787
srm_Latn,65066,False,0.9958859975216854,26,0.9956902957348789,34,0.9956902957348789,34,10103
srn_Latn,100000,False,0.9955013275260284,194,0.9956754112832994,206,0.9955840213732172,262,168165
srp_Cyrl,100000,False,0.987386175010328,3471,0.9874011931025612,3511,0.9869567043626722,3806,201198
srp_Latn,79008,False,0.355795227459739,42250,0.3554394564212442,42332,0.39963263325708737,32478,13699
srq_Latn,10959,False,0.996084573218481,13,0.996084573218481,13,0.9981670594396438,3,1910
srr_Latn,2867,False,0.836734693877551,190,0.9552529182879378,43,0.9805527123848516,4,494
ssd_Latn,29416,False,0.995722433460076,12,0.9952494061757721,14,0.9952494061757721,14,2101
ssg_Latn,24525,False,0.9859906604402934,36,0.9863196529863197,35,0.9863196529863197,35,1484
ssw_Latn,100000,False,0.9546913125004904,2182,0.9545436724196064,2228,0.9535757917488957,2375,64435
ssx_Latn,22160,False,0.9997303855486654,1,0.9997303855486654,1,0.9997303855486654,1,1854
stn_Latn,13415,False,0.9934447028970185,27,0.9940753279729158,24,0.9959565865077676,6,2353
stp_Latn,17750,False,0.9996792815907634,2,0.9996792815907634,2,1.0,0,3117
stq_Latn,8966,False,0.9639975170701428,108,0.978254018279231,60,0.9906542056074765,5,1561
sua_Latn,23474,False,0.9927884615384615,17,0.9915966386554622,20,0.9915966386554622,20,1240
suc_Latn,11025,False,0.9945722408891186,21,0.9958592132505176,16,0.998442367601246,5,1924
sue_Latn,24412,False,0.9884139033160209,28,0.9880191693290735,29,0.9880191693290735,29,1238
suk_Latn,22242,False,0.9695121951219512,169,0.9698170731707317,168,0.9698170731707317,168,3211
sun_Latn,100000,False,0.9536160766444678,1052,0.9509569099830244,1218,0.9368413865307145,2018,21338
sur_Latn,13529,False,0.9981072555205047,8,0.9983172065628945,7,0.9987357774968395,2,2374
sus_Arab,30707,False,0.9990911156555329,7,0.9989776212654775,8,0.9989776212654775,8,4398
sus_Latn,21057,False,0.9856209150326798,19,0.9849705946416902,21,0.9849705946416902,21,2309
suz_Deva,57138,False,0.9917221230319754,79,0.9916684700281323,80,0.9916684700281323,80,9239
swb_Latn,1096,False,0.5360230547550432,320,0.9538461538461538,16,0.9754768392370572,0,188
swc_Latn,100000,False,0.8754586660910857,8973,0.8760378494495774,9033,0.8754457897429433,9264,66572
swe_Latn,100000,False,0.9759209874899633,5958,0.9762946905758927,6384,0.9765554972744355,7139,609429
swg_Latn,8406,False,0.8261009321761491,353,0.8401048492791613,297,0.8747820020927799,140,1473
swh_Latn,100000,False,0.8981543135378085,10368,0.8976516166557608,10596,0.896343037726301,11329,95537
swk_Latn,6577,False,0.62435584486032,1383,0.6530496453900709,1221,0.893854748603352,233,1153
swp_Latn,25881,False,0.9836196564123053,75,0.9838161838161839,74,0.9838161838161839,74,2469
sxb_Latn,17789,False,0.9798844851623183,97,0.9794943260999402,99,0.9897404948702474,47,2464
sxn_Latn,49827,False,0.9936144509003049,55,0.993388144655896,62,0.993388144655896,62,8692
syb_Latn,10836,False,0.9926082365364307,28,0.9928665785997357,26,0.9968152866242038,10,1880
syc_Syrc,7103,True,0.9713837710701686,73,0.9702427564604541,76,0.9702427564604541,76,1239
syl_Beng,4163,False,0.6582163875056586,753,0.6832941176470588,670,0.9553264604810996,31,729
syl_Latn,8549,False,0.8238199780461032,642,0.8584501000857878,495,0.983574244415243,46,1501
syl_Sylo,3570,False,1.0,0,1.0,0,1.0,0,474
szb_Latn,6749,False,0.9932885906040269,15,0.9962137147665123,8,0.9978911851539435,3,1185
szl_Latn,55404,False,0.6932113711774729,6641,0.6741886299281202,7286,0.6741886299281202,7286,7931
szy_Latn,2536,False,0.8974668275030157,82,0.9299999999999999,53,0.9880478087649401,6,375
tab_Cyrl,17650,False,0.9713496720745599,162,0.9711820534943916,163,0.9871952289072093,69,2818
tac_Latn,20618,False,0.984845057679258,44,0.9846153846153847,44,0.9846153846153847,44,2200
tah_Latn,100000,False,0.9960487207879246,119,0.9969023122026772,124,0.9971858366388355,144,172149
taj_Deva,17753,False,0.9836746809142178,53,0.9845513963161022,50,0.9928100659077292,22,1659
tam_Latn,4081,False,0.7612612612612613,389,0.805272618334332,286,0.8958051420838972,105,711
tam_Taml,100000,False,0.9999349070057815,1,0.9999487153187343,1,0.9999487153187343,1,253499
tap_Latn,6921,False,0.8356212601196762,447,0.8652792990142387,347,0.9700295483326298,13,1207
taq_Latn,27347,False,0.9067444731231061,139,0.9053782637804062,173,0.9053782637804062,173,4732
taq_Tfng,4245,False,0.997322623828648,4,0.997322623828648,4,0.9979906229068988,3,745
tar_Latn,46732,False,0.9765410127811034,87,0.975928917609047,100,0.975928917609047,100,6239
tat_Cyrl,100000,False,0.9709751308900524,1809,0.9710070253780536,1823,0.9698745999608124,2004,61085
tat_Latn,885,False,0.31296891747052524,631,0.6,180,0.8797468354430381,21,156
tav_Latn,17136,False,0.989010989010989,37,0.989010989010989,37,0.9901814936030943,32,1665
taw_Latn,17319,False,0.9521142537104453,168,0.9539842873176206,161,0.9542520348021329,160,1703
tay_Latn,743,False,0.688,116,0.8322580645161289,51,0.9655172413793103,5,130
tbc_Latn,24280,False,0.9931869795609387,17,0.9928111993946274,18,0.9928111993946274,18,1313
tbg_Latn,44840,False,0.9952362048431918,27,0.99493997420379,30,0.99493997420379,30,5035
tbk_Latn,10680,False,0.9904306220095693,33,0.9904306220095693,33,0.9983922829581994,3,1866
tbl_Latn,11846,False,0.9971139971139971,12,0.9980741454020221,8,0.999276236429433,1,2073
tbo_Latn,24484,False,0.9842615012106537,44,0.9851560133292941,41,0.9851560133292941,41,1634
tbw_Latn,4287,False,0.9836065573770492,25,0.9907529722589168,14,0.9986666666666667,1,750
tby_Latn,13422,False,0.9926019868949483,35,0.9932318104906938,32,0.9985096870342771,4,2348
tbz_Latn,52480,False,0.9997258922208212,1,0.9997258922208212,1,0.9997258922208212,1,9122
tca_Latn,17326,False,0.9990982867448153,4,0.9990982867448153,4,0.9992784992784992,3,2771
tcc_Latn,17823,False,0.9925784055542255,31,0.9925784055542255,31,0.9978339350180505,9,2073
tcf_Latn,100000,False,0.9978121708127381,40,0.9977585135974506,44,0.9970047761677325,73,18512
tcs_Latn,22712,False,0.9829655439411538,55,0.9829589465530596,54,0.9829589465530596,54,2572
tcy_Knda,8457,False,0.6615527661552765,1394,0.6781362007168459,1281,0.7794493329548681,665,1485
tcz_Latn,68634,False,0.986404396875904,255,0.985713105954249,273,0.985713105954249,273,12009
tdx_Latn,55963,False,0.9865850548329508,192,0.9844258957654722,235,0.9844258957654722,235,9742
ted_Latn,17646,False,0.9937924918711203,16,0.9937924918711203,16,0.9940863394441158,15,1686
tee_Latn,17807,False,0.9980763065084963,12,0.9980763065084963,12,0.9996788696210661,2,3113
tel_Latn,4040,False,0.5870967741935483,826,0.6603970741901776,575,0.7871130764371447,253,707
tel_Telu,100000,False,0.9990577598117472,1,0.999131063032102,2,0.9997122863482312,51,102511
tem_Latn,13526,False,0.9978982765868012,8,0.9976885900399244,9,0.9976827469981042,3,2376
teo_Latn,41825,False,0.9882682800855899,113,0.987403314917127,130,0.987403314917127,130,6743
ter_Latn,17895,False,0.9921776431995963,30,0.9914271306101866,33,0.996704689480355,12,1967
tet_Latn,100000,False,0.9937341095072038,199,0.9942601730970774,225,0.9940300784202243,313,72229
tew_Latn,10834,False,0.9995324918186068,1,0.9990654205607477,2,0.9995324918186068,1,1069
tfr_Latn,17084,False,0.9959308240081384,16,0.9960997117178226,15,0.998470168281489,1,2945
tgk_Cyrl,100000,False,0.9896396454513785,510,0.9897330065780988,518,0.9875603010227053,706,38645
tgo_Latn,24717,False,0.9912713472485769,21,0.9901440485216073,24,0.9901440485216073,24,1308
tgp_Latn,17765,False,0.9915206331260599,24,0.9920814479638009,22,0.9965889710062535,5,1760
tha_Thai,100000,False,0.9906644531890475,2,0.9907576285427383,4,0.9960915205870363,19,196988
thk_Latn,13482,False,0.9934084626833936,28,0.9934084626833936,28,0.9970034246575342,4,2339
thl_Deva,6915,False,0.8995502248875561,260,0.901355421686747,251,0.9591503267973858,66,1208
thv_Latn,372,False,0.12209302325581396,258,0.47058823529411764,0,0.47058823529411764,0,65
tif_Latn,23726,False,0.9846517119244391,38,0.9838773102634684,40,0.9838773102634684,40,1252
tig_Ethi,3064,True,0.06259314456035768,764,0.08903365906623234,344,0.08903365906623234,344,536
tih_Latn,40349,False,0.989638659120592,93,0.9887777294475858,103,0.9887777294475858,103,5709
tik_Latn,13464,False,1.0,0,1.0,0,1.0,0,2352
tim_Latn,30702,False,0.9974182444061963,5,0.996989247311828,6,0.996989247311828,6,1160
tir_Ethi,100000,False,0.9696382064782348,2838,0.9705852539579447,2852,0.9712353468215675,2965,134247
tiv_Latn,100000,False,0.9980708410129161,80,0.9981720299070245,103,0.9977289172595123,175,69774
tiy_Latn,17716,False,0.9951135383730957,17,0.9951135383730957,17,0.9985569985569986,4,1731
tke_Latn,14338,False,0.9005102040816326,506,0.9034028540065862,486,0.9239722170076966,355,2511
tkl_Latn,505,False,0.23660714285714288,305,0.6577181208053692,10,0.6470588235294117,2,90
tkr_Cyrl,777,False,0.9543859649122807,13,0.9784172661870503,6,0.989090909090909,3,136
tku_Latn,17821,False,0.9851767388825542,34,0.983494593056346,40,0.9840546697038725,38,1746
tlb_Latn,13436,False,0.9855919816245563,68,0.9870347135089921,61,0.9955630678216776,16,2361
tlf_Latn,23775,False,0.9934747145187602,16,0.9922606924643584,19,0.9922606924643584,19,1218
tlh_Latn,42807,False,0.9860489953941659,162,0.9851283761253752,176,0.9851283761253752,176,7433
tlj_Latn,17791,False,0.9911251073575722,30,0.989991421218187,34,0.9965457685664939,11,1732
tll_Latn,100000,False,0.993187208970272,125,0.9936636615649823,144,0.9934827642389964,232,86254
tly_Latn,3892,False,0.17070063694267518,6504,0.1880965749578888,5778,0.8625407166123779,197,676
tmc_Latn,6765,False,0.9953878406708595,11,0.9945538332635107,13,0.997060058798824,7,1187
tmd_Latn,17323,False,0.9982435597189695,2,0.9985384390529085,4,0.9994145199063232,0,1709
tna_Latn,23936,False,0.9878444084278768,30,0.987444309437019,31,0.987444309437019,31,1219
tnc_Latn,5146,False,0.9944812362030905,10,0.996130458817026,7,0.9983379501385041,3,901
tnk_Latn,17717,False,0.9991194599354271,1,0.9991194599354271,1,0.9991194599354271,1,1704
tnn_Latn,17665,False,0.9959514170040485,8,0.9953757225433526,10,0.9965277777777778,6,1728
tnp_Latn,10970,False,0.9986982556625877,5,0.9979177511712649,7,0.9986975774941391,4,1918
tnr_Latn,6516,False,0.9978137297770004,5,0.9978137297770004,5,0.9991235758106923,1,1141
tob_Latn,42001,False,0.993893653516295,32,0.9939643347050755,34,0.9939643347050755,34,7300
toc_Latn,17742,False,0.9991965290053029,3,0.9991965290053029,3,0.9995176073323685,0,3111
tod_Latn,19051,False,0.9948012232415903,24,0.9949548998624064,24,0.9949548998624064,24,3263
tog_Latn,100000,False,0.9596718669889401,1571,0.9594663780114975,1629,0.9581721293525075,1742,33938
toh_Latn,89915,False,0.9830894926847806,453,0.9755270019792027,702,0.9755270019792027,702,15603
toi_Latn,100000,False,0.98520451771847,712,0.9853809184437987,748,0.9866822185063855,904,110298
toj_Latn,100000,False,0.9938019952934938,194,0.9929648573935211,254,0.9918492188145822,325,30164
tok_Latn,48852,False,0.9979332742840272,6,0.9979330301777596,5,0.9979330301777596,5,8479
ton_Latn,100000,False,0.9981058489893427,134,0.9982178575988424,142,0.9981518365957629,203,188169
too_Latn,17821,False,0.9870279619486884,26,0.9864436111912316,26,0.9867282169648008,25,1731
top_Latn,100000,False,0.9843795581722228,51,0.9853636568340464,56,0.991359242454133,101,38245
tos_Latn,17720,False,0.8701262272089761,924,0.8700042069835927,925,0.9323104693140795,445,3104
tpa_Latn,1672,False,0.701219512195122,98,0.7903780068728523,61,0.8098591549295774,54,115
tpi_Latn,100000,False,0.9950529562351156,123,0.9951782952652867,133,0.9952944849579626,156,270156
tpm_Latn,56620,False,0.9929100198102387,55,0.9927547563200417,58,0.9927547563200417,58,9604
tpn_Latn,493,False,0.4350282485875706,190,0.7169811320754718,49,0.7425742574257426,40,87
tpp_Latn,17827,False,0.9960881934566146,21,0.9962653387871244,20,0.9991082575352238,4,2802
tpt_Latn,17825,False,0.9970854922279792,16,0.9974084872044054,14,0.9988645579886455,5,3081
tpw_Latn,360,False,0.1994750656167979,279,0.6799999999999999,2,0.6530612244897959,2,64
tpz_Latn,24321,False,0.9996582365003418,1,0.9996583532627262,2,0.9996583532627262,2,2926
tqo_Latn,6765,False,0.9772256728778468,51,0.9833333333333334,36,0.993668214436471,8,1184
trc_Latn,10997,False,0.999479979199168,2,0.999479979199168,2,1.0,0,1922
trn_Latn,6686,False,0.9873203719357565,30,0.9902501059771089,23,0.9970123772940674,7,1168
tro_Latn,11062,False,0.983924470528196,57,0.9856850715746421,50,0.9930106135128138,11,1934
trp_Latn,30617,False,0.9928852274854895,37,0.9925135691559048,41,0.9925135691559048,41,5342
trq_Latn,6754,False,0.9991575400168492,2,0.9995785924989464,1,1.0,0,1186
trs_Latn,6763,False,0.9987357774968395,3,0.9987357774968395,3,0.9991568296795953,2,1185
trv_Latn,5293,False,0.6695842450765863,904,0.6787430683918668,867,0.9673340358271866,60,920
tsc_Latn,100000,False,0.9715667377593266,1569,0.9674909255898367,1996,0.9628484369709964,2434,43517
tsg_Latn,10993,False,0.9950891703282503,19,0.9953464322647363,18,0.9987016359387172,3,1925
tsn_Latn,100000,False,0.9687214478723197,4186,0.9689927601845123,4214,0.9691142032722712,4286,128439
tso_Latn,100000,False,0.975978432793374,1091,0.9760180079135121,1132,0.975947584253488,1267,130335
tsw_Latn,17700,False,0.9972299168975068,4,0.9975062344139651,3,0.9975062344139651,3,1806
tsz_Latn,100000,False,0.9631934431205889,85,0.9623942416971839,134,0.9642463143115034,247,20408
ttc_Latn,17827,False,0.985091109884042,53,0.985091109884042,53,0.994700139470014,17,1785
tte_Latn,30509,False,0.9762107051826677,53,0.9753820033955858,55,0.9753820033955858,55,1152
ttj_Latn,89198,False,0.9075208736785294,1676,0.9064575295680223,1760,0.9064575295680223,1760,15530
ttq_Latn,6630,False,0.778600269179004,653,0.783609888249238,634,0.8013864818024263,567,1162
ttq_Tfng,4277,True,1.0,0,1.0,0,1.0,0,751
tuc_Latn,42199,False,0.9965475712565235,35,0.9963075935142077,38,0.9963075935142077,38,6214
tue_Latn,17632,False,0.9990118577075099,5,0.9988473571546187,6,0.9991764124526437,4,3034
tuf_Latn,17688,False,0.9927599189110917,25,0.9927599189110917,25,0.9973799126637555,8,1714
tui_Latn,30782,False,0.9954380411507308,25,0.9949739389426657,29,0.9949739389426657,29,5370
tuk_Arab,4783,False,0.9051254089422028,174,0.9161147902869757,152,0.9816459443457667,30,830
tuk_Cyrl,100000,False,0.9867651585103109,492,0.9867461767817639,493,0.9848912438326711,594,25844
tuk_Latn,100000,False,0.9943561762654648,563,0.9941773278972772,620,0.9933818237142541,779,85233
tul_Latn,4299,False,0.9785296031229668,33,0.9875246224556795,19,0.9966821499668216,4,752
tum_Latn,100000,False,0.9813588944643968,923,0.9814803231039329,939,0.981482639192788,1009,121181
tuo_Latn,28238,False,0.998587570621469,13,0.9981847519160951,17,0.9981847519160951,17,4950
tur_Latn,100000,False,0.9877021726889696,1199,0.9880940111141963,1373,0.9913782591110226,1806,415892
tuv_Latn,532,False,0.22680412371134023,369,0.8480000000000001,11,0.8849557522123893,2,61
tvk_Latn,22714,False,0.9909118448954863,59,0.9906117504542701,61,0.9906117504542701,61,3272
tvl_Latn,100000,False,0.9920331379114116,591,0.9923479342067844,605,0.9924520078451572,713,75574
twb_Latn,6753,False,0.958904109589041,76,0.9644797325532805,61,0.9705387205387206,45,1178
twi_Latn,100000,False,0.9886811404512065,145,0.9889407006973961,157,0.9902447983987943,267,293855
twu_Latn,13437,False,0.9805480025099352,80,0.9803429527394396,81,0.9886123998312948,41,2357
twx_Latn,26573,False,0.6316856046898748,4856,0.6221208015403267,5064,0.6221208015403267,5064,4597
txq_Latn,18350,False,0.9774230330672747,71,0.9769774333257351,73,0.9769774333257351,73,2171
txu_Latn,17214,False,0.9986178299930891,8,0.9984453273449645,9,0.9998270195467912,1,2890
tyv_Cyrl,100000,False,0.9810393728923331,446,0.9808641286144915,454,0.9783586409582757,576,22367
tzh_Latn,100000,False,0.9911735861392611,453,0.990447532397485,527,0.9896652915408498,598,35036
tzj_Latn,56692,False,0.9514975845410628,60,0.9517001545595054,60,0.9517001545595054,60,2653
tzl_Latn,190,False,0.1937984496124031,199,0.75,1,0.75,1,34
tzm_Tfng,1590,False,0.7649006622516555,93,0.7649006622516555,93,0.7649006622516555,93,280
tzo_Latn,100000,False,0.9965215248977868,80,0.9967395001348769,86,0.9967283089226872,101,85455
ubr_Latn,27048,False,0.9834024896265561,50,0.9834024896265561,50,0.9834024896265561,50,1665
ubu_Latn,58489,False,0.9976863494618248,20,0.9975859987929995,21,0.9975859987929995,21,4962
udm_Cyrl,100000,False,0.9694858512972472,1037,0.9685551640010843,1088,0.961654826202909,1424,21742
udu_Latn,17827,False,0.9965655409273039,12,0.995995423340961,14,0.9988525530694204,4,1741
uig_Arab,100000,False,0.9985528219971056,45,0.9985528219971056,45,0.9981588637559179,63,22791
uig_Cyrl,39412,False,0.987097709481009,156,0.9870261651083568,157,0.9870261651083568,157,6831
uig_Latn,59496,False,0.9881228273464658,213,0.987361312108056,230,0.987361312108056,230,10266
ukr_Cyrl,100000,False,0.9842205060180174,6812,0.9848069292977474,6942,0.9859075474651942,8055,367648
umb_Latn,100000,False,0.9909695096762723,370,0.9914466499814513,398,0.991324966443654,451,96114
upv_Latn,17741,False,0.9832813828279966,56,0.9841179807146908,53,0.9919954259576901,25,1738
ura_Latn,17359,False,0.9970077797725913,10,0.9967095423272511,11,0.9985016481869943,5,1666
urb_Latn,17434,False,0.9908796704913209,19,0.9911712772218951,18,0.9943870014771048,6,1696
urd_Arab,100000,False,0.9805637410767867,1818,0.980852311645752,1824,0.9815746891119911,1919,111999
urd_Latn,38376,False,0.9515161086544536,42,0.9511580274145266,60,0.9511580274145266,60,6597
urh_Latn,100000,False,0.9846581391807523,592,0.9845094009286747,602,0.9840424520227475,629,26079
uri_Latn,4227,False,0.9867021276595744,20,0.9939718687206965,9,0.9979825151311366,3,742
urk_Thai,13466,False,0.9966273187183812,16,0.9966273187183812,16,0.9993658845909955,3,2364
urt_Latn,17543,False,0.9973905479849233,4,0.9973905479849233,4,0.9970963995354238,2,1725
urw_Latn,1006,False,0.8606356968215159,57,0.9643835616438355,13,0.9859154929577464,4,176
ury_Latn,6598,False,0.9763847144697295,51,0.9805950840879689,41,0.9973684210526317,2,1141
usa_Latn,24754,False,0.9948148148148148,13,0.9940784603997039,15,0.9940784603997039,15,1344
usp_Latn,17825,False,0.9962088072324293,10,0.9962088072324293,10,0.9967901955062736,8,1711
uth_Latn,4272,False,0.9946949602122016,8,0.9973404255319148,4,0.999333777481679,1,750
uvh_Latn,17225,False,0.9951497860199715,17,0.9951497860199715,17,0.9979959919839679,6,1744
uvl_Latn,24441,False,0.9894179894179894,27,0.989044200982244,28,0.989044200982244,28,1310
uzn_Cyrl,37596,False,0.9886722663173307,121,0.9884437596302004,124,0.9884437596302004,124,6441
uzn_Latn,100000,False,0.9891035536513136,432,0.9899046716215658,522,0.9907427045284947,696,256271
uzs_Arab,100000,False,0.9879810342926452,514,0.9879456082322675,518,0.9876012564060176,538,27020
vag_Latn,17828,False,0.9943246311010215,27,0.9943246311010215,27,0.9956147474419359,18,3074
vap_Latn,30667,False,0.9733924611973394,215,0.9736720554272518,214,0.9736720554272518,214,5341
var_Latn,11058,False,0.9933469805527123,26,0.9933469805527123,26,0.9964047252182846,13,1941
vec_Latn,100000,False,0.8973426290795191,2750,0.8910811958340619,3124,0.8766652763806767,3817,19076
ven_Latn,100000,False,0.9969413017211516,107,0.9971194701852493,116,0.9970525391235314,150,118606
vep_Latn,9947,False,0.3844011142061281,5504,0.43454179254783476,4472,0.8016098484848485,785,1746
vid_Latn,17829,False,0.9252032520325203,264,0.9279303780255642,252,0.9565217391304348,141,1719
vie_Latn,100000,False,0.9978353499465825,171,0.9980642747705304,207,0.9980492967691575,302,322518
viv_Latn,23382,False,0.9913924050632912,26,0.9901390644753476,31,0.9901390644753476,31,1966
vls_Latn,25500,False,0.6035979717996804,5575,0.5959547480287968,5762,0.5959547480287968,5762,4477
vmk_Latn,1646,False,0.5106382978723404,309,0.6959578207381372,85,0.7140115163147793,49,286
vmw_Latn,100000,False,0.9749459465483806,770,0.9756477606624522,801,0.9746466980712825,928,45217
vmy_Latn,17829,False,0.99552,27,0.9952015355086373,29,0.998395378690629,9,3112
vol_Latn,88791,False,0.5578055758119705,22983,0.5475308868277303,24037,0.5475308868277303,24037,15582
vot_Latn,119,False,0.0851063829787234,69,0.32,0,0.32,0,21
vro_Latn,51151,False,0.7051829671055528,6579,0.6974760661444735,6843,0.6974760661444735,6843,8123
vun_Latn,17824,False,0.9852216748768472,29,0.9860869565217392,27,0.9866589327146171,25,1722
vut_Latn,17776,False,0.9980674253811467,9,0.9982817869415808,8,0.9984962406015038,7,2324
waj_Latn,24407,False,0.9959116925592805,6,0.9959116925592805,6,0.9959116925592805,6,1222
wal_Ethi,6595,True,0.7407922168172343,660,0.7394782608695651,660,0.8116504854368932,378,1152
wal_Latn,100000,False,0.9910399617705035,138,0.9912340925146513,157,0.9905078074526136,247,50535
wap_Latn,30027,False,0.9965870307167236,13,0.9964610717896866,14,0.9964610717896866,14,3956
war_Latn,100000,False,0.9361584086507424,9726,0.9349347132315189,10055,0.9308111452636622,11398,95739
wat_Latn,6617,False,0.9746621621621622,59,0.9800424628450106,46,0.9926502377864246,10,1155
way_Latn,13526,False,0.9974662162162162,11,0.9976768743400211,10,0.9987304274227676,3,2363
wba_Latn,7083,False,0.96015625,99,0.9738510301109351,63,0.9927066450567261,11,1232
wbm_Latn,64634,False,0.998282967032967,8,0.998282967032967,8,0.998282967032967,8,8743
wbp_Latn,20841,False,0.9978156400174749,8,0.9980345053505132,8,0.9980345053505132,8,2286
wed_Latn,6267,False,0.9483394833948339,47,0.9589672660212079,36,0.9682835820895522,13,1093
wer_Latn,24394,False,0.9971785570334543,7,0.9967767929089444,8,0.9967767929089444,8,1237
wes_Latn,65898,False,0.7611297596039738,6810,0.7603658536585366,6838,0.7603658536585366,6838,11459
wew_Latn,727,False,0.5285412262156448,222,0.9283018867924528,16,0.946938775510204,3,126
whg_Latn,782,False,0.5613305613305614,208,0.9747292418772563,4,0.9505703422053232,0,138
whk_Latn,11051,False,0.9946029298380878,17,0.9948586118251929,16,0.9966434288665117,4,1939
wib_Latn,9431,False,0.9990906335253107,3,0.9990906335253107,3,0.9993935718617344,2,1648
wim_Latn,17245,False,0.9982876712328768,5,0.9980028530670471,6,0.9988577955454025,3,1750
wiu_Latn,29858,False,0.993919740575598,14,0.9931146213041718,16,0.9931146213041718,16,1227
wln_Latn,25529,False,0.9374671571203362,571,0.9363712725745486,581,0.9363712725745486,581,4484
wls_Latn,100000,False,0.9941230307869063,150,0.9944176269075055,170,0.9948657710289461,222,128987
wlv_Latn,1486,False,0.16301934665398035,2634,0.529351184346035,452,0.9169675090252707,38,262
wlx_Latn,19671,False,0.9689229459344402,218,0.9690516751845543,216,0.9690516751845543,216,3415
wmt_Latn,1953,False,0.9856733524355301,10,0.9885057471264368,8,0.9971014492753623,2,344
wmw_Latn,17797,False,0.8114978490418459,957,0.8149312377210216,934,0.8685092127303182,620,2082
wnc_Latn,28251,False,0.9893061427505594,38,0.9885685884691849,41,0.9885685884691849,41,1994
wnu_Latn,23875,False,0.9915356711003628,19,0.9911361804995971,20,0.9911361804995971,20,1232
wob_Latn,17751,False,0.9982648930017353,5,0.9976878612716764,7,0.9994209612044007,1,1727
wol_Latn,69728,False,0.9703893881044073,293,0.9676759933563306,382,0.9676759933563306,382,11738
wos_Latn,19970,False,0.9937568857877341,13,0.994121969140338,12,0.994121969140338,12,1357
wrk_Latn,10995,False,0.9966491144088081,7,0.9961722488038278,8,0.9985597695631302,2,1041
wrs_Latn,25819,False,0.9870435806831567,37,0.9847238542890717,45,0.9847238542890717,45,1683
wsg_Telu,4001,False,0.933955970647098,98,0.9402283411685696,88,0.9985714285714286,0,701
wsk_Latn,29455,False,0.9877135151333533,74,0.9874138447707521,75,0.9874138447707521,75,3304
wuu_Hani,74364,False,0.4278038101785682,30400,0.4276415708396616,30432,0.4276415708396616,30432,13050
wuv_Latn,24539,False,0.9936920222634509,12,0.9933234421364986,13,0.9933234421364986,13,1344
wwa_Latn,13509,False,0.9951157358250159,20,0.9955385595920969,18,0.99765708200213,7,2346
xal_Cyrl,11611,False,0.9794139016711068,73,0.9794039253695178,72,0.987586891757696,5,2034
xav_Latn,30476,False,0.9074547499744351,30,0.9074376787903554,35,0.9074376787903554,35,5312
xbi_Latn,8764,False,0.989010989010989,15,0.9896907216494846,14,0.997229916897507,3,721
xbr_Latn,6415,False,0.9805309734513276,32,0.9848619768477294,20,0.986029743127535,5,1120
xed_Latn,17807,False,0.9976001476832195,8,0.9974160206718345,9,0.9985212569316082,2,2707
xho_Latn,100000,False,0.90267358783563,9283,0.9027498232977684,9405,0.9025424868237066,9652,153597
xla_Latn,27219,False,0.9975483519476982,8,0.997276688453159,9,0.997276688453159,9,1832
xmf_Geor,100000,False,0.9667631230224194,891,0.9667631230224194,891,0.9667631230224194,891,18212
xmm_Latn,6762,False,0.9460112812248188,131,0.9501822600243015,119,0.9902501059771089,14,1177
xmv_Latn,56898,False,0.9839195979899497,234,0.9820953909423743,272,0.9820953909423743,272,9876
xnn_Latn,10778,False,0.9799472295514513,70,0.9833200953137411,57,0.9940891993551855,9,1863
xog_Latn,26865,False,0.8942020322773461,950,0.893312101910828,960,0.893312101910828,960,4600
xon_Latn,24417,False,0.9229446164430685,444,0.9240571723781643,437,0.9240571723781643,437,2687
xrb_Latn,17749,False,0.9975763451284537,10,0.9975763451284537,10,0.9992709599027946,1,2058
xsb_Latn,17822,False,0.9619686800894856,124,0.9625069949636261,122,0.9811751283513976,54,1732
xsi_Latn,28581,False,0.9970164097463947,12,0.9962732919254659,15,0.9962732919254659,15,2005
xsm_Latn,24468,False,0.9967179132838141,6,0.9965469613259668,8,0.9965469613259668,8,2898
xsr_Deva,17795,False,0.9891552511415526,36,0.9888730385164052,37,0.995688416211555,12,1735
xsu_Latn,19885,False,0.9989006962257236,6,0.9989006962257236,6,0.9989006962257236,6,2726
xtd_Latn,17918,False,0.9970995810505962,11,0.9972602739726028,10,0.9980645161290322,5,3101
xtm_Latn,22034,False,0.9865055387713998,64,0.9867042707493956,63,0.9867042707493956,63,2452
xtn_Latn,23830,False,0.9876602951850956,41,0.9877827506955364,41,0.9877827506955364,41,4143
xum_Latn,113,False,0.39999999999999997,36,0.8571428571428571,0,0.8571428571428571,0,16
xuo_Latn,17719,False,0.9990232467278766,4,0.9988281250000001,5,0.9994137189759624,2,2558
yaa_Latn,17141,False,0.9951367781155016,12,0.9948343968398663,13,0.9972586049345111,5,1641
yad_Latn,16726,False,0.9953488372093023,15,0.9953488372093023,15,0.9990662931839402,3,1605
yal_Latn,17818,False,0.9894179894179894,34,0.9896743447180302,32,0.9922974767596282,21,1876
yam_Latn,17769,False,0.9996778350515463,2,0.999516830407473,3,0.9996778350515463,2,3103
yan_Latn,30490,False,0.9873205295543539,112,0.9869549012299664,117,0.9869549012299664,117,5319
yao_Latn,100000,False,0.9904547303852533,170,0.9906805103827871,186,0.9898478743010652,250,32088
yap_Latn,100000,False,0.998477801268499,57,0.9985205224669231,69,0.9978985162891388,132,47315
yaq_Latn,17776,False,0.9939741750358679,21,0.9948305571510626,18,0.997408580477973,9,1732
yas_Latn,6565,False,0.9870578084555651,29,0.9891915261565067,24,0.997384481255449,5,1145
yat_Latn,6733,False,0.9949152542372881,12,0.9961815867628341,9,0.997875053123672,5,1174
yaz_Latn,6764,False,0.9924433249370278,17,0.9945309213294068,12,0.9991546914623838,1,1183
ybb_Latn,12240,False,0.9827006246996636,18,0.9810596979141692,26,0.9816690786300049,12,2099
yby_Latn,24355,False,0.9854867256637169,35,0.9861849096705632,33,0.9861849096705632,33,1398
ycn_Latn,17642,False,0.9961190168175938,24,0.9959579628132579,25,0.9990262901655307,4,3080
ydd_Hebr,38324,False,0.9358103223941014,787,0.9360133034487744,784,0.9360133034487744,784,6574
yim_Latn,30719,False,0.9910464465584778,70,0.9906768599664366,74,0.9906768599664366,74,5339
yka_Latn,24931,False,0.9969889595182335,17,0.9964888814579502,20,0.9964888814579502,20,2981
yle_Latn,30413,False,0.9983120327947914,7,0.9980713596914176,8,0.9980713596914176,8,2070
yli_Latn,13447,False,0.9914712153518125,34,0.9921058246212929,31,0.995923621540442,9,2331
yml_Latn,22780,False,0.9966517857142858,11,0.9966517857142858,11,0.9966517857142858,11,2686
yom_Latn,70854,False,0.963943368226848,659,0.963206149657685,691,0.963206149657685,691,12257
yon_Latn,21011,False,0.9954614220877458,16,0.9950291765722931,17,0.9950291765722931,17,2308
yor_Latn,100000,False,0.9938582087615969,114,0.993970165848235,118,0.994233572721261,147,271334
yrb_Latn,15989,False,0.9881524175472303,30,0.9878283151825753,30,0.9951534733441034,5,1550
yre_Latn,28067,False,0.9964341748680645,15,0.9964351917866819,16,0.9964351917866819,16,3503
yrk_Cyrl,1902,False,0.9118457300275481,62,0.9497847919655666,33,0.9835082458770615,6,333
yrl_Latn,6918,False,0.7487889273356402,615,0.8067289719626168,403,0.9254901960784314,40,1193
yss_Latn,37876,False,0.9937205651491365,39,0.9932527851875097,42,0.9932527851875097,42,3166
yua_Latn,100000,False,0.9959821842307546,221,0.9964092476856266,229,0.9963994487507013,258,91864
yue_Hani,100000,False,0.773107758906288,9000,0.7729711825107651,9008,0.7728517177426477,9015,18775
yuj_Latn,24252,False,0.9972113775794758,10,0.9972113775794758,10,0.9972113775794758,10,1788
yup_Latn,270,False,0.24523160762942775,276,0.9777777777777777,0,0.9176470588235294,0,46
yut_Latn,28424,False,0.9985365853658538,5,0.9985365853658538,5,0.9985365853658538,5,2048
yuw_Latn,20046,False,0.9930833636694575,19,0.9919999999999999,22,0.9919999999999999,22,1364
yuz_Latn,6670,False,0.988936170212766,23,0.9918907383696115,16,0.9957155098543274,7,1165
yva_Latn,17493,False,0.9892041174993723,41,0.9894525364138624,40,0.9972116603295311,6,1972
zaa_Latn,17673,False,0.9932846715328467,21,0.9927049897869856,23,0.9973568281938326,4,1703
zab_Latn,19384,False,0.9782997191728363,37,0.9775395610005105,39,0.9775395610005105,39,1964
zac_Latn,17805,False,0.9977220956719818,7,0.9965870307167236,11,0.9988590986879635,2,1753
zad_Latn,17817,False,0.9971783295711062,10,0.9966159052453468,12,0.9971767363071711,9,1767
zae_Latn,17778,False,0.9908663160808192,33,0.991140642303433,32,0.9969333705046,9,1790
zai_Latn,100000,False,0.9952193875136083,107,0.9953166024079286,126,0.9948377494004937,196,42349
zam_Latn,17797,False,0.9960339943342776,14,0.9954699886749716,16,0.9991470002843332,2,1758
zao_Latn,17796,False,0.9913480323751047,25,0.9927333705980994,20,0.9960740325294447,8,1782
zar_Latn,17756,False,0.98577944727663,51,0.9860440150295223,50,0.988697524219591,40,1839
zas_Latn,17799,False,0.9950111818338208,29,0.9955249569707401,26,0.9975853742669887,14,2892
zat_Latn,17798,False,0.9976958525345622,8,0.997408580477973,9,0.9997112330349408,0,1732
zav_Latn,17587,False,0.9988603988603989,3,0.998575904300769,4,0.9988603988603989,3,1754
zaw_Latn,17823,False,0.9928305133352452,20,0.9928305133352452,20,0.9971198156682027,5,1736
zca_Latn,17802,False,0.9959770114942529,14,0.9954049396898335,16,0.997408580477973,8,1733
zdj_Latn,1573,False,0.5641025641025641,399,0.8851351351351352,57,0.9411764705882354,6,273
zea_Latn,8505,False,0.09110734189483886,26078,0.1089370260191897,21072,0.15953160412994208,13122,1495
zgh_Tfng,2897,False,0.8583078491335372,50,0.8591836734693878,49,0.8591836734693878,49,510
zia_Latn,24412,False,0.9920508744038156,16,0.9912629070691024,18,0.9912629070691024,18,1252
ziw_Latn,17829,False,0.8512658227848102,466,0.8540397350993376,451,0.8572188247806434,437,1712
zne_Latn,100000,False,0.9945570101580749,296,0.9946911878060167,323,0.99341035701125,460,45977
zoc_Latn,4297,False,0.9927392739273927,11,0.9940515532055518,9,0.9986702127659575,1,752
zom_Latn,48432,False,0.7335779816513761,1529,0.7345181385122757,1534,0.7345181385122757,1534,5373
zos_Latn,17816,False,0.9956584659913169,15,0.9947946790052054,18,0.9988378849506101,3,1720
zpa_Latn,50169,False,0.9544411292173515,489,0.9495376184495946,579,0.9495376184495946,579,8622
zpc_Latn,17745,False,0.9966362325804902,21,0.9964766175528508,22,0.9991970451260639,5,3111
zpg_Latn,833,False,0.5684647302904564,208,0.9714285714285715,7,0.9963369963369962,0,137
zpi_Latn,17812,False,0.9857516719976738,41,0.9868995633187772,37,0.9973521624007061,1,1703
zpj_Latn,90,False,0.1283018867924528,231,0.7999999999999999,7,0.7999999999999999,7,17
zpl_Latn,17820,False,0.9991998719795167,4,0.9991998719795167,4,0.99935917975008,0,3123
zpm_Latn,17300,False,0.9954597048808174,13,0.9954597048808174,13,0.9985767150583547,2,1757
zpo_Latn,17782,False,0.9938757655293088,18,0.9932964150393472,20,0.997072599531616,6,1707
zpq_Latn,17691,False,0.996523754345307,11,0.996523754345307,11,0.9985486211901305,4,1721
zpt_Latn,17827,False,0.998712584486643,4,0.9988733301142765,3,0.9993558776167473,0,3107
zpu_Latn,17841,False,0.9971135343168698,15,0.9972734562951083,14,0.9982340664633168,8,3112
zpv_Latn,17800,False,0.998813056379822,4,0.998813056379822,4,0.9994061757719715,2,1683
zpz_Latn,17804,False,0.9985146063706881,6,0.9983498349834984,7,0.9990092470277411,3,3028
zsm_Arab,281,False,0.10526315789473684,23,0.2181818181818182,0,0.2181818181818182,0,49
zsm_Latn,100000,False,0.7520968271498074,45703,0.7504692663090949,46554,0.7420067722811337,50665,121531
zsr_Latn,17753,False,0.9869047619047618,6,0.9871985710032748,5,0.9880810488676997,2,1696
ztq_Latn,17742,False,0.9922525107604018,24,0.9933927032461937,20,0.9982678983833718,3,1732
zty_Latn,17738,False,0.9982857142857142,4,0.9982857142857142,4,0.9991421218187018,1,1749
zul_Latn,100000,False,0.850386110648432,13743,0.8503790294013461,13817,0.850142103269968,13989,148452
zyb_Latn,13305,False,0.9967900706184464,15,0.9965768078733419,16,0.9991419991419991,4,2329
zyp_Latn,17810,False,0.9950738916256159,16,0.9950738916256159,16,0.999127145766657,2,1718
