lang,N,category,support,f1_baseline,f1_freq_prior,f1_learned_bias,f1_floor21,f1_margin_q5,f1_margin_q5_head,f1_gt_margin_adaptive
aai_Latn,24580,head,1191,0.9854832019908751,0.9863127333056823,0.9887640449438202,0.9871315898713159,0.9850746268656717,0.9850746268656717,0.9871101871101872
aak_Latn,24062,head,2591,0.9998070615473663,1.0,0.9998070615473663,0.9998070615473663,0.9998070615473663,0.9998070615473663,1.0
aau_Latn,24485,head,1127,0.9973451327433629,0.9977866312527667,0.9986708019494905,0.9973451327433629,0.9973451327433629,0.9969040247678018,0.9986708019494905
aaz_Latn,20777,head,1757,0.9937782805429864,0.9951854998583971,0.9954674220963173,0.9937782805429864,0.9932165065008479,0.992935857586889,0.9946221341636003
aba_Latn,18107,head,2918,0.9118072289156626,0.910783055198973,0.8981012658227849,0.8886456052549264,0.90976117967623,0.9071736699153219,0.9249063365368954
abi_Latn,6735,mid,977,0.9944020356234098,0.9944020356234098,0.9944020356234098,0.9974476773864216,0.9938962360122076,0.9944020356234098,0.9917440660474716
abk_Cyrl,100000,head,221110,0.9973978638910549,0.9975433650459826,0.9973433915732017,0.9973501617330713,0.9974001482391501,0.9974024207806337,0.9972729312928301
abn_Latn,47050,head,7950,0.972819020494087,0.9713155291790306,0.9688000986558146,0.9688000986558146,0.9726383558251827,0.9715557754142963,0.9754159423888752
abq_Cyrl,141,flat_magnet,7,0.5714285714285714,0.75,0.6,0.923076923076923,0.5454545454545455,0.5714285714285714,0.17391304347826084
abs_Latn,1335,flat_magnet,67,0.018179314144057296,0.02812699765608353,0.02875190590285341,0.02506265664160401,0.0177133655394525,0.018179314144057296,0.061254253767622745
abt_Latn,46820,head,2129,0.9974160206718347,0.9971817754814467,0.9978848413631023,0.9976503759398496,0.9974160206718347,0.9974160206718347,0.9976492712740951
abx_Latn,17721,mid,1610,0.9810860280658938,0.9877149877149878,0.9840881272949816,0.981074481074481,0.9807868252516012,0.9810860280658938,0.997826761875194
aby_Latn,21889,head,929,0.9973103819257666,0.9983844911147012,0.9978471474703983,0.9973103819257666,0.9973103819257666,0.9973103819257666,0.9973103819257666
abz_Latn,13333,mid,2081,0.6205717837165942,0.6034769463340892,0.5839544059622973,0.5901978151756717,0.6067415730337079,0.6205717837165942,0.8419031363345423
aca_Latn,7493,mid,1114,0.9973142345568488,0.9982078853046595,0.9986553115194979,0.9977608598298254,0.9973142345568488,0.9973142345568488,0.9882032667876589
acd_Latn,17727,mid,2550,0.9998039600078416,0.9998039600078416,0.9998039600078416,0.999607996863975,0.9998039600078416,0.9998039600078416,0.9996078431372549
ace_Arab,6107,twin,870,0.5830182193193537,0.6433990895295902,0.773017319963537,0.5948789898281305,0.5669449081803005,0.5830182193193537,0.8222550467749877
ace_Latn,47937,head,7939,0.9647669049275729,0.9646761453396524,0.9663020800404628,0.9640850848955376,0.9643489254108722,0.9642270256604727,0.9650853889943074
acf_Latn,34818,head,2836,0.9454671761028135,0.9481946624803768,0.9465994085927987,0.9427726561141068,0.945303003993749,0.945138888888889,0.9432846207376478
ach_Latn,42880,head,5875,0.9913756297498079,0.9916325136612021,0.9923925121805283,0.9914588315681584,0.9913756297498079,0.9912063519166738,0.9913726830101649
acm_Arab,4566,flat_magnet,595,0.06862165131412153,0.09787357995921933,0.1322588291064233,0.0824361734850815,0.06848852901484481,0.06862165131412153,0.04903212082535631
acn_Latn,17803,mid,1544,0.9993527508090615,0.9993527508090615,0.9996762706377468,0.9996762706377468,0.9993527508090615,0.9993527508090615,0.9987029831387808
acr_Latn,67975,head,7606,0.9660190933974231,0.966259103360727,0.965140305272279,0.9655862344937975,0.9659546061415221,0.9659546061415221,0.9655540720961281
acu_Latn,24513,head,2152,0.9972131908964236,0.9972131908964236,0.9976765799256505,0.9969816577664267,0.9972131908964236,0.9972131908964236,0.9972131908964236
ada_Latn,100000,head,30287,0.993691112914176,0.9937473120058227,0.9939917572868563,0.9934050676848316,0.9936259333454743,0.9935276688020394,0.9912578523511949
ade_Latn,13525,mid,2161,0.9995374653098983,0.9995374653098983,0.9997686791579922,0.999306358381503,0.999306358381503,0.9995374653098983,0.999537251272559
adh_Latn,23111,head,2397,0.9853517639777182,0.9882060831781502,0.9884105960264901,0.9843169624432523,0.985148514851485,0.9849453495566096,0.9849266983274829
adi_Latn,30503,head,5119,0.9888446988068679,0.989612658965149,0.9911521633446766,0.9898048354209147,0.9889427740058195,0.9889427740058195,0.9895125267042144
adj_Latn,17702,mid,2883,0.9977434473181739,0.9977434473181739,0.9979166666666668,0.9979166666666668,0.9975702880944116,0.9977434473181739,0.9982632858631469
adl_Latn,11055,mid,1739,0.9988512349224584,0.9994252873563219,0.9991381786842861,0.9988512349224584,0.9985644559287971,0.9988512349224584,0.9974070872947278
ady_Cyrl,5894,mid,820,0.9562647754137116,0.9653937947494032,0.9591474245115453,0.956727919383521,0.9562647754137116,0.9562647754137116,0.9679758308157099
adz_Latn,3796,mid,78,0.7959183673469388,0.8618784530386739,0.8253968253968255,0.8813559322033898,0.7918781725888325,0.7959183673469388,0.9565217391304347
aeb_Arab,25840,head,4324,0.4557144573969475,0.4586711847997096,0.4208069356452151,0.44936109796497875,0.4556049501381713,0.4556049501381713,0.45104353011329756
aer_Latn,12314,mid,1947,0.9984591679506933,0.9987156434626253,0.9987156434626253,0.9984591679506933,0.9984591679506933,0.9984591679506933,0.9992289899768697
aeu_Latn,17719,mid,1469,0.9996597482136781,0.9996597482136781,1.0,1.0,0.9996597482136781,0.9996597482136781,0.9993188010899182
aey_Latn,25992,head,1534,0.9899708832093174,0.9918962722852513,0.9922178988326847,0.9906118484946584,0.9896507115135835,0.9893307468477207,0.9902912621359223
afr_Latn,100000,head,218323,0.9750606292606667,0.97473243007033,0.9784162082925507,0.9746824129056212,0.9750450985291118,0.9750383936553051,0.9740321846234107
agd_Latn,31162,head,1466,0.997618237495747,0.9979577944179714,0.9993183367416496,0.997618237495747,0.997618237495747,0.997618237495747,0.9979577944179714
agg_Latn,24084,head,1090,0.9990825688073395,0.9990825688073395,0.9990825688073395,0.9990825688073395,0.9990825688073395,0.9990825688073395,0.9990825688073395
agm_Latn,24380,head,1155,0.9982713915298185,0.9982713915298185,0.9982713915298185,0.9978401727861772,0.9978401727861772,0.9978401727861772,0.9982713915298185
agn_Latn,17794,mid,1812,0.9772110689093869,0.9833469833469833,0.9833469833469833,0.9801252382248842,0.9772110689093869,0.9772110689093869,0.9950248756218905
agr_Latn,32209,head,2940,0.9974528782475802,0.9974528782475802,0.9976222826086957,0.9974520129098012,0.997283531409168,0.9971142420641658,0.9974528782475802
agt_Latn,16997,mid,1417,0.9926341634514204,0.9950773558368496,0.9936797752808989,0.993675333801827,0.9922861150070127,0.9926341634514204,0.9971731448763251
agu_Latn,22058,head,1436,0.9989557953358857,0.9989557953358857,0.9989557953358857,0.9989557953358857,0.9989557953358857,0.9989557953358857,0.9989557953358857
agw_Latn,39173,head,5290,0.9968888469878382,0.9970768505421971,0.9971708789136174,0.9968882602545969,0.9967948717948718,0.9967948717948718,0.996982270841192
agx_Cyrl,1958,mid,145,0.8022598870056498,0.8847352024922117,0.8184438040345821,0.8231884057971014,0.7932960893854748,0.8022598870056498,0.9003215434083602
aha_Latn,15133,mid,2401,0.9904997934737712,0.9911138665013433,0.9907043999173724,0.9904997934737712,0.9896822121337185,0.9904997934737712,0.9964516802337716
ahk_Latn,100000,head,22942,0.9999128236422282,0.9998910319276452,0.9999128236422282,0.9999128236422282,0.9999128236422282,0.9999128236422282,0.9998692411628819
aia_Latn,17546,mid,2872,0.9994779885157474,0.9996519317786285,0.9994779885157474,0.9996519317786285,0.9994779885157474,0.9994779885157474,0.9996516893068618
aii_Syrc,24440,head,2609,0.9998083189572551,0.9998083189572551,0.9998083189572551,1.0,0.9998083189572551,0.9998083189572551,1.0
aim_Latn,11048,mid,1740,0.9925714285714287,0.9945605496707702,0.9925714285714287,0.9934229339433801,0.9922879177377891,0.9925714285714287,0.9945449325294287
ain_Latn,4507,mid,592,0.97581317764804,0.9840201850294364,0.984047019311503,0.982367758186398,0.9750000000000001,0.97581317764804,0.9846153846153847
ajg_Latn,29217,head,4877,0.9632464001611117,0.9632538004631028,0.9631494160289972,0.9525609149676778,0.9624710735486467,0.9616969940685633,0.9663125948406678
aji_Latn,12641,mid,1997,0.99824517422913,0.99824517422913,0.99824517422913,0.9984962406015038,0.99824517422913,0.99824517422913,0.9954728370221327
ajz_Latn,11064,mid,1738,0.9925671812464266,0.9951275437087991,0.9945574334001719,0.9942726231386025,0.9925671812464266,0.9925671812464266,0.9919028340080971
akb_Latn,13505,mid,2166,0.9123918091619168,0.9304029304029303,0.9212716023042458,0.9170027594990448,0.9123918091619168,0.9123918091619168,0.9798534798534798
ake_Latn,17791,mid,1505,0.9996678844237795,0.9993359893758301,0.9996678844237795,0.9993359893758301,0.9993359893758301,0.9996678844237795,0.9996678844237795
akh_Latn,24012,head,1068,0.9967304997664643,0.997196261682243,0.9981290926099158,0.9971988795518207,0.9967304997664643,0.9967304997664643,0.9967304997664643
akp_Latn,17785,mid,2512,0.9994032225979709,0.9996020692399523,0.9996020692399523,0.9996020692399523,0.9994032225979709,0.9994032225979709,1.0
ald_Latn,11035,mid,1735,0.9991361934926576,0.9994239631336406,0.9994239631336406,0.9994239631336406,0.9991361934926576,0.9991361934926576,0.9942062572421785
alj_Latn,13407,mid,2152,0.9944547134935305,0.9974507531865585,0.9951445086705203,0.9942196531791908,0.9944547134935305,0.9944547134935305,0.9934701492537314
aln_Latn,62542,twin,10641,0.8648803202352748,0.8667812986162287,0.8874417041300785,0.873482533652655,0.864809671622284,0.864809671622284,0.873765546878228
alp_Latn,17561,mid,1524,0.9963993453355156,0.9960732984293195,0.9963993453355156,0.9970520799213889,0.9957474648348054,0.9963993453355156,0.9990154250082047
alq_Latn,17867,mid,1638,0.9951249238269347,0.9957317073170733,0.9957291031116535,0.9960402071276272,0.9951249238269347,0.9951249238269347,0.9972485478446957
als_Latn,100000,twin,81812,0.9626531369879965,0.9624288518760881,0.9665947877518329,0.9646739130434783,0.9626747013295553,0.9626582200170748,0.9632166772418976
alt_Cyrl,84843,head,13061,0.9857593134090306,0.9853499316836194,0.9889515391648888,0.9854918344094189,0.9857603949117145,0.9857989064398542,0.9854025697559491
aly_Latn,6317,mid,907,0.995609220636663,0.9961559582646897,0.9961559582646897,0.9972512369433755,0.995609220636663,0.995609220636663,0.9972482113373692
alz_Latn,92770,head,15956,0.9916256312141267,0.9906115040370532,0.9903125,0.9908216646305172,0.9915950573919589,0.991409042453126,0.991672166179567
ame_Latn,34032,head,5747,0.9981731187472815,0.9980862908837858,0.9986074847693646,0.9979994781247282,0.9982602644398051,0.9981734365486649,0.9979987818672236
amf_Latn,13325,mid,2106,0.9922151450813871,0.9943262411347519,0.9936215450035436,0.9929211892402076,0.9924528301886792,0.9922151450813871,0.99476688867745
amh_Ethi,100000,head,103407,0.9950848692112156,0.9951782132386977,0.9952745719843419,0.9946121001243361,0.9950897163804745,0.9950897163804745,0.9939645380513256
ami_Latn,87543,head,15024,0.9953042261964232,0.9954407800592365,0.9959382074843521,0.9958384658920665,0.9954045954045954,0.995238887964042,0.9939276658214333
amk_Latn,17696,mid,1514,0.9934296977660972,0.9940828402366864,0.9940828402366864,0.9944097336402499,0.9934296977660972,0.9934296977660972,0.9976874793524941
amm_Latn,24436,head,1044,0.9966587112171837,0.9966587112171837,0.9966587112171837,0.9966587112171837,0.9966587112171837,0.9966587112171837,0.9966587112171837
amn_Latn,37915,head,3123,0.9987208186760473,0.9987208186760473,0.9990403071017274,0.9987208186760473,0.9987208186760473,0.9987208186760473,0.9988805373420757
amp_Latn,30724,head,1048,0.9957244655581948,0.9961977186311787,0.9957244655581948,0.9947793070716658,0.9957244655581948,0.9957244655581948,0.9961977186311787
amr_Latn,23701,head,1030,1.0,1.0,1.0,1.0,1.0,1.0,1.0
amu_Latn,17900,mid,2937,0.9979550102249488,0.9979550102249488,0.9979550102249488,0.9979550102249488,0.9979550102249488,0.9979550102249488,0.9977834612105713
amx_Latn,1656,mid,96,0.9896907216494846,0.9948186528497409,0.9948186528497409,0.9948186528497409,0.9846153846153847,0.9896907216494846,0.9948186528497409
ang_Latn,490,flat_magnet,22,0.04662004662004662,0.09925558312655088,0.06514657980456026,0.1818181818181818,0.13029315960912052,0.1702127659574468,0.1357142857142857
anm_Latn,30734,head,5164,0.9959333849728892,0.9958369638880821,0.9962234918175656,0.996029824731287,0.9959333849728892,0.9959333849728892,0.9961255327392484
ann_Latn,22124,head,1750,0.9988577955454025,0.9988577955454025,0.9991431019708655,0.9988577955454025,0.9988577955454025,0.9985726520125606,0.9988577955454025
anp_Deva,4499,tight_lowres,450,0.013548669603070346,0.022896068877430342,0.10141792838260034,0.014409540109313751,0.013547273804311434,0.013548669603070346,0.019306399713979263
anv_Latn,17797,mid,1518,0.9993412384716732,0.9993412384716732,0.9990121830754034,0.9993412384716732,0.9993412384716732,0.9993412384716732,0.9996705107084018
any_Latn,11974,mid,1899,0.9989473684210526,0.9992103185048696,0.9989473684210526,0.9986845566956064,0.9989473684210526,0.9989473684210526,0.9949748743718594
aoi_Latn,3242,mid,369,0.9919354838709677,0.9932705248990579,0.9906040268456376,0.9932705248990579,0.9919354838709677,0.9919354838709677,0.9905020352781547
aoj_Latn,55040,head,4677,0.9994657548883427,0.999252216643521,0.99957255823894,0.9994657548883427,0.9994657548883427,0.9994657548883427,0.9994657548883427
aom_Latn,17715,mid,2851,0.9991238829507623,0.9992989835261129,0.9996493688639551,0.9991238829507623,0.9991238829507623,0.9991238829507623,0.9996493688639551
aoz_Latn,13501,mid,2171,0.9892865283793025,0.9917733089579525,0.9929078014184397,0.9915389892522296,0.9890610756608933,0.9892865283793025,0.9930811808118081
apb_Latn,10888,mid,1690,0.9988179669030733,0.9997042295178942,0.9988179669030733,0.9991132131244458,0.9988179669030733,0.9988179669030733,0.9970344009489917
apc_Arab,79058,head,13587,0.7014372600319391,0.6869733871736988,0.6999168116161234,0.7025941308640294,0.7012466456061687,0.7010526315789474,0.7117847993168231
ape_Latn,59332,head,2353,0.9978795589482612,0.9976680093279627,0.9983029274501486,0.9978795589482612,0.9978795589482612,0.9978795589482612,0.9980903882877149
apn_Latn,16297,mid,1396,0.9996419620479771,0.9992841803865427,0.9992841803865427,0.9996419620479771,0.9996419620479771,0.9996419620479771,1.0
apr_Latn,24377,head,1016,0.9970559371933267,0.9980353634577603,0.997545409916544,0.9980353634577603,0.9970559371933267,0.9970559371933267,0.9985257985257985
apt_Latn,11049,mid,1736,0.9945511901347863,0.99626544096524,0.9959793222286043,0.9959793222286043,0.9942660550458716,0.9945511901347863,0.9962481962481963
apu_Latn,11186,mid,1758,0.9951525520387795,0.9948688711516533,0.9948688711516533,0.9945822640433417,0.9951525520387795,0.9951525520387795,0.9931310818546079
apw_Latn,11058,mid,1737,0.9957007738607051,0.9965576592082617,0.9971297359357061,0.9968436154949786,0.9957007738607051,0.9957007738607051,0.9974070872947277
apy_Latn,36974,head,5668,0.9981486379264745,0.9977084435043186,0.9980603068241932,0.9981489643014543,0.9979726751873071,0.9978847170809095,0.9982369534555713
apz_Latn,24230,head,2637,0.9994314951677089,0.9994314951677089,0.9996209249431387,0.9994314951677089,0.9994314951677089,0.9994314951677089,0.9994314951677089
aqz_Latn,271,flat_magnet,11,0.5454545454545454,0.5555555555555556,0.6363636363636364,0.7058823529411764,0.4999999999999999,0.5454545454545454,0.6206896551724137
arb_Arab,100000,head,1065627,0.9519837878415677,0.9552149973319574,0.9707237477237365,0.952373577319052,0.9519878987871819,0.951993178656727,0.9488386413894594
arb_Latn,847,isolated_tail,38,0.0927960927960928,0.17117117117117117,0.10704225352112676,0.21714285714285714,0.7000000000000001,0.6481481481481481,0.41860465116279066
arc_Syrc,410,flat_magnet,19,0.0,0.0,0.0,0.0,0.0,0.0,1.0
are_Latn,6673,mid,963,0.9974106680476438,0.9989626556016599,0.9984447900466563,0.9979274611398964,0.9974106680476438,0.9974106680476438,0.9947970863683664
arg_Latn,25914,flat_magnet,4347,0.4197405755978922,0.48313090418353577,0.6983933999131566,0.4169860802904983,0.4196080417278573,0.41918348763089996,0.41122053118472096
arl_Latn,24447,head,1064,0.9967182372245663,0.9967182372245663,0.9976536837165652,0.9967182372245663,0.9967182372245663,0.9967182372245663,0.9967182372245663
arn_Latn,100000,head,23802,0.987106230218578,0.987007472826087,0.9878289683298286,0.9879042526101349,0.9870858113848768,0.9870648456914679,0.9874443266171793
arp_Latn,1963,mid,144,0.9795918367346939,0.9896907216494846,0.9896907216494846,0.9965397923875432,0.9795918367346939,0.9795918367346939,0.993006993006993
arq_Arab,2712,tight_lowres,271,0.3834909716251075,0.49822904368358906,0.4957882069795428,0.41573033707865165,0.382832618025751,0.3834909716251075,0.3585657370517929
arr_Latn,572,flat_magnet,25,0.39622641509433965,0.6000000000000001,0.39622641509433965,0.8444444444444444,0.5333333333333333,0.6268656716417911,0.8275862068965517
ars_Arab,18539,head,3053,0.07532857016847491,0.08681586437068736,0.1561300230355772,0.07614521546487531,0.07532458368614169,0.07528872432337125,0.06765139799854246
ary_Arab,100000,head,28666,0.6504636175564452,0.6372978412779408,0.7315286205406625,0.6499651226643316,0.650415215644254,0.6502216800071414,0.6500299760191847
arz_Arab,100000,head,29061,0.49112327432607394,0.49407646059007077,0.4491250628948398,0.48650545044480636,0.4910666222347543,0.4910810395202215,0.4838077875364925
asg_Latn,17719,mid,1614,0.9978348283328178,0.9975262832405689,0.9981435643564356,0.9975262832405689,0.9978348283328178,0.9978348283328178,0.9987616099071207
asm_Beng,100000,head,41646,0.9915564379170951,0.9914507431277128,0.9934854203226039,0.9905401208762332,0.9915564379170951,0.9915684984751539,0.9903649844192126
asm_Latn,455,flat_magnet,21,0.09324009324009323,0.22485207100591714,0.12658227848101264,0.38,0.3238095238095238,0.35714285714285715,0.22099447513812154
aso_Latn,23837,head,2568,0.9986389266964807,0.9986389266964807,0.9988331388564761,0.9988331388564761,0.9986389266964807,0.9986389266964807,0.9990274265707061
ast_Latn,100000,head,154247,0.9268863410447807,0.9242581741132894,0.957537863448611,0.9249053966259926,0.9268390558006154,0.9268318280313367,0.9220671878922201
ata_Latn,27005,head,3117,0.9983969220904136,0.9987171263630533,0.9988773055332799,0.9987171263630533,0.9983969220904136,0.9983969220904136,0.9985569985569985
atb_Latn,25098,head,1727,0.999131190269331,0.999131190269331,0.999131190269331,0.9994206257242179,0.999131190269331,0.999131190269331,0.9994206257242179
atd_Latn,17597,mid,1668,0.9943232745742456,0.9952153110047847,0.994620442319187,0.9949177877428999,0.994026284348865,0.9943232745742456,0.9984998499849986
atg_Latn,17802,mid,1829,0.9970019078768058,0.9978177850518276,0.9970019078768058,0.9983624454148471,0.9970019078768058,0.9970019078768058,0.9994532531437944
ati_Latn,10154,mid,1554,0.851925820256776,0.8595279217040875,0.8408898901717825,0.8553423087940418,0.8458923512747877,0.851925820256776,0.9553485383874076
atj_Latn,1662,mid,96,0.6666666666666667,0.8017241379310345,0.7294117647058823,0.7410358565737051,0.657243816254417,0.6666666666666667,0.9199999999999999
atq_Latn,6661,mid,957,0.9891135303265941,0.9927083333333334,0.9916839916839916,0.9916839916839916,0.9891135303265941,0.9891135303265941,0.997907949790795
att_Latn,17829,mid,1548,0.9951783992285439,0.9954983922829581,0.9958185911868768,0.9961389961389961,0.9948586118251929,0.9951783992285439,0.9977426636568849
auc_Latn,17817,mid,1532,0.9993476842791911,1.0,1.0,0.9993476842791911,0.9993476842791911,0.9993476842791911,0.999673735725938
aui_Latn,4581,mid,590,0.9874266554903605,0.9949324324324325,0.9899159663865545,0.9890848026868179,0.9865996649916248,0.9874266554903605,0.9949066213921901
auy_Latn,24037,head,2028,0.9980276134122288,0.9982737361282368,0.9985199802664035,0.9985199802664035,0.9980276134122288,0.9980276134122288,0.9982737361282368
ava_Cyrl,17634,mid,2828,0.985679357317499,0.9896545677713484,0.9908675799086758,0.9865455180849204,0.9855072463768116,0.985679357317499,0.997523876901309
avk_Latn,3056,flat_magnet,335,0.4487004103967168,0.6274131274131274,0.5860215053763441,0.6333333333333333,0.4387959866220736,0.4487004103967168,0.8258575197889182
avn_Latn,11063,mid,1500,0.9956824975091333,0.9976705490848586,0.9976705490848586,0.9950182663566922,0.9956824975091333,0.9956824975091333,0.9963198394111744
avt_Latn,24340,head,1115,0.9955197132616487,0.9964125560538116,0.9973070017953322,0.9964125560538116,0.9955197132616487,0.9955197132616487,0.9964125560538116
avu_Latn,17019,mid,2787,1.0,0.9998206278026907,1.0,1.0,1.0,1.0,1.0
awa_Deva,18700,head,3061,0.7538822150600645,0.7936262376237623,0.86960933536276,0.7520093526231184,0.7538822150600645,0.7537717884868903,0.7508392935337906
awb_Latn,24529,head,1089,0.9963403476669717,0.996796338672769,0.9963403476669717,0.996796338672769,0.9963403476669717,0.9963403476669717,0.9972527472527473
awi_Latn,6621,mid,963,0.9963786859803414,0.9974106680476438,0.9974106680476438,0.9963749352667012,0.9963786859803414,0.9963786859803414,0.9905956112852664
awx_Latn,4174,mid,88,0.8543689320388349,0.8934010152284264,0.8844221105527639,0.9025641025641025,0.8543689320388349,0.8543689320388349,0.96045197740113
ayo_Latn,6717,mid,976,0.9933842239185751,0.9959183673469388,0.9964267483409903,0.9959183673469388,0.9933842239185751,0.9933842239185751,0.9958890030832477
ayp_Arab,6764,mid,990,0.9753694581280787,0.9821428571428572,0.9574468085106383,0.9850746268656716,0.9753694581280787,0.9753694581280787,0.9815950920245399
ayr_Latn,100000,head,86468,0.9947145877378436,0.994628744636003,0.9948131153254145,0.9947805690863384,0.9947030945079455,0.9947090561676375,0.9945964769726341
azb_Arab,100000,head,45202,0.9812784284427256,0.9804394808728183,0.988500383320556,0.9810624368381738,0.9812788398154252,0.9812900319706442,0.9800546658031372
azg_Latn,17785,mid,2921,0.9988015750727615,0.9988015750727615,0.9989726027397261,0.9989729544676481,0.9988015750727615,0.9988015750727615,0.9989726027397261
azj_Cyrl,26412,head,4300,0.9936423534851462,0.9938721239449648,0.9941020006938822,0.9934065934065935,0.993527508090615,0.993527508090615,0.9938664506422867
azj_Latn,100000,head,229011,0.9930885614268606,0.9933687640793474,0.9948698635685869,0.9933504149699904,0.9930869321564919,0.9930808042114941,0.9940267486387712
azz_Latn,17799,mid,1517,0.9825129533678756,0.982831227729187,0.9821948850760763,0.985064935064935,0.9825129533678756,0.9825129533678756,0.998022412656559
bak_Cyrl,100000,head,49791,0.9755934942923528,0.9756132013600912,0.9761542672911978,0.9752920625624766,0.975574770697806,0.9755757575757575,0.9741181213465027
bal_Arab,39095,head,6359,0.946690898076632,0.9504634554019147,0.9688688766400123,0.9431741000679194,0.946690898076632,0.946690898076632,0.9484958979033729
bam_Latn,18697,head,3033,0.7594830008429333,0.7800293685756241,0.7860548271752086,0.7414714344430744,0.7585239231093026,0.7565071368597818,0.7435932575030836
ban_Latn,41792,head,5371,0.9448436938555516,0.9471500721500722,0.9499413727789302,0.9397784131522515,0.944269945257112,0.9438464298528884,0.9439856373429085
bao_Latn,17847,mid,1522,0.999671592775041,0.999671592775041,0.999671592775041,0.9993434011818779,0.999671592775041,0.999671592775041,1.0
bar_Latn,100000,head,19352,0.8913426300509256,0.8830705705705706,0.9352600866538104,0.8849139863605259,0.8908974145517684,0.890558501153142,0.8634077190415219
bas_Latn,100000,head,18860,0.9963609318139559,0.9966549856642243,0.9966270947866039,0.9966558734540049,0.9964144378635362,0.9963879740784022,0.9958644822649912
bav_Latn,17825,mid,2876,0.9986077271145144,0.9986077271145144,0.9986077271145144,0.9986077271145144,0.9986077271145144,0.9986077271145144,0.9986077271145144
bba_Latn,84918,head,13182,0.9965408446421106,0.9965792474344355,0.9966547555690718,0.9965413705294364,0.9965408446421106,0.9965029648776037,0.9963500874458217
bbb_Latn,21471,head,2227,0.9964205816554809,0.9970897694201925,0.9977598566308243,0.9966435444170956,0.9964205816554809,0.9964205816554809,0.9968666069829901
bbc_Latn,100000,head,45121,0.9869013233022099,0.9875820134798305,0.9873363910952008,0.986987121390129,0.9868792261878105,0.9868018940793231,0.9894232910264974
bbj_Latn,11052,mid,1739,0.9985628054038517,0.9988499137435307,0.9985628054038517,0.9988499137435307,0.9985628054038517,0.9985628054038517,0.9991371872303709
bbk_Latn,4286,mid,554,0.9990982867448152,1.0,0.9990982867448152,0.9990982867448152,0.9990982867448152,0.9990982867448152,0.9981949458483754
bbo_Latn,6704,mid,974,0.9948822927328557,0.9964120963608406,0.9959016393442623,0.9974345818368395,0.9948822927328557,0.9948822927328557,0.9917184265010351
bbr_Latn,23818,head,1087,0.9963336388634281,0.9963336388634281,0.9981634527089073,0.9954212454212453,0.9958772331653688,0.9954212454212453,0.9967904630903256
bch_Latn,22386,head,2420,0.9981416477390048,0.9981416477390048,0.9987603305785124,0.9977296181630547,0.9981416477390048,0.9979355904211396,0.9985540177649246
bci_Latn,100000,head,56164,0.9971434182571282,0.9973673172516576,0.9973225760388404,0.9974658695458195,0.9971523704953447,0.9971702744923009,0.9977004527790653
bcl_Latn,100000,head,182088,0.9902205949252966,0.9902554633890925,0.9905499655410062,0.9900586665490395,0.9902208106222895,0.9902237563272642,0.9900982463291899
bco_Latn,3937,mid,91,0.978494623655914,1.0,0.9891304347826088,0.994535519125683,0.978494623655914,0.978494623655914,1.0
bcw_Latn,17698,mid,2497,0.9993996397838703,0.999599679743795,0.9997997997997998,0.9993996397838703,0.9993996397838703,0.9993996397838703,0.999198717948718
bdd_Latn,30992,head,1757,0.9988629903354178,0.9988629903354178,0.9994311717861206,0.9994311717861206,0.9988629903354178,0.9988629903354178,0.9994311717861206
bdh_Latn,12360,mid,1970,0.9979705733130391,0.9984779299847794,0.9979705733130391,0.9987306422949987,0.9979705733130391,0.9979705733130391,0.9969450101832994
bdq_Latn,4240,mid,541,0.9890310786106032,0.9917506874427131,0.9917506874427131,0.9908424908424908,0.9881278538812784,0.9890310786106032,0.9888475836431228
bea_Latn,1152,mid,51,0.7445255474452555,0.864406779661017,0.7611940298507462,0.9444444444444444,0.7183098591549296,0.7445255474452555,0.9523809523809523
bef_Latn,24278,head,2718,0.9988974641675854,0.9990810512773387,0.9988974641675854,0.9988974641675854,0.9988974641675854,0.9988974641675854,0.9988974641675854
bel_Cyrl,100000,head,126166,0.984297965453167,0.983142279163857,0.9914129586260734,0.9842881770594032,0.9842791260419694,0.9842636602899006,0.9825895882212395
bem_Latn,100000,head,218724,0.9903392403202954,0.9905284731035717,0.9905722529950944,0.9901357482687044,0.9903717872470383,0.9903857855665085,0.9903701391693901
ben_Beng,100000,head,283721,0.9918321665422128,0.9927131475233207,0.9937778312460083,0.9919325233343205,0.9918321665422128,0.9918321665422128,0.9931087492849286
ben_Latn,3910,mid,484,0.36155606407322655,0.49345206914614986,0.4631992149165849,0.4422718808193669,0.3504621072088725,0.36155606407322655,0.7234701781564679
beq_Latn,11039,mid,1739,0.9821882951653944,0.9849730649277005,0.9844148483989799,0.985531914893617,0.9821882951653944,0.9821882951653944,0.9904320092780518
bew_Latn,16291,mid,2655,0.6975476839237057,0.7517774343122101,0.8116524359618283,0.6943931866572037,0.6973476702508962,0.6975476839237057,0.7646129541864138
bex_Latn,22281,head,3638,0.9991755976916735,0.9993129036690944,0.9993129036690944,0.9993130924577551,0.9991755976916735,0.9991755976916735,0.9993129036690944
bfd_Latn,17820,mid,2335,1.0,1.0,1.0,1.0,1.0,1.0,1.0
bfo_Latn,13446,mid,2148,0.9995346672871103,1.0,0.9997672794973238,0.999534450651769,0.9995346672871103,0.9995346672871103,0.99930151338766
bgr_Latn,17611,mid,1825,0.989416553595658,0.9926490607133134,0.991299619358347,0.989685124864278,0.989416553595658,0.989416553595658,0.9972617743702081
bgs_Latn,19527,head,1955,0.9933808553971487,0.9941401273885351,0.9954081632653061,0.9951592356687898,0.9933808553971487,0.9933808553971487,0.9946496815286624
bgt_Latn,10924,mid,1200,0.9945990859991692,0.9954223886808157,0.9950124688279303,0.9950124688279303,0.9945990859991692,0.9945990859991692,0.9949748743718593
bgz_Latn,13364,mid,2145,0.9905158454776776,0.99327302250058,0.99327302250058,0.9923522595596755,0.990286771507863,0.9905158454776776,0.9946198830409358
bhg_Latn,7106,mid,307,0.9638932496075354,0.9792663476874003,0.9730586370839936,0.9730586370839936,0.9638932496075354,0.9638932496075354,0.9870550161812297
bhl_Latn,27070,head,2003,0.9952724558347849,0.9947774185525988,0.9962658700522778,0.9957679860592482,0.9952724558347849,0.9952724558347849,0.9962640099626401
bho_Deva,55844,head,7761,0.6729366602687139,0.6577728367611637,0.8535241593312645,0.6681893885320008,0.6729043711914017,0.6729043711914017,0.6834254413850444
bhp_Latn,8035,mid,1212,0.9680630443799252,0.9737171464330412,0.9713336103032822,0.9681423251965245,0.9680630443799252,0.9680630443799252,0.9678238780694326
bhw_Latn,96876,head,16628,0.9898775609164748,0.9893984370267159,0.9902400581959263,0.9897282065266794,0.9897875693202824,0.9897875693202824,0.9896925968592736
bhz_Latn,6727,mid,968,0.9912865197334702,0.9948559670781892,0.9933230611196714,0.9948559670781892,0.9912865197334702,0.9912865197334702,0.9958592132505175
bib_Latn,17804,mid,2897,0.9994823123382225,0.9994823123382225,0.9994823123382225,0.9993098688750862,0.9994823123382225,0.9994823123382225,0.9991365912623036
big_Latn,24303,head,1084,0.998158379373849,0.9986181483187471,0.9986181483187471,0.9986181483187471,0.998158379373849,0.998158379373849,0.998158379373849
bim_Latn,60084,head,9706,0.994970748229498,0.9949202114013033,0.9952772073921972,0.9950743971267316,0.9949196900497767,0.9948686371100165,0.9951760238119676
bin_Latn,100000,head,18910,0.9811644726572663,0.9796607527859315,0.9805757079335361,0.9794042022699528,0.9808327481729994,0.9803483233688589,0.9732882545745477
bis_Latn,100000,head,149208,0.9956647107454681,0.9956448393362413,0.9958327732222072,0.9954755998359652,0.9956613937982464,0.9956547016934229,0.9955233210773605
biu_Latn,11038,mid,1737,0.9922746781115881,0.9954049396898333,0.9928428285141713,0.993127147766323,0.9922746781115881,0.9922746781115881,0.9904430929626411
biv_Latn,17791,mid,2844,1.0,0.9998242221831604,1.0,1.0,0.9998242221831604,1.0,1.0
bjn_Arab,6110,twin,871,0.5920450545582542,0.6432122370936902,0.726801899007337,0.5989304812834225,0.5692099932478055,0.5920450545582542,0.7671488567428838
bjn_Latn,27655,flat_magnet,3172,0.3308617009324795,0.37660668380462725,0.6043058648849294,0.32937751903269147,0.3292907841055161,0.3279893119572478,0.323922734026746
bjp_Latn,3587,mid,89,0.9128205128205129,0.9621621621621621,0.9368421052631579,0.9518716577540107,0.9128205128205129,0.9128205128205129,0.9772727272727273
bjr_Latn,26849,head,1753,0.9988603988603989,0.9991450555713878,0.9988603988603989,0.998575904300769,0.9988603988603989,0.9988603988603989,0.998575904300769
bjv_Latn,28868,head,1789,1.0,1.0,1.0,1.0,1.0,1.0,1.0
bkd_Latn,17628,mid,1433,0.9899758036640166,0.9927159209157128,0.9930651872399446,0.9899688689034936,0.9899758036640166,0.9899758036640166,0.9982560167422393
bkl_Latn,6670,mid,965,0.9882111737570477,0.9917695473251029,0.9917695473251029,0.9892362890825218,0.9871991807475679,0.9882111737570477,0.9932397295891835
bkq_Latn,17510,mid,1497,0.996005326231691,0.9973333333333332,0.9970009996667777,0.9956738768718801,0.996005326231691,0.996005326231691,0.9979959919839679
bku_Latn,13480,mid,2157,0.9953853253345639,0.9958448753462603,0.9960748095128146,0.9960748095128146,0.9953853253345639,0.9953853253345639,0.9962842545285648
bkv_Latn,13494,mid,2131,0.9990623534927332,0.9992966002344665,0.9992966002344665,0.9992966002344665,0.9990623534927332,0.9990623534927332,0.9978848413631022
bla_Latn,1048,mid,47,0.6911764705882353,0.8545454545454546,0.7580645161290321,0.9400000000000001,0.6762589928057554,0.6911764705882353,0.9292929292929293
blh_Latn,6716,mid,980,0.9989806320081549,0.9994900560938297,0.9994900560938297,0.9994900560938297,0.9989806320081549,0.9989806320081549,0.9948717948717948
blk_Mymr,26251,head,4314,0.9849571858366118,0.9862092942403524,0.9850677161708531,0.985192040721888,0.9848467322151532,0.9848467322151532,0.9849537037037038
blt_Latn,6684,mid,970,0.9913132345426673,0.9938524590163934,0.9913132345426673,0.9964047252182846,0.9913132345426673,0.9913132345426673,0.9805774278215224
blw_Latn,17130,mid,1424,0.9985974754558204,0.9985974754558204,0.9985974754558204,0.9982474588152821,0.9985974754558204,0.9985974754558204,0.9989469989469989
blz_Latn,17821,mid,1518,0.994413407821229,0.9953947368421052,0.9953947368421052,0.9940828402366864,0.9940867279894874,0.994413407821229,0.9963732278272337
bmh_Latn,23801,head,1124,0.9964539007092198,0.9968957871396896,0.9968957871396896,0.9968957871396896,0.9964539007092198,0.9964539007092198,0.9968957871396896
bmk_Latn,1657,mid,29,0.7073170731707317,0.90625,0.7733333333333333,0.8923076923076924,0.6744186046511628,0.7073170731707317,0.8787878787878788
bmq_Latn,13524,mid,2154,0.9965269738365362,0.9974507531865585,0.9967577582213988,0.9979132854161836,0.9962962962962963,0.9965269738365362,0.9939393939393939
bmr_Latn,17771,mid,1534,0.9986979166666667,0.9993485342019545,0.9993485342019545,0.9986979166666667,0.9986979166666667,0.9986979166666667,1.0
bmu_Latn,27341,head,1518,0.9963851462372659,0.9973684210526316,0.9973684210526316,0.9960578186596584,0.9963851462372659,0.9963851462372659,0.9960552268244576
bmv_Latn,11017,mid,367,0.9972826086956521,0.998639455782313,0.998639455782313,0.9972826086956521,0.9972826086956521,0.9972826086956521,1.0
bnj_Latn,13502,mid,2142,0.9906410856340664,0.9904138414776713,0.9908771929824561,0.9904138414776713,0.9906410856340664,0.9906410856340664,0.9868173258003766
bno_Latn,4263,mid,546,0.8827809215844786,0.9438202247191011,0.9077306733167081,0.8950819672131147,0.8820678513731826,0.8827809215844786,0.9766136576239476
bnp_Latn,35503,head,3611,0.9950138504155126,0.9951516830585955,0.9954274629347375,0.9952895538930452,0.9950138504155126,0.9950138504155126,0.9955654101995567
boa_Latn,17164,mid,1443,0.9986159169550173,0.9982704946385335,0.9986159169550173,0.9986159169550173,0.9986159169550173,0.9986159169550173,0.997920997920998
bod_Tibt,45476,head,7642,0.9784717607973421,0.9792911190760653,0.9787488378270687,0.9777955059167663,0.9784717607973421,0.9784717607973421,0.9762174405436014
boj_Latn,41261,head,2625,0.9992386752950133,0.9992386752950133,0.9994288977727013,0.9992386752950133,0.9992386752950133,0.9992386752950133,0.9992386752950133
bom_Latn,11082,mid,1734,0.996551724137931,0.9971247843588269,0.9976985040276178,0.9959793222286042,0.996551724137931,0.996551724137931,0.9991346985866745
bon_Latn,24452,head,1039,0.9947343226424126,0.9952107279693487,0.9975996159385502,0.9947343226424126,0.9947343226424126,0.9947343226424126,0.9952107279693487
bor_Latn,156,flat_magnet,7,0.588235294117647,0.6666666666666666,0.5714285714285714,0.8333333333333333,0.5555555555555556,0.588235294117647,0.29268292682926833
bov_Latn,17729,mid,2897,0.9986197377501727,0.9987920621225194,0.9989644459785986,0.9984474728307746,0.9984474728307746,0.9986197377501727,0.9987916450889004
box_Latn,17668,mid,2896,0.9991374849059859,0.9993098688750862,0.9993098688750862,0.9993098688750862,0.9991374849059859,0.9991374849059859,0.9998273182524607
bpr_Latn,17724,twin,1531,0.944408945686901,0.946525776496958,0.9453149984010233,0.9450127877237852,0.944408945686901,0.944408945686901,0.9450127877237852
bps_Latn,17697,twin,1860,0.9564032697547684,0.9558823529411764,0.9556221072692622,0.9564270152505446,0.9564032697547684,0.9564032697547684,0.955858310626703
bpy_Beng,25498,head,4279,0.734652177951147,0.7433461864008275,0.7624769842038956,0.7384845370456881,0.7345839524517087,0.7345839524517087,0.7353734536322202
bqc_Latn,56840,head,9578,0.9979114452798663,0.99796397807361,0.9979635528170853,0.9978595666927695,0.9979114452798663,0.9979114452798663,0.9978065594317945
bqj_Latn,11034,mid,1692,0.9842565597667638,0.9888693614528413,0.9882903981264638,0.987719298245614,0.9839696881375691,0.9842565597667638,0.9928909952606635
bqp_Latn,13480,mid,2148,0.9925477410340009,0.9937048262998368,0.9932416686087159,0.9927789424644772,0.9925477410340009,0.9925477410340009,0.9927755767886274
bre_Latn,33378,head,5596,0.9485023646873358,0.9511103309049417,0.962225579948449,0.94989488437281,0.9481792717086835,0.9475157452764171,0.9511423550087874
brh_Arab,11614,mid,1617,0.8191161356628982,0.8700410396716826,0.8719211822660098,0.8191407254952404,0.8191161356628982,0.8191161356628982,0.9530160654743861
bru_Latn,17733,mid,2825,0.998939179632249,0.9991158267020336,0.998939179632249,0.9992925362575167,0.998939179632249,0.998939179632249,0.9994687444660882
brx_Deva,3440,mid,401,0.830188679245283,0.8777777777777779,0.8568329718004337,0.844017094017094,0.830188679245283,0.830188679245283,0.8953488372093024
brx_Latn,374,flat_magnet,17,0.14782608695652175,0.2786885245901639,0.1752577319587629,0.6296296296296297,0.6415094339622641,0.53125,0.3695652173913044
bsc_Latn,11055,mid,1737,0.9968436154949786,0.9977024698449167,0.9977024698449167,0.9977024698449167,0.9965576592082617,0.9968436154949786,0.9976958525345623
bsn_Latn,16998,mid,2746,0.9998179501183325,0.9998179501183325,0.9998179501183325,0.9998179501183325,0.9998179501183325,0.9998179501183325,1.0
bsp_Latn,7698,mid,1153,0.986206896551724,0.9870466321243523,0.986206896551724,0.9887931034482759,0.985781990521327,0.986206896551724,0.9847892220773578
bsq_Latn,3179,mid,349,0.8004640371229699,0.8253588516746412,0.8041958041958043,0.913907284768212,0.7976878612716763,0.8004640371229699,0.9765395894428152
bss_Latn,17773,mid,2904,0.9984528107271788,0.9989680082559339,0.9986244841815681,0.9984528107271788,0.998109640831758,0.9984528107271788,1.0
btd_Latn,14730,mid,2384,0.9873048907388138,0.9887359198998749,0.9891531080517312,0.9870940882597835,0.9870994590095713,0.9873048907388138,0.9921990301496941
bth_Latn,10993,mid,1722,0.9950881248194164,0.9959514170040485,0.9953757225433526,0.9956634865568084,0.9950881248194164,0.9950881248194164,0.9882835383714117
bts_Latn,40284,head,6850,0.946398891966759,0.9524672428212991,0.9586139169472504,0.9503269792681229,0.9463333564157608,0.9463333564157608,0.9511940402422893
btt_Latn,13406,mid,2142,0.99836867862969,0.99836867862969,0.9986013986013986,0.9986013986013986,0.99836867862969,0.99836867862969,0.9978947368421053
btx_Latn,100000,head,29539,0.9806467082277179,0.9802632705113062,0.9809569476316061,0.9804767776407728,0.9806467082277179,0.9806131186847064,0.9794683306265494
bud_Latn,13483,mid,2151,0.9997676039972112,0.9997676039972112,1.0,1.0,0.9997676039972112,0.9997676039972112,0.9981369352585002
bug_Latn,14761,mid,2382,0.9335230737954868,0.9475639966969447,0.9476504534212696,0.9258363563079403,0.9323857868020304,0.9335230737954868,0.9685507862303443
buk_Latn,24072,head,1100,0.9986382206082615,0.9986382206082615,0.9990917347865577,0.9986382206082615,0.9981851179673321,0.9981851179673321,0.999545661063153
bul_Cyrl,100000,head,279512,0.9599768042595814,0.9586872207766703,0.9702689998887689,0.9588613758024812,0.9599571264155751,0.9599292973307283,0.9569150127368922
bum_Latn,100000,head,20963,0.9925396406553602,0.9925453630240418,0.992636300400566,0.992328714580237,0.9925396406553602,0.9925638073306469,0.9927279686154434
bus_Latn,23216,head,3824,0.9947671376242805,0.9948986265533027,0.9947671376242805,0.994895956026698,0.9947671376242805,0.9947671376242805,0.9946370176586004
bvc_Latn,6694,mid,973,0.997948717948718,0.9989733059548256,0.997948717948718,0.9984607491021037,0.997948717948718,0.997948717948718,0.9984575835475579
bvd_Latn,4273,mid,551,0.991869918699187,0.997275204359673,0.991869918699187,0.9945652173913042,0.991869918699187,0.991869918699187,0.997275204359673
bvr_Latn,17732,mid,1539,0.9980532121998702,0.9980532121998702,0.9987012987012988,0.9987021414665802,0.9980532121998702,0.9980532121998702,0.9990256576810653
bvz_Latn,12855,mid,2025,0.9977827050997783,0.9982745871333498,0.9990133201776024,0.9980285855101034,0.9977827050997783,0.9977827050997783,0.9987639060568604
bwd_Latn,3872,mid,86,0.7798165137614679,0.8673469387755102,0.7906976744186046,0.8500000000000001,0.7727272727272728,0.7798165137614679,0.9340659340659341
bwi_Latn,221,flat_magnet,10,0.5,0.6896551724137931,0.5405405405405406,0.9523809523809523,0.8333333333333333,0.8,0.7692307692307693
bwq_Latn,13507,mid,2147,0.9983717143521749,0.9983717143521749,0.9981395348837209,0.9988363974866186,0.9983717143521749,0.9983717143521749,0.9976668222118524
bwu_Latn,17557,mid,2776,0.9985606333213386,0.9982014388489209,0.9985606333213386,0.9983810037776579,0.9983810037776579,0.9985606333213386,0.9992792792792792
bxh_Latn,7138,mid,1045,0.9812206572769953,0.9858356940509916,0.9821428571428572,0.9853842527109854,0.9812206572769953,0.9812206572769953,0.9885605338417541
bxr_Cyrl,28040,head,3968,0.9641563631822155,0.9674990588530556,0.9696361355081556,0.9627872127872128,0.964035964035964,0.964035964035964,0.9636568002997377
byr_Latn,18296,head,2988,0.9993311036789299,0.9998326919859462,0.9993311036789299,0.9989969909729188,0.9993311036789299,0.9993311036789299,0.9991640193947501
byv_Latn,1735,mid,99,0.9473684210526316,0.9753694581280787,0.9565217391304348,0.98989898989899,0.9383886255924171,0.9473684210526316,0.9846153846153847
byx_Latn,17508,mid,1583,0.9952845017290161,0.9949717159019484,0.9974795211090107,0.9952845017290161,0.9952845017290161,0.9952845017290161,0.9981060606060606
bzd_Latn,25300,head,2741,0.992108643787851,0.9924784443221427,0.9924729208738755,0.993032636596993,0.992296404988995,0.9924812030075189,0.9926632428466619
bzh_Latn,24550,head,1166,0.9961489088575096,0.9961489088575096,0.9961489088575096,0.9961489088575096,0.9961489088575096,0.9957228400342173,0.9965753424657535
bzi_Thai,11019,mid,1719,0.9828473413379073,0.9870801033591732,0.9853826311263973,0.9836909871244636,0.9828473413379073,0.9828473413379073,0.9870359457866824
bzj_Latn,100000,head,18843,0.9885333974821586,0.9882277568671418,0.989738656405323,0.9887268258802158,0.9884811716599405,0.9884547543962799,0.9879935042461997
caa_Latn,17822,mid,2912,0.9982853223593964,0.9989704873026768,0.999141925519135,0.9981141779530259,0.9982853223593964,0.9982853223593964,0.9996564754379939
cab_Latn,100000,head,35096,0.9956393062922665,0.9956554050191506,0.996298783886134,0.9964435176324397,0.9956250714857601,0.9956250714857601,0.9962320164421101
cac_Latn,54632,head,6945,0.9961033338144031,0.9959595959595959,0.9961752183012197,0.9959601789063628,0.9961033338144031,0.9961033338144031,0.9959601789063628
caf_Latn,17803,twin,1532,0.9931618365353305,0.9934895833333334,0.9938090583251874,0.9931618365353305,0.9931618365353305,0.9931618365353305,0.9938050211933486
cag_Latn,12070,mid,1914,0.9973835688121402,0.9973835688121402,0.9971226785247188,0.9968619246861925,0.9973835688121402,0.9973835688121402,0.9965923984272608
cak_Latn,100000,head,41756,0.9911581179078228,0.9911229418353951,0.9913648790240025,0.9908931023682752,0.9911581179078228,0.9911461784014938,0.9904608195023247
cao_Latn,17717,mid,1541,0.9964435822825736,0.9970883209317373,0.9964435822825736,0.9970883209317373,0.9964435822825736,0.9964435822825736,0.9993514915693905
cap_Latn,28831,head,3491,0.9987126305249607,0.9988555078683835,0.9988555078683835,0.9985697940503433,0.9987126305249607,0.9987126305249607,0.9985697940503433
caq_Latn,31638,head,5326,0.9991551675584343,0.9989676208352886,0.9994366197183099,0.9995305605107503,0.9991551675584343,0.9991551675584343,0.9995305605107503
car_Latn,18987,head,2047,0.9951219512195122,0.9951219512195122,0.9958465673100415,0.9956033219345384,0.9951219512195122,0.9948792977322604,0.9958485958485959
cas_Latn,6696,mid,972,0.9984591679506933,0.998972250770812,0.9984591679506933,0.998972250770812,0.9984591679506933,0.9984591679506933,0.9974240082431736
cat_Latn,100000,twin,313648,0.9772801258311657,0.9778890480761655,0.9817087903735529,0.9769772092581045,0.9772822865651727,0.9772810045476666,0.9773249522008512
cav_Latn,17546,mid,1475,0.9976327358809605,0.9976327358809605,0.9979702300405954,0.9976327358809605,0.9976327358809605,0.9976327358809605,0.9993220338983051
cax_Latn,28858,head,3450,0.9985528219971056,0.998697351280938,0.9985528219971056,0.9984083345391406,0.9985528219971056,0.9985528219971056,0.9984083345391406
cbc_Latn,17534,mid,2855,0.9998248993171074,0.9998248993171074,0.9998248993171074,0.9998248993171074,0.9998248993171074,0.9998248993171074,0.9998248993171074
cbi_Latn,10976,mid,1715,0.997673065735893,0.9985443959243085,0.9982537834691502,0.997673065735893,0.997673065735893,0.997673065735893,0.9970845481049563
cbk_Latn,100000,head,17776,0.9274660719627947,0.9250230239991332,0.9573874051721707,0.9252121113550731,0.9274700171330669,0.9274447949526813,0.9223928860145513
cbr_Latn,24284,head,2592,0.9990364232029292,0.9992289899768697,0.9990364232029292,0.9990364232029292,0.9990364232029292,0.9990364232029292,0.9994216310005783
cbs_Latn,27312,head,1982,0.9997477931904162,0.9997477931904162,0.9997477931904162,0.9997477931904162,0.9997477931904162,0.9997477931904162,0.9997477931904162
cbt_Latn,10883,mid,1702,0.9985332942211792,0.9988262910798122,0.9988262910798122,0.9985332942211792,0.9985332942211792,0.9985332942211792,0.9979441997063143
cbu_Latn,16983,mid,1544,0.9951659684176603,0.9958078039342148,0.9964504678928686,0.9954867827208252,0.9951659684176603,0.9951659684176603,0.9990281827016521
cbv_Latn,27955,head,1022,0.9995110024449878,0.9995110024449878,0.9995110024449878,0.9995110024449878,0.9995110024449878,0.9995110024449878,0.9995110024449878
cce_Latn,100000,head,17522,0.9822461485596472,0.9812215965930202,0.9821520507980094,0.9812226699819944,0.981994102997166,0.9815445363243582,0.9757025262560318
cco_Latn,17689,mid,2899,0.9996551724137931,0.9998275564752543,0.9998275564752543,0.9994828477848647,0.9996551724137931,0.9996551724137931,1.0
ccp_Latn,6763,mid,980,0.9639861864824864,0.9789579158316633,0.972139303482587,0.9731075697211156,0.9630359783144407,0.9639861864824864,0.9846625766871167
cdf_Latn,6763,mid,981,0.9949290060851926,0.9959390862944163,0.995433789954338,0.9969512195121951,0.9944247339077548,0.9949290060851926,0.9964267483409903
cdo_Latn,9577,mid,1481,0.9720670391061452,0.9707717569786535,0.9704724409448818,0.9837046890588627,0.9548095545513233,0.9720670391061452,0.9858585858585859
ceb_Latn,100000,head,337856,0.9849685926464757,0.9851142945677306,0.9854841154494306,0.9845551161457053,0.9849720667060177,0.9849589878655356,0.9847518870395504
ceg_Latn,13524,mid,2146,0.9997670626601444,0.999534233814625,0.999534233814625,0.999534233814625,0.9997670626601444,0.9997670626601444,0.9997670626601444
cek_Latn,44097,head,6169,0.9951409135082604,0.9948983723378412,0.9953021221448242,0.9949789439585357,0.9951409135082604,0.9950603287715605,0.9950595286304366
ces_Latn,100000,head,277811,0.973625598673218,0.9733143754614785,0.9799405432964002,0.9732780559161418,0.9735915648924616,0.9735728712660784,0.9726765128408358
cfm_Latn,80737,head,13303,0.9750508223988172,0.9746204144962872,0.9779922063462609,0.9732959575095899,0.9750147841513898,0.9749787485678382,0.9739348741047035
cgc_Latn,17863,mid,2505,0.982128673550437,0.9854552699740985,0.985062736506672,0.9823377654296488,0.982128673550437,0.982128673550437,0.9927710843373494
cgg_Latn,34573,head,5797,0.8855154965211891,0.8973946606625923,0.913979381443299,0.8841289914638001,0.884624496564795,0.8830206526880026,0.8920232687863575
cha_Latn,19311,head,1367,0.9693914296002881,0.9746743849493487,0.9736176364293458,0.9694574200503054,0.9694134580784455,0.9694134580784455,0.9690647482014387
chd_Latn,18037,head,1593,0.9826224328593997,0.9851312875672256,0.9835547122074636,0.983575489576753,0.9832649194821598,0.9832649194821598,0.9829222011385198
che_Cyrl,56243,head,9597,0.9345072598084646,0.936906584992343,0.9525841877895176,0.9306768837803321,0.9343696916662377,0.934184119796223,0.928909952606635
chf_Latn,18010,head,1571,0.9936346276257161,0.9942638623326959,0.994267515923567,0.9930025445292621,0.9936346276257161,0.9936346276257161,0.9929980903882877
chj_Latn,4286,mid,552,1.0,1.0,1.0,1.0,1.0,1.0,1.0
chk_Latn,100000,head,55833,0.9964345694091444,0.9965343245524252,0.9968304136624436,0.9969215304391531,0.9964167362664008,0.9964347615241619,0.9967247242935723
cho_Latn,1031,mid,46,0.5357142857142857,0.6818181818181819,0.6040268456375839,0.8333333333333333,0.5263157894736842,0.5357142857142857,0.9072164948453608
chq_Latn,10965,mid,1722,0.9997095556200988,0.9997095556200988,0.9997095556200988,0.9997095556200988,0.9997095556200988,0.9997095556200988,0.999418942475305
chr_Cher,11732,mid,457,1.0,1.0,1.0,1.0,1.0,1.0,0.9989047097480832
chr_Latn,6768,mid,985,0.9984794728839331,0.9984794728839331,0.9984794728839331,0.9989858012170385,0.9984794728839331,0.9984794728839331,0.9907881269191402
chu_Cyrl,27598,twin,4444,0.7099784017278619,0.7172884918549658,0.768879173290938,0.7188046137714085,0.7101286590104481,0.7100060433393767,0.7155659966936396
chv_Cyrl,47817,head,6760,0.9740553972082145,0.9739092304319228,0.9821586552639339,0.9734862318311299,0.9734862318311299,0.9732018985031033,0.975334845934275
chw_Latn,99872,head,17159,0.9855089434702422,0.985187132965203,0.9858322112288508,0.985051923358198,0.9855097918679194,0.9855097918679194,0.9851908218215875
chz_Latn,17827,mid,1478,1.0,1.0,1.0,1.0,1.0,1.0,1.0
cjk_Latn,100000,head,28595,0.9811754862999373,0.9803122878479293,0.9816389101804752,0.9796458021641556,0.9811636376309049,0.9810709621245102,0.9772754849109913
cjo_Latn,17378,mid,1486,0.9909608302644793,0.9906291834002677,0.9912926992632285,0.9916247906197655,0.9909608302644793,0.9909608302644793,0.9922896413007041
cjp_Latn,13518,mid,2159,0.999305716269382,0.999305716269382,0.999537037037037,0.999305716269382,0.999305716269382,0.999305716269382,0.9976798143851507
cjs_Cyrl,1320,mid,66,0.8918918918918919,0.9295774647887324,0.8979591836734693,0.9027777777777777,0.8918918918918919,0.8918918918918919,0.9465648854961831
cjv_Latn,24274,head,1000,0.9970089730807578,0.9960159362549801,0.9975062344139651,0.9970089730807578,0.9970089730807578,0.9970089730807578,0.998003992015968
ckb_Arab,100000,twin,29492,0.9532143830019069,0.9536579148610757,0.9544981488748231,0.9526839642705233,0.9532143830019069,0.9530699439971403,0.9517267177908894
cko_Latn,17723,mid,2639,0.9984859954579862,0.9992424242424243,0.9992424242424243,0.9988640666414237,0.9986754966887418,0.9984859954579862,0.9994317105512408
ckt_Cyrl,2269,mid,194,0.9455445544554456,0.9744897959183675,0.9695431472081217,0.9528535980148884,0.94320987654321,0.9455445544554456,0.9817232375979112
cle_Latn,17829,mid,1501,1.0,1.0,1.0,1.0,1.0,1.0,1.0
clu_Latn,10945,mid,1713,0.9445983379501385,0.9621682665160927,0.9538203190596137,0.9484823169033695,0.9445983379501385,0.9445983379501385,0.98553291998819
cly_Latn,13513,twin,2161,0.89904570567554,0.8994469582704877,0.8979694158937077,0.8979694158937077,0.8988199849359778,0.89904570567554,0.8980205462290153
cme_Latn,17736,mid,1826,0.9983570646221248,0.9986305121884415,0.9986305121884415,0.9986312619764577,0.9980837667670407,0.9983570646221248,0.9991778569471087
cmn_Hani,100000,twin,169691,0.868216605755539,0.8715064147661137,0.9221274705621072,0.8676414797096138,0.8682082336907609,0.8682026524039419,0.8663919915022371
cmo_Khmr,11062,mid,1689,1.0,1.0,1.0,1.0,1.0,1.0,0.9877135151333534
cmo_Latn,17989,mid,1608,0.9943925233644859,0.9950124688279303,0.9940828402366864,0.9943925233644859,0.9943925233644859,0.9943925233644859,0.9956331877729256
cmr_Latn,6689,mid,962,0.9943152454780362,0.9958592132505176,0.9943152454780362,0.9968911917098445,0.9943152454780362,0.9943152454780362,0.996875
cnh_Latn,100000,head,62393,0.9929322641737518,0.9929663140423955,0.9934699464551713,0.9925519909721102,0.9929566114370446,0.9929566114370446,0.9908963698068294
cni_Latn,32688,head,4553,0.9637083097795366,0.9662490123038718,0.9646978954514596,0.9665989618596253,0.9637083097795366,0.9635993669455121,0.9667155590657791
cnk_Latn,11067,mid,1742,0.7404498393430918,0.746077032810271,0.7492917847025495,0.7579169598874032,0.7401855817273377,0.7404498393430918,0.7510668563300141
cnl_Latn,17804,mid,2313,1.0,1.0,1.0,1.0,1.0,1.0,1.0
cnt_Latn,17808,mid,1543,0.9990288119132406,0.9993523316062176,0.9996760609005507,0.9990288119132406,0.9990288119132406,0.9990288119132406,1.0
cnw_Latn,6740,mid,984,0.9899396378269618,0.9929364278506558,0.9909365558912386,0.9919354838709677,0.9899396378269618,0.9899396378269618,0.9887640449438202
coe_Latn,17384,mid,2422,0.9997936016511868,1.0,1.0,0.9997936016511868,0.9997936016511868,0.9997936016511868,1.0
cof_Latn,16915,mid,1449,0.9921043597665637,0.992445054945055,0.9948364888123924,0.9921043597665637,0.9921043597665637,0.9921043597665637,0.9944713199723566
cok_Latn,28590,head,4812,0.8718969555035129,0.8716627634660421,0.8718548858981862,0.8718969555035129,0.8718969555035129,0.8718969555035129,0.8719269491922266
con_Latn,17696,mid,1640,0.9984779299847794,0.9993906154783668,0.9990862016448371,0.9987812309567337,0.9984779299847794,0.9984779299847794,0.9987797437461868
cop_Copt,27503,head,4616,1.0,1.0,1.0,1.0,1.0,1.0,0.9998916693749323
cor_Latn,41440,head,6955,0.9858231815915082,0.9863834034362301,0.9887094469058167,0.9861041829972209,0.9858252012251585,0.9857549857549858,0.9865202196704942
cos_Latn,9423,mid,1450,0.5535574667709148,0.690792712949286,0.7253992787223081,0.5833678113363674,0.5506513707952557,0.5535574667709148,0.7865680136596471
cot_Latn,17733,mid,1522,0.9973770491803279,0.9973770491803279,0.9977041653000985,0.9973770491803279,0.9973770491803279,0.9973770491803279,0.9973718791064389
cou_Latn,6745,mid,980,0.9944190766108575,0.9954291518537329,0.9944190766108575,0.9964412811387899,0.9944190766108575,0.9944190766108575,0.9969356486210418
cpa_Latn,17827,mid,1535,0.9990237552879923,0.9990237552879923,0.9990237552879923,0.9990237552879923,0.9990237552879923,0.9990237552879923,0.9993485342019544
cpb_Latn,17824,mid,1519,0.9781260202415932,0.978765109441359,0.9784454604833442,0.9774877650897227,0.9781260202415932,0.9781260202415932,0.9771689497716893
cpc_Latn,17825,mid,1540,0.990328820116054,0.9900096680631647,0.990328820116054,0.9906481780070946,0.990328820116054,0.990328820116054,0.9909619109102646
cpu_Latn,17825,mid,1553,0.9465273509526736,0.9491525423728814,0.9474007997539218,0.9473360024638128,0.9465273509526736,0.9465273509526736,0.9491211840888067
cpy_Latn,14716,mid,1098,0.9891598915989159,0.9909502262443439,0.9896068685042928,0.9895974672094074,0.9891598915989159,0.9891598915989159,0.990493435943866
crh_Cyrl,38964,head,5238,0.9739895209580838,0.975728610252085,0.9816159140190439,0.9730337078651685,0.974085508466648,0.9739943872778297,0.9737434358589647
crh_Latn,17238,flat_magnet,2590,0.43449973624054855,0.5033735432426907,0.6674002751031638,0.42463282659108476,0.4293157346300799,0.43449973624054855,0.44038994723191127
cri_Latn,2059,flat_magnet,143,0.3329192546583851,0.4716312056737588,0.382183908045977,0.47755834829443444,0.32406287787182586,0.3329192546583851,0.7257142857142858
crj_Cans,4295,mid,554,1.0,1.0,1.0,1.0,1.0,1.0,1.0
crk_Cans,4454,mid,583,0.9904761904761905,0.9913494809688582,0.9904761904761905,0.9948275862068966,0.992234685073339,0.9904761904761905,0.9852045256744996
crk_Latn,6188,mid,887,0.9954904171364148,0.997176736307171,0.9960518894529047,0.9977452085682075,0.9960696238068502,0.9954904171364148,0.9949008498583569
crl_Cans,4295,mid,555,1.0,1.0,1.0,1.0,1.0,1.0,1.0
crm_Cans,11058,mid,1742,0.9994262765347103,0.9997130559540889,0.9994262765347103,0.9994262765347103,0.9994262765347103,0.9994262765347103,0.9994262765347103
crn_Latn,37171,head,6327,0.9201105937136205,0.9200436522371772,0.9203784570596797,0.9201105937136205,0.9201105937136205,0.9201105937136205,0.9200989666715179
crs_Latn,100000,head,75407,0.9829484221174635,0.9828321357034726,0.9839169084429606,0.9825759079182377,0.982935424366442,0.9829289256198347,0.9825301523487092
crt_Latn,10872,mid,1710,0.9985401459854015,0.9988317757009346,0.9988317757009346,0.9988317757009346,0.9985401459854015,0.9985401459854015,0.9973614775725593
crx_Latn,11044,twin,1739,0.9942495687176538,0.9948186528497409,0.9942495687176538,0.9942462600690449,0.9942495687176538,0.9942495687176538,0.9948216340621403
csb_Latn,9336,mid,1438,0.4084057971014492,0.5212233549582947,0.689553702795488,0.43822843822843827,0.406872653768409,0.4084057971014492,0.9029508196721312
csk_Latn,17816,mid,1536,0.9944930353093618,0.9951377633711508,0.9951377633711508,0.9954604409857328,0.9938491421171901,0.9944930353093618,0.998046875
cso_Latn,17825,mid,1623,0.9996918335901386,0.9996918335901386,0.9996918335901386,0.9996918335901386,0.9996918335901386,0.9996918335901386,0.9984572662758409
csw_Cans,124,flat_magnet,6,0.3333333333333333,0.3333333333333333,0.3333333333333333,0.5,0.4615384615384615,0.3333333333333333,0.4615384615384615
csw_Latn,247,flat_magnet,11,0.3548387096774193,0.6285714285714286,0.37288135593220334,0.88,0.6666666666666666,0.6666666666666666,0.6285714285714286
csy_Latn,36704,head,6197,0.9895515190483846,0.9898681247989707,0.9898697539797394,0.9893822393822393,0.9895515190483846,0.9895515190483846,0.989226563756231
cta_Latn,17725,mid,1530,0.999673309376021,0.999673309376021,0.999673309376021,0.999673309376021,0.999673309376021,0.999673309376021,0.999673309376021
ctd_Latn,66425,twin,10105,0.9141870620493552,0.9161153477097116,0.9172500629564341,0.9132466477041853,0.914140644833714,0.914140644833714,0.9121002240782237
cto_Latn,16604,mid,2668,0.9481060606060606,0.9484653277756727,0.9463340891912321,0.9449056603773586,0.9473883421650264,0.9481060606060606,0.960584502980196
ctp_Latn,25169,head,2856,0.9996498599439776,0.9996498599439776,0.9996498599439776,0.9996498599439776,0.9996498599439776,0.9996498599439776,0.9998248993171074
ctu_Latn,100000,head,33116,0.9968669118648686,0.9969582784764152,0.9969883620624423,0.9972316768776945,0.9968669118648686,0.9968669118648686,0.9971880385813201
cub_Latn,17667,mid,1781,0.9983174425126192,0.9988776655443322,0.9985974754558204,0.9983174425126192,0.9983174425126192,0.9983174425126192,0.9991580129104687
cuc_Latn,17804,mid,1547,0.9996768982229401,0.9996768982229401,0.9996768982229401,0.9996768982229401,0.9996768982229401,0.9996768982229401,0.999353169469599
cui_Latn,17685,mid,1529,0.9993464052287581,0.9986936642717178,0.9993464052287581,0.9993464052287581,0.9993464052287581,0.9993464052287581,0.999345977763244
cuk_Latn,44245,head,4547,0.9915132811638928,0.990858024011455,0.9927168395497683,0.9916207276736494,0.9915132811638928,0.9914040114613181,0.9919488254108304
cul_Latn,17610,mid,1502,0.996351575456053,0.99734395750332,0.99734395750332,0.9970129439097245,0.996351575456053,0.996351575456053,0.9993342210386151
cut_Latn,17581,mid,1525,0.9983633387888707,0.9986902423051734,0.9990173599737963,0.9980366492146597,0.9983633387888707,0.9983633387888707,0.999344262295082
cux_Latn,11059,mid,1738,0.9994242947610823,0.9994242947610823,0.9994242947610823,0.9997122302158274,0.9997122302158274,0.9994242947610823,0.9994242947610823
cwd_Cans,231,flat_magnet,10,0.4878048780487805,0.5128205128205129,0.5,0.7692307692307693,0.7200000000000001,0.7142857142857143,0.8695652173913044
cwe_Latn,17817,twin,1555,0.9684343434343434,0.9730415477323184,0.9705789307181272,0.9692746278112132,0.9684343434343434,0.9684343434343434,0.972027972027972
cwt_Latn,13447,mid,2119,0.9934364744491327,0.9948356807511738,0.9939024390243903,0.994368840919756,0.9934364744491327,0.9934364744491327,0.9964614295824487
cya_Latn,17827,twin,1517,0.8819177271382065,0.8823181549379066,0.8803799346987237,0.8792643132601603,0.8819177271382065,0.8819177271382065,0.8787878787878789
cym_Latn,100000,head,49818,0.9881669836820502,0.9871833323335933,0.9900075169130544,0.9878512529020895,0.9880393550259731,0.9880000400332276,0.9861785207821517
czt_Latn,19062,head,3138,0.9976103234028996,0.9980873445967485,0.9982464530527658,0.9977692797960485,0.9976103234028996,0.9976103234028996,0.9977692797960485
daa_Latn,17721,mid,1719,0.994212962962963,0.9950767448595425,0.9959420289855072,0.9950767448595425,0.9939253688168933,0.994212962962963,0.9991276533876127
dad_Latn,24369,head,1031,0.9922630560928433,0.9927431059506531,0.9937046004842616,0.9932367149758454,0.9922630560928433,0.9922630560928433,0.9937167713871435
daf_Latn,10483,mid,1614,0.9883578431372549,0.9880551301684533,0.9874502601775328,0.9874502601775328,0.9880551301684533,0.9883578431372549,0.9975247524752475
dag_Latn,11906,mid,1835,0.5984587637317592,0.662552187329824,0.6959008579599618,0.5806964541262523,0.5957238452750122,0.5984587637317592,0.921863069483329
dah_Latn,23848,head,1044,0.9985652797704447,0.9980879541108987,0.999043062200957,0.9980879541108987,0.9985652797704447,0.9985652797704447,0.9980879541108987
dak_Latn,2019,mid,154,0.846153846153846,0.8979591836734693,0.8579387186629527,0.9418960244648318,0.846153846153846,0.846153846153846,0.9622641509433962
dan_Latn,100000,twin,581171,0.9346685322903996,0.9347258111851571,0.9414760436123539,0.9347841462224582,0.9346812530063499,0.9346810008616999,0.9346350617725253
dar_Cyrl,1870,mid,126,0.8920863309352517,0.9358490566037736,0.8953068592057762,0.9117647058823529,0.8920863309352517,0.8920863309352517,0.9465648854961831
dbq_Latn,6656,mid,954,0.9952904238618524,0.9973780807551127,0.9979013641133263,0.9958115183246073,0.9952904238618524,0.9952904238618524,0.9963177275118359
ddg_Latn,1354,flat_magnet,65,0.7191011235955056,0.9142857142857143,0.7901234567901235,0.927536231884058,0.707182320441989,0.7191011235955056,0.9448818897637796
ddn_Latn,6765,mid,987,0.992450931051837,0.9929506545820744,0.9929506545820744,0.9939516129032258,0.992450931051837,0.992450931051837,0.9929506545820744
ded_Latn,34664,head,1999,0.998750936797402,0.9985014985014985,0.999000499750125,0.998750936797402,0.998750936797402,0.998750936797402,0.998750936797402
des_Latn,17332,mid,1744,0.9988545246277205,0.9988545246277205,0.9991406473789745,0.9988545246277205,0.9988545246277205,0.9988545246277205,0.9991396616002295
deu_Latn,100000,head,418002,0.9801703356171605,0.9815572878108261,0.9880597300752132,0.9799067471334321,0.980171860039511,0.9801731921778706,0.9820791909288897
dga_Latn,17138,mid,2746,0.9929181042309787,0.9947243951246134,0.9941818181818183,0.9927378358750908,0.9927378358750908,0.9929181042309787,0.9957960153536831
dgc_Latn,17586,mid,1528,0.990272373540856,0.9944643438619342,0.992847854356307,0.990593577684074,0.990272373540856,0.990272373540856,0.9970540098199673
dgi_Latn,13517,mid,2174,0.9990808823529412,0.9995402298850574,0.9993105033325672,0.9988513668734207,0.9990808823529412,0.9990808823529412,0.9988503104161877
dgr_Latn,18978,head,1726,0.9988425925925927,0.9991316931982634,0.9994209612044007,0.9988425925925927,0.9988425925925927,0.9988425925925927,0.9994209612044007
dgz_Latn,24281,head,1071,0.9944237918215613,0.9948860994886098,0.9962756052141527,0.9953488372093022,0.9935004642525535,0.9935004642525535,0.9958120055839925
dhg_Latn,1607,mid,92,1.0,1.0,1.0,1.0,0.9945945945945946,1.0,1.0
dhm_Latn,11061,mid,1725,0.9801023308698125,0.9871097106846176,0.9840091376356369,0.9826161299515531,0.9801023308698125,0.9801023308698125,0.990342405618964
dhv_Latn,100000,head,57784,0.9959270870422315,0.9961107735046445,0.996467351207784,0.9964158950282476,0.9959532452194453,0.9959707532260026,0.9965303679544785
did_Latn,6278,mid,899,0.9944690265486725,0.9966740576496674,0.9983342587451417,0.9955703211517164,0.9944690265486725,0.9944690265486725,0.9932885906040269
dig_Latn,13447,mid,2141,0.9651898734177216,0.974651746974195,0.9691189827429609,0.9662819642453043,0.9645358030268806,0.9651898734177216,0.990145471609573
dik_Latn,40448,head,5114,0.8866471417724265,0.8895135135135135,0.8894657149037422,0.8878312601406165,0.8864548313631927,0.8863587074387336,0.8855840208423796
dip_Latn,6750,mid,987,0.6802627030763914,0.6890991938310551,0.68861646234676,0.684998259658893,0.6802627030763914,0.6802627030763914,0.678657903839502
diq_Latn,28046,head,4714,0.840552118039029,0.8527702440914374,0.8697110168655687,0.8358067870309104,0.837871169718243,0.8347826086956521,0.837574496263362
dis_Latn,11060,mid,1742,0.995997712978845,0.996565540927304,0.996280400572246,0.9957056971085028,0.995997712978845,0.995997712978845,0.99626544096524
diu_Latn,166,flat_magnet,8,0.22857142857142856,0.47058823529411764,0.22857142857142856,0.5,0.2,0.22857142857142856,0.14678899082568805
div_Thaa,33933,head,5753,1.0,1.0,1.0,1.0,1.0,1.0,1.0
dje_Latn,6801,mid,987,0.9899497487437187,0.9934442763489663,0.9914443885254153,0.9909456740442655,0.9899497487437187,0.9899497487437187,0.9959432048681541
djk_Latn,92008,head,14438,0.9859604118279197,0.9856648199445983,0.9857098370298606,0.9855233081665167,0.9859262340543539,0.9859613851433325,0.9852767553302313
djr_Latn,10796,mid,1696,0.9985281130409184,0.9985281130409184,0.9985281130409184,0.9988221436984689,0.9985281130409184,0.9985281130409184,0.9988221436984689
dks_Latn,15265,mid,2473,0.9685210849336765,0.9682006715386136,0.9682006715386136,0.968458639158897,0.9685210849336765,0.9685210849336765,0.97093949044586
dln_Latn,26435,head,4378,0.9844103027564391,0.9862982674668781,0.9861959719393527,0.9848553345388789,0.9841879376552971,0.9840767927724449,0.9852974440171908
dng_Cyrl,804,isolated_tail,36,0.9113924050632911,0.9600000000000001,0.9600000000000001,0.9600000000000001,0.9714285714285714,0.9577464788732395,0.9444444444444444
dnj_Latn,21454,head,3559,0.9994383600112329,0.9997191011235954,0.9994383600112329,0.999578710855217,0.9994383600112329,0.9994383600112329,0.9998595308329822
dnw_Latn,6439,mid,932,0.9941081949651848,0.9962426194310252,0.9951742627345844,0.9951845906902086,0.9941144997324772,0.9941081949651848,0.9940700808625337
dob_Latn,31031,head,2563,0.9992193598750976,0.9992193598750976,0.9992193598750976,0.9992193598750976,0.9992193598750976,0.9992193598750976,0.9984375
doi_Deva,3674,mid,445,0.5245700245700247,0.7019867549668876,0.799618320610687,0.5420918367346939,0.5242480049109883,0.5245700245700247,0.8215353938185443
dop_Latn,33651,head,5668,0.9996472040924326,0.9998236020462162,0.9997353797300874,0.9997354264044448,0.9996472040924326,0.9996472040924326,0.9996472040924326
dos_Latn,6742,mid,983,0.9989837398373984,0.9994916115912558,0.9994916115912558,0.9984763839512443,0.9989837398373984,0.9989837398373984,0.9984732824427482
dow_Latn,11019,mid,1733,0.9976971790443293,0.997410071942446,0.9976971790443293,0.9982718894009216,0.9976971790443293,0.9976971790443293,0.994212962962963
drg_Latn,201,flat_magnet,9,0.2153846153846154,0.39999999999999997,0.22580645161290322,0.75,0.17073170731707316,0.2153846153846154,0.08035714285714286
dru_Latn,29903,head,5018,0.9971129915380786,0.9973120955699353,0.9974113898845082,0.9971124166085832,0.9971129915380786,0.9971129915380786,0.9971124166085832
dsb_Latn,9265,mid,1426,0.42174781139609885,0.5264580919273851,0.6622966739499879,0.4529177718832891,0.41968515971266995,0.42174781139609885,0.6605640771895102
dsh_Latn,6743,mid,977,0.9848790322580645,0.9888663967611336,0.9898682877406282,0.9888663967611336,0.9848790322580645,0.9848790322580645,0.9907120743034056
dtb_Latn,6615,mid,958,0.9876288659793814,0.993260756868844,0.991205380237972,0.9881382155750387,0.9876288659793814,0.9876288659793814,0.9927007299270073
dtp_Latn,52534,head,7916,0.9643253114198135,0.9683909911079378,0.9662848216610258,0.9731825525040387,0.9643253114198135,0.9643253114198135,0.9592077649527807
dts_Latn,13356,mid,2128,0.9978878197606196,0.9983564216952336,0.9983564216952336,0.99741723409251,0.9978878197606196,0.9978878197606196,0.9959952885747938
dty_Deva,11466,mid,1814,0.4952490642096171,0.5603405927624038,0.6403310759969902,0.5064935064935064,0.4952490642096171,0.4952490642096171,0.652073732718894
dua_Latn,43871,head,7421,0.9960223825254501,0.995958507342045,0.9950864912162617,0.9949539123999193,0.9960229187731715,0.9952849252323859,0.9962197920885648
due_Latn,17710,mid,1475,0.9915853248064624,0.9949341438703141,0.9949341438703141,0.9912516823687753,0.9915853248064624,0.9915853248064624,0.9969543147208122
dug_Latn,13397,mid,2135,0.9804462847941108,0.9847504621072087,0.984757505773672,0.9802025782688767,0.9804462847941108,0.9804462847941108,0.9922444183313748
duo_Latn,17496,mid,1464,0.9795918367346939,0.9861906365779723,0.9825503355704697,0.9812332439678284,0.9792642140468227,0.9795918367346939,0.9979508196721312
dur_Latn,11023,mid,1716,0.9997087095834547,0.9997087095834547,0.9997087095834547,0.9997087095834547,0.9997087095834547,0.9997087095834547,0.9982486865148862
dwr_Ethi,1693,mid,100,0.9950248756218906,0.9950248756218906,0.9950248756218906,0.9950248756218906,0.9950248756218906,0.9950248756218906,0.9950248756218906
dwr_Latn,28305,head,1835,0.9731454400425419,0.9780865847140566,0.9793952368209793,0.9736491881820601,0.9728867623604465,0.9728867623604465,0.9731168485493745
dww_Latn,31055,head,1043,0.9957040572792363,0.9957040572792363,0.9980861244019139,0.9942748091603053,0.9957040572792363,0.9957040572792363,0.9952244508118434
dyi_Latn,17802,mid,2052,0.9982939312698025,0.9987813794784304,0.9985372988785958,0.9987813794784304,0.9982939312698025,0.9982939312698025,0.9987801902903148
dyo_Latn,14804,mid,2388,0.9908371511870054,0.9918699186991868,0.993941926049718,0.992503123698459,0.9902185223725286,0.9908371511870054,0.9972752043596731
dyu_Latn,100000,head,39229,0.9770913237275838,0.9795428438673706,0.980012894906512,0.9763383422577758,0.9771045777887195,0.9771178315063879,0.9747625087360546
dzo_Tibt,13407,mid,2151,0.9290123456790125,0.9314159292035398,0.9297703180212015,0.9269366197183099,0.9290123456790125,0.9290123456790125,0.9219672131147539
ebk_Latn,17799,mid,1692,0.9938253454866216,0.9947027663331371,0.9952885747938752,0.9949955843391227,0.9938253454866216,0.9938253454866216,0.9988179669030733
efi_Latn,100000,head,142648,0.9974704357174476,0.9975268220365777,0.9975902090827338,0.9977063656256915,0.9974774800095562,0.9974774800095562,0.9976993891966127
eka_Latn,17820,mid,2263,0.9969149405024241,0.9973544973544973,0.9977944419938245,0.997574421168688,0.9969149405024241,0.9969149405024241,0.9995581087052585
ekk_Latn,100000,head,589122,0.9725399464719011,0.9739409675011216,0.9786893468990159,0.973519209667326,0.9726234824207682,0.972683541404192,0.9745822296135057
eko_Latn,2700,mid,273,0.8041237113402061,0.8571428571428571,0.8149253731343283,0.9069767441860465,0.8005865102639297,0.8041237113402061,0.9407540394973071
ell_Grek,100000,head,657298,0.9842941796622361,0.9853893951308262,0.9882161012628727,0.984877098957028,0.9858007918759508,0.9857993600927187,0.9871448287746583
eme_Latn,645,flat_magnet,28,0.5952380952380952,0.6578947368421053,0.5882352941176471,0.806451612903226,0.5952380952380952,0.7042253521126761,0.5777777777777778
emi_Latn,18149,head,1661,0.998497144574692,0.998497144574692,0.998497144574692,0.998497144574692,0.998497144574692,0.998497144574692,0.998497144574692
eml_Latn,25500,head,4277,0.898274198735127,0.9143480632842335,0.9155681446780696,0.8963081861958266,0.8966402739139739,0.8960650128314799,0.8991416309012876
emp_Latn,18016,head,1590,0.9965332492908919,0.9965332492908919,0.9965332492908919,0.9959003468937243,0.9965332492908919,0.9965332492908919,0.9962145110410096
enb_Latn,13439,mid,2138,0.9985981308411215,0.9988315026875438,0.9988315026875438,0.9988315026875438,0.9985981308411215,0.9985981308411215,0.9992985737666589
eng_Latn,100000,twin,1939180,0.9683263780635092,0.9698369134189274,0.9858668014502994,0.9688804455784417,0.9684596483297448,0.9684693091512387,0.9693380733005084
enl_Latn,11016,mid,1731,0.9982698961937717,0.9988459319099827,0.9988459319099827,0.9985578309777905,0.9982698961937717,0.9982698961937717,0.9973935708079931
enm_Latn,34177,head,5767,0.27234610253478175,0.2826060081592286,0.4900720052367445,0.2926404710098554,0.2723116487284503,0.2723051646546182,0.287077734522165
enq_Latn,16127,mid,100,0.975609756097561,0.975609756097561,0.975609756097561,0.975609756097561,0.970873786407767,0.975609756097561,0.9950248756218906
enx_Latn,26138,head,4272,0.9939252336448597,0.9943899018232819,0.9955524344569289,0.9941602429338939,0.9935770174004438,0.9935770174004438,0.9941588785046729
epo_Latn,100000,head,229241,0.9878497887490267,0.9879502823675229,0.9893863149346742,0.9878665340604816,0.9878441585704257,0.9878227709154679,0.9875588865563163
eri_Latn,17713,mid,1554,0.9977528089887641,0.9983938323160938,0.9983938323160938,0.9977528089887641,0.9977528089887641,0.9977528089887641,0.9996783531682213
ese_Latn,24273,head,2669,0.9990641961444882,0.9990641961444882,0.999625468164794,0.9990641961444882,0.9990641961444882,0.9990641961444882,0.9990641961444882
esi_Latn,11038,twin,1730,0.9875470605270779,0.9869451697127937,0.9869753979739507,0.9863728616990433,0.9875470605270779,0.9875470605270779,0.9836734693877551
esk_Latn,17756,twin,1539,0.9848043970255416,0.9841782370035518,0.9844861021331609,0.9832149774047774,0.9848043970255416,0.9848043970255416,0.9838082901554404
ess_Latn,6942,mid,1015,0.9878108239882982,0.9897310513447433,0.9897410845139227,0.9868485143692158,0.9858880778588808,0.9878108239882982,0.9840637450199202
esu_Latn,11057,mid,1741,0.9897669130187606,0.992588369441277,0.993154592127781,0.992588369441277,0.9897669130187606,0.9897669130187606,0.9924812030075187
eto_Latn,153,flat_magnet,7,0.3888888888888889,0.6363636363636364,0.43750000000000006,0.8571428571428571,0.34146341463414637,0.3888888888888889,0.14893617021276595
etr_Latn,9965,mid,531,0.9842446709916589,0.9860724233983287,0.9815157116451017,0.9897483690587139,0.9842446709916589,0.9842446709916589,0.993414863593603
etu_Latn,11024,mid,1730,0.9971181556195965,0.9974055923897376,0.9971181556195965,0.9979809633689068,0.9971181556195965,0.9971181556195965,0.9988432620011567
eus_Latn,100000,head,147924,0.9912780445457258,0.9911485838750437,0.9919751453360196,0.991257538212253,0.991292258655183,0.9913027556532087,0.9907744392721118
eve_Cyrl,1953,mid,143,0.8231884057971013,0.9131832797427654,0.8711656441717792,0.8606060606060606,0.8184438040345821,0.8231884057971013,0.9444444444444445
ewe_Latn,100000,head,252131,0.9964309729478095,0.9965788028992657,0.9966426400623737,0.9969120030223796,0.9964509377959211,0.9964768909109356,0.9970541464578199
ewo_Latn,11283,mid,1781,0.9873203719357565,0.9889985895627644,0.9884344146685473,0.9884474499859115,0.9876056338028169,0.9873203719357565,0.9874928936895964
ext_Latn,8692,flat_magnet,1328,0.26516572858036275,0.3694472951180179,0.4378677743163724,0.27859269879783827,0.2636542646906415,0.26516572858036275,0.4614816183262517
eza_Latn,30724,head,5150,0.9942768454748278,0.9943765755284081,0.9940839879740084,0.9936948297604035,0.9942768454748278,0.9942768454748278,0.9936923823386705
faa_Latn,24288,head,1111,0.9977548271216884,0.9982030548068284,0.9982030548068284,0.9982030548068284,0.9977548271216884,0.9973070017953322,0.9986516853932585
fad_Latn,1949,mid,144,0.9201277955271566,0.9568106312292359,0.923076923076923,0.9795918367346939,0.9142857142857143,0.9201277955271566,0.9759450171821307
fai_Latn,28850,head,1084,0.9963235294117647,0.9972401103955841,0.9967816091954023,0.9967816091954023,0.9963235294117647,0.9963235294117647,0.9972401103955841
fal_Latn,13515,mid,2155,0.9972183588317107,0.9972183588317107,0.9974495710642244,0.9969872537659328,0.9972183588317107,0.9972183588317107,0.9960492679525913
fan_Latn,17431,mid,2801,0.891678738129728,0.8897106109324759,0.8681077694235589,0.872383949645948,0.8885682219015553,0.891678738129728,0.9393372982158029
fao_Latn,94618,head,13238,0.9503239740820735,0.9480064261720461,0.9595798971931512,0.9481600467289719,0.949782378113456,0.9495392716103553,0.9499926782837896
far_Latn,10940,mid,357,0.988857938718663,0.9902370990237099,0.9916201117318436,0.9888268156424581,0.988857938718663,0.988857938718663,0.9915966386554622
fas_Arab,100000,head,573397,0.9395105117830012,0.9487485886510157,0.9866662917458248,0.940052258443097,0.9395529428706998,0.9396128777368238,0.9393388547251106
fat_Latn,39870,head,6709,0.9073582465455041,0.9134246575342466,0.9337822671156004,0.8961161134256149,0.9068644125450712,0.9055706521739131,0.9110062247759765
ffm_Latn,24480,twin,1585,0.9609831029185868,0.960098219766728,0.9636251541307029,0.959214964734744,0.9606879606879607,0.9606879606879607,0.9597542242703534
fij_Latn,100000,head,185171,0.9946508390122372,0.9947823538828459,0.9948257383565546,0.9947029931345147,0.9946781227695473,0.9946781516550378,0.9948455565985015
fil_Latn,100000,head,235134,0.9817816834484747,0.9821753194104242,0.9822807193639255,0.981596061300915,0.9817845580886813,0.9817831617563841,0.9819984224103012
fin_Latn,100000,head,590878,0.9499927433371446,0.9607296454804647,0.9744512451342301,0.9558959363668512,0.9500319009327816,0.9500518090700826,0.9599020438457069
fit_Latn,3881,flat_magnet,483,0.03295540438397582,0.048660163695481554,0.19373219373219375,0.03892526529690675,0.03289697061153657,0.03295540438397582,0.04266610061558056
fkv_Latn,1884,flat_magnet,130,0.029675525843795857,0.05230312035661218,0.10588870880605078,0.045033775331498625,0.029449838187702266,0.029675525843795857,0.029542566709021598
fmu_Deva,974,isolated_tail,43,0.7747747747747747,0.9052631578947368,0.8431372549019608,0.7962962962962964,0.9761904761904763,1.0,0.8571428571428571
fon_Latn,100000,head,36116,0.9946348650376671,0.9948599688819738,0.9947466436890235,0.9957012507973486,0.9946211900095902,0.9946631087391594,0.9943568464730291
for_Latn,31149,head,963,0.9938080495356036,0.9948347107438017,0.9958634953464323,0.9938016528925621,0.9938080495356036,0.9938080495356036,0.9938016528925621
fra_Latn,100000,head,503699,0.9693607088967189,0.9775922764395709,0.9851578822683924,0.9706512620830717,0.9693602213992104,0.9693596092192831,0.9815671806388225
frd_Latn,10934,mid,1543,0.9922730199613653,0.994193548387097,0.9945143594707969,0.9935567010309279,0.9919536530415192,0.9922730199613653,0.9967532467532467
fro_Latn,15794,flat_magnet,2467,0.4427378323893636,0.5141179128077704,0.7125532612258276,0.45918060703195435,0.44278177458033585,0.4427378323893636,0.4719983467658607
frp_Latn,5176,flat_magnet,690,0.1039784434934221,0.1460861819396504,0.24011766868909723,0.11199317114810073,0.10365805483131864,0.1039784434934221,0.5901328273244781
frr_Latn,10794,mid,1692,0.4716579059525501,0.5818436733263233,0.6992179243288946,0.4957341715312079,0.4680851063829788,0.4716579059525501,0.7972575905974535
fry_Latn,100000,head,20918,0.9476184984430861,0.9417773705909299,0.9741739460691227,0.9458787795112522,0.9474460970829008,0.9472713439236391,0.9370986107948075
fub_Latn,38248,twin,5024,0.9775660115147905,0.9766058683584458,0.9779543197616684,0.9758808933002481,0.9775704644700277,0.9774734544011114,0.9767488076311606
fud_Latn,9316,mid,1384,0.5529270248596632,0.564344262295082,0.5634206219312603,0.6025837530107291,0.5242349363238927,0.5529270248596632,0.77627411459833
fue_Latn,10730,mid,1686,0.9762949956101844,0.9802301563883151,0.9794359576968272,0.9791605518051071,0.9762949956101844,0.9762949956101844,0.9823321554770319
fuf_Latn,21670,head,2336,0.9837883959044369,0.9837883959044369,0.9858914065840103,0.983326207781103,0.983578588185114,0.9827402514383125,0.9841745081266039
fuh_Latn,24509,twin,2681,0.9627967844456908,0.9639319753317137,0.9646001123805956,0.9623806850084222,0.9627967844456908,0.9627967844456908,0.9629352302508424
fuq_Latn,17770,mid,2145,0.9778597785977861,0.979639055992596,0.9805735430157261,0.9762289406877452,0.9778597785977861,0.9778597785977861,0.977818853974122
fur_Latn,46173,head,7608,0.8032766841912214,0.8073225984203759,0.8253413980170855,0.7916090641341588,0.8025874168548239,0.8014625228519194,0.7993673196252585
fuv_Arab,6753,mid,971,0.9994853319608853,0.9994853319608853,0.9994853319608853,1.0,0.9994853319608853,0.9994853319608853,0.9927385892116182
fuv_Latn,30578,twin,3457,0.9484566103669191,0.9486246543443457,0.9526315789473684,0.9444364266127869,0.9477818181818182,0.9469707976173181,0.946575937454756
gaa_Latn,100000,head,174310,0.9971811864328776,0.99722735143033,0.9972359720548435,0.9972331515611698,0.9971956084666738,0.9971985250550803,0.9973346521102827
gag_Cyrl,14070,mid,2256,0.9746588693957114,0.984251968503937,0.9848982271831911,0.9748373101952277,0.9746588693957114,0.9746588693957114,0.9915480427046264
gag_Latn,14325,mid,2302,0.6537253782472167,0.7503280839895013,0.8738049713193117,0.659645072861059,0.6512156974264183,0.6537253782472167,0.9830954994511525
gah_Latn,24357,head,1031,0.996135265700483,0.9966167230546158,0.9980638915779283,0.9970986460348162,0.996135265700483,0.996135265700483,0.9975810353168842
gai_Latn,17631,mid,1591,0.998431126451208,0.9990580847723705,0.9990580847723705,0.9987445072190834,0.998431126451208,0.998431126451208,0.9977966635190432
gam_Latn,24151,head,1059,0.9938938468764678,0.9938938468764678,0.9957647058823529,0.9952963311382879,0.9938938468764678,0.9934272300469484,0.9952963311382879
gaw_Latn,24230,head,1039,0.9990384615384614,0.9990384615384614,0.9990384615384614,0.9990384615384614,0.9990384615384614,0.9990384615384614,0.9990384615384614
gaz_Latn,100000,head,122609,0.989012889675905,0.9909065133690279,0.9914568530003697,0.9894060123143789,0.9890173243780808,0.9889971422218196,0.9944488760712605
gbi_Latn,13298,mid,2069,0.995906573561281,0.9963864129125511,0.9968667148710533,0.9959046013008913,0.995906573561281,0.995906573561281,0.9966085271317829
gbo_Latn,6764,mid,982,1.0,1.0,1.0,1.0,1.0,1.0,0.9876288659793814
gbr_Latn,10708,mid,1681,0.9958530805687204,0.9976261127596439,0.9961481481481482,0.9958506224066391,0.9958530805687204,0.9958530805687204,0.9919185872493266
gcf_Latn,67389,head,11487,0.9798734399718755,0.9795560235149601,0.980142342500659,0.9789792425505771,0.9798734399718755,0.9798734399718755,0.9795703176486095
gcr_Latn,26871,head,4490,0.9689508661074192,0.9689237814851162,0.9675805047867712,0.967032967032967,0.9689508661074192,0.9688453159041395,0.9709670377646803
gde_Latn,17787,mid,2372,0.9997892518440463,0.9997892518440463,1.0,0.9997892518440463,0.9997892518440463,0.9997892518440463,0.9997891629770187
gdg_Latn,10967,mid,1704,0.9921259842519685,0.9953188999414863,0.9935747663551401,0.9927007299270073,0.9921259842519685,0.9921259842519685,0.9938180747718574
gdn_Latn,23906,head,1020,0.9980430528375733,0.9985315712187959,0.9985315712187959,0.999020568070519,0.9975550122249389,0.9975550122249389,0.999020568070519
gdr_Latn,24452,head,1062,0.9962476547842403,0.996715157203191,0.9976514795678723,0.9953139643861294,0.9962476547842403,0.9962476547842403,0.996715157203191
geb_Latn,17527,mid,2492,0.9981931339088534,0.9979927739863509,0.9979927739863509,0.9985946597068862,0.9983942191890807,0.9981931339088534,0.9985935302390998
gej_Latn,6763,mid,986,0.9984810126582278,0.9989868287740628,0.9989868287740628,0.9989868287740628,0.9984810126582278,0.9984810126582278,0.9913043478260869
gfk_Latn,23745,head,1100,0.9936708860759494,0.9927732610659441,0.9959220661531492,0.9932218707636693,0.9936708860759494,0.9936708860759494,0.9945701357466064
ghe_Deva,11062,mid,1744,0.9942987457240594,0.9951497860199715,0.9965714285714287,0.9940119760479041,0.9942987457240594,0.9942987457240594,0.9875398435236163
ghs_Latn,29407,head,927,0.9973074851911685,0.9967707212055974,0.9978448275862069,0.9962345346960731,0.9967707212055974,0.9962345346960731,0.9973074851911685
gid_Latn,11033,mid,1731,0.9956809674632882,0.997116493656286,0.9974040957600231,0.9948216340621404,0.9951079136690648,0.9956809674632882,0.9973965866358114
gil_Latn,100000,head,63733,0.9965540572435605,0.9969096728027615,0.99713025497488,0.9966968667421668,0.9965552497050728,0.9961798459361736,0.9968336777265334
giz_Latn,34343,head,5786,0.993785603314345,0.993614083534691,0.993871385412171,0.993700923289326,0.9936998360231294,0.993614083534691,0.9936976603643272
gjn_Latn,30192,head,5051,0.998813056379822,0.9989118607181721,0.9990106846062525,0.9983189953525166,0.998813056379822,0.998714271585402,0.9984177215189873
gkn_Latn,77520,head,13265,0.985844136492326,0.9850746268656717,0.9866179595183956,0.9850746268656717,0.985844136492326,0.985844136492326,0.9859154929577464
gla_Latn,100000,head,19495,0.9835044175476227,0.9827023165629145,0.9851937092443422,0.982323683203673,0.9834048202614378,0.98335545798019,0.9808514972499491
gle_Latn,100000,head,44855,0.9839120721206202,0.9837172269944154,0.9857816711590297,0.9838904821652624,0.9839127945485366,0.9839021104625055,0.9843831977049217
glg_Latn,100000,twin,53801,0.7942852335390711,0.7873394925809062,0.9109055545916923,0.7930597345470652,0.7941637544066255,0.7940969567212113,0.7872045559535619
glk_Arab,22263,head,3415,0.16087256379473294,0.1945939220504526,0.6614449380406827,0.15908918406072106,0.1606714628297362,0.16049540021915853,0.16614595850356487
glv_Latn,60970,head,7486,0.9870147166544583,0.9864909828974514,0.9906492118621427,0.9865548455804046,0.9868832811771756,0.9867536444119017,0.9865476824720297
gmh_Latn,3042,mid,334,0.3901855176540993,0.6084507042253521,0.6316812439261418,0.43560350640593387,0.3885578069129917,0.3901855176540993,0.9228441754916793
gmv_Ethi,10916,mid,1713,0.9973707274320772,0.9973707274320772,0.9973707274320772,0.9976621858562245,0.9973707274320772,0.9973707274320772,0.9967826849956127
gmv_Latn,30907,head,2549,0.9835047545119348,0.9840714840714841,0.988492295689487,0.9838866239565133,0.9833139309274349,0.9829325058184639,0.9846452866861031
gna_Latn,10888,mid,836,0.9994022713687986,0.9994022713687986,0.9994022713687986,0.9994022713687986,0.9994022713687986,0.9994022713687986,0.9988023952095809
gnb_Latn,11064,mid,1743,0.9888920535459982,0.992,0.9897377423033068,0.9897377423033068,0.9888920535459982,0.9888920535459982,0.9928469241773963
gnd_Latn,13375,mid,2144,0.9983671565197108,0.9990662931839402,0.9986000933271115,0.9990662931839402,0.9983671565197108,0.9983671565197108,0.9985987856141989
gng_Latn,17738,mid,1887,0.9986768986504367,0.9986768986504367,0.9989412387506617,0.9992057188244639,0.9986768986504367,0.9986768986504367,0.9994703389830508
gnn_Latn,15289,mid,2468,0.9989860068951532,0.9989860068951532,0.9989860068951532,0.9991889699918897,0.9989860068951532,0.9989860068951532,0.9991889699918897
gnw_Latn,36657,head,4247,0.9899728677598206,0.9900896649362907,0.9903233419872551,0.9897417757339937,0.9898560981363529,0.9897393560561387,0.9898560981363529
goa_Latn,1598,mid,89,0.9025641025641026,0.9361702127659574,0.9263157894736842,0.9775280898876404,0.8888888888888888,0.9025641025641026,0.9659090909090908
gof_Ethi,11001,mid,348,0.9886039886039886,0.9886039886039886,0.9886039886039886,0.9886039886039886,0.9886039886039886,0.9886039886039886,0.9956958393113342
gof_Latn,17756,mid,1896,0.943415122684026,0.9585136166963605,0.9502901842038859,0.9459663231967831,0.943415122684026,0.943415122684026,0.9569207239357633
gog_Latn,14102,mid,2273,0.9790451501404192,0.9839339991315675,0.9818024263431543,0.9809441316587267,0.9790451501404192,0.9790451501404192,0.9907325684024714
goh_Latn,306,flat_magnet,14,0.03263403263403264,0.05982905982905982,0.038674033149171276,0.30434782608695654,0.07865168539325842,0.0875,0.04747774480712167
gom_Deva,3496,tight_lowres,414,0.2918642831083546,0.4737152982870643,0.524092409240924,0.3243024666397089,0.29160636758321273,0.2918642831083546,0.4263786242183058
gom_Latn,77660,head,13349,0.9822978915323035,0.9815752936320312,0.9851927206962812,0.9821307905998949,0.982263640462949,0.9822267312967347,0.9825880937159189
gor_Latn,13438,mid,2154,0.996754751970329,0.9974483878450475,0.9972170686456401,0.9974495710642245,0.9969872537659328,0.996754751970329,0.9965075669383003
gos_Latn,3946,flat_magnet,493,0.18355416991426346,0.2709563164108619,0.4116591928251121,0.24873770927451502,0.18241673121611154,0.18355416991426346,0.3631961259079903
got_Goth,7413,mid,292,0.988155668358714,0.9915110356536503,0.9864864864864865,0.9948892674616696,0.988155668358714,0.988155668358714,0.9982905982905983
got_Latn,4657,mid,562,0.9719789842381786,0.9805653710247351,0.9796999117387467,0.9805653710247351,0.9711286089238845,0.9719789842381786,0.9792979297929795
gqr_Latn,17816,mid,1574,0.9987309644670052,0.999047921294827,0.999047921294827,0.999047921294827,0.9987309644670052,0.9987309644670052,0.9996824388694823
grc_Grek,100000,head,31980,0.8853114181981933,0.8844002136571926,0.8781476206557328,0.8847409909909909,0.8838535667125559,0.8838535667125559,0.8831373431609746
grt_Beng,13469,mid,2163,0.9958467928011074,0.9967667436489607,0.9967667436489607,0.9958467928011074,0.9958467928011074,0.9958467928011074,0.9930167597765364
gso_Latn,18608,head,2324,0.9980657640232108,0.9982803095442819,0.9980657640232108,0.998924962373683,0.9980657640232108,0.9978513107004726,0.998924962373683
gsw_Latn,93517,head,16104,0.732341646006514,0.7192394533571004,0.8693505730238025,0.719716095841471,0.7318613519881465,0.7314349525404802,0.7283926759746849
gub_Latn,56520,head,8842,0.9943162441741501,0.9946603044762554,0.9944851896071408,0.9967681578499745,0.9950587834384051,0.9958576859785508,0.9938587512794268
guc_Latn,100000,head,38465,0.9989331251626333,0.9990764227642277,0.9990632805995003,0.9992976980101443,0.9989591735838255,0.9989721972860804,0.999219806512015
gud_Latn,11042,mid,1733,0.999135197463246,0.9997115661955581,0.9994232987312572,0.9994232987312572,0.999135197463246,0.999135197463246,0.9991336991048224
gug_Latn,100000,head,72788,0.972179864658801,0.972845535300804,0.9737233028757217,0.9728202575660915,0.9721533218564451,0.97214044308289,0.9738853414187708
guh_Latn,17659,mid,1501,0.9993342210386151,0.9993342210386151,0.9993342210386151,0.9993342210386151,0.9993342210386151,0.9993342210386151,0.9993342210386151
gui_Latn,28148,head,3599,0.9772067965188561,0.977483077773173,0.9776119402985075,0.9776181265542968,0.9770718232044198,0.9773543220104943,0.9761970661500139
guj_Gujr,100000,head,164250,0.9999878233657435,0.9999908675521083,0.9999878233657435,0.9999969558692363,0.9999939117199391,0.9999939117199391,0.9999908675521083
guj_Latn,4070,mid,517,0.8195615514333895,0.8660714285714286,0.8683974932855865,0.8303495311167947,0.803305785123967,0.8195615514333895,0.8996282527881041
guk_Ethi,13514,mid,2144,0.9972041006523764,0.9974376892615886,0.9972041006523764,0.9979025868096014,0.9972041006523764,0.9972041006523764,0.993899577663069
gul_Latn,17812,mid,1502,0.9658725048293625,0.9775171065493646,0.9858692080184028,0.9674298613350532,0.965561635017702,0.9658725048293625,0.9946843853820598
gum_Latn,19118,head,2920,0.9989736572015053,0.999315537303217,0.999315537303217,0.999315537303217,0.9988028048571918,0.9988028048571918,0.999315537303217
gun_Latn,17907,mid,1537,0.9848338173604387,0.9883495145631068,0.9893100097181731,0.9864341085271316,0.984516129032258,0.9848338173604387,0.9934768427919112
guo_Latn,17493,mid,1484,0.9976470588235293,0.9986541049798116,0.9976470588235293,0.9979825151311366,0.9976470588235293,0.9976470588235293,0.9986522911051213
guq_Latn,13503,mid,2161,0.9986123959296948,0.9986123959296948,0.9986123959296948,0.9986123959296948,0.9986123959296948,0.9986123959296948,0.9965205288796103
gur_Latn,77453,head,13140,0.9934300993124522,0.9935089728904163,0.9935838680109991,0.9937399801511566,0.9935069895347949,0.9935074854873205,0.9931234718826406
guu_Latn,6743,mid,970,0.9979423868312758,0.9989701338825953,0.9984559958826558,0.9984559958826558,0.9974293059125964,0.9979423868312758,0.9994848016486347
guw_Latn,100000,head,100561,0.9967552048806504,0.9967653669987689,0.9968402691253426,0.9969501863774992,0.9967652057757774,0.9967652702669026,0.9969503687462626
gux_Latn,27027,head,4407,0.9939956950266229,0.9948985375807731,0.9948973806554031,0.9944513645113804,0.9937705289387246,0.9937705289387246,0.9946766338203646
guz_Latn,7508,mid,1057,0.9633699633699634,0.9754288363467779,0.971375807940905,0.9736477115117891,0.9624885635864593,0.9633699633699634,0.9824727617243012
gvc_Latn,24005,head,2644,0.999244142101285,0.999244142101285,0.9996219281663516,0.999244142101285,0.999244142101285,0.999244142101285,0.999244142101285
gvf_Latn,24429,head,1105,0.9977426636568849,0.998193315266486,0.9990958408679929,0.9977426636568849,0.9977426636568849,0.9977426636568849,0.9977426636568849
gvl_Latn,17827,mid,1544,0.9980569948186528,0.9983803045027535,0.9983803045027535,0.9987038237200259,0.9980569948186528,0.9980569948186528,0.9987038237200259
gvn_Latn,11212,mid,1757,0.9977285633162976,0.9980119284294234,0.9982954545454544,0.997160704145372,0.9977285633162976,0.9977285633162976,0.9948630136986302
gwi_Latn,17620,mid,1727,0.9997105643994211,0.9997105643994211,0.9994212962962963,0.9997105643994211,0.9997105643994211,0.9997105643994211,1.0
gwr_Latn,6749,mid,976,0.9521016617790812,0.975438596491228,0.9619377162629758,0.9567354965585055,0.9521016617790812,0.9521016617790812,0.9807391983342009
gya_Latn,38815,head,5133,0.9966829268292683,0.9965870307167236,0.9969764946844826,0.9967820575329107,0.9967808018729879,0.9967808018729879,0.9964884900507218
gym_Latn,100000,head,41265,0.9974874066881106,0.9974518274037762,0.9977785600699207,0.9977315460665979,0.9975120453414565,0.997548603189243,0.9974892961538929
gyr_Latn,46436,head,2273,0.9980241492864984,0.9980241492864984,0.9982433025911287,0.9980241492864984,0.9975861312266842,0.9975861312266842,0.9980241492864984
hac_Arab,28717,head,4544,0.9013842686983582,0.9116046157195733,0.9073593073593074,0.9009105516871987,0.9013842686983582,0.9013842686983582,0.901254422643937
hae_Latn,13526,mid,2169,0.7237967466040583,0.7860007291286912,0.802232558139535,0.7363931069783314,0.7237967466040583,0.7237967466040583,0.9462653288740245
hag_Latn,14200,mid,2283,0.9960698689956332,0.9965050240279598,0.9960715844609341,0.9975956284153006,0.9960698689956332,0.9960698689956332,0.9986859395532195
hak_Hani,29565,head,4869,0.9149280746880061,0.9459859780784042,0.9501192368839428,0.9144818381161216,0.9148409220803964,0.9148409220803964,0.9096608720433172
hak_Latn,13696,mid,2165,0.9881588112375205,0.9879294336118849,0.988388295401765,0.9895373169030458,0.9879294336118849,0.9881588112375205,0.9878561419897245
hat_Latn,100000,head,70443,0.9854013026088081,0.9855534036295819,0.9861845740901555,0.985821099008338,0.9854162926794241,0.9854027700990141,0.9858527395543076
hau_Latn,100000,head,67404,0.9864588580402383,0.9859648603880738,0.9882843511875171,0.9861067956855608,0.9863886132381475,0.9863455956400686,0.9842527235043774
hav_Latn,7393,twin,1092,0.8759785743716523,0.9156939040207523,0.9082373026034998,0.8985629754860524,0.8727422003284072,0.8759785743716523,0.9391462306993642
haw_Latn,6448,mid,923,0.9785637727759914,0.9837662337662338,0.9790884718498659,0.9875338753387533,0.9769930444087748,0.9785637727759914,0.9733924611973392
hay_Latn,13828,mid,2212,0.7752586396654194,0.8051411521689236,0.7985480943738656,0.7762314998895516,0.7749174917491749,0.7752586396654194,0.8125581395348836
hbo_Hebr,100000,head,20805,0.5861861594315879,0.5862176488930465,0.5579540767221228,0.5914172859342571,0.5861861594315879,0.5861861594315879,0.5945539820591047
hbs_Latn,100000,twin,399438,0.9145547488034383,0.9150466446764765,0.9441995207134697,0.9153701354077834,0.9145476565653935,0.9145305266721793,0.9145367702411547
hch_Latn,30840,head,3815,0.9922214897824655,0.9923543369364618,0.9919599314617108,0.9946102274221112,0.9920906933825467,0.9920906933825467,0.9927526683357492
heb_Hebr,100000,head,329795,0.9701786049378384,0.9704048513836693,0.9699346604090762,0.9706225099297746,0.9701786049378384,0.9701756446890861,0.9708904187883989
heg_Latn,18356,head,1938,0.9915319476520401,0.9933161953727507,0.9917864476386037,0.9915319476520401,0.9915319476520401,0.9915319476520401,0.9922958397534667
heh_Latn,18364,head,1656,0.9691448721716132,0.9754510499852115,0.977474807350326,0.9719846652904748,0.9691448721716132,0.9688601645123384,0.9725582767778106
her_Latn,100000,head,22488,0.9939826164475151,0.9938095662242807,0.9947907390917186,0.9940551733351145,0.9938721394032578,0.9937616968184654,0.9914567846444026
hif_Latn,21900,head,3638,0.9318334002946298,0.9364161849710981,0.9418745785569791,0.9264334175868033,0.9313344933743809,0.9301082453561406,0.9336372167850917
hig_Latn,13520,mid,2109,0.9995256166982922,0.9995256166982922,0.9995256166982922,0.9995256166982922,0.9995256166982922,0.9995256166982922,0.9988131972466177
hil_Latn,100000,head,261365,0.9879029320532041,0.9883486590038314,0.9888637496644553,0.9876084001357458,0.9879011772915585,0.9879031639648482,0.9885276587925906
hin_Deva,100000,head,329098,0.90368132780083,0.9357744710644702,0.9765826014598137,0.9076766948858396,0.9036950240077808,0.9037004826427846,0.9276660754282163
hin_Latn,34642,head,5833,0.9613424705675628,0.9624046972219789,0.9618052506804812,0.9641916798314901,0.9612580163401564,0.9611735769501054,0.9617178561999472
hix_Latn,17476,mid,1455,0.9972583961617546,0.9982847341337907,0.9979423868312758,0.9979423868312758,0.9972583961617546,0.9972583961617546,0.9996564754379939
hla_Latn,23887,head,1040,0.9947393591582974,0.9961685823754789,0.9966459032103497,0.9947393591582974,0.9947393591582974,0.9947393591582974,0.9947393591582974
hlt_Latn,6729,mid,981,0.7333333333333333,0.7360902255639097,0.7397053267850398,0.7446646341463414,0.7333333333333333,0.7333333333333333,0.8134453781512604
hmo_Latn,100000,head,158594,0.9860772833350844,0.9860746759035225,0.9887599100285205,0.9856500471325571,0.9860806000751369,0.9860806887066375,0.9858034773361861
hmr_Latn,61468,head,6593,0.9871785259053761,0.987252549490102,0.9879933963680024,0.986880575755304,0.9871045134203029,0.9871045134203029,0.987320879285768
hne_Deva,50507,head,7999,0.7854423808974508,0.7872085732200877,0.8144298001361302,0.7712285456187895,0.7854960511904077,0.7850930245953573,0.7783200321524948
hnj_Latn,61097,head,10386,0.9960538979788257,0.9962463907603465,0.9961501443695862,0.9959568733153638,0.9960538979788257,0.9960538979788257,0.9960040440999469
hnn_Latn,13501,mid,2166,0.9767546829158202,0.9854280510018215,0.9809610154125115,0.9789640352861343,0.9765342960288809,0.9767546829158202,0.994902687673772
hns_Latn,19168,head,1794,0.993591529674004,0.9933147632311977,0.9944227551589515,0.993034271384787,0.9933147632311977,0.9933147632311977,0.9930303875104545
hoc_Latn,380,flat_magnet,17,0.4050632911392405,0.6956521739130435,0.5161290322580645,0.9090909090909091,0.6222222222222222,0.7777777777777778,0.5
hoc_Wara,499,isolated_tail,22,0.7096774193548387,0.7857142857142858,0.7213114754098361,1.0,0.7777777777777778,0.88,1.0
hop_Latn,11019,mid,1730,0.9959700633275763,0.9962568384681831,0.9971181556195965,0.9971181556195965,0.99568345323741,0.9959700633275763,0.9982628836132021
hot_Latn,23745,head,1054,0.9990521327014218,0.9981060606060606,0.9990521327014218,0.9990521327014218,0.9990521327014218,0.9990521327014218,0.9990521327014218
hra_Latn,30616,head,5156,0.98650992484101,0.9869929665671067,0.9868877747782492,0.9864070182203798,0.9866075729839098,0.9866075729839098,0.9861164674122638
hrx_Latn,38051,head,6378,0.9571337172104927,0.9575505635942121,0.9596347909658817,0.9574740207833734,0.9568276303165973,0.9565217391304348,0.9578390509778775
hsb_Latn,28261,head,4710,0.760575085182415,0.7814096016343208,0.8604411074612858,0.755739058629232,0.7597542752781006,0.7590381426202321,0.7579453987220978
hto_Latn,17753,mid,2914,0.9977743537065571,0.9984581120438581,0.997432825603286,0.9981161157732489,0.9977743537065571,0.9977743537065571,0.9994853319608852
hub_Latn,23928,head,2567,0.9976644608797198,0.9978586723768736,0.9978586723768736,0.9970800077866458,0.9976644608797198,0.9974703249659467,0.9974663808224518
hui_Latn,64883,head,1728,0.9979786312445856,0.9982668977469671,0.9979786312445856,0.9979786312445856,0.9979786312445856,0.9979786312445856,0.9982668977469671
hun_Hung,11832,mid,83,1.0,1.0,1.0,1.0,1.0,1.0,1.0
hun_Latn,100000,head,655334,0.9843688328259917,0.9848734151815345,0.9859769484715634,0.9851188041956854,0.9844538616657051,0.9844877305872668,0.9854400967062517
hus_Latn,57511,head,8406,0.9903052064631958,0.9900670177118239,0.990837774717049,0.9897116880009571,0.990245945784214,0.990245945784214,0.9899461400359066
huu_Latn,24119,head,992,0.9959839357429718,0.9974861739567623,0.9974861739567623,0.9959839357429718,0.9959839357429718,0.9959839357429718,0.9959839357429718
huv_Latn,20043,head,1903,0.9960702122085408,0.9965923984272609,0.9963312368972747,0.995809324253536,0.9960702122085408,0.9960702122085408,0.9963312368972747
hvn_Latn,13972,mid,2245,0.9942350332594234,0.9951176209498446,0.9957805907172996,0.9946761313220941,0.994014630902239,0.9942350332594234,0.997994205482505
hwc_Latn,10591,mid,1655,0.671130046662609,0.7581939032775612,0.8576613948664765,0.6813594232749743,0.6699068448764682,0.671130046662609,0.984793187347932
hye_Armn,100000,twin,212607,0.9831872728649304,0.9831872728649304,0.9836691730031532,0.983106303103088,0.9831872728649304,0.9831872728649304,0.9830349150564833
hyw_Armn,100000,twin,100674,0.9652361967251702,0.9652361967251702,0.9657385671411167,0.9649867374005304,0.9652361967251702,0.9652361967251702,0.9648374253810303
ian_Latn,30210,head,984,0.9959473150962512,0.9964521033958439,0.9969574036511157,0.9949392712550608,0.9959473150962512,0.9959473150962512,0.9964521033958439
iba_Latn,100000,head,29295,0.9921548475505311,0.9920062991047739,0.9930779247481324,0.9922756778049909,0.9921381223986434,0.9921213989655054,0.9919154972909224
ibg_Latn,97484,head,16740,0.9676141658900279,0.9558045977011494,0.9553396942177262,0.9608370184109367,0.9664640353683721,0.9633538211759247,0.9795676986309471
ibo_Latn,100000,head,86710,0.9954476303961776,0.9954955736349391,0.9956267209662865,0.9953478157850633,0.9954594094340168,0.995465324772977,0.9947340462387694
icr_Latn,17695,mid,1475,0.9820239680426098,0.986292209963223,0.986292209963223,0.9836612204068023,0.9820239680426098,0.9820239680426098,0.9959322033898305
ido_Latn,33665,head,5708,0.46786781000096345,0.48859803674804936,0.6316647422400326,0.4801141957078165,0.4675974963890226,0.46753621793329164,0.47013618677042796
idu_Latn,59832,head,10120,0.9949559885273465,0.9949077965096158,0.9951036154112469,0.9933369527663984,0.9948089187719384,0.9943664755880608,0.9957438384638228
ifa_Latn,57138,head,7926,0.9950261285651325,0.9951544899628719,0.9954659949622167,0.9946490399748189,0.9950261285651325,0.9949634852681943,0.9948995655185442
ifb_Latn,33099,head,5550,0.9923691534249035,0.9929919137466309,0.9929931728350702,0.991741472172352,0.9923691534249035,0.9921910061933399,0.9922772988505748
ife_Latn,17731,mid,2751,0.9994550408719346,0.9996366279069768,0.9996366279069768,0.9994550408719346,0.9994550408719346,0.9994550408719346,0.9994546446100708
ifk_Latn,17387,mid,2549,0.9945141065830722,0.9954893116297313,0.9954893116297313,0.9943192948090106,0.9945141065830722,0.9945141065830722,0.9968590498625834
ifu_Latn,17672,mid,2501,0.997405707443624,0.9980031948881789,0.9984019176987615,0.9976047904191617,0.997405707443624,0.997405707443624,0.9990005996402158
ify_Latn,55082,head,8149,0.9956481765246705,0.9953431372549019,0.9961977186311787,0.9952211738757505,0.9955871537141455,0.9955871537141455,0.995768688293371
ige_Latn,63586,head,10814,0.9913251021251205,0.9908703032527412,0.9908248463161757,0.9901452995370582,0.9911886186324002,0.99109765051395,0.9914153238764174
ign_Latn,28193,head,3376,0.9989643438378458,0.9992600266390409,0.9994079336885732,0.9989643438378458,0.9989643438378458,0.9989643438378458,0.9989643438378458
ike_Cans,30725,head,5165,0.9998063516653757,0.9999031852066996,0.9998063516653757,0.9998063516653757,0.9998063516653757,0.9998063516653757,0.9998063516653757
ikk_Latn,44245,head,6506,0.9976965601965603,0.9977731705444214,0.9977731705444214,0.9970841006752609,0.9976965601965603,0.9976965601965603,0.9976965601965603
ikt_Latn,1601,mid,91,0.8387096774193548,0.9528795811518325,0.9009900990099009,0.9333333333333333,0.8348623853211008,0.8387096774193548,0.956989247311828
ikw_Latn,17829,mid,1519,0.9950835791543756,0.996389891696751,0.9954098360655739,0.995736306985897,0.9950835791543756,0.9950835791543756,0.9967126890203813
ilb_Latn,10085,mid,1566,0.9086161879895561,0.9376872378669863,0.9219440353460971,0.9214474845542807,0.9086161879895561,0.9086161879895561,0.9868124798970729
ile_Latn,14414,flat_magnet,2331,0.44042879019908127,0.5332333833083458,0.6645559601076461,0.46537755212271786,0.43886063072227877,0.44042879019908127,0.4973705737992287
ilo_Latn,100000,head,172325,0.9891964632355731,0.9892054121689217,0.9897502517917354,0.9890980822429469,0.9892031208497398,0.9892004856862654,0.988891771282999
imo_Latn,23862,head,1098,0.9968225147526101,0.9968225147526101,0.9972752043596731,0.9972752043596731,0.9968225147526101,0.9968225147526101,0.9972752043596731
ina_Latn,56283,head,8904,0.6905423064358053,0.7018877277045726,0.8572628484434879,0.6900069367935691,0.6901167061127886,0.6898914905768133,0.6921876283578411
inb_Latn,17919,mid,1577,0.995882166613874,0.9955668144395187,0.9968294229549778,0.9965134706814579,0.995882166613874,0.995882166613874,0.9984121943474119
ind_Latn,100000,twin,441813,0.8962656787207497,0.8985929667324928,0.9235255943613966,0.8958735896162899,0.8962739869530023,0.8962693931677957,0.8968971513274168
inh_Cyrl,2521,tight_lowres,243,0.08814846056516237,0.14470464872422228,0.2120432321152856,0.09528130671506352,0.0877966813694602,0.08814846056516237,0.4149377593360995
ino_Latn,23125,head,1024,0.9990243902439024,0.9990243902439024,0.9990243902439024,0.9990243902439024,0.9990243902439024,0.9990243902439024,0.9990243902439024
iou_Latn,32094,head,3338,0.998652896273013,0.9985034420832087,0.9991015274034142,0.9989519389130109,0.998652896273013,0.998652896273013,0.9991015274034142
ipi_Latn,19056,head,783,0.9993618379068284,0.9993618379068284,0.9993618379068284,0.9993618379068284,0.9993618379068284,0.9993618379068284,0.9993618379068284
iqw_Latn,11059,mid,1735,0.9713312517740562,0.9740518962075847,0.9713312517740562,0.9713149673388242,0.9713312517740562,0.9713312517740562,0.9765828274067649
iri_Latn,17827,mid,1863,0.9962486602357985,0.9967828418230564,0.9970501474926253,0.9973175965665236,0.9962486602357985,0.9962486602357985,0.9973103819257666
irk_Latn,13515,mid,2161,0.9940092165898617,0.9944674965421854,0.9949261992619925,0.9946967950195987,0.9940092165898617,0.9940092165898617,0.9953660797034289
iry_Latn,13449,mid,2153,0.9866850321395776,0.9923805125836989,0.9900944482838057,0.9878132904115889,0.9866850321395776,0.9866850321395776,0.9899321002107235
isd_Latn,10971,mid,1724,0.9922302158273381,0.993373667530971,0.9939463822427212,0.9919447640966629,0.9922302158273381,0.9922302158273381,0.9950624455416788
ish_Latn,88944,head,15203,0.9861573620633366,0.9849033225732824,0.9853862212943633,0.9840866105784909,0.9860607841216987,0.9858033354002806,0.9870495127215645
isl_Latn,100000,head,35731,0.9824311689761516,0.981430661001602,0.9857124865311149,0.9818364302939906,0.9823161887760795,0.9823029829723737,0.9805880633984109
iso_Latn,100000,head,93685,0.9963262071033803,0.9963370748007884,0.9964014522710478,0.9962726133479001,0.996331582132395,0.9963209108289464,0.9961978000792572
ita_Latn,100000,head,412671,0.9724048343660909,0.9753618577431968,0.9813751963238697,0.9722440490802086,0.97250345372015,0.9725077984406819,0.9734468198192879
itl_Cyrl,978,isolated_tail,43,0.9052631578947368,0.9885057471264368,0.924731182795699,0.9347826086956522,0.9885057471264368,0.9885057471264368,1.0
itv_Latn,13512,mid,2162,0.9947041215749481,0.9963082602676512,0.9960802397970948,0.994475138121547,0.9942462600690448,0.9947041215749481,0.9955987954598101
ium_Latn,42126,head,7110,0.9994377284228283,0.9993674889310563,0.9995782370307886,0.9994377284228283,0.9993674889310563,0.9993674889310563,0.9995079777887116
ivb_Latn,11038,mid,1720,0.9907834101382489,0.9922122872800693,0.9939323894828085,0.9919261822376009,0.9907834101382489,0.9907834101382489,0.9882422104644326
ivv_Latn,11031,mid,1708,0.990420899854862,0.9933042212518195,0.991572217378669,0.9909962242230612,0.990420899854862,0.990420899854862,0.9905826957033549
iws_Latn,24587,head,1102,1.0,1.0,1.0,1.0,1.0,1.0,1.0
ixl_Latn,54068,head,6820,0.9981675584548853,0.997948116664224,0.9980212532063026,0.9979472140762463,0.9981675584548853,0.9981675584548853,0.9981667522182299
izr_Latn,17843,mid,2894,0.9974106680476438,0.9977551372819893,0.9975828729281768,0.9974097737869106,0.9974106680476438,0.9974106680476438,0.9982710926694328
izz_Latn,37494,head,4952,0.9881374835242827,0.9889620253164556,0.988337896765034,0.9873263712866268,0.9881374835242827,0.9881374835242827,0.9869128538094755
jaa_Latn,4307,mid,554,0.9600694444444445,0.9667832167832168,0.9559204840103717,0.9857397504456328,0.9592367736339983,0.9600694444444445,0.9846708746618575
jac_Latn,24475,head,4078,0.997796278158668,0.9980406563801127,0.9982851543361098,0.9974299351364582,0.997796278158668,0.9976741339209205,0.9974299351364582
jae_Latn,21891,head,3609,0.9991682838924314,0.9991682838924314,0.9991682838924314,0.9990300678952473,0.9991682838924314,0.9991682838924314,0.9990300678952473
jam_Latn,32289,head,4448,0.931951640759931,0.9357374017568193,0.9443991141158642,0.930301986450798,0.9316298342541436,0.931415420023015,0.9308363970588236
jav_Java,6597,mid,580,0.9923011120615911,0.9931506849315068,0.9940017137960583,0.9974204643164231,0.9914529914529915,0.9923011120615911,0.9991386735572783
jav_Latn,100000,head,39966,0.9691453604743382,0.9674056065865487,0.971494791469851,0.9675826104397532,0.9690028819894537,0.9688246986890774,0.960201849458089
jbo_Latn,12439,mid,1984,0.9860139860139859,0.9909547738693467,0.9909638554216869,0.9892149485828943,0.9857677902621722,0.9860139860139859,0.9913836796756208
jbu_Latn,13500,mid,2170,0.9976990335941095,0.998158379373849,0.998158379373849,0.998158379373849,0.9976990335941095,0.9976990335941095,0.9960693641618497
jic_Latn,17740,mid,2873,0.997741879451103,0.9986091794158553,0.998435598818008,0.9980892826124718,0.997741879451103,0.997741879451103,0.9987815491731941
jiv_Latn,17510,mid,2769,0.9964002879769619,0.9971181556195965,0.9976572355379347,0.9976572355379347,0.9964002879769619,0.9964002879769619,0.9992777175875768
jmc_Latn,13528,mid,2175,0.9893011609378557,0.9931444241316271,0.9926907263590681,0.9879518072289157,0.9893011609378557,0.9893011609378557,0.9919149919149918
jpn_Jpan,100000,head,339224,0.9918820809179927,0.9919150186542246,0.9926469388935266,0.9918404540138793,0.9918747208094707,0.9918688328012977,0.9918608689457421
jra_Latn,19753,head,2404,0.9983374896093099,0.998545001039285,0.998545001039285,0.998545001039285,0.9983374896093099,0.9983374896093099,0.9983374896093099
jun_Orya,6741,mid,982,0.9954291518537329,0.9954291518537329,0.9954291518537329,0.9949186991869919,0.9954291518537329,0.9954291518537329,0.9823834196891191
jvn_Latn,23937,head,1037,0.8563146997929607,0.8766426451886392,0.8649100794646591,0.8743123148539992,0.8563146997929607,0.8563146997929607,0.8734659331358442
kaa_Cyrl,38209,head,5665,0.9753225387479435,0.9778588174003647,0.9775232144406838,0.9747899159663865,0.9753225387479435,0.9753225387479435,0.974523396880416
kaa_Latn,20305,head,3293,0.9663086655877593,0.9710230632761678,0.9704491725768322,0.9693034238488782,0.9657403323040729,0.9655983534254631,0.9691603954552163
kab_Latn,100000,head,128814,0.9944336468941927,0.9945597092298551,0.9946145201868004,0.9944311235295719,0.9945043413371475,0.9944852298209547,0.9934052455274833
kac_Latn,100000,head,36353,0.9975888342357984,0.9975203879215341,0.9975473985890653,0.9976716952538404,0.9975889006764856,0.9975889671135115,0.9974383693706101
kak_Latn,165,flat_magnet,8,0.11347517730496454,0.35555555555555557,0.12698412698412698,0.3404255319148936,0.10666666666666667,0.11347517730496454,0.0851063829787234
kal_Latn,100000,head,36436,0.9970218897961984,0.99672131147541,0.9976106121776387,0.9970084531781754,0.9970220532736829,0.9969946892453788,0.9957379161013581
kam_Latn,100000,head,53194,0.993795506700286,0.9938445271048507,0.9938711718432757,0.9937225657242649,0.9937673522579183,0.9937391994107482,0.9935855108008679
kan_Knda,100000,head,118763,0.9893031979822812,0.9922016461777889,0.9929406779661017,0.9905829082120269,0.9893031979822812,0.9893031979822812,0.9927955111796716
kan_Latn,4121,mid,525,0.6513115802943059,0.7574404761904763,0.7189265536723165,0.6874154262516914,0.6394472361809045,0.6513115802943059,0.8739054290718039
kao_Latn,13507,mid,2154,0.9967592592592592,0.9976830398517145,0.9979142526071842,0.9965301873698821,0.9967592592592592,0.9967592592592592,0.9965140599581688
kap_Cyrl,776,isolated_tail,34,0.9444444444444444,0.9714285714285714,0.9577464788732395,0.9577464788732395,1.0,0.9855072463768115,0.9577464788732395
kaq_Latn,24486,head,1030,0.9951690821256038,0.9951690821256038,0.9970958373668926,0.9951690821256038,0.9951690821256038,0.9951690821256038,0.996613449443638
kas_Arab,10408,mid,1624,0.9030269058295964,0.9322916666666666,0.9317524580682476,0.9032258064516129,0.9030269058295964,0.9030269058295964,0.9823365354818717
kas_Deva,7226,mid,1071,0.3145867339367859,0.35616899511866695,0.4518343703068011,0.31349911190053287,0.31407407407407406,0.3145867339367859,0.4954480114997604
kas_Latn,405,flat_magnet,18,0.09183673469387756,0.24000000000000002,0.11356466876971609,0.3018867924528302,0.3333333333333333,0.391304347826087,0.17894736842105263
kat_Geor,100000,twin,109740,0.99405471852451,0.9940501759356578,0.9951509235141435,0.9939318059274559,0.9940593154503496,0.9940456878075976,0.9939411108877231
kaz_Cyrl,100000,head,63563,0.9933919665192971,0.9931534307521792,0.9942773479010382,0.9928717944687641,0.99336862723504,0.993345185091956,0.9918820462896084
kbc_Latn,17609,mid,1534,0.9970750731231719,0.9980481457384516,0.9977235772357723,0.9967490247074121,0.9967511371020142,0.9970750731231719,0.9990224828934506
kbd_Cyrl,46268,head,7832,0.9398781885063016,0.9409422694094227,0.9579490962744376,0.938768137756638,0.9371091871091872,0.9369401863540728,0.9686042897109108
kbh_Latn,17713,mid,1508,0.9983449189010262,0.9990062934746605,0.9993373094764745,0.9986754966887418,0.9983449189010262,0.9983449189010262,1.0
kbm_Latn,24119,head,1012,0.9955511616411271,0.997029702970297,0.997029702970297,0.9950592885375494,0.9955511616411271,0.9955511616411271,0.9955511616411271
kbo_Latn,4300,mid,555,0.9946236559139785,0.9982014388489209,0.9973045822102425,0.9990999099909991,0.9946236559139785,0.9946236559139785,0.9990999099909991
kbp_Latn,100000,head,40067,0.9978259239823075,0.9977513491904857,0.9978009895547003,0.997628142710908,0.9978259239823075,0.9978509670648208,0.9904214322003444
kbq_Latn,28955,head,1799,0.988998899889989,0.9903607821536767,0.9906284454244764,0.9892709766162311,0.9887269727797635,0.9887269727797635,0.9898155794109551
kbr_Latn,12888,mid,2048,0.9951409135082605,0.9961089494163424,0.9956246961594555,0.9958647531014352,0.9951409135082605,0.9951409135082605,0.9943558282208589
kby_Latn,1099,mid,49,0.53551912568306,0.6950354609929079,0.5536723163841808,0.7153284671532847,0.5212765957446808,0.53551912568306,0.7313432835820896
kca_Cyrl,951,isolated_tail,42,0.281786941580756,0.4293193717277487,0.38862559241706157,0.4183673469387754,0.6324786324786325,0.6785714285714285,0.7692307692307692
kcg_Latn,11045,mid,359,0.9944598337950139,0.9944598337950139,0.9972222222222222,0.9944598337950139,0.9944598337950139,0.9944598337950139,0.9972222222222222
kck_Latn,26283,head,4371,0.897592526051024,0.9018663455749548,0.9005285920230658,0.895479550346807,0.8969479353680431,0.8968405935854475,0.8952904613913459
kdc_Latn,17827,twin,1540,0.9646756583172769,0.9718719689621728,0.966849050531059,0.9649179272610234,0.9643659711075441,0.9646756583172769,0.9699321047526673
kde_Latn,26927,head,4452,0.9811194279968719,0.9817856743770254,0.9818872987477639,0.9811152084031736,0.9810098302055407,0.9809002568971295,0.9811152084031736
kdh_Latn,1820,mid,120,0.9917355371900827,0.9917355371900827,0.9917355371900827,1.0,0.9876543209876543,0.9917355371900827,0.9873417721518987
kdi_Latn,17817,mid,1678,0.9902511078286559,0.9928909952606635,0.9925969795676636,0.9905548996458087,0.9899586532782044,0.9902511078286559,0.9970255800118977
kdj_Latn,13519,mid,2156,0.9935454126325496,0.9951512352805356,0.9951512352805356,0.9946918993768752,0.993316432357686,0.9935454126325496,0.9988401762932033
kdl_Latn,17708,mid,1583,0.9946490399748191,0.995902930980145,0.9952755905511812,0.9952785646836638,0.9946490399748191,0.9946490399748191,0.9971527997469155
kdr_Latn,85,flat_magnet,4,0.08791208791208792,0.23529411764705882,0.10666666666666667,0.36363636363636365,0.07079646017699115,0.08791208791208792,0.020887728459530026
kea_Latn,100000,head,22697,0.9460296394602964,0.9434818027697659,0.9542107377158924,0.9412125998069667,0.9457415760148581,0.9456418418551187,0.9350886737025351
kei_Latn,226,flat_magnet,10,0.30303030303030304,0.5882352941176471,0.37037037037037035,0.8000000000000002,0.3478260869565218,0.6206896551724138,0.3461538461538461
kek_Latn,100000,head,34395,0.9965330381074466,0.9966945759009829,0.9965922991786567,0.9967402060655451,0.996504005826657,0.996518623181017,0.9966105639846966
ken_Latn,17805,mid,1538,0.9990256576810653,0.9993502274204028,0.9990256576810653,0.9987012987012988,0.9990256576810653,0.9990256576810653,0.9996750081247969
keo_Latn,6847,mid,998,0.9881188118811881,0.9905707196029777,0.9900793650793651,0.993027888446215,0.9881188118811881,0.9881188118811881,0.9919436052366565
ker_Latn,6741,mid,971,0.9994853319608853,0.9994853319608853,0.9989711934156379,0.9979423868312757,0.9989711934156379,0.9994853319608853,0.9979360165118679
kew_Latn,26979,head,1555,0.993900481540931,0.9942196531791907,0.993900481540931,0.993900481540931,0.993900481540931,0.993900481540931,0.9935815147625161
kex_Deva,739,flat_magnet,33,0.2622950819672131,0.368,0.3057324840764331,0.5274725274725275,0.328125,0.328125,0.45000000000000007
kez_Latn,13488,mid,2166,0.9979238754325259,0.9976937269372694,0.9976937269372694,0.9981541301338256,0.9979238754325259,0.9979238754325259,0.9953682260305697
kff_Telu,6762,mid,981,0.9612934835864771,0.9708065314200891,0.961764705882353,0.9646017699115045,0.9612934835864771,0.9612934835864771,0.9807792207792208
kgf_Latn,28674,head,1896,0.998683170924414,0.9992094861660079,0.9992094861660079,0.9989462592202318,0.9984202211690364,0.9984202211690364,0.9989462592202318
kgk_Latn,17217,mid,1632,0.983666061705989,0.9875493470999088,0.9872495446265939,0.9851560133292941,0.983666061705989,0.983666061705989,0.9966226588885477
kgp_Latn,19199,head,1750,0.9962846527579308,0.9962846527579308,0.9974248927038627,0.9962846527579308,0.9962846527579308,0.9962846527579308,0.996854446668573
kgr_Latn,6735,mid,968,0.994344473007712,0.9953679876479672,0.9948559670781892,0.9958805355303811,0.9938335046248715,0.994344473007712,0.9927310488058153
kha_Latn,34095,head,5740,0.9934674679905933,0.9935528837776616,0.9938147922292883,0.9938158696977616,0.9933809440863962,0.9934686057650439,0.9934663298196708
khk_Cyrl,100000,head,42477,0.9929745695894183,0.9926990136026429,0.9940707036176959,0.9924376962611876,0.9929865850788421,0.9929632157398037,0.9910519270062706
khm_Khmr,100000,head,18170,1.0,1.0,1.0,1.0,1.0,1.0,0.9988730381242957
khq_Latn,6762,mid,977,0.987866531850354,0.9944020356234098,0.9918781725888325,0.9918781725888325,0.987866531850354,0.987866531850354,0.9959100204498976
khs_Latn,17585,mid,1591,0.998431126451208,0.9987445072190834,0.9987445072190834,0.9987445072190834,0.998431126451208,0.998431126451208,0.9993718592964824
khy_Latn,11021,mid,1727,0.9873708381171068,0.9902130109383996,0.9890741805635423,0.9890804597701149,0.9873708381171068,0.9873708381171068,0.9856347112283789
khz_Latn,24568,head,1061,0.9883232134516581,0.9897100093545369,0.9920300046882325,0.9883232134516581,0.9883232134516581,0.9878618113912232,0.9878504672897196
kia_Latn,41825,head,5586,0.9948158741508759,0.9951716738197425,0.9954386906359001,0.9947269639824827,0.9947269639824827,0.9947269639824827,0.9949048002145346
kij_Latn,32364,head,4062,0.9947180936002948,0.995087202161631,0.9949625261088586,0.9952106103401696,0.9945959223777942,0.9945959223777942,0.9952106103401696
kik_Latn,100000,head,84163,0.993540059400379,0.9943641118102903,0.9939011642145882,0.9941061607638702,0.9935581025683929,0.9935641168139688,0.9956922490273302
kin_Latn,100000,twin,391212,0.9231426300366591,0.92395610532194,0.9375657623716159,0.9231154606256287,0.9232085307744525,0.9232513111294759,0.924361454344479
kir_Cyrl,100000,head,111304,0.9888823399727346,0.9886860641257882,0.990168811557619,0.988598014776685,0.9888781909963736,0.9888739421696937,0.9876423378000665
kiu_Latn,100000,head,24021,0.9656014997998863,0.965064951444066,0.9671813043111448,0.9654664450009469,0.9655622722581461,0.9655215990227258,0.9628339384273152
kix_Latn,11038,mid,1738,0.9985636311404769,0.9988505747126437,0.9988505747126437,0.9985636311404769,0.9985636311404769,0.9985636311404769,0.9974070872947278
kjb_Latn,37135,head,4904,0.9886409736308316,0.9887389672314091,0.9902478667208452,0.9877294392049487,0.9884404786047455,0.9884404786047455,0.9878296146044624
kje_Latn,17575,mid,1902,0.9963331587218438,0.9968553459119497,0.9973780807551127,0.9968520461699895,0.9963331587218438,0.9963331587218438,0.9978991596638654
kjh_Cyrl,39529,head,5322,0.9345636004142736,0.9378306878306878,0.946234509056244,0.9337848006019565,0.9337723424270931,0.9336845075721946,0.9360778019072797
kjs_Latn,24469,head,1024,0.9907542579075425,0.9917194349732099,0.9917194349732099,0.9907542579075425,0.9907542579075425,0.9907542579075425,0.9912366114897762
kkc_Latn,14662,mid,770,0.9974093264248705,0.9980557355800389,0.9954751131221719,0.9974093264248705,0.9974093264248705,0.9974093264248705,0.9960886571056062
kki_Latn,17827,mid,1557,0.9696210460382084,0.9751181102362203,0.9754253308128544,0.9747793190416141,0.9696210460382084,0.9696210460382084,0.9822109275730623
kkj_Latn,17797,mid,2906,0.9994840928632845,0.9994840928632845,0.999656002751978,0.9994840928632845,0.9993122420907841,0.9994840928632845,0.9998279125795904
kkl_Latn,2995,mid,324,0.9614243323442137,0.9832572298325722,0.9715142428785608,0.9759036144578312,0.9614243323442137,0.9614243323442137,0.989247311827957
kle_Deva,6765,mid,986,0.9934442763489663,0.9944472488642099,0.99645928174001,0.9939455095862764,0.9929435483870968,0.9934442763489663,0.988235294117647
klt_Latn,3724,mid,239,0.956,0.9775051124744376,0.9656565656565657,0.9755102040816327,0.956,0.956,0.9833333333333333
klv_Latn,21999,head,1649,0.9945520581113801,0.9957575757575758,0.9966636336063088,0.9951544518473653,0.9945520581113801,0.9945520581113801,0.9957575757575758
kma_Latn,6754,twin,982,0.9954337899543378,0.9954245043213016,0.9954337899543378,0.9918616480162767,0.9954337899543378,0.9954337899543378,0.9923430321592648
kmb_Latn,100000,head,56631,0.9894897560629194,0.9893482097719755,0.9900338122664868,0.9896534297949304,0.9897331688747304,0.9898439786767902,0.9883292600857153
kmd_Latn,6703,mid,976,0.9928789420142421,0.9959141981613892,0.9943963321446766,0.9938900203665988,0.9928789420142421,0.9928789420142421,0.9875904860392969
kmg_Latn,10497,mid,1626,0.9972350230414747,0.9978481401782969,0.9972350230414747,0.9975414874001229,0.9972350230414747,0.9972350230414747,0.9966080789392537
kmh_Latn,46615,head,2667,0.9951109439638963,0.9949238578680203,0.9947368421052631,0.9968075117370891,0.9951109439638963,0.9951109439638963,0.9969947407963937
kmk_Latn,17725,mid,1577,0.9911783238815375,0.9946253556749922,0.9933691190401012,0.9927421899652887,0.9911783238815375,0.9911783238815375,0.9980964467005076
kmm_Latn,29927,head,5037,0.9906893819334389,0.9909838501932031,0.9907875185735512,0.9904912836767036,0.9904931669637552,0.9903950886226359,0.9911802596373006
kmo_Latn,24242,head,1096,0.9950068088969587,0.9963636363636363,0.9963636363636363,0.9950068088969587,0.9950068088969587,0.9950068088969587,0.995910949568378
kmr_Cyrl,6748,mid,973,0.9744616925388082,0.9863152559553979,0.9783810960281549,0.9769076305220883,0.9744616925388082,0.9744616925388082,0.9869859448204061
kmr_Latn,100000,head,41717,0.9944906557199956,0.9944935638278729,0.994875733538144,0.9945645000659941,0.994514793254516,0.9945390607184437,0.9940890833882862
kms_Latn,24321,head,1054,0.9938592347661785,0.9947990543735223,0.9957406530998582,0.9938592347661785,0.9938592347661785,0.9938592347661785,0.994328922495274
kmu_Latn,23350,head,2288,0.9986905281536447,0.9986905281536447,0.9989085352543112,0.9989085352543112,0.9986905281536447,0.9986905281536447,0.9989085352543112
kmy_Latn,11048,twin,1608,0.9968847352024922,0.9968886123210953,0.9968847352024922,0.9947122861586314,0.9968847352024922,0.9968847352024922,0.9924953095684803
knc_Arab,6113,mid,872,0.9508386350491613,0.9541497388276262,0.9340909090909091,0.9547038327526132,0.9508386350491613,0.9508386350491613,0.9495798319327731
knc_Latn,9356,mid,1445,0.8528164748637189,0.8992691452176677,0.8755846585594013,0.8561893203883496,0.8492159227985524,0.8528164748637189,0.9287616511318242
kne_Latn,17520,mid,1784,0.9845047039291644,0.9886079466518477,0.9875104079933388,0.9866888519134775,0.9845047039291644,0.9845047039291644,0.9949608062709966
knf_Latn,19074,head,2171,0.9977022058823529,0.9986200551977921,0.9988497814584771,0.9972439136426274,0.9977022058823529,0.9974730071215253,0.9974730071215253
kng_Latn,100000,head,131742,0.9808786047820839,0.9828450981598866,0.9842203243450725,0.9809198123209666,0.9808906882591094,0.9809065531547371,0.9803935179828925
knj_Latn,24479,head,1347,0.9974045235446793,0.9981447124304268,0.9974045235446793,0.9974045235446793,0.9974045235446793,0.9974045235446793,0.9974045235446793
knk_Latn,13427,mid,2135,0.996265172735761,0.997196261682243,0.997196261682243,0.996265172735761,0.9960326721120187,0.996265172735761,0.9955325652480602
kno_Latn,13390,mid,2119,1.0,1.0,1.0,1.0,1.0,1.0,0.9976348155156102
knv_Latn,54786,head,2723,0.9998164127042408,0.999632892804699,0.9998164127042408,0.9998164127042408,0.9998164127042408,0.9998164127042408,0.9998164127042408
knx_Latn,351,flat_magnet,16,0.37974683544303794,0.6,0.45454545454545453,0.7692307692307693,0.8823529411764706,0.6818181818181818,0.6976744186046512
kny_Latn,3507,mid,414,0.9242937853107345,0.9434832756632063,0.8989010989010988,0.9467592592592592,0.8969298245614035,0.9242937853107345,0.9741060419235511
kog_Latn,17787,mid,2230,0.9986565158978953,0.9988801791713325,0.9988801791713325,0.9988801791713325,0.9986565158978953,0.9986565158978953,0.9993275050437121
koi_Cyrl,13537,mid,1758,0.36317722681359044,0.4053774560496381,0.5493653032440057,0.3588755384266606,0.3614980589175611,0.36317722681359044,0.3955101526043637
koo_Latn,100000,head,30518,0.9760325376458626,0.9756113297632105,0.9778935784567582,0.9762281580052323,0.9759695302035085,0.9759380295328007,0.9754131398629585
kor_Hang,100000,head,472217,0.9999629416691285,0.9999629417476036,0.9999629416691285,0.9999343559685248,0.999960824133181,0.9999555303325484,0.9999417669598436
kos_Latn,72165,head,12302,0.9867391216188816,0.9860604587081611,0.9865012769062387,0.9856986589960701,0.9866601792158293,0.986420203494264,0.9868970832826255
kpe_Latn,78345,head,6111,0.9905956112852663,0.9909330695680845,0.9907606005609634,0.9911868874063092,0.9906850218448603,0.9908513970164016,0.9903521068689701
kpf_Latn,35264,head,1812,0.9545454545454546,0.9554213402358355,0.9562715765247412,0.964102564102564,0.9545454545454546,0.9545454545454546,0.9646723646723647
kpg_Latn,66707,head,10102,0.9963308211027371,0.996133254015467,0.9963802251202459,0.9963802251202459,0.9962814219842332,0.9962814219842332,0.9963795070178049
kpj_Latn,17134,mid,1455,0.9972508591065292,0.9972508591065292,0.9972508591065292,0.9972508591065292,0.9972508591065292,0.9972508591065292,0.9986235375086029
kpq_Latn,6764,mid,987,0.9914529914529915,0.9949545913218971,0.994452849218356,0.9919517102615695,0.9914529914529915,0.9914529914529915,0.990320937340805
kpr_Latn,27728,head,1614,0.9953746530989825,0.9953746530989825,0.996911673872761,0.9953746530989825,0.9953746530989825,0.9950678175092478,0.9953717988275225
kpv_Cyrl,37519,head,6088,0.8813390785548558,0.8886684849987603,0.9114478114478114,0.8792190602250166,0.8810470510271703,0.880536468250683,0.8795872513938587
kpw_Latn,23907,head,1066,0.9985935302390998,0.9985935302390998,0.99906191369606,0.9990627928772258,0.9985935302390998,0.9985935302390998,0.9985935302390998
kpx_Latn,24157,head,1065,0.9985935302390998,0.99906191369606,0.9985935302390998,0.9985935302390998,0.9985935302390998,0.9985935302390998,0.99906191369606
kpz_Latn,13549,mid,2174,0.994050343249428,0.9945054945054945,0.9956451982580793,0.9942804850148708,0.994050343249428,0.994050343249428,0.9963150621833256
kqa_Latn,889,isolated_tail,39,0.962962962962963,0.975,0.951219512195122,1.0,0.945945945945946,1.0,0.9873417721518987
kqc_Latn,22286,head,1325,0.992137776113815,0.9932533733133433,0.9939984996249062,0.9932483120780196,0.992137776113815,0.992137776113815,0.9932483120780196
kqe_Latn,17772,mid,1862,0.9870060991779368,0.990684056428001,0.9901569566374036,0.9877854487519916,0.9870060991779368,0.9870060991779368,0.9904102290889717
kqf_Latn,4591,mid,582,0.9923142613151154,0.9948630136986302,0.9957155098543273,0.9948630136986302,0.9923142613151154,0.9923142613151154,0.9931153184165232
kql_Latn,1133,mid,50,0.9523809523809523,0.970873786407767,0.9615384615384615,0.9803921568627451,0.9433962264150945,0.9523809523809523,0.970873786407767
kqn_Latn,100000,head,74437,0.9899537833552609,0.9899492741891965,0.9899391497132691,0.9898451469248675,0.9899946701209681,0.9900423671640985,0.9897733405288721
kqo_Latn,11062,mid,1720,0.999709386806161,0.999709386806161,0.999709386806161,0.999418942475305,0.999418942475305,0.999709386806161,0.999127145766657
kqp_Latn,17793,mid,1688,0.9991121633619413,0.9991121633619413,0.9991121633619413,0.9994079336885732,0.9991121633619413,0.9991121633619413,0.9997038791827065
kqs_Latn,11046,mid,1733,0.9965497412305924,0.9979844514828677,0.9968363531780271,0.9968363531780271,0.9962632940500143,0.9965497412305924,0.9930313588850175
kqw_Latn,13948,mid,466,0.9810126582278481,0.9830866807610994,0.9820485744456178,0.9830866807610994,0.9810126582278481,0.9810126582278481,0.9893162393162392
kqy_Ethi,13330,mid,2108,0.9978657813611572,0.9978657813611572,0.9978657813611572,0.9978657813611572,0.9978657813611572,0.9978657813611572,0.9930737998566992
krc_Cyrl,23418,head,3893,0.9360155113911778,0.9458996328029377,0.955360455051317,0.9338342220067862,0.935562015503876,0.9353354323080648,0.9337531791207461
kri_Latn,100000,head,28797,0.9963271771484273,0.9962765772349236,0.9965535248041776,0.9963451564621115,0.9962924927329376,0.9962924927329376,0.9955544750460181
krj_Latn,17825,mid,1868,0.7582126096714956,0.8095030514385353,0.8325852782764811,0.7645360824742268,0.7580579355365157,0.7582126096714956,0.875177304964539
krl_Latn,9341,mid,1436,0.5513920870839438,0.5865063460253841,0.7993902439024391,0.5511017838405037,0.5507003972402259,0.5513920870839438,0.8938391924817264
kru_Deva,17760,mid,1632,0.9875719915125797,0.9875719915125797,0.9908759124087592,0.9872727272727273,0.9869736443501969,0.9875719915125797,0.9966350565922301
krx_Latn,970,flat_magnet,43,0.6277372262773723,0.7962962962962964,0.6991869918699186,0.8865979381443299,0.9438202247191011,0.9545454545454545,0.924731182795699
ksb_Latn,11038,mid,1732,0.9691358024691358,0.9773627617430672,0.9726837510560405,0.974604966139955,0.9685922602355581,0.9691358024691358,0.991304347826087
ksc_Latn,10977,mid,1708,0.9962088072324292,0.9976635514018692,0.9979550102249488,0.9967901955062738,0.9962088072324292,0.9962088072324292,0.9976567076742823
ksd_Latn,59612,head,1675,0.9914074074074074,0.9902337969813555,0.9919952564482657,0.9905269390171699,0.9914074074074074,0.9914074074074074,0.9919952564482657
ksf_Latn,11299,mid,1780,0.9960518894529047,0.995768688293371,0.9960518894529047,0.995768688293371,0.9960518894529047,0.9960518894529047,0.9946342841005366
ksh_Latn,11430,flat_magnet,1807,0.4609891563078551,0.5737568601363713,0.6671787977722297,0.4910196577570358,0.4590466157492757,0.4609891563078551,0.7509375689388926
ksj_Latn,10732,mid,512,0.9874638379942141,0.9932104752667312,0.9912875121006777,0.9884169884169884,0.9874638379942141,0.9874638379942141,0.9941291585127201
ksp_Latn,8240,mid,1241,0.9947812123645121,0.9963811821471653,0.9947812123645121,0.9959807073954984,0.9947812123645121,0.9947812123645121,0.9955519611807521
ksr_Latn,27341,head,1641,0.9960450258594463,0.9960450258594463,0.9963481436396835,0.9972586049345111,0.995742092457421,0.995742092457421,0.9972586049345111
kss_Latn,100000,head,27584,0.9972747093023255,0.9976753477897644,0.9974565801903931,0.9977849595119648,0.997511579329761,0.9974935522539867,0.9974439388720702
ksw_Mymr,100000,head,20320,0.9997046371960224,0.9997046371960224,0.9997046371960224,0.9997046371960224,0.9997046371960224,0.9997046371960224,0.9995815590617078
ktb_Ethi,13238,mid,2106,0.9843201497776738,0.9898799717580608,0.9852424455375967,0.9843201497776738,0.9843201497776738,0.9843201497776738,0.9945120496301598
ktj_Latn,17646,mid,2102,0.9988120693751484,0.9988120693751484,0.9990494296577946,0.9992869027810791,0.9988120693751484,0.9988120693751484,0.9992869027810791
ktm_Latn,6181,mid,211,0.9234135667396061,0.965675057208238,0.9419642857142857,0.946188340807175,0.9213973799126637,0.9234135667396061,0.9739952718676123
kto_Latn,30763,head,1088,0.9954254345837146,0.9949702789208962,0.9972502291475711,0.9954254345837146,0.9954254345837146,0.9954254345837146,0.9954254345837146
ktu_Latn,21343,head,3508,0.6973247844351096,0.7430962343096235,0.7698293172690762,0.7010470037870349,0.6972375690607734,0.6967756183745584,0.6900240122244052
ktz_Latn,357,flat_magnet,16,0.45714285714285713,0.761904761904762,0.5517241379310345,0.8648648648648648,0.9411764705882353,0.9411764705882353,0.8648648648648648
kua_Latn,100000,twin,70647,0.9212154525771052,0.9212187830936072,0.9017506645913969,0.9203768903195519,0.9212092773830272,0.9212103336863697,0.9208816239029946
kub_Latn,17771,mid,2911,0.9967359560213022,0.9969072164948455,0.9970795395980072,0.9972508591065293,0.9967359560213022,0.9967359560213022,0.9979360165118679
kud_Latn,31123,head,1004,0.9955246146195923,0.9955290611028316,0.9955246146195923,0.9955246146195923,0.9955246146195923,0.9955246146195923,0.9960199004975124
kue_Latn,24594,head,1039,0.9928126497364639,0.9937649880095923,0.9942418426103647,0.9947292764734068,0.9928126497364639,0.9928126497364639,0.9937649880095923
kuj_Latn,11061,mid,1735,0.9919954259576901,0.9954102122776822,0.9948394495412844,0.9939845316528215,0.9919954259576901,0.9919954259576901,0.9965317919075145
kum_Cyrl,13281,mid,2112,0.9764842840512223,0.9831223628691983,0.9826616682286785,0.9762348555452003,0.9764842840512223,0.9764842840512223,0.9883416607185345
kup_Latn,23283,head,1017,0.9975478175576262,0.9985272459499264,0.9985272459499264,0.9980372914622179,0.9975478175576262,0.9975478175576262,0.9980372914622179
kus_Latn,13488,mid,2161,0.995850622406639,0.997229916897507,0.9965397923875433,0.9967697277341947,0.995850622406639,0.995850622406639,0.9955906242747737
kvg_Latn,11146,mid,361,0.984993178717599,0.9917582417582418,0.989041095890411,0.9917582417582418,0.9836512261580381,0.984993178717599,1.0
kvj_Latn,11057,mid,1727,0.9991321955452704,0.9994212962962963,0.9988432620011567,0.9994212962962963,0.9991321955452704,0.9991321955452704,0.9985503044360684
kvn_Latn,17773,mid,1519,0.9934597776324395,0.9947609692206941,0.9960655737704918,0.9937806873977088,0.9931350114416476,0.9934597776324395,0.9990128331688056
kwd_Latn,17670,mid,1594,0.998434074538052,0.998434074538052,0.9987468671679198,0.9987468671679198,0.998434074538052,0.998434074538052,0.9993726474278545
kwf_Latn,18620,head,3052,0.9922480620155039,0.9927464556544675,0.9922480620155039,0.9922531729025876,0.994238683127572,0.9944042132982225,0.9915855469394489
kwi_Latn,17740,mid,1787,0.9958158995815899,0.99609375,0.996928232337336,0.9958182325062725,0.9958158995815899,0.9958158995815899,0.9977616116396195
kwj_Latn,24528,head,1734,0.997411561691113,0.9979856115107913,0.9976985040276178,0.9971247843588269,0.997411561691113,0.9971247843588269,0.9971247843588269
kwn_Latn,100000,head,44857,0.9945683758773303,0.9943693442073511,0.9949350954281689,0.9944908198956272,0.9945686186857399,0.994591090945665,0.9942244316594983
kwy_Latn,100000,head,69203,0.9903102459372556,0.9901698203350079,0.9906477061162988,0.9902399467106883,0.9903179787241746,0.9903252903861194,0.9901440046313047
kxc_Ethi,13467,mid,2156,0.998610467809171,0.998610467809171,0.998610467809171,0.998610467809171,0.998610467809171,0.998610467809171,0.9937018894331701
kxm_Thai,13492,mid,2064,0.9942196531791908,0.9956584659913169,0.9956584659913169,0.9949385394070861,0.9942196531791908,0.9942196531791908,0.9958647531014351
kxw_Latn,11040,mid,1724,0.9985519837822184,0.9991306867574615,0.9988412514484357,0.9988412514484357,0.9985519837822184,0.9985519837822184,0.9982588508415555
kyc_Latn,27920,head,2878,0.998265093684941,0.9986115931968067,0.9984383133784487,0.998265093684941,0.998265093684941,0.998265093684941,0.998265093684941
kyf_Latn,17627,mid,2101,0.9997620747085415,0.9997620747085415,0.9997620747085415,0.9997620747085415,0.9997620747085415,0.9997620747085415,0.9995238095238095
kyg_Latn,27081,head,2424,0.9991755976916735,0.9993815708101422,0.9991755976916735,0.9991755976916735,0.9991755976916735,0.9991755976916735,0.9991755976916735
kyq_Latn,24514,head,2357,0.9983043662568886,0.9985160059359763,0.9985160059359763,0.9985160059359763,0.9983043662568886,0.9983043662568886,0.9987277353689568
kyu_Kali,4280,mid,550,1.0,1.0,1.0,1.0,1.0,1.0,1.0
kyu_Latn,4306,mid,559,0.992831541218638,0.9937219730941704,0.9937219730941704,0.9937219730941704,0.992831541218638,0.992831541218638,0.9946043165467625
kyu_Mymr,13476,mid,2155,1.0,1.0,1.0,1.0,1.0,1.0,0.9986059479553904
kyz_Latn,16966,mid,2551,0.9988253719655443,0.9990209516350107,0.9990209516350107,0.9990209516350107,0.9988253719655443,0.9988253719655443,0.9990205680705191
kze_Latn,24039,head,977,0.9979570990806946,0.9979570990806946,0.9979570990806946,0.9974476773864216,0.9979570990806946,0.9979570990806946,0.9969356486210418
kzf_Latn,12488,mid,1977,0.9952056522836235,0.9957081545064377,0.995959595959596,0.9949545913218971,0.9952056522836235,0.9952056522836235,0.9972187104930468
kzj_Latn,4996,mid,674,0.6290857413548081,0.6811819595645412,0.6713995943204869,0.7266703478741028,0.6255299105040037,0.6290857413548081,0.7003765465303928
kzn_Latn,2125,flat_magnet,156,0.009210169885066368,0.010427434940896221,0.01725838264299803,0.011266529813338427,0.008707423261259284,0.009210169885066368,0.017843289371605897
lac_Latn,17753,mid,1490,0.998324958123953,0.9986595174262735,0.998324958123953,0.998324958123953,0.998324958123953,0.998324958123953,1.0
lad_Hebr,171,flat_magnet,8,0.03508771929824561,0.0,0.03636363636363636,0.2222222222222222,0.03125,0.03508771929824561,0.03587443946188341
lad_Latn,10070,flat_magnet,1571,0.234147114774889,0.3207837956847204,0.48699520876112246,0.24484386647891992,0.23302043070127,0.234147114774889,0.4320987654320988
lai_Latn,11021,mid,1712,0.9669024045261669,0.9776887871853547,0.9740666856654318,0.9729575861087388,0.966628959276018,0.9669024045261669,0.9903593339176161
laj_Latn,22156,head,1753,0.989550974301045,0.9909399773499434,0.9912305516265911,0.9903900508762012,0.989550974301045,0.989550974301045,0.9906700593723494
lam_Latn,43564,head,7406,0.8627046158383719,0.8633296255098256,0.8653958944281525,0.8747639110852825,0.8626410086264101,0.8625976706472063,0.8717011477447182
lao_Laoo,33981,head,5750,0.9997391984699643,0.9997391984699643,0.9998261171970092,0.9997391984699643,0.9997391984699643,0.9997391984699643,0.9997391984699643
lap_Latn,4299,mid,552,0.9910233393177738,0.9945945945945946,0.9928057553956835,0.9954914337240758,0.989247311827957,0.9910233393177738,0.9908592321755028
las_Latn,6746,mid,971,0.6986301369863014,0.7065257017863653,0.7075575027382257,0.7476851851851852,0.6986301369863014,0.6986301369863014,0.8761552680221812
lat_Latn,100000,head,48072,0.9459615543272007,0.9440373835606611,0.9515203017804216,0.9460923660033782,0.9463562440095229,0.9465713343773181,0.9426850592578201
law_Latn,6540,mid,946,0.996313849394418,0.9968387776606955,0.9968387776606955,0.996313849394418,0.9957894736842106,0.996313849394418,0.9962904080551139
lbb_Latn,1700,mid,30,0.7317073170731707,0.9375,0.7894736842105263,0.923076923076923,0.7317073170731707,0.7317073170731707,0.983050847457627
lbe_Cyrl,182,flat_magnet,7,0.7368421052631579,0.7777777777777778,0.7000000000000001,0.9333333333333333,0.6363636363636364,0.7368421052631579,0.17073170731707318
lbj_Tibt,10380,mid,1618,0.9990726429675425,0.9990726429675425,0.9990726429675425,0.9990726429675425,0.9990726429675425,0.9990726429675425,0.9990726429675425
lbk_Latn,17600,mid,1975,0.9877100576874843,0.9894472361809046,0.9899446958270488,0.9892041174993723,0.9877100576874843,0.9877100576874843,0.9957038160222391
lcm_Latn,27324,head,1583,0.9927831816755569,0.9952815350739226,0.9959080893925086,0.9930904522613065,0.9927831816755569,0.9921605518971465,0.9927741124725102
lcp_Thai,4281,mid,550,0.9786476868327403,0.9883198562443846,0.9821428571428572,0.9847806624888092,0.9786476868327403,0.9786476868327403,0.9795918367346939
ldi_Latn,51424,head,8748,0.9641100178890878,0.9644953871959742,0.9647611589663273,0.9621989295272079,0.9639564124057,0.9629009762900977,0.9646716309277195
ldn_Latn,106,flat_magnet,5,0.6666666666666666,1.0,0.6666666666666666,1.0,0.5882352941176471,0.6666666666666666,0.2222222222222222
lea_Latn,3217,mid,360,0.6567164179104478,0.7126903553299492,0.598976109215017,0.7152988855116514,0.5693548387096775,0.6567164179104478,0.9432918395573997
led_Latn,3688,mid,448,0.7072784810126581,0.749371332774518,0.6278089887640449,0.7315875613747954,0.6957198443579767,0.7072784810126581,0.8780971258671952
lee_Latn,17731,mid,2798,0.9994641900339346,0.9992857142857142,0.9994641900339346,0.9992857142857142,0.9994641900339346,0.9994641900339346,0.9996426018584703
lef_Latn,13442,mid,2149,0.997444831591173,0.9983724715182515,0.9981403998140399,0.9976765799256506,0.997444831591173,0.997444831591173,0.9948574100046751
leh_Latn,55845,head,9395,0.9776186213070726,0.9787570502345685,0.9795272266779231,0.9769157794877201,0.9776186213070726,0.977567140600316,0.9772175930808987
lem_Latn,17770,mid,2899,0.9981063866414185,0.9984501463750646,0.998622115053393,0.9984501463750646,0.9981063866414185,0.9981063866414185,0.9994828477848647
leu_Latn,35286,head,1305,0.9927729174591099,0.9927729174591099,0.995043842927945,0.9927729174591099,0.9923954372623575,0.9923954372623575,0.9946646341463414
lew_Latn,13383,mid,2136,0.9927654609101517,0.9934609995329287,0.9934609995329287,0.9911256422232603,0.9927654609101517,0.9927654609101517,0.9920262664165104
lex_Latn,19181,head,2128,0.991365227537923,0.9932195464110357,0.99438202247191,0.9915966386554622,0.9909027291812457,0.9909027291812457,0.9918281578332945
lez_Cyrl,337,flat_magnet,15,0.08115942028985508,0.11650485436893204,0.10526315789473685,0.1857142857142857,0.17518248175182483,0.18461538461538463,0.030368763557483733
lfn_Cyrl,5655,mid,792,0.719090909090909,0.8227320125130345,0.8407032498668088,0.7638821825205214,0.719090909090909,0.719090909090909,0.9591451917033311
lfn_Latn,12192,mid,1939,0.43099715099715097,0.515614252304306,0.6288224362223348,0.4872821174951581,0.43045754609606196,0.43099715099715097,0.5726128338962236
lgg_Latn,9264,mid,1328,0.9876172607879925,0.9894736842105263,0.9891018414130026,0.9894894894894896,0.9876172607879925,0.9876172607879925,0.9893617021276595
lgl_Latn,10951,mid,337,0.9926144756277696,0.9940828402366864,0.9940828402366864,0.9955555555555555,0.9926144756277696,0.9926144756277696,0.9970326409495549
lgm_Latn,11059,mid,1729,0.9801587301587301,0.9877177949157383,0.9865905848787446,0.9840637450199202,0.9798809861150468,0.9801587301587301,0.9918651946542707
lhi_Latn,10945,mid,1722,1.0,0.9997097242380262,1.0,1.0,0.9997097242380262,1.0,1.0
lhu_Latn,72409,head,12379,0.9998788319399007,0.9998788319399007,0.9998788319399007,0.9998788319399007,0.9998788319399007,0.9998788319399007,0.9998788319399007
lia_Latn,13468,mid,2150,0.99721706864564,0.9974483878450475,0.99721706864564,0.9974483878450475,0.99721706864564,0.99721706864564,0.9976744186046511
lid_Latn,27185,head,1646,0.9975742874469375,0.9978768577494692,0.9981796116504855,0.9972719005759321,0.9975742874469375,0.9972719005759321,0.9978768577494692
lif_Deva,24326,head,1604,0.9990651293237769,0.9990651293237769,0.9993765586034913,0.9990651293237769,0.9990651293237769,0.9990651293237769,0.9990651293237769
lif_Limb,10950,mid,1710,0.9997076878105816,0.9997076878105816,0.9997076878105816,0.9997076878105816,0.9997076878105816,0.9997076878105816,1.0
lij_Latn,35338,head,4955,0.7839709762532981,0.8083042627414277,0.8630411058566752,0.7715119105493438,0.7835255354200988,0.7832674571805006,0.779627655212007
lim_Latn,100000,head,21992,0.7708746419916281,0.7498489425981872,0.9061502819425623,0.7575828572458414,0.7706482637104471,0.7704587155963303,0.7387147609875679
lin_Latn,100000,head,281356,0.9945564361349805,0.9946987951807229,0.9946514517488111,0.9947850483302161,0.9945941313833168,0.9946138946165726,0.9948525987685489
lip_Latn,17701,mid,2499,0.9996,0.9996,0.9996,0.9996,0.9996,0.9996,0.9995998399359743
lis_Lisu,6732,mid,981,1.0,1.0,1.0,1.0,1.0,1.0,1.0
lit_Latn,100000,head,415694,0.9712880815540922,0.9726688279575801,0.9749701100314982,0.9721153246486443,0.9713157955952013,0.97133412909742,0.9749205021734269
liv_Latn,625,isolated_tail,28,0.17948717948717946,0.3181818181818182,0.2222222222222222,0.4628099173553719,0.49484536082474223,0.5263157894736842,0.47619047619047616
ljp_Latn,13436,mid,2152,0.975,0.9816933638443937,0.9839449541284404,0.97632058287796,0.975,0.975,0.9918395896479365
lki_Arab,211,flat_magnet,10,0.03669724770642203,0.09523809523809523,0.08000000000000002,0.061538461538461535,0.03636363636363636,0.03669724770642203,0.019801980198019802
llb_Latn,25228,head,4181,0.9257375381485249,0.9015942825728421,0.8127222441722638,0.8944153577661431,0.9199146355161182,0.8870356330553449,0.9664223220619531
lld_Latn,814,flat_magnet,35,0.18443804034582134,0.32160804020100503,0.2214532871972318,0.62,0.6458333333333334,0.6966292134831461,0.616822429906542
llg_Latn,14230,mid,634,0.9728892331525949,0.9766718506998445,0.9759129759129759,0.9736024844720497,0.9728892331525949,0.9728892331525949,0.9827315541601256
lln_Latn,8245,mid,1232,0.9947261663286003,0.9951298701298701,0.9955339017458383,0.9943227899432278,0.9947261663286003,0.9947261663286003,0.9922353902738047
lmk_Latn,17821,mid,2930,0.9945559714188501,0.9947251999319382,0.9957417816385625,0.9948944860449285,0.9945559714188501,0.9945559714188501,0.9969272789347899
lmo_Latn,58536,twin,9433,0.7844498438042347,0.7809129346794375,0.8649221724254252,0.7665198237885463,0.7840450899631477,0.7837088388214904,0.7807574383555728
lmp_Latn,11043,mid,1733,0.9988465974625144,0.9994229659549914,0.9988465974625144,0.9988465974625144,0.9988465974625144,0.9988465974625144,0.9973995954926321
lnd_Latn,25726,head,4271,0.9928763283895831,0.9929922915206727,0.9939223936418887,0.993225881803317,0.9928763283895831,0.9927603923400281,0.9931082817427872
lob_Latn,13529,mid,2166,1.0,1.0,1.0,1.0,1.0,1.0,0.9997691064419303
loe_Latn,6830,mid,998,0.9865871833084948,0.9895366218236175,0.9880597014925373,0.9885629040278469,0.986111111111111,0.9865871833084948,0.9969909729187563
log_Latn,11018,mid,1718,0.9982558139534884,0.9982558139534884,0.9982558139534884,0.999127145766657,0.9982558139534884,0.9982558139534884,0.9976676384839651
lok_Latn,6752,mid,980,0.9979633401221996,0.9984717269485481,0.9979633401221996,0.9994900560938297,0.9979633401221996,0.9979633401221996,0.9959016393442623
lol_Latn,11060,mid,1736,0.9880068532267275,0.9908361970217641,0.9899856938483547,0.9913990825688074,0.9877248073080217,0.9880068532267275,0.9901506373117034
lom_Latn,11043,mid,1726,0.9991316931982634,0.9994209612044007,0.9991316931982634,0.9994209612044007,0.9991316931982634,0.9991316931982634,0.9976798143851507
loq_Latn,7481,mid,1114,0.9893428063943162,0.9928698752228164,0.9893428063943162,0.9915442812639074,0.9893428063943162,0.9893428063943162,0.9904848210240145
loz_Latn,100000,head,140825,0.9952826827425999,0.9953406192559239,0.9953573884508358,0.9953655382708221,0.9953007150466189,0.9953150328660242,0.995149641742995
lrc_Arab,168,flat_magnet,8,0.04878048780487805,0.04545454545454545,0.12,0.11428571428571428,0.04878048780487805,0.04878048780487805,0.0076045627376425855
lsi_Latn,10998,mid,1711,0.9979585885097697,0.9988324576765907,0.9988324576765907,0.9997078586035641,0.9979585885097697,0.9979585885097697,0.9982445874780573
lsm_Latn,13528,mid,2176,0.9899726526891522,0.9929142857142857,0.9922338967565099,0.9908759124087592,0.9899726526891522,0.9899726526891522,0.9942329873125721
ltg_Latn,14559,flat_magnet,2012,0.333362514225685,0.38904278239458295,0.5620559334845049,0.33435771358328215,0.3311028069870513,0.333362514225685,0.4246000226937478
ltz_Latn,100000,head,21714,0.8831513292857291,0.8714451952718291,0.932742703010899,0.877507310844763,0.8829049029558589,0.8826672188858976,0.8503877510439452
lua_Latn,100000,head,169087,0.9945090352948165,0.9946437690763769,0.9945803723358447,0.9944976467269461,0.9945448660270173,0.9945597947450943,0.994611733062584
lub_Latn,100000,head,95457,0.9910715223579585,0.9910784143837594,0.9912275630075426,0.9907197815183424,0.9910769149969801,0.9910665049079078,0.9907432201832452
luc_Latn,7040,mid,1001,0.999001996007984,1.0,0.999001996007984,0.999500748876685,0.999001996007984,0.999001996007984,0.9969939879759518
lud_Latn,554,flat_magnet,24,0.10434782608695652,0.22535211267605632,0.13994169096209913,0.38333333333333336,0.44680851063829785,0.48484848484848486,0.34285714285714286
lue_Latn,100000,head,88238,0.9941725273038415,0.9941616877099833,0.9941878319817105,0.9939613801260035,0.9941669414533754,0.9941669414533754,0.9939905281171648
lug_Latn,100000,head,65700,0.9838701042439445,0.9848378427899589,0.9850490720640842,0.9840253149076679,0.9838788620373203,0.9838490127403148,0.9838006705272783
lun_Latn,100000,head,58102,0.9959057018488989,0.9958290963616622,0.99606051463299,0.9958978955169858,0.9959144270716612,0.9959230815642265,0.9956757688000688
luo_Latn,100000,head,89503,0.9920927958457674,0.9920399071977889,0.9924009937162064,0.9920328126755815,0.992081734038428,0.9920706727283966,0.9916396691801934
lus_Latn,100000,head,85415,0.9934127408521716,0.9935051207366346,0.9936962077372735,0.9935862044661632,0.9934364772039511,0.9934306397781225,0.9930795847750864
lvs_Latn,100000,head,461590,0.972346258786076,0.9736147930823527,0.9769211205094536,0.9727414501284952,0.9724053257006936,0.9724539130874412,0.9740735110614364
lwg_Latn,1392,flat_magnet,73,0.47651006711409394,0.6794258373205743,0.5503875968992249,0.7395833333333334,0.45806451612903226,0.47651006711409394,0.8831168831168831
lwo_Latn,17490,mid,1897,0.998158379373849,0.9986838641747828,0.9989468141126909,0.998158379373849,0.9978958442924777,0.998158379373849,0.9997363564460848
lww_Latn,17549,mid,1503,0.9946914399469143,0.996013289036545,0.9963443004320373,0.9953519256308101,0.9946914399469143,0.9946914399469143,0.9966644429619747
lzh_Hani,97818,twin,12458,0.7494868150955314,0.7505900865460267,0.7326891463854697,0.7502074688796682,0.7494868150955314,0.7494868150955314,0.7491360351869305
maa_Latn,38068,head,5047,0.9996038819568231,0.9997028820441716,0.9996038819568231,0.9996038819568231,0.9996038819568231,0.9996038819568231,0.9996038819568231
mad_Latn,44560,head,7594,0.9766712409331503,0.9767502612330199,0.9797655687250344,0.9744290454811635,0.9763553233180928,0.9760428226385534,0.9754473031213269
maf_Latn,11056,mid,1740,0.9951359084406295,0.9959908361970217,0.9957056971085028,0.9959908361970217,0.9948512585812357,0.9951359084406295,0.9948036951501154
mag_Deva,12847,mid,2054,0.7103513770180435,0.7823899371069182,0.8570110701107011,0.7094426355104386,0.7102164830991264,0.7103513770180435,0.8036227081952728
mah_Latn,100000,head,79347,0.9978097997260672,0.9978796178263558,0.998011903334322,0.9982146124194841,0.9978224783352375,0.9978477792995499,0.9980128815740501
mai_Deva,43579,head,5887,0.8479212253829321,0.8444961240310077,0.9012325116588941,0.8415503875968993,0.8479212253829321,0.8477224783186186,0.8461237581162481
maj_Latn,17827,mid,1520,0.9993425378040763,0.9996711608023676,0.9996711608023676,0.9996711608023676,0.9993425378040763,0.9993425378040763,0.9993421052631579
mak_Latn,26049,head,4367,0.9723756906077349,0.9747064137308039,0.976917854718262,0.9688270912760709,0.971718309859155,0.9712805496114427,0.9708431836091411
mal_Latn,10693,mid,1669,0.9411411411411411,0.9483851494114097,0.9520340012143291,0.9405405405405405,0.9397301349325338,0.9411411411411411,0.9538367471721185
mal_Mlym,100000,head,118122,0.9999957671061821,0.9999957671061821,0.9999957671061821,0.99998730142605,0.9999957671061821,0.9999957671061821,0.9999915342481989
mam_Latn,100000,head,48049,0.996535170110624,0.996682593002149,0.9967653749034829,0.9968617392845599,0.9965143703951076,0.9965143703951076,0.997020585048754
maq_Latn,17793,mid,1559,0.9990387696251202,0.9990387696251202,0.9990387696251202,0.9990387696251202,0.9990387696251202,0.9990387696251202,0.9996793844180827
mar_Deva,100000,head,216164,0.9861268515640882,0.9882624734508327,0.9887254090042762,0.9864897692235822,0.9861766011636329,0.9861936349128837,0.9872922093491535
mar_Latn,3924,mid,486,0.379746835443038,0.4677156809549648,0.43092269326683286,0.46203208556149733,0.3693350275307073,0.379746835443038,0.5538461538461539
mas_Latn,31948,head,5361,0.9860456519730154,0.9861367837338263,0.9870490286771508,0.9859571322985957,0.9857749861444671,0.9856839383023922,0.9865039748567204
mau_Latn,100000,head,30914,0.9983318487326908,0.9983485525548864,0.9985101697111024,0.9983808290155441,0.9983480711301137,0.9983967351698004,0.9976544428088452
mav_Latn,23723,head,2593,0.9068791946308725,0.9072597566093159,0.9078311988242704,0.9072251308900523,0.9068791946308725,0.9068791946308725,0.9066890333403229
maw_Latn,17707,mid,2840,0.998593035525853,0.9989444053483462,0.998593035525853,0.998768689533861,0.998593035525853,0.998593035525853,0.9996478873239436
max_Latn,333,flat_magnet,15,0.1443298969072165,0.3414634146341463,0.19718309859154928,0.4137931034482759,0.19178082191780824,0.2153846153846154,0.1774193548387097
maz_Latn,17588,mid,1546,0.9977382875605815,0.9977382875605815,0.998060762766645,0.9977382875605815,0.9977382875605815,0.9977382875605815,0.998705501618123
mbb_Latn,55597,head,3069,0.9864690721649484,0.986160283231413,0.9888583885031488,0.9858384293530738,0.9861513687600645,0.9858338699291693,0.9867869803416048
mbc_Latn,25471,head,1885,0.9586321014892444,0.9586321014892444,0.958896551724138,0.9583677970774745,0.9583677970774745,0.9583677970774745,0.9583677970774745
mbd_Latn,10885,mid,1697,0.9970622796709754,0.9976484420928866,0.9970622796709754,0.9970622796709754,0.996769456681351,0.9970622796709754,0.9961617950989075
mbf_Latn,6748,mid,984,0.8804299149126735,0.9093432007400556,0.8997711670480549,0.9393215480172002,0.8804299149126735,0.8804299149126735,0.9772256728778469
mbh_Latn,24424,head,1133,0.996043956043956,0.9964819700967458,0.9977983267283135,0.996043956043956,0.996043956043956,0.996043956043956,0.9964819700967458
mbi_Latn,11002,mid,1717,0.993327531186539,0.9962176316555137,0.9947704822777454,0.9941927990708479,0.993327531186539,0.993327531186539,0.9962110171961528
mbj_Latn,17676,mid,1605,0.9993773349937732,0.9996885705387729,0.9996885705387729,0.9993773349937732,0.9993773349937732,0.9993773349937732,1.0
mbl_Latn,17712,mid,1544,0.9980607627666451,0.9980607627666451,0.9977382875605816,0.9980607627666451,0.9980607627666451,0.9980607627666451,0.9987063389391979
mbs_Latn,18964,head,1696,0.9967637540453075,0.9973506034736531,0.9982321744254568,0.9964705882352942,0.9967637540453075,0.996765657159659,0.9967637540453075
mbt_Latn,17750,mid,1803,0.9928256070640177,0.9952973720608577,0.9952973720608577,0.9939226519337018,0.9928256070640177,0.9928256070640177,0.9969520642837351
mca_Latn,24591,head,2265,0.99933818663137,0.9991177767975298,0.99933818663137,0.99933818663137,0.99933818663137,0.99933818663137,0.999558693733451
mcb_Latn,17596,mid,1516,0.9957307060755337,0.9967126890203813,0.9963851462372659,0.9963851462372659,0.9957307060755337,0.9957307060755337,0.9973649538866931
mcd_Latn,26561,head,1619,0.9969135802469136,0.9972213646187095,0.9975293390982087,0.9972196478220574,0.9969135802469136,0.9969135802469136,0.9972179289026275
mcf_Latn,17567,mid,1515,0.9980237154150198,0.9980237154150198,0.998681608437706,0.998681608437706,0.9976950938426079,0.9980237154150198,0.9996700758825471
mck_Latn,100000,head,23740,0.9865811460882775,0.986400725294651,0.9869828477394037,0.9859119284629662,0.9866030928922551,0.986667229230834,0.9850890863906322
mcn_Latn,30781,head,5162,0.9896233666410454,0.990003844675125,0.9907656791073489,0.9907656791073489,0.9896233666410454,0.9895282928235181,0.9907656791073489
mco_Latn,100000,head,35407,0.9974094364462565,0.9974662759919033,0.9974235560588902,0.9973394469446095,0.9974094364462565,0.9974094364462565,0.9969444915973519
mcp_Latn,22044,head,2743,0.9848708487084871,0.9854270429809998,0.9874723655121592,0.9839631336405531,0.9850581073602656,0.9852452969383991,0.9811250925240563
mcq_Latn,31265,head,2233,0.9986577181208053,0.9984343547304854,0.998881181472365,0.998881181472365,0.9986577181208053,0.9986577181208053,0.998881181472365
mcu_Latn,13492,mid,2146,0.99930151338766,0.999534233814625,0.9997670626601444,0.99930151338766,0.99930151338766,0.99930151338766,0.999067599067599
mda_Latn,17774,mid,1570,1.0,1.0,1.0,1.0,1.0,1.0,0.9996814272061166
mdf_Cyrl,16365,mid,2670,0.42145161290322586,0.48347567768288147,0.7256216820340877,0.41963782696177065,0.41981851762627476,0.42145161290322586,0.45192641443943066
mdy_Ethi,67085,head,9817,0.9997962510187449,0.9997962510187449,0.9997962510187449,0.9997962510187449,0.9997962510187449,0.9997962510187449,0.9997962302598065
med_Latn,23245,head,2539,0.9992122883024813,0.9992122883024813,0.9992122883024813,0.9992122883024813,0.9992122883024813,0.9992122883024813,0.9992122883024813
mee_Latn,24514,head,1205,0.9966887417218543,0.9971014492753623,0.9971014492753623,0.9971014492753623,0.9966887417218543,0.9966887417218543,0.9971014492753623
mej_Latn,13341,mid,2142,0.999066728884741,0.9992998833138856,0.999066728884741,0.998833683228365,0.999066728884741,0.999066728884741,0.9974269005847953
mek_Latn,24096,head,2569,0.9996108949416342,0.9994164559424237,0.9996108949416342,0.9996108949416342,0.9996108949416342,0.9996108949416342,0.9996108949416342
men_Latn,16422,mid,2672,0.9968170754540348,0.9964439453490549,0.9968170754540348,0.9962546816479401,0.9966304754773493,0.9968170754540348,0.9956856124554493
meq_Latn,17804,mid,1877,0.9984,0.9984,0.9984,0.9984,0.9984,0.9984,0.9984
mer_Latn,3326,mid,372,0.5039826212889211,0.5764119601328903,0.527355623100304,0.5466034755134281,0.5036179450072358,0.5039826212889211,0.7699642431466031
met_Latn,6728,mid,969,0.9918116683725691,0.9948665297741274,0.9923195084485407,0.9943560800410467,0.9918116683725691,0.9918116683725691,0.9864300626304802
meu_Latn,100000,head,22898,0.9179398461762929,0.9176103247293922,0.9340556219075243,0.915412752514756,0.9179501073296793,0.9178995624088351,0.9156756532386943
mev_Latn,277,flat_magnet,12,0.10859728506787329,0.18604651162790695,0.1,0.6153846153846153,0.4444444444444445,0.2641509433962264,0.044362292051756014
mfe_Latn,100000,head,65895,0.9777679138573626,0.9772638630784408,0.9786599585585724,0.9769404856566152,0.9777080543332697,0.9776930905974273,0.9765441153998962
mfg_Latn,1598,mid,91,0.9099999999999999,0.9479166666666667,0.9191919191919192,0.9528795811518325,0.9099999999999999,0.9099999999999999,0.967391304347826
mfh_Latn,13516,mid,2174,0.9988503104161877,0.9988503104161877,0.9990800367985281,0.9988503104161877,0.9988503104161877,0.9988503104161877,0.9990796134376437
mfi_Latn,17796,mid,2910,0.9984559958826558,0.9989701338825953,0.9991416309012876,0.9984554659344431,0.9984559958826558,0.9984559958826558,0.9996562392574768
mfk_Latn,17787,mid,1503,0.9956882255389718,0.9963491536674411,0.9956882255389718,0.9956882255389718,0.9956882255389718,0.9956882255389718,0.9986693280106453
mfq_Latn,21554,head,3558,0.9949480774628122,0.9952274003368894,0.9945293870108011,0.9955030916245081,0.9949480774628122,0.9949480774628122,0.9953632148377125
mfy_Latn,19912,head,1879,0.9858854860186418,0.9866737739872069,0.9885180240320428,0.9853762297261367,0.9856230031948883,0.9850984566258648,0.9856153436334576
mfz_Latn,13402,mid,2148,0.9993021632937892,0.9993021632937892,0.9990697674418605,0.9993021632937892,0.9988374796558941,0.9993021632937892,0.9979016087666122
mgc_Latn,5026,mid,684,0.9963583394027676,0.9978118161925601,0.9970845481049563,0.9985401459854015,0.9963583394027676,0.9963583394027676,0.9992684711046086
mgh_Latn,78930,head,12121,0.9878301183872837,0.9875093059806436,0.9884438553618026,0.9877084799072964,0.9878301183872837,0.9877493584968132,0.9874466586568339
mgm_Latn,179,flat_magnet,8,0.32,0.608695652173913,0.32,0.875,0.2424242424242424,0.32,0.05423728813559322
mgo_Latn,11133,mid,653,0.9938366718027736,0.9938366718027736,0.9938366718027736,0.9953846153846153,0.9938366718027736,0.9938366718027736,0.9930609097918273
mgr_Latn,100000,head,24864,0.980031529164477,0.9803715882269876,0.9814018295268674,0.9790305947060846,0.980031529164477,0.980012530062044,0.977947259044045
mhi_Latn,13542,mid,2162,0.993794529993105,0.9947089947089947,0.9944802207911683,0.9944802207911683,0.9935661764705882,0.993794529993105,0.9960693641618498
mhl_Latn,17037,mid,1413,0.9961226647867466,0.9971771347918136,0.9961226647867466,0.9968209113387496,0.9961226647867466,0.9961226647867466,0.9985835694050992
mhr_Cyrl,100000,head,32825,0.9268029669352841,0.9201009736747207,0.958161211736045,0.925002182707139,0.926481084939329,0.926292180650423,0.9127988748241913
mhw_Latn,524,flat_magnet,24,0.5106382978723404,0.8,0.5274725274725275,0.923076923076923,0.8400000000000001,0.875,0.7457627118644068
mhx_Latn,17532,mid,1593,0.9990592662276576,0.9993726474278545,0.9990592662276576,0.9990592662276576,0.9990592662276576,0.9990592662276576,0.9981155778894472
mhy_Latn,13427,mid,2153,0.9894058037770613,0.9923769923769924,0.9907749077490774,0.9900898824613966,0.9889502762430938,0.9894058037770613,0.9897148200093501
mib_Latn,24577,head,1082,0.9976947902259106,0.9981549815498155,0.9995381062355658,0.9976947902259106,0.9976947902259106,0.9976947902259106,0.9976947902259106
mic_Latn,17716,mid,1535,0.9974009096816114,0.9974009096816114,0.9986987638256344,0.9974009096816114,0.9970769730431959,0.9974009096816114,1.0
mie_Latn,17822,mid,1501,0.9980053191489361,0.9983372131692717,0.9983372131692717,0.9986693280106453,0.9980053191489361,0.9980053191489361,1.0
mif_Latn,17711,mid,1874,0.9984008528784649,0.9984008528784649,0.9986670221274326,0.9984008528784649,0.9984008528784649,0.9984008528784649,0.9989333333333333
mig_Latn,17825,mid,1526,0.9986910994764397,0.9986910994764397,0.9990180032733225,0.9986910994764397,0.9986910994764397,0.9986910994764397,0.9993451211525868
mih_Latn,17758,mid,1548,0.9993544222078761,0.9996771068776236,0.9993544222078761,0.9993544222078761,0.9993544222078761,0.9993544222078761,1.0
mil_Latn,17720,mid,1496,0.9996658870698296,1.0,0.9996658870698296,1.0,0.9996658870698296,0.9996658870698296,1.0
mim_Latn,6759,mid,972,0.9994858611825194,1.0,0.9994858611825194,0.9994858611825194,0.9994858611825194,0.9994858611825194,0.9848563968668408
min_Arab,847,isolated_tail,38,0.1511111111111111,0.3222748815165877,0.33009708737864074,0.19825072886297376,0.6666666666666666,0.6296296296296297,0.25342465753424653
min_Latn,100000,head,24600,0.9324873985559426,0.9284996133023975,0.9458382642998028,0.930459915038892,0.9321971244576743,0.9320157948997257,0.9216840893833317
mio_Latn,17742,mid,2351,0.9997873697639804,1.0,1.0,1.0,0.9997873697639804,0.9997873697639804,1.0
mip_Latn,6764,mid,986,0.9979716024340771,0.9989847715736041,0.9974657881398886,0.9979716024340771,0.9979716024340771,0.9979716024340771,0.9897750511247444
miq_Latn,86132,head,13315,0.9935989155809927,0.9932628250969175,0.9938234407954203,0.9932623179132006,0.9936368086147822,0.9936368086147822,0.9935236087054748
mir_Latn,16801,mid,2711,0.9990786806707205,0.9992628086988574,0.9992628086988574,0.9990786806707205,0.9990786806707205,0.9990786806707205,0.9990773205388448
mit_Latn,17430,mid,1512,0.9996694214876033,0.9996694214876033,0.9993390614672836,0.9993390614672836,0.9996694214876033,0.9996694214876033,1.0
miy_Latn,17828,mid,2902,1.0,1.0,1.0,1.0,1.0,1.0,1.0
miz_Latn,17822,mid,1499,0.9996665555185061,0.9996665555185061,0.9996665555185061,1.0,0.9993333333333334,0.9996665555185061,1.0
mjc_Latn,17745,mid,1509,0.9996687644915535,0.9996687644915535,0.9996687644915535,0.9996687644915535,0.9996687644915535,0.9996687644915535,0.9996687644915535
mjw_Latn,11088,mid,1746,0.9945822640433419,0.9962867752070836,0.995433789954338,0.9951470168427063,0.9945822640433419,0.9945822640433419,0.9951219512195122
mkd_Cyrl,100000,twin,153189,0.9600283353317541,0.9598229209603033,0.9647646879397034,0.959294106176571,0.9600259951259139,0.9600270342281924,0.9589009092030035
mkl_Latn,17702,mid,2440,0.9995901639344262,0.9995901639344262,0.9995901639344262,0.9995901639344262,0.9995901639344262,0.9995901639344262,0.9995901639344262
mkn_Latn,18360,head,1982,0.9845540607872447,0.9850597609561753,0.9870259481037924,0.9857890800299176,0.9843088418430884,0.9843088418430884,0.9870064967516241
mks_Latn,17827,mid,1535,0.9996743731683491,0.9996743731683491,0.9996743731683491,0.9996743731683491,0.9996743731683491,0.9996743731683491,0.9990218454515812
mkz_Latn,1446,mid,70,0.8192771084337349,0.9189189189189189,0.85,0.9510489510489512,0.8,0.8192771084337349,0.9411764705882354
mlh_Latn,31269,head,1172,0.9953251168720783,0.9953251168720783,0.9953251168720783,0.9949022939677146,0.9953251168720783,0.9953251168720783,0.9949022939677146
mlp_Latn,24038,head,1071,0.9935004642525535,0.9944237918215613,0.9958120055839925,0.9944237918215613,0.9935004642525535,0.9935004642525535,0.9958120055839925
mlt_Latn,100000,head,334548,0.96145859070747,0.956546890384104,0.9694126522706247,0.9579937230653927,0.9612680715186691,0.9609194186184915,0.9389711431472313
mlu_Latn,815,flat_magnet,35,0.3888888888888889,0.5426356589147286,0.4,0.7446808510638298,0.7529411764705883,0.7586206896551724,0.7173913043478262
mmn_Latn,11023,mid,1703,0.9838243789716926,0.9904041872637394,0.9861030689056167,0.983815028901734,0.982972582972583,0.9838243789716926,0.985748218527316
mmo_Latn,24576,head,2105,0.9576888080072793,0.9633867276887871,0.9625057155921353,0.9664830119375574,0.9574710029565612,0.9574710029565612,0.9691528545119705
mmx_Latn,28734,head,3539,0.997041003240806,0.9984478622830535,0.9977439368302313,0.997041003240806,0.997041003240806,0.997041003240806,0.9971815107102594
mna_Latn,33077,head,3494,0.9975724689418821,0.9972876516773732,0.9988561624249357,0.9971453040251214,0.9974300399771558,0.9974300399771558,0.9972876516773732
mnb_Latn,13514,mid,2161,0.9953874538745388,0.9963065558633425,0.9960766212785598,0.995848708487085,0.9951579432787641,0.9953874538745388,0.9941927990708478
mnf_Latn,13467,mid,2147,0.9997671711292201,0.9997671711292201,0.9997671711292201,0.9997671711292201,0.9997671711292201,0.9997671711292201,0.9990680335507922
mni_Beng,41766,head,7126,0.9752214839424143,0.977108768035516,0.982005858557679,0.9744654349179986,0.9752214839424143,0.9752214839424143,0.975005192826975
mni_Latn,889,flat_magnet,40,0.21220159151193632,0.4347826086956522,0.2373887240356083,0.44692737430167595,0.6842105263157895,0.78,0.5098039215686274
mni_Mtei,3424,mid,398,1.0,1.0,1.0,1.0,1.0,1.0,1.0
mnk_Latn,13537,mid,2161,0.9988433957899607,0.9993057162693821,0.9993057162693821,0.9986111111111111,0.9988433957899607,0.9988433957899607,0.9983785035904564
mns_Cyrl,971,isolated_tail,43,0.18574514038876888,0.2986111111111111,0.2695924764890282,0.315018315018315,0.6495726495726496,0.5170068027210885,0.694214876033058
mnw_Mymr,291,flat_magnet,13,0.5777777777777777,0.6666666666666666,0.5909090909090909,0.962962962962963,0.9166666666666666,0.8461538461538461,0.9166666666666666
mnx_Latn,6272,mid,901,0.9966777408637874,0.9983361064891847,0.9966777408637874,0.997229916897507,0.9966777408637874,0.9966777408637874,0.9961089494163425
mny_Latn,41872,head,7033,0.9388696655132642,0.94061551798873,0.9397086398384539,0.936614144902511,0.9387343231944645,0.9386666666666666,0.9372927778578636
moa_Latn,17800,mid,2914,0.9994855084891099,0.9994855084891099,0.9994855084891099,0.9994855084891099,0.9994855084891099,0.9994855084891099,1.0
moc_Latn,18050,head,2966,0.9983164983164983,0.9986527450319973,0.9984845933658866,0.9986527450319973,0.9981484598552433,0.9979804779535509,0.9986527450319973
mog_Latn,13436,mid,2160,0.9972273567467652,0.9976883957466481,0.9972273567467652,0.996996996996997,0.9972273567467652,0.9972273567467652,0.9981447124304267
moh_Latn,1569,mid,88,0.8341232227488152,0.9361702127659575,0.8712871287128713,0.9513513513513514,0.8262910798122065,0.8341232227488152,0.9828571428571428
mop_Latn,18531,head,1965,0.9848679148499615,0.9851205746536685,0.985373364126251,0.985105290190036,0.9846153846153846,0.9846153846153846,0.9848523748395378
mor_Latn,13526,mid,2154,1.0,1.0,1.0,1.0,1.0,1.0,0.9995355318160707
mos_Latn,100000,head,93544,0.9964910776945042,0.9965991677333319,0.9967532119627531,0.9972433210754795,0.9964966037412416,0.9965235184778476,0.9971374301078145
mox_Latn,30851,head,2569,0.9978586723768736,0.9980529595015577,0.9980529595015577,0.9982473222979552,0.9978586723768736,0.9978586723768736,0.9982473222979552
mpg_Latn,17806,mid,1499,0.9910625620655413,0.9933642999336431,0.9930348258706468,0.9917191122888374,0.9910625620655413,0.9910625620655413,0.9983327775925308
mph_Latn,1016,mid,45,0.9090909090909091,0.9574468085106383,0.9183673469387755,0.9473684210526316,0.9090909090909091,0.9090909090909091,0.989010989010989
mpm_Latn,17709,mid,2882,0.9991323963213605,0.9993057965984032,0.9993057965984032,0.9991323963213605,0.9991323963213605,0.9991323963213605,0.9991320951223746
mpp_Latn,13388,mid,670,0.9948032665181886,0.996282527881041,0.996282527881041,0.9948032665181886,0.9940652818991098,0.9948032665181886,0.9947643979057592
mps_Latn,62082,head,7908,0.9962627478304935,0.9962006079027356,0.9963889768767817,0.9963898916967509,0.9962627478304935,0.9962627478304935,0.9962627478304935
mpt_Latn,30449,head,746,0.9926813040585496,0.9940039973351099,0.9933422103861518,0.9920212765957447,0.9926813040585496,0.9926813040585496,0.9926813040585496
mpx_Latn,28162,head,2413,0.9958626396359123,0.9960703205791107,0.996481059821983,0.9960686943927168,0.9958626396359123,0.9958626396359123,0.9962748344370861
mqb_Latn,17749,mid,2807,0.9985760056959772,0.9992877492877492,0.9991095280498664,0.9980430528375733,0.9985760056959772,0.9985760056959772,0.9989316239316239
mqj_Latn,24541,head,1208,0.9813664596273292,0.9813818783616053,0.9829946080464538,0.9805544062887879,0.9813664596273292,0.9813664596273292,0.9796933278077082
mqy_Latn,11063,mid,1735,0.9922790963683157,0.9948394495412844,0.9951247490679668,0.9939810834049871,0.9919954259576901,0.9922790963683157,0.9944943494639236
mrg_Latn,9720,mid,1503,0.9956853634251576,0.9966777408637874,0.9976720984369803,0.9970089730807578,0.9950248756218906,0.9956853634251576,0.9949883060474439
mri_Latn,73030,head,12414,0.9855829083169351,0.9858736656232443,0.9866216704833072,0.9850913754408465,0.9856678309044924,0.9856689815744049,0.9855514528816824
mrj_Cyrl,32843,head,4974,0.8448874254694313,0.8543076229138475,0.895104895104895,0.8168772020280141,0.8424882420800426,0.838544426779721,0.8277303605643617
mrq_Latn,827,flat_magnet,37,0.06234203875315923,0.07072691552062868,0.06016260162601626,0.11475409836065574,0.319634703196347,0.26119402985074625,0.11686143572621034
mrv_Latn,137,flat_magnet,7,0.2702702702702703,0.6153846153846153,0.3225806451612903,0.6666666666666666,0.23255813953488372,0.2702702702702703,0.05490196078431372
mrw_Latn,32855,head,5497,0.9881102504053324,0.9898953446409239,0.99096657633243,0.9888227870921219,0.9878433138226025,0.9874876226483031,0.9896256202074876
msb_Latn,17760,mid,1537,0.8353808353808353,0.8712250712250712,0.8648954211418881,0.840571742715778,0.8351528384279475,0.8353808353808353,0.9411764705882352
msc_Latn,4006,mid,505,0.9627507163323782,0.9814995131450828,0.9673704414587333,0.9767441860465116,0.9609151572926596,0.9627507163323782,0.9716599190283399
mse_Latn,11044,mid,1713,0.994175888177053,0.99533527696793,0.9950451763334304,0.99533527696793,0.993886462882096,0.994175888177053,0.99502196193265
msk_Latn,17461,mid,1495,0.9923511805786498,0.9936729936729938,0.9930116472545758,0.9926764314247669,0.9923511805786498,0.9923511805786498,0.9959812458137977
msm_Latn,17525,mid,1846,0.9868738280203591,0.9884625704319828,0.9892646269457863,0.9871382636655949,0.9866095340117836,0.9868738280203591,0.9935240151106314
msy_Latn,23880,head,1043,0.9966555183946488,0.997608799617408,0.9980861244019139,0.9966555183946488,0.9966555183946488,0.9966555183946488,0.997131931166348
mta_Latn,17707,mid,2878,0.9984383133784487,0.9986111111111111,0.9986115931968067,0.9986115931968067,0.9984383133784487,0.9984383133784487,0.9993050729673384
mtg_Latn,10910,mid,1715,0.9959349593495934,0.997382960162838,0.9962242230612838,0.997381437299971,0.9956458635703919,0.9959349593495934,0.9961954931226221
mti_Latn,37906,head,1467,0.9962623173632348,0.9962623173632348,0.9976182374957469,0.9966009517335146,0.9962623173632348,0.9962623173632348,0.9965986394557822
mtj_Latn,13341,mid,2141,0.9972054028877503,0.9983679179295873,0.9981351981351981,0.9974376892615887,0.9972054028877503,0.9972054028877503,0.995549308971656
mto_Latn,24568,head,2698,0.9994443415447305,0.9994443415447305,0.9996294924045943,0.9992592592592592,0.9994443415447305,0.9994443415447305,0.9992592592592592
mtp_Latn,17826,mid,2560,0.9996095275283092,0.9998047256395235,0.9998047256395235,0.9996095275283092,0.9994144056217059,0.9996095275283092,1.0
mua_Latn,11045,mid,1721,0.9982578397212544,0.9982578397212544,0.9985477781004937,0.9979668893406912,0.9982578397212544,0.9982578397212544,0.9979645245710962
mug_Latn,30584,head,5143,0.9935984481086324,0.9936948297604036,0.9938876491704668,0.9932117920868891,0.9935984481086324,0.9935984481086324,0.9930164888457808
muh_Latn,17927,mid,2912,0.9993131868131868,0.9996565934065934,0.9994848016486347,0.9998282672162115,0.9993131868131868,0.9993131868131868,0.9993127147766323
mui_Latn,2590,mid,254,0.39312039312039315,0.5977301387137454,0.5100956429330499,0.4030226700251889,0.392156862745098,0.39312039312039315,0.8880157170923378
mup_Deva,6754,mid,984,0.914179104477612,0.9423076923076923,0.9707486365889936,0.9162377164248947,0.9133271202236721,0.914179104477612,0.9713701431492844
mur_Latn,13305,mid,2132,0.9976569821930646,0.9976569821930646,0.9976569821930646,0.9971910112359551,0.9971896955503513,0.9976569821930646,0.9964780464897863
mus_Latn,406,flat_magnet,18,0.22499999999999998,0.5070422535211268,0.3,0.9,0.5614035087719298,0.6274509803921569,0.6666666666666666
mux_Latn,30379,head,1844,0.9967550027041644,0.9970246145523397,0.9978343259339469,0.9972943722943723,0.996485536631522,0.996485536631522,0.9981045220687788
muy_Latn,17784,mid,2840,0.9975404075895994,0.9982425307557118,0.9980664440147653,0.9978917779339423,0.9977164939399262,0.9975404075895994,0.99982397465235
mva_Latn,31340,head,1096,0.9936421435059036,0.9940935938209905,0.9949977262391997,0.994098955969133,0.9936421435059036,0.9936421435059036,0.9945454545454545
mvn_Latn,17532,mid,2063,0.997090203685742,0.9973320397768615,0.9973320397768615,0.9973320397768615,0.997090203685742,0.997090203685742,0.9975728155339806
mvp_Latn,13386,mid,2111,0.9941023826374145,0.9945716308708993,0.9948064211520302,0.9948064211520302,0.9941023826374145,0.9941023826374145,0.9950272318257163
mwc_Latn,5701,mid,476,0.9645390070921985,0.9754098360655737,0.969450101832994,0.9774127310061602,0.9635627530364372,0.9645390070921985,0.9905561385099686
mwf_Latn,268,flat_magnet,12,0.888888888888889,1.0,0.923076923076923,0.9600000000000001,1.0,1.0,0.9600000000000001
mwl_Latn,29497,head,4981,0.695847994370162,0.7425266636623103,0.8694657160461228,0.6955114675671873,0.6949676693843125,0.6944795617361988,0.6948389818590915
mwm_Latn,34765,head,4464,0.9984315482859063,0.9985434173669467,0.998655311519498,0.9985434173669467,0.9984315482859063,0.9984315482859063,0.9984311967727477
mwn_Latn,45676,head,7671,0.9324794827157423,0.9248055315471045,0.9160202772857754,0.9221497970729308,0.9247166091670774,0.9086398838334947,0.9472478523703468
mwp_Latn,4930,mid,667,0.9977561705310396,0.9985029940119761,0.9977561705310396,0.9977561705310396,0.9970104633781763,0.9977561705310396,0.9939668174962292
mwq_Latn,13480,mid,2163,0.9988444649872891,0.9988444649872891,0.9986136783733827,0.9981524249422633,0.9988444649872891,0.9988444649872891,0.9962928637627434
mwv_Latn,13480,mid,2157,0.992626728110599,0.9946894481643963,0.9944598337950139,0.9930875576036867,0.992626728110599,0.992626728110599,0.9948884758364314
mww_Latn,100000,head,27485,0.9946658872529319,0.9947404945396107,0.9950316004822269,0.9947590438450723,0.9946477175163948,0.9946477175163948,0.9953476491945047
mxb_Latn,17827,mid,2899,0.9996551724137931,0.9996551724137931,0.9996551724137931,0.9996551724137931,0.9996551724137931,0.9996551724137931,0.9994824909435915
mxp_Latn,17765,mid,1503,0.9983372131692717,0.9986693280106453,0.9986693280106453,0.9983372131692717,0.9983372131692717,0.9983372131692717,0.9990009990009989
mxq_Latn,17822,mid,2906,1.0,1.0,1.0,1.0,1.0,1.0,1.0
mxt_Latn,17738,mid,1532,0.9993476842791911,0.999673735725938,1.0,0.9993476842791911,0.9993476842791911,0.9993476842791911,1.0
mxv_Latn,100000,head,22461,0.9984628066032482,0.9985076953916743,0.9985518547398909,0.998218738867118,0.9984628066032482,0.9984628066032482,0.9969321061758035
mya_Mymr,100000,head,85031,0.9990649094020713,0.999159095586722,0.9990766932680941,0.9991296984522745,0.9991120102089422,0.999117916872486,0.9990591334619183
myb_Latn,17794,mid,2523,0.9970302910314789,0.9978204874182682,0.9984139571768438,0.9976228209191759,0.9970302910314789,0.9970302910314789,0.998611386629637
myk_Latn,17969,mid,2910,0.9989701338825953,0.9991413360810578,0.9989697802197802,0.9989694263139814,0.998798695726789,0.9989701338825953,0.9996562392574768
myu_Latn,17307,mid,1509,0.9973544973544973,0.9970247933884299,0.9970247933884299,0.9976844194508766,0.9973544973544973,0.9973544973544973,0.99734395750332
myv_Cyrl,46588,head,7822,0.8176633534300146,0.81851150202977,0.9218807395616506,0.8145820919776827,0.8171949630916198,0.8170619200086829,0.8179589167983435
myw_Latn,20830,head,922,0.9903225806451613,0.9903225806451613,0.9908552985476062,0.9913885898815931,0.9903225806451613,0.9897904352498657,0.9913885898815931
myx_Latn,24108,head,3389,0.9882387533078506,0.9896967912864293,0.9910069290874244,0.9886748051183997,0.9882387533078506,0.9879482657260436,0.9880794701986755
myy_Latn,17572,mid,1656,0.9984926138076575,0.9984926138076575,0.9984926138076575,0.9984926138076575,0.9984926138076575,0.9984926138076575,0.9993964996982498
mza_Latn,17806,mid,1565,0.9971328448550494,0.9984051036682616,0.9971328448550494,0.9971328448550494,0.9971328448550494,0.9971328448550494,0.9990406140070355
mzh_Latn,30095,head,4937,0.9926507600926205,0.9927507047925895,0.9926492800322224,0.9919500905614813,0.9926507600926205,0.992550835514395,0.9924494110540621
mzk_Latn,13518,mid,2159,0.998611753817677,0.9988428604489701,0.9990740740740741,0.9990740740740741,0.998611753817677,0.998611753817677,0.9981447124304267
mzl_Latn,11046,mid,1728,0.9985553308292402,0.9988439306358381,0.9985553308292402,0.9991326973113617,0.9985553308292402,0.9985553308292402,0.9962242230612838
mzm_Latn,17809,mid,2657,1.0,1.0,1.0,1.0,1.0,1.0,0.9998117824204781
mzn_Arab,25413,head,4258,0.2584839511215495,0.277669546039331,0.4995383194829177,0.2630756949987853,0.25843996732915875,0.25843996732915875,0.25485118547166635
mzw_Latn,17739,mid,2824,0.9994687444660882,0.9992917847025495,0.9992917847025495,0.9998229148220293,0.9994687444660882,0.9994687444660882,0.9996457669146298
mzz_Latn,1662,mid,45,0.8737864077669902,0.9473684210526316,0.9,0.9473684210526316,0.8653846153846153,0.8737864077669902,0.9887640449438202
nab_Latn,17051,mid,1484,1.0,1.0,1.0,1.0,1.0,1.0,1.0
naf_Latn,30339,head,1067,0.996265172735761,0.996265172735761,0.997196261682243,0.996265172735761,0.996265172735761,0.996265172735761,0.9967304997664642
nah_Latn,14383,mid,2176,0.785204991087344,0.7916666666666666,0.789426523297491,0.7954136690647482,0.7850300735130319,0.785204991087344,0.790833520557178
nak_Latn,24401,head,1092,0.9949840401276789,0.9963470319634703,0.9963470319634703,0.9949794614331354,0.9949840401276789,0.9949840401276789,0.995433789954338
nan_Latn,41646,head,7094,0.945176772797945,0.9430576170557281,0.958546745885406,0.9363210702341137,0.942000673627484,0.9365206910405786,0.9447107270640653
nap_Latn,26109,head,4380,0.6212312023112823,0.6858969105957551,0.813976185828616,0.6204190419782336,0.619030043552078,0.6184821889519876,0.6211391748759351
naq_Latn,92558,head,15886,0.9994017820597588,0.9993703563782899,0.9994332493702771,0.9991503288542027,0.9994017820597588,0.9994018197273558,0.9994018197273558
nas_Latn,24606,head,2739,0.9990870914734343,0.9990870914734343,0.9990870914734343,0.9994520547945205,0.9990870914734343,0.9990870914734343,0.9994520547945205
nav_Latn,81124,head,13909,0.9981296309618012,0.9980581127733027,0.9981655336138988,0.9984178353110392,0.9981296309618012,0.9981656655756572,0.998237727027513
naw_Latn,17827,mid,1527,0.9993451211525868,0.9996724533245988,0.9993451211525868,0.9993451211525868,0.9993451211525868,0.9993451211525868,0.9996724533245988
nba_Latn,100000,head,23593,0.9907976760951613,0.9894242565252337,0.9901303971088615,0.9900654536211315,0.9903188221586696,0.9893565246831291,0.981147901943926
nbc_Latn,10982,mid,1723,0.9945070829719571,0.9953676896352055,0.9950824414231993,0.9953703703703705,0.9945070829719571,0.9945070829719571,0.9950509461426491
nbe_Latn,11062,mid,1734,0.9985603224877627,0.9991356957649092,0.998847926267281,0.9982718894009217,0.9985603224877627,0.9985603224877627,0.9965317919075144
nbl_Latn,100000,twin,36242,0.9036586841645267,0.9034573610065598,0.9129755080771236,0.9016512283527991,0.903646533641693,0.9036222335762497,0.9015040721310595
nbq_Latn,3157,mid,354,0.9725274725274725,0.9860724233983287,0.976551724137931,0.9860724233983287,0.9725274725274725,0.9725274725274725,0.9773371104815863
nbu_Latn,30552,head,5133,0.9962991819244255,0.9963962209019188,0.9965903555772041,0.9962021618463337,0.9961051606621227,0.9961051606621227,0.9962021618463337
nca_Latn,24465,head,1122,0.9977767896843042,0.9977767896843042,0.9977767896843042,0.9977767896843042,0.9977767896843042,0.9977767896843042,0.9977767896843042
nch_Latn,100000,head,30141,0.955044955044955,0.9554144511555073,0.957282252670931,0.9555234259354883,0.9550120564932828,0.9550120564932828,0.9553224419604471
ncj_Latn,100000,head,30051,0.9745731191885039,0.9750932946083315,0.9758245466048081,0.9757110304667062,0.9745731191885039,0.9745731191885039,0.9748730150694409
ncl_Latn,17768,mid,1498,0.9913621262458472,0.9933422103861518,0.9933422103861518,0.9913563829787235,0.9913621262458472,0.9913621262458472,0.9946631087391595
ncq_Laoo,4269,mid,552,1.0,1.0,1.0,1.0,1.0,1.0,1.0
nct_Latn,11027,mid,1735,0.9936926605504587,0.9959770114942529,0.9954049396898333,0.9951191501579099,0.9936926605504587,0.9936926605504587,0.995958429561201
ncu_Latn,17218,mid,2769,1.0,1.0,1.0,1.0,1.0,1.0,1.0
ncx_Latn,100000,head,23342,0.9207885228929409,0.9197295532573666,0.9274034757298177,0.919641916798315,0.9206329087183387,0.9203412738638282,0.9158581465373035
ndc_Latn,100000,head,29612,0.9420367921910452,0.9415631966933004,0.9547166072136345,0.9414393840532428,0.9420233081970424,0.9420233081970424,0.9394634519335577
nde_Latn,100000,twin,39746,0.8251423750263657,0.8250773268347549,0.8500189753320684,0.8240077807333106,0.8251423750263657,0.8251230372627139,0.8235528194564735
ndh_Latn,625,flat_magnet,28,0.44067796610169485,0.7027027027027025,0.48148148148148157,0.8771929824561403,0.8666666666666666,0.8524590163934426,0.8620689655172413
ndi_Latn,11030,mid,1732,0.9985586624387431,0.9985586624387431,0.9985586624387431,0.9994229659549912,0.9985586624387431,0.9985586624387431,0.9985561651747039
ndj_Latn,17827,mid,1565,0.9864310508046702,0.9889275545713382,0.9858088930936614,0.9870539943163877,0.9861198738170347,0.9864310508046702,0.997764292558288
ndo_Latn,100000,twin,71823,0.9131306232740447,0.9131012371700199,0.8971052290312819,0.9122752358910451,0.91311706629055,0.9131264243243042,0.9124374791597198
ndp_Latn,13523,mid,2170,0.9960982327289419,0.9974718455527465,0.9972426470588235,0.9958696649839376,0.9960982327289419,0.9960982327289419,0.9967712177121772
nds_Latn,100000,head,18917,0.8074857756552338,0.7896621516425346,0.8917799815969736,0.8046607575998006,0.8071072945690404,0.8068493150684932,0.774606064546893
ndy_Latn,6763,mid,983,0.98842476094615,0.9934243803743045,0.992922143579373,0.9934243803743045,0.98842476094615,0.98842476094615,0.9881748071979435
ndz_Latn,17783,mid,2874,0.999826056705514,0.999826056705514,0.999826056705514,0.999826056705514,0.999826056705514,0.999826056705514,0.999129677980853
neb_Latn,13396,mid,2145,1.0,1.0,1.0,1.0,1.0,1.0,0.999300209937019
new_Deva,25626,head,4306,0.7314398705734316,0.7386569872958257,0.7643515904385471,0.7338804220398594,0.7314398705734316,0.7311769991015274,0.7253941391288857
nfa_Latn,17143,mid,1758,0.9968705547652915,0.9974380871050385,0.9974380871050385,0.9968705547652915,0.9968705547652915,0.9968705547652915,0.9968634160250927
nfr_Latn,13480,mid,2164,0.9976915974145891,0.9981524249422633,0.9981524249422633,0.9988449988449988,0.9974613431802447,0.9976915974145891,0.9962894248608535
ngb_Latn,3303,mid,380,0.6001583531274742,0.6290456431535271,0.5461095100864554,0.6310517529215359,0.5755504935459377,0.6001583531274742,0.8511627906976745
ngc_Latn,11049,mid,1741,0.986107173235044,0.9908831908831909,0.989755264655663,0.9891922639362912,0.986107173235044,0.986107173235044,0.9922122872800693
ngl_Latn,100000,head,25937,0.971658025028264,0.9718490830510454,0.9718068535825545,0.9711336190105181,0.971659129892406,0.971659129892406,0.9707229944862934
ngp_Latn,17827,twin,1591,0.9661538461538461,0.9691358024691358,0.9673444239063463,0.9679210363972857,0.9661538461538461,0.9661538461538461,0.9688175362766286
ngu_Latn,100000,head,20083,0.9570435230491888,0.9573384108686701,0.9638185573319055,0.956765804042745,0.9570435230491888,0.9569942315615988,0.9566245854009718
nhd_Latn,13486,mid,2153,0.6263962375073486,0.6349253731343283,0.6426938899893342,0.6274102640166123,0.6263962375073486,0.6263962375073486,0.6475866336633663
nhe_Latn,28871,twin,2240,0.9328947368421052,0.9297673407262449,0.9247265708771177,0.933158010081087,0.9328947368421052,0.9328947368421052,0.9348066298342542
nhg_Latn,16904,mid,1731,0.9908414424728106,0.991977077363897,0.9948275862068966,0.991977077363897,0.9908414424728106,0.9908414424728106,0.9985536592421175
nhi_Latn,18600,head,2154,0.8930192349254376,0.8970460469157254,0.8995861468089742,0.9075740944017564,0.8930192349254376,0.8930192349254376,0.904709748083242
nhk_Latn,3218,flat_magnet,352,0.3492898474487113,0.4016938898971567,0.3518812930577636,0.380952380952381,0.34439834024896265,0.3492898474487113,0.6279069767441859
nho_Latn,24502,head,1961,0.9977093407991856,0.9979623025980642,0.9987261146496815,0.9979633401221996,0.9977093407991856,0.9977093407991856,0.9982174688057041
nhr_Latn,17751,mid,2899,0.9993105825577386,0.9993105825577386,0.9993105825577386,0.9993105825577386,0.9993105825577386,0.9993105825577386,0.9993103448275863
nhu_Latn,17806,mid,2371,0.999157184997893,0.9993677555321391,0.9997891629770187,0.999157184997893,0.999157184997893,0.999157184997893,0.9997891629770187
nhw_Latn,17816,twin,1806,0.6593984962406015,0.6655225019069413,0.6715895841430237,0.6635089048882152,0.6593984962406015,0.6593984962406015,0.6615210843373494
nhx_Latn,35642,head,1635,0.9975594874923733,0.9975594874923733,0.9981684981684981,0.9969512195121951,0.9975594874923733,0.9975594874923733,0.9978638999084529
nhy_Latn,17810,mid,1535,0.974896727041627,0.9776927979604844,0.973968253968254,0.9751750477402928,0.974896727041627,0.974896727041627,0.9817131857555341
nia_Latn,100000,head,35905,0.996530728825603,0.9963237341948421,0.9968376032654881,0.9966599866399466,0.9965450948705803,0.9965593614620624,0.9958146196309635
nif_Latn,10209,mid,481,0.9989615784008308,0.9989615784008308,0.9968911917098445,0.9989615784008308,0.9979253112033196,0.9989615784008308,1.0
nii_Latn,30695,head,987,0.998481012658228,0.9979757085020243,0.998481012658228,0.9989878542510121,0.998481012658228,0.9979757085020243,0.998481012658228
nij_Latn,13418,mid,2151,0.9896337249481687,0.9912321181356715,0.9905464606871109,0.9905420991926182,0.9891779875661985,0.9896337249481687,0.9908899789768745
nim_Latn,17845,mid,1546,0.9941972920696324,0.997090203685742,0.9954809554551324,0.9958023894091056,0.9938768933290363,0.9941972920696324,0.9974093264248705
nin_Latn,24556,head,1733,0.9968363531780271,0.9976971790443293,0.9979844514828677,0.9965497412305924,0.9968363531780271,0.9968363531780271,0.9971231300345225
nio_Cyrl,90,flat_magnet,5,0.21276595744680848,0.2631578947368421,0.20408163265306123,0.8333333333333333,0.15384615384615385,0.21276595744680848,0.14492753623188406
niq_Latn,30088,head,5046,0.9862502455313299,0.9874189109494791,0.9871227759756217,0.9859597447226314,0.9861533929097516,0.9861533929097516,0.9856666012173572
niu_Latn,100000,head,82448,0.9953563668896178,0.9954788577270154,0.9954479619284088,0.9956005038427135,0.9954542965113095,0.9955093099671413,0.9956011997834062
niy_Latn,11062,mid,1742,0.9994262765347103,0.9994262765347103,0.9997130559540889,0.9997130559540889,0.9991396616002294,0.9994262765347103,0.9982758620689656
njb_Latn,10983,mid,1718,0.9959325973271353,0.9970913321698662,0.9968013957545798,0.9959302325581396,0.9956433343014813,0.9959325973271353,0.9935634874195436
njm_Latn,30730,head,5162,0.9934210526315789,0.9936133152699825,0.9932275541795665,0.99332494921157,0.9934210526315789,0.9934210526315789,0.9934210526315789
njn_Latn,29912,head,5024,0.993047278506158,0.9925543532214832,0.9934419713831479,0.992850049652433,0.9929486542854306,0.9929486542854306,0.9929486542854306
njo_Latn,30731,head,5164,0.9940235203393099,0.9943110596856619,0.9942151947551099,0.9941193483081076,0.9940235203393099,0.9939277108433734,0.9943110596856619
njz_Latn,11038,mid,1733,0.9954049396898335,0.9956908934214307,0.9959770114942529,0.9956908934214307,0.9948335246842709,0.9954049396898335,0.9947826086956522
nkf_Latn,6762,mid,983,0.9919191919191918,0.994934143870314,0.9934243803743045,0.9914184755174155,0.9919191919191918,0.9919191919191918,0.9954151808456444
nki_Latn,11061,mid,1738,0.9529379003063212,0.9566685424873381,0.9513753820505696,0.9551569506726457,0.9524074589479544,0.9529379003063212,0.9523544162719421
nko_Latn,17654,mid,1484,0.9989902389767755,0.9993265993265993,0.9993265993265993,0.9986541049798116,0.9989902389767755,0.9989902389767755,1.0
nla_Latn,233,flat_magnet,11,0.5238095238095238,0.7586206896551725,0.5789473684210525,1.0,0.8695652173913043,0.9166666666666666,0.7857142857142858
nlc_Latn,13403,mid,2152,0.9958352614530309,0.9974507531865585,0.9967577582213988,0.9972196478220574,0.9958352614530309,0.9958352614530309,0.99463243873979
nld_Latn,100000,head,641326,0.9427506265254176,0.948437149443825,0.9667349321341672,0.9436672424189441,0.942757313189177,0.9427651891564738,0.9474863006680102
nlg_Latn,16692,mid,1377,0.9894965592176749,0.9898550724637681,0.9909321726514327,0.9891383055756698,0.9891383055756698,0.9894965592176749,0.9938069216757742
nma_Latn,11038,mid,1737,0.9994246260069045,0.9994246260069045,0.9997122302158274,0.9994246260069045,0.9994246260069045,0.9994246260069045,0.9988472622478387
nmf_Latn,30733,head,5165,0.990197962713819,0.9904835143708546,0.9913411583605927,0.9902931283037001,0.990197962713819,0.990197962713819,0.9904835143708546
nmh_Latn,11056,mid,1734,0.9968363531780271,0.9982728842832469,0.9968363531780271,0.9971247843588269,0.9968363531780271,0.9968363531780271,0.9962416883492339
nmo_Latn,11055,mid,1437,0.9986101459346768,0.9989572471324296,0.9986101459346768,0.9986101459346768,0.9986101459346768,0.9986101459346768,0.9968630184733356
nmw_Latn,3113,mid,54,0.8925619834710743,0.9642857142857143,0.9557522123893806,0.9310344827586207,0.8925619834710743,0.8925619834710743,0.9818181818181818
nmz_Latn,13452,mid,2147,0.9574136008918617,0.9584821428571428,0.9584821428571428,0.9719330013580806,0.9569868509026076,0.9574136008918617,0.9974424552429668
nnb_Latn,83880,head,14179,0.9394785163422695,0.9395184967704052,0.9440280773589734,0.9411592505854801,0.9396387134674695,0.9397209985315713,0.9410385136868336
nng_Latn,11050,mid,1736,0.9979879275653923,0.9979879275653923,0.9982748706152961,0.998561978717285,0.9974145360528585,0.9979879275653923,0.997979797979798
nnh_Latn,10903,mid,1706,0.9988290398126464,0.9988290398126464,0.9988290398126464,0.9985367281240854,0.9988290398126464,0.9988290398126464,0.9985341542069773
nnl_Latn,29935,head,5027,0.9940322259797095,0.9940322259797095,0.9945268185889143,0.9937369519832985,0.9939333664843362,0.9938345266507558,0.9940345993239214
nno_Latn,100000,twin,70380,0.7795362446733161,0.7778375719700257,0.8655356625208785,0.7743326358506119,0.7794597355559941,0.7793472457577938,0.7725361336427767
nnp_Latn,11050,mid,1741,0.9957081545064378,0.9968490403895732,0.9968490403895732,0.996847234164517,0.9954233409610983,0.9957081545064378,0.9985628054038518
nnq_Latn,17827,mid,1513,0.9763830475574248,0.9805068226120858,0.9795520934761441,0.9779792746113989,0.9760672703751617,0.9763830475574248,0.9921156373193167
nnw_Latn,17675,mid,2891,1.0,1.0,1.0,1.0,1.0,1.0,1.0
noa_Latn,35324,head,3308,0.9983366097081506,0.9987900786448881,0.9984875983061101,0.9984885126964933,0.9984880556395525,0.9984880556395525,0.9981851179673321
nob_Latn,100000,twin,431357,0.9216791349756588,0.9215940278845097,0.9364460171482523,0.9210227673670439,0.9216699286374057,0.9216706530547601,0.9209796539283606
nod_Thai,11038,mid,1292,0.6178861788617886,0.6284046692607004,0.630859375,0.6413502109704642,0.6178861788617886,0.6178861788617886,0.8642640619737286
nog_Cyrl,19172,head,1787,0.9359008177261936,0.951716738197425,0.9522275899087492,0.9353049907578558,0.9356540084388185,0.9356540084388185,0.9327708937516478
non_Latn,502,flat_magnet,22,0.09221902017291067,0.1958041958041958,0.13114754098360656,0.3333333333333333,0.2105263157894737,0.2393162393162393,0.5312499999999999
nop_Latn,31774,head,2375,0.9983164983164983,0.9983172065628945,0.9985272459499265,0.9983164983164983,0.9981064590784767,0.9978965082036179,0.9985272459499265
not_Latn,24235,head,1052,0.9962121212121212,0.9966840360018949,0.9966840360018949,0.995740653099858,0.9962121212121212,0.995740653099858,0.9966840360018949
nou_Latn,30588,head,990,0.9959636730575177,0.9964664310954064,0.9974734714502274,0.996969696969697,0.9959636730575177,0.9959636730575177,0.996969696969697
nov_Latn,1813,flat_magnet,116,0.023505480845293254,0.04509283819628647,0.05188800410994092,0.03249723931219435,0.023052199933503267,0.023505480845293254,0.04841006169909824
nph_Latn,11061,mid,1736,0.996547756041427,0.9968345323741007,0.9971214738054116,0.997410071942446,0.996547756041427,0.996547756041427,0.9959607616849394
npi_Deva,100000,head,43431,0.9503161266418866,0.9554217153154863,0.960896236470003,0.9514442587729769,0.9503047687343132,0.95029341109823,0.9557101885373078
npi_Latn,359,flat_magnet,16,0.20645161290322583,0.41558441558441556,0.23880597014925373,0.5660377358490566,0.45614035087719296,0.5245901639344263,0.3076923076923077
npl_Latn,24576,head,2386,0.8018277204264681,0.8042777117637073,0.8046914839367669,0.805593451568895,0.8016920473773266,0.8016920473773266,0.8053897322190005
npo_Latn,11061,mid,1737,0.999136690647482,0.999136690647482,0.999136690647482,0.999136690647482,0.999136690647482,0.999136690647482,0.9985594929415155
npy_Latn,13254,mid,2099,0.9928977272727273,0.9940744252192463,0.9936034115138593,0.9928977272727273,0.9928977272727273,0.9928977272727273,0.9947519083969466
nqo_Nkoo,8471,mid,1194,1.0,1.0,1.0,1.0,1.0,1.0,1.0
nre_Latn,30002,head,5051,0.9923905524261292,0.9925867351981813,0.9930761622156281,0.9922894424673785,0.992194447189013,0.992194447189013,0.9924856634368202
nrf_Latn,6460,flat_magnet,924,0.20068896544060452,0.29290469232018185,0.46954248366013074,0.20931583226855618,0.2005329780146569,0.20068896544060452,0.8998946259220233
nri_Latn,11054,mid,1737,0.9905741216795202,0.9934116299054712,0.9942660550458715,0.9928428285141713,0.9905741216795202,0.9905741216795202,0.9968253968253968
nsa_Latn,11044,mid,1733,0.9985594929415155,0.9985594929415155,0.9988472622478387,0.999135197463246,0.9985594929415155,0.9985594929415155,0.9991346985866745
nse_Latn,93386,head,15858,0.8818915604232623,0.8794568027500782,0.9216758836258716,0.8774087508501474,0.8815346901544951,0.879185854795611,0.8838648671881716
nsm_Latn,29995,head,5040,0.9940487998413013,0.9940476190476191,0.9940476190476191,0.9939490129947426,0.9939502132301895,0.9939502132301895,0.993850426502678
nsn_Latn,24366,head,1108,0.9923664122137403,0.9941520467836257,0.9945994599459946,0.9932584269662922,0.9923664122137403,0.9923664122137403,0.9937050359712231
nso_Latn,100000,head,297649,0.9886883232391681,0.9887681938828919,0.9894609802725102,0.9886885262562376,0.9886987943234777,0.9887057237095098,0.988754911258637
nss_Latn,5620,mid,186,0.923076923076923,0.9489795918367347,0.9185185185185185,0.9393939393939393,0.923076923076923,0.923076923076923,0.9523809523809523
nst_Latn,30606,head,5150,0.9885012668095888,0.9888910543753654,0.9887903304415636,0.9910575427682737,0.990766838371076,0.9912570429376335,0.9884967829986352
nsu_Latn,17790,mid,1525,0.9757986447241045,0.9795918367346937,0.9761136216914138,0.9751211631663974,0.9757986447241045,0.9757986447241045,0.9846455406729827
ntp_Latn,17357,mid,1486,0.9989915966386554,0.9993275050437123,0.9989915966386554,0.9989915966386554,0.9989915966386554,0.9989915966386554,0.9993275050437123
ntr_Latn,17764,mid,2866,0.9996512033484479,0.9998255712541426,0.9996512033484479,0.9996512033484479,0.9996512033484479,0.9996512033484479,0.9998255103821323
ntu_Latn,12626,mid,741,0.995967741935484,0.9952988582941571,0.9952988582941571,0.9973082099596231,0.995967741935484,0.995967741935484,0.9932157394843962
nuj_Latn,8313,mid,1202,0.9639821934439498,0.9754098360655739,0.9746317512274959,0.96826688364524,0.9635922330097088,0.9639821934439498,0.9873843566021867
nus_Latn,14391,mid,2331,0.9955118615088694,0.9959375668163353,0.9967900706184465,0.9946638207043755,0.9946615417467435,0.9955118615088694,0.998713550600343
nuy_Latn,11270,mid,1764,0.9985839705465873,0.9985839705465873,0.9983012457531143,0.9988668555240793,0.9985839705465873,0.9985839705465873,0.9982983550765739
nuz_Latn,1598,mid,91,0.6642335766423358,0.7844827586206896,0.708171206225681,0.771186440677966,0.6618181818181819,0.6642335766423358,0.9456521739130435
nvm_Latn,22498,head,949,0.9942378208486118,0.9942378208486118,0.9952805453592029,0.9952805453592029,0.9942378208486118,0.9942378208486118,0.9952805453592029
nwb_Latn,13165,mid,2105,0.9992879183479706,0.9995251661918328,0.9992879183479706,0.9995251661918328,0.9992879183479706,0.9992879183479706,0.9990489776509748
nwi_Latn,17294,mid,1838,0.9978260869565218,0.9980973090513726,0.9986401958118032,0.9978260869565218,0.9975550122249389,0.9978260869565218,0.9986401958118032
nwx_Deva,16773,mid,2713,0.9900990099009901,0.9913713970993208,0.9915534337128168,0.9902805794975242,0.9900990099009901,0.9900990099009901,0.991301129002406
nxd_Latn,11061,mid,1736,0.9900142653352354,0.9928469241773963,0.9922790963683157,0.9922790963683157,0.9897318881916715,0.9900142653352354,0.9945134276638753
nya_Latn,100000,head,387198,0.985740385959001,0.9864043666788892,0.9896622105886386,0.9859240247210784,0.9857562805178252,0.9857550676072746,0.9864679584267714
nyf_Latn,13672,mid,2192,0.9728163992869876,0.9800224466891134,0.9767337807606264,0.9734552754851663,0.9723830734966592,0.9728163992869876,0.9929110450491653
nyk_Latn,100000,head,43715,0.9888283630320377,0.9887497836496856,0.988874783612233,0.9886349213675018,0.988816951147734,0.9888055395268321,0.9887539464890651
nyn_Latn,100000,head,36559,0.9708097273068946,0.9722954778891264,0.9738151675191639,0.9707105984499574,0.9707827006862376,0.9707556755703408,0.9666334936694865
nyo_Latn,13528,mid,2160,0.8089716783881391,0.8523732904263878,0.8494795836669335,0.82132509175198,0.8088179399467883,0.8089716783881391,0.8952868415440391
nyu_Latn,100000,head,25880,0.9681584965122313,0.9677097905448134,0.9729813244751733,0.9669140917198918,0.9680877634536688,0.9674607897717455,0.9607127930392492
nyy_Latn,99263,head,17043,0.9873358072686576,0.9871534820824881,0.9874908020603385,0.9867105727390334,0.9873700945034886,0.9873164415408612,0.9869157776860966
nza_Latn,4301,mid,552,0.997289972899729,0.9981916817359855,0.997289972899729,0.9981916817359855,0.997289972899729,0.997289972899729,0.9936421435059037
nzi_Latn,100000,head,56472,0.9956986189367412,0.9956903828894871,0.9957788658923479,0.9958862362171144,0.9957075442354008,0.9957343191795673,0.9964355382159956
nzm_Latn,30721,head,5159,0.995358731386579,0.9953596287703016,0.9952624963743595,0.9954549850111207,0.9952624963743595,0.9952624963743595,0.9955512572533849
obo_Latn,17566,mid,1945,0.9951369337087279,0.9961568024596464,0.9964120963608407,0.9953917050691246,0.9951369337087279,0.9951369337087279,0.9984591679506932
oci_Latn,100000,twin,21272,0.8642727757059137,0.8512389787305169,0.9204122003956388,0.8563062209020623,0.8640691902946126,0.8640371427354432,0.8294178562001259
ogo_Latn,49629,head,8397,0.9958333333333335,0.9956581216915482,0.9954794194622889,0.9938832472237068,0.995657605139492,0.9951248513674197,0.9951056464127969
ojb_Cans,33721,head,3237,0.9998455598455599,0.9998455598455599,0.9998455598455599,0.9998455598455599,0.9998455598455599,0.9984577421344849,0.9998455598455599
ojb_Latn,26541,head,4462,0.9974264294505987,0.9974264294505987,0.9979847738468428,0.9975385992392033,0.9974264294505987,0.9968687094609707,0.9977613610924557
oke_Latn,51037,head,8688,0.9832664756446992,0.9832491968793025,0.9820845973327228,0.9822491983508932,0.9832664756446992,0.9829848181036952,0.9829789672760617
oku_Latn,6760,mid,986,0.9959595959595959,0.9969666329625885,0.9959595959595959,0.9959595959595959,0.9959595959595959,0.9959595959595959,0.9969543147208122
okv_Latn,24041,head,862,0.9930875576036866,0.994806693594922,0.9953810623556583,0.9930875576036866,0.9930875576036866,0.9930875576036866,0.994806693594922
old_Latn,13531,mid,2175,0.9892865283793025,0.9913162705667276,0.9908675799086758,0.9892816419612315,0.9892865283793025,0.9892865283793025,0.9942356467604334
olo_Latn,8012,mid,1203,0.4742391088124129,0.5581830952938422,0.7415029622700342,0.48355663824604145,0.4700315457413249,0.4742391088124129,0.8591497227356747
omb_Latn,4266,mid,547,0.9838129496402878,0.9945454545454545,0.9918404351767907,0.9900452488687783,0.9838129496402878,0.9838129496402878,0.9935956084172004
omw_Latn,27268,head,1599,0.9993746091307066,0.9993746091307066,0.9993746091307066,0.9993746091307066,0.9993746091307066,0.9993746091307066,0.9993746091307066
ong_Latn,31080,head,960,0.9968847352024921,0.9963674104826155,0.9989594172736733,0.9984399375975038,0.9968847352024921,0.9968847352024921,0.9984399375975038
ons_Latn,24539,head,3748,0.9990670398507263,0.9992002132764596,0.9990670398507263,0.9992002132764596,0.9990670398507263,0.9990670398507263,0.9992002132764596
ood_Latn,16954,mid,2718,0.9985283296541575,0.9985283296541575,0.9988958410011042,0.9985283296541575,0.9985283296541575,0.9985283296541575,0.9988954344624447
opm_Latn,23755,head,1015,0.9975429975429976,0.9980334316617503,0.9980334316617503,0.9970530451866405,0.9975429975429976,0.9975429975429976,0.9975429975429976
orv_Cyrl,27832,twin,4598,0.5988636363636363,0.6432453119020283,0.8472434525629268,0.6029338103756708,0.5988211064555073,0.5987785825877007,0.5936773921002605
ory_Latn,435,flat_magnet,20,0.1504424778761062,0.29357798165137616,0.17708333333333331,0.5185185185185185,0.2777777777777778,0.38095238095238093,0.23529411764705882
ory_Orya,100000,head,42402,0.9998702814891686,0.9998820754716982,0.9998702814891686,0.9998702845485313,0.9998702814891686,0.9998702814891686,0.9995874538832377
oss_Cyrl,100000,head,93728,0.9984513510626937,0.9984355227116183,0.9985420327161451,0.9984834730602873,0.998446019192464,0.9984513676026102,0.9982698961937717
ota_Arab,674,flat_magnet,30,0.21212121212121213,0.3174603174603175,0.3333333333333333,0.35,0.27999999999999997,0.2763157894736842,0.09737827715355804
otd_Latn,6719,mid,980,0.9804315102860011,0.9898682877406281,0.9843828715365239,0.9878665318503539,0.9804315102860011,0.9804315102860011,0.9887755102040816
ote_Latn,56504,head,9550,0.9883678088320438,0.9881597642477504,0.9885190646724247,0.9880012630249447,0.9883157894736843,0.9883157894736843,0.9882563589446521
otm_Latn,17662,mid,1524,0.9980353634577603,0.998689384010485,0.998689384010485,0.997708674304419,0.9980353634577603,0.9980353634577603,0.9996720236142999
otn_Latn,17786,mid,1533,0.9986953685583823,0.9986953685583823,0.999021207177814,0.9986953685583823,0.9986953685583823,0.9986953685583823,0.9993472584856398
oto_Latn,4664,mid,600,0.8914910226385635,0.9060240963855422,0.9034810126582278,0.9194847020933978,0.8859581070597361,0.8914910226385635,0.9273927392739274
otq_Latn,17800,mid,2863,0.9984306887532693,0.9989532449406839,0.9989532449406839,0.9984306887532693,0.9984306887532693,0.9984306887532693,0.9994763484028626
ots_Latn,21473,head,2158,0.9675727229375298,0.9695092901381611,0.9687574528976868,0.9739583333333333,0.9675727229375298,0.9675727229375298,0.968816948345632
otw_Latn,85,flat_magnet,4,0.21428571428571427,0.46153846153846156,0.24999999999999997,0.8571428571428571,0.1714285714285714,0.21428571428571427,0.06666666666666667
oym_Latn,10692,mid,1676,0.9976190476190476,0.9982132221560454,0.9985105749180816,0.9976190476190476,0.9976190476190476,0.9976190476190476,0.9964114832535885
ozm_Latn,13451,mid,2151,0.9995353159851301,0.9997676039972112,0.9995353159851301,0.9993031358885017,0.9995353159851301,0.9995353159851301,1.0
pab_Latn,17824,mid,1577,0.9955808080808081,0.9971546000632311,0.996209728363866,0.9965244865718799,0.9955808080808081,0.9955808080808081,0.9993662864385298
pad_Latn,24093,head,1022,0.997559785261103,0.9965870307167235,0.9970731707317073,0.997559785261103,0.997559785261103,0.997559785261103,0.997559785261103
pag_Latn,100000,head,189443,0.9931517200238617,0.9931386501506635,0.9933682466025854,0.9930811074469551,0.993162506462346,0.993162687734461,0.9928694786137334
pah_Latn,17258,mid,1486,0.9979852249832102,0.9993275050437123,0.9996636394214597,0.9979852249832102,0.9979852249832102,0.9979852249832102,0.998989558773998
pam_Latn,34170,head,3525,0.9463564163299428,0.9496021220159151,0.9554962796574477,0.9444137168141593,0.945581071677105,0.9449388209121247,0.94609613781606
pan_Guru,100000,head,113358,0.9999955891758375,0.9999955891758375,1.0,1.0,0.9999955891758375,0.9999955891758375,1.0
pan_Latn,4064,mid,508,0.5221143473570659,0.6099558916194077,0.578096947935368,0.5519999999999999,0.514073287307488,0.5221143473570659,0.6741889985895628
pao_Latn,15679,mid,2445,0.9993868792152054,0.9993868792152054,0.9995911692559281,0.9995911692559281,0.9991826726604006,0.9993868792152054,0.9985670419651996
pap_Latn,100000,head,235073,0.9901393850608684,0.9902352780013356,0.9908020044224013,0.9900079234212048,0.9901353973468802,0.9901247946681172,0.990021036502505
pau_Latn,100000,head,24869,0.9963355212821648,0.996196800482946,0.9971824182901303,0.9963760821421381,0.9963154609700606,0.9963154609700606,0.9962235346109034
pbb_Latn,17747,mid,2897,0.9989655172413793,0.9989655172413793,0.9991377823762717,0.9987928953267805,0.9989655172413793,0.9989655172413793,0.9998273778698429
pbc_Latn,13500,mid,2169,0.9983882109141147,0.9988481916609077,0.9990783410138249,0.9983882109141147,0.9983882109141147,0.9983882109141147,0.9983844911147012
pbi_Latn,13371,mid,2133,0.9992969299273494,0.9997655334114889,0.9995311767463666,0.9990623534927332,0.9992969299273494,0.9992969299273494,0.9985915492957746
pbt_Arab,80648,head,13949,0.9277858127879991,0.9190791884598728,0.9797893538286364,0.9263002383910285,0.9274114917795785,0.9269128666957894,0.9346345430517434
pcd_Latn,2213,flat_magnet,189,0.050537322102817306,0.10215871085436302,0.16019417475728157,0.06467952464445743,0.05020196191575304,0.050537322102817306,0.09652398735995403
pck_Latn,37494,head,6343,0.9684193904942365,0.9691372641881758,0.9689499881488504,0.9660896371828314,0.9683429383437278,0.9682664982633408,0.9667114730766189
pcm_Latn,33265,head,5550,0.5509868421052632,0.5981416212752322,0.7517482517482518,0.5389599220228198,0.5493386398220766,0.5487697972064753,0.5425335182616736
pdc_Latn,13498,mid,2156,0.9676684881602914,0.9749942647396193,0.9781357882623706,0.9687713699566902,0.9674482130662417,0.9676684881602914,0.985684111710866
pdt_Latn,100000,head,23078,0.9719805118822202,0.9706981484627144,0.9746026334853198,0.9733262373602981,0.9719184784921074,0.9719403493096773,0.9710600016973606
pem_Latn,8343,mid,1222,0.945226917057903,0.9541864139020538,0.917139614074915,0.9463376419898158,0.940809968847352,0.945226917057903,0.9813200498132005
pfe_Latn,15290,mid,2474,0.9997978572872448,0.9997978572872448,0.9997978572872448,0.9997978572872448,0.9997978572872448,0.9997978572872448,0.9989884685413716
pfl_Latn,8500,flat_magnet,1296,0.44302222222222215,0.5703016241299304,0.5818774749592359,0.4782441278398151,0.44129626350274487,0.44302222222222215,0.7739018087855297
phm_Latn,38316,head,6412,0.9029682850714855,0.9139404656646035,0.9228592702903945,0.8996951662069966,0.9022480058013054,0.8988228497147397,0.9049180327868853
pib_Latn,25109,head,2768,0.9904521707800397,0.9911727616645649,0.9927771758757673,0.9915300054063795,0.9902737752161384,0.9900954439041959,0.9915177765746256
pio_Latn,17469,mid,1514,0.9990102276476411,0.9993399339933994,0.9990102276476411,0.9990102276476411,0.9990102276476411,0.9990102276476411,1.0
pir_Latn,17355,mid,1659,0.9984953355401746,0.9987959060806743,0.9987959060806743,0.9984953355401746,0.9984953355401746,0.9984953355401746,0.999096657633243
pis_Latn,100000,head,93783,0.9910315099005934,0.99084185512509,0.9915737245634484,0.9904823926933815,0.9910052344834954,0.9909893549403652,0.9903984201958744
pjt_Latn,19780,head,2044,1.0,1.0,1.0,1.0,1.0,1.0,1.0
pkb_Latn,13429,mid,2113,0.9802829969844584,0.9873772791023844,0.9832480223359702,0.9827906976744186,0.9802829969844584,0.9802829969844584,0.993576017130621
plg_Latn,15999,mid,2575,0.9968956150562669,0.9970879440885265,0.9972826086956521,0.9967009509023869,0.9968956150562669,0.9968956150562669,0.9951314508276533
pls_Latn,36929,head,4814,0.9983381803074366,0.9981308411214954,0.9987531172069825,0.9984425293323643,0.9983381803074366,0.9983381803074366,0.9982344999480736
plt_Latn,100000,head,43863,0.9915321754569666,0.9908144240825791,0.9930929151089634,0.9914765291607396,0.9915325609450755,0.9915329463980881,0.9894526504615175
plu_Latn,22814,head,2383,0.9970674486803519,0.9974853310980719,0.997694403688954,0.9970674486803519,0.9970674486803519,0.9968586387434555,0.9970674486803519
plw_Latn,18070,head,2915,0.9957272261151939,0.9965776865160848,0.997431946584489,0.9958974358974358,0.9955570745044429,0.9952169456781688,0.9960677038810053
pma_Latn,31148,head,2645,0.9936138241923366,0.9939872228485532,0.9960459423837319,0.9934272300469483,0.9936138241923366,0.9932407059707098,0.9939872228485532
pmf_Latn,13325,mid,2099,0.9949940405244339,0.9954664757814363,0.995706106870229,0.9966650786088613,0.9959514170040484,0.9949940405244339,0.9940148431888914
pmq_Latn,315,flat_magnet,14,0.5833333333333334,0.8484848484848484,0.6363636363636364,0.9655172413793104,0.8235294117647058,0.8235294117647058,1.0
pms_Latn,26149,head,4387,0.7876130446697726,0.8101289654523204,0.8425690229097318,0.7912451719698365,0.7866070613995073,0.7863201094391244,0.7887942872837131
pmx_Latn,30033,head,5052,0.9933801007805552,0.9932819600869393,0.99367463925677,0.9933801007805552,0.9932819600869393,0.9932819600869393,0.9933801007805552
pnb_Arab,100000,twin,44504,0.9500441740569677,0.950484895775276,0.9539521065898452,0.9493659582068227,0.9500335495414896,0.9500229252636405,0.9454254147334691
pne_Latn,17790,mid,1519,0.9963851462372658,0.9967126890203813,0.9970404472213088,0.9970404472213088,0.9963851462372658,0.9963851462372658,0.998022412656559
pnt_Grek,846,flat_magnet,38,0.01964529331514325,0.0364741641337386,0.04758757435558494,0.026335040234089245,0.07058823529411765,0.07031249999999999,0.10827067669172934
pny_Latn,11061,mid,1094,1.0,1.0,1.0,1.0,1.0,1.0,1.0
poe_Latn,34622,head,4493,0.9997774810858923,0.9996662587607075,0.9998887281629019,0.9997774810858923,0.9997774810858923,0.9997774810858923,0.9998887281629019
poh_Latn,57259,head,8475,0.9951467803030304,0.9950878854234481,0.9952062496301118,0.9949094353024742,0.9952062496301118,0.9952062496301118,0.9947904333412265
poi_Latn,24578,head,1389,0.998203377650018,0.9989212513484358,0.9989212513484358,0.998203377650018,0.998203377650018,0.998203377650018,0.998203377650018
pol_Latn,100000,head,692316,0.9760172273323021,0.9778420627421579,0.984404148509598,0.9767610565970968,0.9760274048420436,0.9760323985828572,0.9797085565778977
pon_Latn,100000,head,65961,0.9960150273016259,0.9959398427639482,0.996159257710005,0.9960839182109209,0.996,0.996015269729738,0.9959186155214216
por_Latn,100000,twin,845131,0.9691017090139596,0.9701207775655205,0.9792200047541167,0.9700511648311331,0.9691280503017002,0.9691380136239501,0.9711414521790878
pos_Latn,4298,mid,550,0.9954751131221719,0.9990917347865577,0.9990917347865577,0.9972801450589301,0.9954751131221719,0.9954751131221719,0.995433789954338
pot_Latn,3543,mid,421,0.9813519813519813,0.988262910798122,0.9871043376318874,0.9952718676122931,0.9813519813519813,0.9813519813519813,0.985611510791367
pov_Latn,23414,head,3803,0.8882325141776938,0.8881540096846581,0.8761793826441467,0.8923990498812353,0.8864520693314468,0.882187279981225,0.9189122978931895
poy_Latn,11062,mid,1739,0.9824858757062147,0.9880681818181818,0.9844324936314747,0.9847112117780294,0.9824858757062147,0.9824858757062147,0.9904486251808972
ppk_Latn,13248,mid,2106,0.9966840360018948,0.9973927470964683,0.9973927470964683,0.9973927470964683,0.9966840360018948,0.9966840360018948,0.9980988593155894
ppo_Latn,23741,head,1379,0.998551774076756,0.9996375498368975,0.9996375498368975,0.9989134371604491,0.998551774076756,0.998551774076756,0.9989134371604491
pps_Latn,11062,mid,1729,0.9976918638199653,0.9976918638199653,0.9976918638199653,0.9982678983833719,0.9976918638199653,0.9976918638199653,0.9942028985507246
prf_Latn,17733,mid,1837,0.9833958221746117,0.9873621941382092,0.9886914378029079,0.9839228295819936,0.9826063687449826,0.9833958221746117,0.9905584030213109
prg_Latn,891,flat_magnet,40,0.20050125313283207,0.3619909502262444,0.26058631921824105,0.6446280991735537,0.5781250000000001,0.6846846846846846,0.6846846846846846
pri_Latn,16474,mid,2052,0.9961146187469646,0.9963565703181927,0.9978107516419362,0.9973255531242402,0.9961146187469646,0.9961146187469646,0.999756275895686
prq_Latn,4298,mid,555,0.9600694444444445,0.9650959860383944,0.9592367736339983,0.9735449735449736,0.9600694444444445,0.9600694444444445,0.9692712906057946
pse_Latn,13493,mid,2154,0.9871264367816092,0.9887174763988026,0.9909993076390492,0.9878076834598574,0.9871264367816092,0.9871264367816092,0.9929939280709948
pss_Latn,6762,mid,984,0.9964556962025316,0.9979716024340771,0.9979716024340771,0.9964556962025316,0.9964556962025316,0.9964556962025316,0.9907786885245902
ptp_Latn,24490,head,1068,0.9995320542817033,0.9995320542817033,0.9995320542817033,0.9995320542817033,0.9995320542817033,0.9995320542817033,0.9995320542817033
ptu_Latn,17647,mid,1618,0.9956896551724137,0.9963031423290203,0.9969173859432799,0.9963054187192119,0.9956896551724137,0.9956896551724137,0.9984563136770607
pua_Latn,6760,mid,985,0.5907172995780591,0.6025957972805932,0.5985267034990792,0.5991432068543452,0.5907172995780591,0.5907172995780591,0.6124959533829718
pui_Latn,6760,mid,989,0.9939637826961772,0.9964699949571356,0.9969727547931383,0.9959677419354839,0.9939637826961772,0.9939637826961772,0.9944190766108574
pwg_Latn,24474,head,1715,0.995346131471786,0.9956382669380635,0.9959254947613503,0.9947643979057591,0.995346131471786,0.995346131471786,0.994175888177053
pwn_Latn,561,flat_magnet,25,0.051341890315052506,0.0650887573964497,0.05282112845138055,0.12256267409470753,0.4938271604938272,0.22105263157894733,0.10232558139534882
pww_Thai,37451,head,6280,0.9978542477946436,0.9977749523204068,0.9980128765598918,0.9979335558734701,0.9978542477946436,0.9978542477946436,0.9979335558734701
pxm_Latn,30440,head,3847,0.9949383517196625,0.995196676619499,0.995067497403946,0.995067497403946,0.9949383517196625,0.9949383517196625,0.995067497403946
qub_Latn,86392,head,11782,0.9697992384908273,0.9705438392202528,0.9705984088550674,0.970708770113455,0.969843810842383,0.969843810842383,0.9703303822068668
quc_Latn,100000,head,33789,0.98302689493751,0.9832274011299436,0.9831936486426772,0.9828919133425439,0.983072303344324,0.9830728016721128,0.9823860967590418
quf_Latn,17558,mid,2339,0.995099083741743,0.9967982924226253,0.9963729464476211,0.9955214331413947,0.995099083741743,0.995099083741743,0.9980740423710678
qug_Latn,100000,head,24334,0.9636698615107541,0.9657563935847421,0.9639937236766042,0.9630962723925365,0.9636698615107541,0.9636499130578786,0.9654973768130851
quh_Latn,50801,twin,7299,0.8797645538726581,0.8799253570659585,0.8805166846071044,0.8797990670972372,0.8797014068331898,0.8797014068331898,0.880224041361482
qul_Latn,28854,twin,3474,0.7935683364254793,0.7985485485485486,0.7998993204127863,0.7932656598167862,0.7935683364254793,0.7935683364254793,0.7931759179132154
qup_Latn,23884,head,1050,0.997624703087886,0.9985734664764622,0.9985734664764622,0.997624703087886,0.997624703087886,0.997624703087886,0.997624703087886
qus_Latn,5732,flat_magnet,801,0.2194486353037992,0.23830801310694072,0.2650962176509622,0.27518512140520063,0.21624543857278009,0.2194486353037992,0.619718309859155
quw_Latn,28537,head,4749,0.9507769205693796,0.9519973876129313,0.951811160665724,0.9469573706475757,0.9507769205693796,0.9506736201651456,0.9482365708084645
quy_Latn,100000,twin,70611,0.9716134598792061,0.9726613540096203,0.9733656521614412,0.9714577255285207,0.9716216702016752,0.9716224863217077,0.9720521196022829
quz_Latn,100000,head,56217,0.9510348126686704,0.955998097409066,0.9591290891037739,0.9507081641858366,0.9510356965567038,0.9510356965567038,0.953343281971988
qva_Latn,10970,mid,1710,0.9786620530565167,0.9820601851851851,0.9800750794109155,0.9797804737146159,0.9786620530565167,0.9786620530565167,0.9792267743796884
qvc_Latn,17482,mid,2128,0.9939195509822264,0.9960159362549801,0.9953161592505854,0.9941493096185351,0.9939195509822264,0.9939195509822264,0.9969462062485318
qve_Latn,17832,mid,1602,0.572256428830134,0.6550218340611353,0.7256351039260971,0.5746705710102488,0.572256428830134,0.572256428830134,0.6226902443870455
qvh_Latn,22988,head,1094,0.967741935483871,0.9699416778824584,0.9694793536804309,0.9712488769092542,0.967741935483871,0.967741935483871,0.9703770197486535
qvi_Latn,100000,head,34191,0.9788325471698114,0.9789165058270594,0.9787516600265604,0.9784261715296197,0.9788325471698114,0.9788325471698114,0.9785507416827156
qvm_Latn,16650,mid,1336,0.9708164019209456,0.9751391465677179,0.9726128793486306,0.9740548554484803,0.9708164019209456,0.9708164019209456,0.9744160177975528
qvn_Latn,17810,mid,1559,0.9945355191256832,0.994855305466238,0.9942159383033419,0.9942084942084941,0.9945355191256832,0.9945355191256832,0.9935608499678042
qvo_Latn,13361,mid,2142,0.9930232558139535,0.9944082013047529,0.9934883720930232,0.9934823091247673,0.9930232558139535,0.9930232558139535,0.9920225246363211
qvs_Latn,17666,mid,1505,0.9976736457294781,0.9976736457294781,0.9980053191489361,0.9976736457294781,0.9976736457294781,0.9976736457294781,0.9976705490848586
qvw_Latn,23613,head,1043,0.9942802669208771,0.9952290076335878,0.9957040572792363,0.9947544110634239,0.9942802669208771,0.9942802669208771,0.9952290076335878
qvz_Latn,17523,mid,1485,0.992289641300704,0.9932885906040269,0.9929553840992955,0.9919517102615695,0.992289641300704,0.992289641300704,0.9949477938699899
qwh_Latn,17649,mid,1505,0.9894806048652203,0.9911096476786303,0.9933993399339933,0.9901315789473684,0.9894806048652203,0.9894806048652203,0.9966887417218543
qxh_Latn,17446,mid,2560,0.9877503402683259,0.9892808419411421,0.9875486381322957,0.986952288218111,0.9877503402683259,0.9877503402683259,0.9871495327102804
qxl_Latn,10958,mid,1706,0.9964932787843367,0.9967845659163987,0.9964932787843367,0.9967826849956127,0.995911214953271,0.9964932787843367,0.9929203539823009
qxn_Latn,17805,twin,1720,0.9828338667442537,0.9834061135371179,0.9834061135371179,0.982527664531159,0.9828338667442537,0.9828338667442537,0.9834061135371179
qxo_Latn,23074,twin,1049,0.9716446124763705,0.9721040189125296,0.9721040189125296,0.9716177861873225,0.9716446124763705,0.9716446124763705,0.9734597156398104
qxr_Latn,12493,mid,1963,0.9117857996653119,0.9386442355269669,0.9221818181818182,0.914765906362545,0.9117857996653119,0.9117857996653119,0.9494438827098078
rad_Latn,30721,head,5141,0.9985418489355498,0.9984450923226434,0.9986389266964807,0.9982507288629737,0.9985418489355498,0.9984447900466562,0.9983477500242978
rai_Latn,24409,head,1142,0.9960750109027474,0.9973799126637556,0.9978156400174749,0.9965095986038394,0.9960750109027474,0.9960750109027474,0.9965095986038394
ram_Latn,8103,mid,1220,0.9995903318312167,0.9995903318312167,0.9995903318312167,0.9995903318312167,0.9995903318312167,0.9995903318312167,1.0
rap_Latn,10989,mid,1718,0.9907727797001153,0.9910585520623018,0.9907727797001153,0.9922032919434016,0.9904871720957048,0.9907727797001153,0.9944525547445255
rar_Latn,100000,head,135442,0.9953269123156799,0.9953905439454572,0.9953864112208409,0.9952825818692538,0.9953605573260208,0.9954052631968993,0.9952349545356859
rav_Deva,6754,mid,988,0.9944584382871536,0.9959636730575177,0.9964664310954063,0.9949596774193549,0.9944584382871536,0.9944584382871536,0.9913573970513472
raw_Latn,6734,mid,980,0.9964412811387899,0.9969481180061037,0.9974554707379135,0.9969481180061037,0.9944190766108575,0.9964412811387899,0.9964267483409903
rcf_Latn,10707,mid,1640,0.884022708840227,0.895645028759244,0.8582677165354331,0.9058171745152356,0.883067782878747,0.884022708840227,0.9604079184163166
rej_Latn,9098,mid,1395,0.9687390235335441,0.9790557330493432,0.9790557330493432,0.9659768502279902,0.9680589680589681,0.9687390235335441,0.9811866859623734
rel_Latn,6750,mid,975,0.9696668324216807,0.982367758186398,0.9794073329984933,0.9779338014042127,0.9691848906560636,0.9696668324216807,0.990721649484536
rgu_Latn,12785,mid,635,0.988235294117647,0.9897879025923016,0.9897879025923016,0.988235294117647,0.988235294117647,0.988235294117647,0.9905362776025236
rhg_Latn,3252,mid,369,0.6983824928639392,0.8359908883826878,0.7918015102481123,0.8039430449069005,0.6879100281162137,0.6983824928639392,0.937748344370861
ria_Latn,11043,mid,1740,0.9959885386819485,0.996845425867508,0.996845425867508,0.996845425867508,0.9959885386819485,0.9959885386819485,0.9976998274870615
rim_Latn,17820,mid,1518,0.9895493141737426,0.9918166939443535,0.9931170108161258,0.9901960784313726,0.9895493141737426,0.9895493141737426,0.9960474308300395
rjs_Deva,6760,mid,986,0.985985985985986,0.9894525364138624,0.9914443885254153,0.986479719579369,0.985985985985986,0.985985985985986,0.9779374037968189
rkb_Latn,17397,mid,1471,0.9976263140047474,0.9989813242784381,0.9986422267481331,0.9986422267481331,0.9972881355932203,0.9976263140047474,0.9979564032697549
rmc_Latn,39151,head,5397,0.9662356321839081,0.968223962552885,0.976140796516375,0.9650901911513955,0.9656286457865925,0.9653687421496502,0.9670804101457097
rme_Latn,366,flat_magnet,17,0.06017699115044248,0.22368421052631576,0.16831683168316833,0.14529914529914528,0.6037735849056604,0.6808510638297872,0.5818181818181818
rml_Latn,1790,mid,113,0.48590021691973967,0.6746987951807228,0.6054054054054054,0.6978193146417445,0.4735729386892178,0.48590021691973967,0.9090909090909091
rmn_Cyrl,64930,head,11068,0.8539562453691065,0.856137607505864,0.9213046964006919,0.8819520064529138,0.8530912774163388,0.8530248139924429,0.9088563342766772
rmn_Grek,79160,head,13537,0.7588368153585545,0.7550974554850305,0.82815579540122,0.7605131254778694,0.7482607001725385,0.7482398775566997,0.7814782354659656
rmn_Latn,100000,head,24340,0.9588553131879127,0.955188209520016,0.9703523693803159,0.9568201771889217,0.9584141779849179,0.9581492071744216,0.9452820533007913
rmo_Latn,16689,mid,2717,0.9837145471180236,0.9855072463768116,0.9873231673709352,0.9835104433858556,0.9835345773874862,0.9837145471180236,0.9885270170244264
rmq_Latn,3913,mid,470,0.7137433561123766,0.8325952170062001,0.834072759538598,0.7654723127035831,0.7115821347464043,0.7137433561123766,0.9664864864864864
rmy_Cyrl,30085,head,5021,0.874813841436706,0.8905734415410684,0.9497334348819497,0.8778686362437351,0.87282580194039,0.8721397379912662,0.8856101679850682
rmy_Latn,70602,head,11240,0.8955495832004737,0.8929366341131049,0.9033678994218591,0.8919971030237189,0.8946937289523982,0.8944088076065693,0.8949066291062746
rnd_Latn,24508,head,4082,0.989978000488878,0.9909491193737768,0.9910725204842853,0.9902224395013444,0.989978000488878,0.989978000488878,0.9904622157006602
rng_Latn,65043,head,11117,0.9451697127937337,0.9420799166992061,0.9425806171607135,0.93869268629652,0.9435781609694653,0.9390154298310066,0.9494088171948486
rnl_Latn,21989,head,3652,0.9958982772764562,0.9964432284541723,0.9963069347558473,0.9957621326042378,0.9958982772764562,0.9957621326042378,0.9960333743673917
roh_Latn,30545,head,5164,0.8811579039149011,0.901544229224315,0.9333210024969945,0.8796586555207245,0.8805436960878279,0.8798537349817169,0.8825380178290508
ron_Cyrl,30637,head,4827,0.9412339884619144,0.947161271278166,0.972410308236483,0.9404982901807524,0.9409579667644183,0.9408659955038607,0.9420516836335161
ron_Latn,100000,head,247740,0.9893898775226335,0.9894467682873872,0.989968866108102,0.9894835525185932,0.989394907291355,0.9894013790538261,0.9894502762542428
roo_Latn,24068,head,1331,0.9981252343457068,0.9996244836650394,0.9992492492492493,0.9981252343457068,0.9981252343457068,0.9981252343457068,0.9981252343457068
rop_Latn,54485,head,8272,0.9851548659050645,0.9852770480786852,0.985817337082773,0.9854576561163387,0.9851548659050645,0.9850946854001222,0.9854558787582498
row_Latn,14225,mid,674,0.9853157121879589,0.9882179675994109,0.9874908020603385,0.9860396767083028,0.9853157121879589,0.9853157121879589,0.9948109710896961
rro_Latn,24580,head,1124,0.9955634427684117,0.9964476021314387,0.996005326231691,0.9960088691796009,0.9955634427684117,0.9955634427684117,0.9960088691796009
rtm_Latn,8987,mid,1369,0.9913106444605359,0.9952744456561251,0.9934687953555877,0.9956363636363635,0.9909518639160333,0.9913106444605359,0.9937614678899084
rub_Latn,11018,mid,1734,0.9900028563267639,0.9936926605504588,0.9919862621637092,0.9908519153802172,0.9900028563267639,0.9900028563267639,0.9930394431554523
rue_Cyrl,8501,mid,1294,0.07214510673043276,0.10239078733258229,0.31391851244189223,0.07818084063379614,0.07193115078211317,0.07214510673043276,0.14212188560065506
ruf_Latn,17822,mid,1515,0.985952303168899,0.9888597640891219,0.9891838741396264,0.9856209150326797,0.9856303069888961,0.985952303168899,0.9960369881109644
rug_Latn,30060,head,4005,0.99328525242477,0.9931600547195621,0.9940268790443006,0.9936559273541484,0.9931617555638445,0.9930382894082546,0.9937795471510327
run_Latn,100000,twin,203139,0.875506705752849,0.8752580724099509,0.8880114679475893,0.8748323637131824,0.8754876486124747,0.875463857727317,0.8748479954398632
rup_Latn,5032,mid,685,0.7430744160782183,0.8104265402843602,0.7958115183246074,0.7972027972027972,0.7382622773880194,0.7430744160782183,0.9638728323699421
rus_Cyrl,100000,head,1377280,0.9632667533299704,0.9665227966416101,0.9844906767383466,0.963829372742925,0.9633157838202453,0.9633341658482357,0.9674212493525871
rwo_Latn,51384,head,2360,0.9978858350951374,0.9972533276991338,0.9983079526226735,0.9978858350951374,0.9978858350951374,0.9976749101669838,0.9978858350951374
sab_Latn,16901,mid,1388,0.9989189189189188,0.9989189189189188,0.9989189189189188,0.9989189189189188,0.9989189189189188,0.9989189189189188,0.9967497291440953
sag_Latn,100000,head,151396,0.9949595670337766,0.9950099204374282,0.9950496363539842,0.995153441189447,0.9949696386501643,0.994969705415862,0.9951942370644051
sah_Cyrl,100000,head,18385,0.982548514045325,0.9808806802794778,0.9871581645172723,0.982500881738517,0.9825494612858577,0.9825494612858577,0.9792984163018217
saj_Latn,6675,mid,968,0.9958847736625513,0.9979381443298969,0.9953727506426735,0.9969104016477858,0.9958847736625513,0.9958847736625513,0.9974160206718347
san_Deva,100000,head,23649,0.947121421073215,0.9429196215078376,0.9670362220717671,0.9463065140410113,0.947121421073215,0.9470846111099676,0.93894779771615
san_Latn,36337,head,6001,0.9942571785268415,0.9945100648810514,0.9950033311125916,0.9943446440452428,0.994425492969465,0.9944264204309126,0.9947556813452094
sas_Latn,13444,mid,2149,0.9944444444444444,0.9962894248608535,0.9960584280083468,0.9958275382475661,0.9942143022448506,0.9944444444444444,0.9932100210723485
sat_Latn,10932,mid,1716,0.9933391253982045,0.9947795823665894,0.9950681752248332,0.993335265140539,0.9933391253982045,0.9933391253982045,0.9962088072324293
sat_Olck,16858,mid,2761,0.9998188733925013,0.9998188733925013,0.9998188733925013,1.0,0.9998188733925013,0.9998188733925013,0.9998188733925013
say_Latn,693,flat_magnet,26,0.27225130890052357,0.32098765432098764,0.2751322751322751,0.9454545454545454,0.8333333333333333,0.6578947368421052,0.6933333333333334
sba_Latn,37535,head,6044,0.9985937629249731,0.9985937629249731,0.998758997269794,0.998180916156772,0.9985937629249731,0.9985937629249731,0.9983460138934833
sbd_Latn,13463,mid,2158,0.9997683576557795,0.9997683576557795,0.9997683576557795,0.9997683576557795,0.9997683576557795,0.9997683576557795,0.999072786277237
sbe_Latn,14275,mid,1156,0.9956933677863911,0.996122361051271,0.997411561691113,0.996122361051271,0.9956933677863911,0.9956933677863911,0.9982713915298186
sbl_Latn,17703,mid,2632,0.9954614220877459,0.9954614220877459,0.995085066162571,0.9954614220877459,0.9952732085460388,0.9954614220877459,0.9988606152677554
sbs_Latn,271,flat_magnet,12,0.004018998903909389,0.004424778761061947,0.00351000351000351,0.0037821482602118004,0.005221932114882507,0.00486223662884927,0.0009007849697593619
sby_Latn,172,flat_magnet,8,0.22222222222222224,0.33333333333333326,0.26666666666666666,0.4,0.17391304347826086,0.22222222222222224,0.08743169398907102
sck_Deva,6800,mid,993,0.9526112185686655,0.970414201183432,0.9815461346633417,0.9534883720930232,0.9516908212560388,0.9526112185686655,0.9819095477386934
scn_Latn,62189,head,8683,0.8727821819554548,0.8666951050442572,0.9039126072901571,0.8670266802117307,0.8722282023681378,0.8715660448362992,0.8711523922669834
sco_Latn,87458,flat_magnet,15147,0.29697766097240474,0.2938477293316003,0.7222149938848266,0.28698620258641416,0.29656796970510185,0.2963021805616237,0.29295160672734233
sda_Latn,18554,head,1661,0.9824769824769825,0.984514592019059,0.9842214944924085,0.9806374739350611,0.9824769824769825,0.9824769824769825,0.9821109123434706
sdc_Latn,692,flat_magnet,31,0.1910828025477707,0.4166666666666667,0.24096385542168675,0.327683615819209,0.7058823529411764,0.7619047619047619,0.4603174603174603
sdh_Arab,100000,twin,21459,0.9407798367783486,0.9404339250493098,0.9428298857528445,0.9401586157173757,0.9407579632643571,0.9406704793788069,0.93836922647565
sdo_Latn,643,flat_magnet,26,0.6046511627906976,0.8125000000000001,0.6666666666666666,0.9454545454545454,0.9259259259259259,0.8928571428571429,0.8571428571428571
sdq_Latn,12828,mid,2047,0.9884001933301112,0.9910346498667313,0.9917555771096023,0.987207337678011,0.9879227053140096,0.9884001933301112,0.9914026037828544
seh_Latn,100000,head,45533,0.9807898134151319,0.9816667401172271,0.9827466150870406,0.9804816223067174,0.9807794156589285,0.9807685942206481,0.9825205172432735
sel_Cyrl,111,flat_magnet,5,0.4347826086956522,0.5,0.4347826086956522,1.0,0.37037037037037035,0.4347826086956522,0.0813008130081301
ses_Latn,22094,head,2452,0.9957256258904946,0.9959283387622151,0.9967400162999186,0.995929995929996,0.9957256258904946,0.9953204476093591,0.995929995929996
sey_Latn,17722,mid,2902,0.9994833821250215,0.9994833821250215,0.9996555287633483,0.9996555287633483,0.9994833821250215,0.9994833821250215,1.0
sfw_Latn,8107,mid,1193,0.5462474179481295,0.5761316872427984,0.5846229427659052,0.5885262116716123,0.5415244596131968,0.5462474179481295,0.7971213159698424
sgb_Latn,17786,mid,1486,0.9922999665215936,0.9919678714859437,0.9919678714859437,0.9912985274431056,0.9916359986617597,0.9922999665215936,0.9962975429148435
sgc_Latn,11896,mid,507,0.9504761904761904,0.9568552253116012,0.960538979788258,0.95311004784689,0.9495718363463368,0.9504761904761904,0.9736070381231672
sgh_Cyrl,614,flat_magnet,26,0.5333333333333333,0.676056338028169,0.6153846153846155,0.8275862068965517,0.7636363636363636,0.7924528301886792,0.9199999999999999
sgs_Latn,8518,mid,1298,0.36658602533086665,0.4488586861822617,0.5957841093351863,0.3851674641148325,0.36358503881439663,0.36658602533086665,0.8219895287958116
sgw_Ethi,13446,mid,1025,0.9869753979739508,0.9922405431619786,0.9888835186080231,0.9869753979739508,0.9869753979739508,0.9869753979739508,0.9931237721021611
sgz_Latn,28351,head,969,0.9918116683725691,0.9918116683725691,0.9948665297741274,0.992827868852459,0.9918116683725691,0.9918116683725691,0.9933367503844183
shi_Latn,8865,mid,1343,0.9342614075792731,0.9292139225655065,0.9337979094076654,0.9333333333333335,0.9339002705836876,0.9342614075792731,0.9274673008323425
shk_Latn,6733,mid,979,0.9979612640163099,0.9979612640163099,0.9979612640163099,0.9994895354772844,0.9979612640163099,0.9979612640163099,0.9994895354772844
shn_Mymr,32679,head,5536,0.9996387283236994,0.9996387283236994,0.9996387283236994,0.9994581903557883,0.9995484511875733,0.9995484511875733,0.9991875056423218
shp_Latn,71688,head,5621,0.9926254997778765,0.9920980200657018,0.9943935214025096,0.9925359872045495,0.9926254997778765,0.9927149964463398,0.9926228779664029
shr_Latn,12550,twin,1998,0.9261904761904761,0.9317038102084831,0.9110436609852907,0.9191871455576559,0.922675521821632,0.9261904761904761,0.9523809523809524
shu_Arab,4298,mid,554,0.4496753246753247,0.48257839721254353,0.3500789889415482,0.5050136736554239,0.4496753246753247,0.4496753246753247,0.963768115942029
sid_Latn,100000,head,19077,0.9950483376562131,0.9945552588869692,0.995417048579285,0.9944546167930943,0.9948137670909948,0.9947616553169198,0.9928974305410486
sig_Latn,17703,mid,1777,0.9991565926342423,0.999437570303712,0.9991565926342423,0.9997187060478199,0.9991565926342423,0.9991565926342423,0.9997187060478199
sil_Latn,13450,mid,2134,0.9992972593113141,0.9995313964386129,0.9995313964386129,0.999063231850117,0.9992972593113141,0.9992972593113141,0.998827117053718
sim_Latn,24094,head,2167,0.9970094317920405,0.9972388403129314,0.9976979742173112,0.9970080552359033,0.9970094317920405,0.9970094317920405,0.9979267449896337
sin_Sinh,100000,head,83260,0.999987989430699,0.9999939947514127,0.9999939947514127,0.9999939947514127,0.999987989430699,0.999987989430699,0.9999939947514127
sja_Latn,22053,head,3047,0.9995079547318353,0.9998359310910582,0.9995079547318353,0.9996719160104987,0.9995079547318353,0.9995079547318353,0.9995079547318353
sjo_Mong,688,isolated_tail,31,0.9841269841269841,0.9841269841269841,0.9841269841269841,1.0,0.9491525423728813,0.9841269841269841,1.0
sju_Latn,102,flat_magnet,5,0.12121212121212123,0.24,0.14545454545454545,0.6,0.09195402298850576,0.12121212121212123,0.10989010989010987
skg_Latn,44788,head,7565,0.981290619050745,0.9799344262295081,0.9802816901408451,0.9803046218487395,0.9810330117477194,0.9805825242718447,0.980975577644658
skr_Arab,2026,mid,157,0.42941176470588244,0.5634920634920635,0.4761904761904761,0.5,0.42815249266862176,0.42941176470588244,0.3877822045152723
sld_Latn,13475,mid,2159,0.999305716269382,0.999305716269382,0.999537037037037,0.999537037037037,0.999305716269382,0.999305716269382,0.9986085343228199
slk_Latn,100000,head,521100,0.9688427764591607,0.9691341542969534,0.973080568352951,0.9694056695992179,0.9688572438460084,0.9688501428986843,0.9691083169015869
sll_Latn,24338,head,1112,0.9950738916256158,0.9964125560538116,0.9955197132616488,0.9946284691136974,0.9950738916256158,0.9950738916256158,0.9950738916256158
slv_Latn,100000,twin,601476,0.9583987514764388,0.95892744296803,0.9616271478495207,0.9586184502650107,0.9584019470812116,0.9584087323583337,0.9592429534811168
sma_Latn,11624,mid,1839,0.9259540055597675,0.9445733436452695,0.9556598852373499,0.930421533773489,0.9257200606366851,0.9259540055597675,0.9787234042553192
sme_Latn,100000,head,31332,0.9719584687326623,0.9685399640276419,0.9825253302552264,0.9705784705863754,0.9717600076067319,0.9716395208821853,0.9640078277886497
smj_Latn,7981,mid,1202,0.8411806043569923,0.881767955801105,0.8876529477196885,0.861060988812703,0.84,0.8411806043569923,0.9364303178484107
smk_Latn,17697,mid,1710,0.9841544223566696,0.9878542510121457,0.9864279526422177,0.9861431870669746,0.9838709677419355,0.9841544223566696,0.9962088072324293
sml_Latn,13435,mid,2154,0.9933133502421029,0.9958391123439667,0.9956089669516986,0.9940009229349331,0.9933133502421029,0.9933133502421029,0.9946524064171124
smn_Latn,12132,mid,1929,0.9256317689530686,0.946591188776766,0.9619809904952475,0.9285714285714286,0.9249639249639251,0.9256317689530686,0.9768875192604007
smo_Latn,100000,head,243568,0.9957276318962266,0.9959036154508701,0.9958766667971737,0.9958747676723553,0.9957710950638046,0.9957876861949865,0.996206035739885
sms_Latn,5951,mid,845,0.8764278296988577,0.9163952225841476,0.9198910081743868,0.9007470651013874,0.8746113989637306,0.8764278296988577,0.9724985371562318
smt_Latn,17824,mid,2911,0.9870836165873556,0.988427501701838,0.9874235214140041,0.9880911874787343,0.9870836165873556,0.9870836165873556,0.9884235614572693
sna_Latn,100000,head,320598,0.9876986790972098,0.988427602451144,0.9907019326349444,0.9878106995495773,0.9877195332382581,0.9877164589994469,0.9876076805283356
snc_Latn,24563,head,1073,0.9948860994886098,0.9953488372093022,0.9958120055839926,0.9948860994886098,0.9948860994886098,0.9948860994886098,0.9948813401582132
snd_Arab,100000,head,21545,0.9734131845197586,0.9694354711184403,0.9914004346016921,0.972650850837242,0.9732144882175501,0.973126204785123,0.9699023861171367
snd_Deva,2147,mid,176,0.40185830429732866,0.596551724137931,0.6178571428571429,0.4421855146124523,0.4009269988412514,0.40185830429732866,0.7798165137614679
snd_Latn,4155,mid,529,0.4164965291955901,0.47951012717852093,0.4495372410753636,0.4830871843735111,0.4036406806489909,0.4164965291955901,0.6011904761904762
snf_Latn,11027,mid,1726,0.9939428901067204,0.9953783939919121,0.9953783939919121,0.9948036951501155,0.9939428901067204,0.9939428901067204,0.9973905479849231
snn_Latn,17690,mid,1511,1.0,1.0,1.0,1.0,1.0,1.0,1.0
snp_Latn,48512,head,2454,0.9969530773918343,0.9963459196102314,0.9973582605161553,0.9965482233502538,0.9969530773918343,0.9969530773918343,0.9971556277935799
snw_Latn,17742,mid,2077,0.9968772519817439,0.9975961538461539,0.9975961538461539,0.9971167707832773,0.9968772519817439,0.9968772519817439,0.9990366088631984
sny_Latn,24185,head,1640,0.999390243902439,0.9996950289722476,0.9996950289722476,0.999390243902439,0.999390243902439,0.999390243902439,0.999390243902439
soe_Latn,945,flat_magnet,42,0.6776859504132231,0.8199999999999998,0.6949152542372882,0.9111111111111111,0.9397590361445782,0.9176470588235294,0.963855421686747
som_Latn,100000,head,44293,0.9918818853953193,0.9914497048112374,0.9923439340400471,0.9919236250933194,0.9918603466428175,0.9917372209897224,0.9900362216630371
sop_Latn,100000,head,31119,0.986963659188206,0.9864515195834203,0.9873030688273443,0.9858118422109745,0.9869549132204154,0.9864897428071133,0.983801970680125
soq_Latn,28667,head,1937,0.9976786174877482,0.9979360165118679,0.9984512132163139,0.9976786174877482,0.9976786174877482,0.9976786174877482,0.997421351211965
sot_Latn,73326,head,12510,0.9500172884090822,0.9503709683619728,0.959400132095264,0.9487543664350696,0.9499442971841267,0.9498348313743568,0.9492606107163435
soy_Latn,17800,mid,2871,0.9998258749782343,0.9998258749782343,0.9998258749782343,0.9998258749782343,0.9998258749782343,0.9998258749782343,0.9998258749782343
spa_Latn,100000,twin,541265,0.946504940840442,0.9505627359062861,0.9690237073472235,0.9467947641819394,0.9465274925236766,0.9465331635272699,0.9503063113315136
spl_Latn,21813,head,918,0.9972840847365562,0.9989118607181718,0.9989118607181718,0.9978260869565216,0.9972840847365562,0.9972840847365562,0.99836867862969
spm_Latn,2755,mid,285,0.9895833333333333,0.9965034965034965,0.9895833333333333,0.9947643979057591,0.9895833333333333,0.9895833333333333,0.9947460595446586
spp_Latn,17708,mid,1529,0.997716150081566,0.9980417754569191,0.9983676134508652,0.997716150081566,0.997716150081566,0.997716150081566,0.9996728819103696
sps_Latn,24920,head,1204,0.9933993399339933,0.9942196531791908,0.9954526663910707,0.9942196531791908,0.9929896907216496,0.9929896907216496,0.9950413223140495
spy_Latn,19910,head,3227,0.9995353879510608,0.999380613192939,0.9995353879510608,0.9995353879510608,0.9995353879510608,0.9995353879510608,0.9995353879510608
srd_Latn,48717,head,7388,0.612089142159357,0.6135645079041305,0.7004972739799892,0.5860492265784609,0.6111364905334755,0.6103086513608027,0.6041551385884603
sri_Latn,17537,mid,1587,0.9984251968503937,0.9987397605545053,0.9987397605545053,0.9981108312342569,0.9984251968503937,0.9984251968503937,0.9990545225338796
srm_Latn,65066,head,9903,0.9957951263995137,0.9956955486909403,0.9963032359345724,0.9955929284230789,0.9958459979736576,0.9957959783214303,0.9944695316860319
srn_Latn,100000,head,167965,0.9958751616631969,0.9958814798001369,0.995919805966761,0.9958575622634973,0.9958722118015316,0.9958722118015316,0.9958220472864212
srp_Cyrl,100000,twin,200998,0.9790609859301307,0.9787653808213488,0.9829877949958237,0.978682654881709,0.9790537179959864,0.9790489764508218,0.9783241173547957
srp_Latn,79008,twin,13499,0.3532386695195487,0.35654014819295327,0.507825701542979,0.3602355597595582,0.35317525618969264,0.3531523446264303,0.3598670772232554
srq_Latn,10959,mid,1710,0.9965034965034965,0.9973753280839895,0.9985401459854015,0.997081144191477,0.9965034965034965,0.9965034965034965,0.9953079178885631
srr_Latn,2867,mid,294,0.9015384615384615,0.9449838187702265,0.9184952978056427,0.957516339869281,0.8878787878787878,0.9015384615384615,0.9707401032702239
ssd_Latn,29416,head,1901,0.9950144319076358,0.9950144319076358,0.9947534102833158,0.9952755905511811,0.9950144319076358,0.9950144319076358,0.9955392285489373
ssg_Latn,24525,head,1284,0.9949475320637389,0.9957215091404124,0.9957215091404124,0.9945609945609944,0.9949475320637389,0.9949475320637389,0.9957215091404124
ssw_Latn,100000,head,64235,0.967049504950495,0.9668928710001821,0.966509445142329,0.9664024578546033,0.9670270484337254,0.9670199116095614,0.9661951987842619
ssx_Latn,22160,head,1654,0.9993957703927493,0.9990939293264874,0.9996977938954367,0.9990939293264874,0.9993957703927493,0.9993957703927493,0.9996977938954367
stn_Latn,13415,mid,2153,0.9979132854161836,0.9981447124304267,0.9983762468104848,0.9981447124304267,0.9979132854161836,0.9979132854161836,0.9969718145818774
stp_Latn,17750,mid,2917,0.9998286203941731,1.0,0.9998286203941731,0.9998286203941731,0.9996572995202193,0.9998286203941731,0.9998286203941731
stq_Latn,8966,mid,1361,0.9647058823529411,0.9808040565012677,0.9800941006152732,0.9698924731182796,0.964018525115782,0.9647058823529411,0.9764309764309764
sua_Latn,23474,head,1040,0.9909394372913687,0.9923591212989493,0.9947343226424127,0.9914204003813154,0.9899952358265841,0.9899952358265841,0.9937888198757764
suc_Latn,11025,mid,1724,0.9968198901416594,0.9973965866358114,0.9976851851851852,0.9971081550028918,0.9965317919075144,0.9968198901416594,0.9976784677887406
sue_Latn,24412,head,1038,0.9918776875298614,0.9923518164435947,0.9923518164435947,0.9923518164435947,0.9918776875298614,0.9918776875298614,0.9923518164435947
suk_Latn,22242,head,3011,0.9884830536360645,0.9907621247113164,0.9917437252311757,0.9889675613370656,0.9883204474420135,0.9883204474420135,0.9888010540184453
sun_Latn,100000,head,21138,0.9558231039276207,0.9512617631911606,0.9619191967034528,0.9525305328301178,0.9554938068101542,0.9552934529274667,0.9396242981584602
sur_Latn,13529,mid,2174,0.9988513668734207,0.9993105033325672,0.9997700620832376,0.9993105033325672,0.9988513668734207,0.9988513668734207,0.9981566820276497
sus_Arab,30707,head,4198,0.9997618480590617,0.9996428146207882,0.9996428146207882,0.9997618480590617,0.9997618480590617,0.9997618480590617,0.9998809098487556
sus_Latn,21057,head,2109,0.9933428435568236,0.9940546967895363,0.9928707224334601,0.992867332382311,0.9935821250297124,0.9935821250297124,0.9928639391056138
suz_Deva,57138,head,9039,0.9950270748148966,0.9946984758117958,0.9954656049546561,0.995249143741023,0.9949720979059615,0.9950276243093923,0.9950820577996352
swb_Latn,1096,flat_magnet,47,0.5251396648044694,0.7230769230769232,0.5911949685534591,0.8679245283018868,0.5081081081081081,0.5251396648044694,0.8979591836734694
swc_Latn,100000,twin,66372,0.9059143244286655,0.9058502227971827,0.9064793646973891,0.9061106442258916,0.9059020339573225,0.9059185975217433,0.9059689535815233
swe_Latn,100000,head,609229,0.9671570700662598,0.967550317121901,0.9709182808240991,0.9677295541035099,0.9671876940427003,0.9672038436430701,0.9681587911315742
swg_Latn,8406,mid,1273,0.7470843052315895,0.819285977180714,0.828966521106259,0.7673385719166381,0.7463382157123833,0.7470843052315895,0.8575936883629193
swh_Latn,100000,twin,95337,0.9237382499935262,0.9233870134165754,0.9248546466112044,0.9231810875486481,0.9236951118475559,0.9236313178904642,0.9215279315654756
swk_Latn,6577,mid,953,0.7475461327051435,0.8199827734711456,0.8016842105263157,0.7771428571428571,0.7475461327051435,0.7475461327051435,0.962460896767466
swp_Latn,25881,head,2269,0.991231915826392,0.9921017990346644,0.9914492435869326,0.9923228778240841,0.991231915826392,0.9910146833223756,0.9927583936800528
sxb_Latn,17789,mid,2264,0.9910264828189975,0.9929824561403509,0.9923296077142231,0.9927647445735585,0.9910264828189975,0.9910264828189975,0.9991169977924944
sxn_Latn,49827,head,8492,0.9944562396791696,0.9943402900601344,0.9949855465754234,0.9951098803982796,0.9943989151583044,0.9943402900601344,0.9942776237390125
syb_Latn,10836,mid,1680,0.9955529202490364,0.9970308788598575,0.9964391691394658,0.9961458642158316,0.9955529202490364,0.9955529202490364,0.9973190348525469
syc_Syrc,7103,mid,1039,0.990467111534795,0.990467111534795,0.990467111534795,0.9909394372913687,0.990467111534795,0.990467111534795,1.0
syl_Beng,4163,tight_lowres,529,0.5393258426966292,0.6595877576514677,0.7058823529411764,0.5712737127371273,0.5393258426966292,0.5393258426966292,0.9779058597502401
syl_Latn,8549,mid,1301,0.5015432098765432,0.5140371688414394,0.5254648342764754,0.6564076690211907,0.49637266132111496,0.5015432098765432,0.9246159342622365
syl_Sylo,3570,mid,274,0.9664902998236331,0.9716312056737589,0.9716312056737589,0.9963636363636363,0.9664902998236331,0.9664902998236331,1.0
szb_Latn,6749,mid,985,0.9939455095862765,0.9964592817400101,0.9954522486104093,0.9974683544303797,0.9939455095862765,0.9939455095862765,0.9949186991869919
szl_Latn,55404,head,7731,0.5217481862047418,0.5243213064414822,0.7938824792057956,0.5107742505608048,0.5206637336751307,0.5200152233332179,0.5181379310344828
szy_Latn,2536,mid,175,0.7219917012448133,0.8385542168674699,0.7648351648351649,0.7087576374745418,0.6148409893992933,0.7219917012448133,0.898936170212766
tab_Cyrl,17650,mid,2618,0.9856765925367509,0.9907179390035992,0.9895971250236428,0.9854908611268136,0.9853051996985682,0.9856765925367509,0.9948581222624262
tac_Latn,20618,head,2000,0.9907661592213626,0.9917561828628528,0.9912609238451936,0.9900049975012494,0.9907661592213626,0.9907661592213626,0.99
tah_Latn,100000,head,171949,0.9965846815237396,0.9966580152226532,0.9966404591372512,0.9967691894981163,0.9967310445785206,0.9968217311942709,0.9967548276676453
taj_Deva,17753,mid,1459,0.9958988380041012,0.9962393162393163,0.9969209716045159,0.9958988380041012,0.9958988380041012,0.9958988380041012,0.9976035604245121
tam_Latn,4081,mid,511,0.7636932707355243,0.8336192109777015,0.8250211327134404,0.7925445705024311,0.7554179566563467,0.7636932707355243,0.8944444444444444
tam_Taml,100000,head,253299,0.999974338171575,0.9999763122051363,0.9999763122051363,0.9999822343993351,0.9999782862309041,0.9999782862309041,0.9999822343291979
tap_Latn,6921,mid,1007,0.9159817351598173,0.947069943289225,0.9290681502086232,0.9338303821062443,0.9143117593436645,0.9159817351598173,0.9772151898734178
taq_Latn,27347,head,4532,0.924741081703107,0.9265484688003685,0.9254829806807727,0.9274433508812086,0.9246866735655973,0.9240491784442146,0.9255722995513632
taq_Tfng,4245,mid,545,0.9828674481514879,0.9828674481514879,0.9855334538878843,0.991810737033667,0.9828674481514879,0.9828674481514879,0.9945255474452555
tar_Latn,46732,head,6039,0.9831385642737898,0.9834779706275034,0.9840421087810176,0.9832597651370033,0.9831385642737898,0.9830565061347133,0.9828867184239084
tat_Cyrl,100000,head,60885,0.9745612013040471,0.9739470720257817,0.9762229937636779,0.9739625310459398,0.9745540161188083,0.9745548540052851,0.9721203167959293
tat_Latn,885,flat_magnet,39,0.09908735332464148,0.22352941176470587,0.17233560090702948,0.19895287958115182,0.4999999999999999,0.4755244755244756,0.4142011834319526
tav_Latn,17136,mid,1465,1.0,1.0,1.0,1.0,1.0,1.0,1.0
taw_Latn,17319,mid,1503,0.9910920488287694,0.9910920488287694,0.9914191419141913,0.9943727242634889,0.9910920488287694,0.9910920488287694,0.9947019867549668
tay_Latn,743,isolated_tail,33,0.3350253807106599,0.616822429906542,0.3548387096774193,0.5499999999999999,0.7142857142857143,0.8266666666666667,0.6966292134831461
tbc_Latn,24280,head,1113,0.9973118279569892,0.9973118279569892,0.9977588525324966,0.9973118279569892,0.9973118279569892,0.9973118279569892,0.9982062780269059
tbg_Latn,44840,head,4835,0.9969001859888407,0.9970038227089575,0.9975191234236097,0.9967965278495401,0.9969001859888407,0.9969001859888407,0.9970019642303319
tbk_Latn,10680,mid,1666,0.9949238578680203,0.9964114832535885,0.9952210274790919,0.9952210274790919,0.9949238578680203,0.9949238578680203,0.9936613341382432
tbl_Latn,11846,mid,1873,0.9938975855664632,0.9960116990162191,0.9970721320202289,0.9941613588110404,0.9936339522546419,0.9938975855664632,0.9973290598290598
tbo_Latn,24484,head,1434,0.9954688044614849,0.9961632368329264,0.99581589958159,0.9954688044614849,0.9954688044614849,0.9954688044614849,0.99581589958159
tbw_Latn,4287,mid,550,0.9803921568627451,0.99009900990099,0.9865470852017937,0.985663082437276,0.9803921568627451,0.9803921568627451,0.9889908256880734
tby_Latn,13422,mid,2148,0.9988374796558941,0.9988374796558941,0.99860529986053,0.9993021632937892,0.9988374796558941,0.9988374796558941,0.9993011879804332
tbz_Latn,52480,head,8922,0.9998319045217683,0.9998319045217683,0.9998879300683626,0.9998879300683626,0.9998319045217683,0.9998319045217683,0.9998879300683626
tca_Latn,17326,mid,2571,1.0,1.0,1.0,1.0,1.0,1.0,0.9998054853141412
tcc_Latn,17823,mid,1873,0.9962765957446809,0.9965397923875432,0.9973375931842385,0.9973375931842385,0.9957469431153642,0.9962765957446809,0.999466097170315
tcf_Latn,100000,head,18312,0.9977891202882333,0.997625999399678,0.9978437099107459,0.9969462318682517,0.9977346543300855,0.9976801943178406,0.9959957505924655
tcs_Latn,22712,head,2372,0.9850746268656716,0.9861111111111112,0.9865263157894738,0.9850620660635389,0.9850746268656716,0.9850746268656716,0.9854767417385812
tcy_Knda,8457,mid,1285,0.49517684887459806,0.5702923976608186,0.5938949938949939,0.5257974737743524,0.49517684887459806,0.49517684887459806,0.588861985472155
tcz_Latn,68634,head,11809,0.9920668410836357,0.9914414604325645,0.9922761997214368,0.9921107032865037,0.9920668410836357,0.99202497995696,0.9922362869198311
tdx_Latn,55963,head,9542,0.9907621247113164,0.9909768125065576,0.9920747388862647,0.9907130489532504,0.9907621247113164,0.9907101243898598,0.9900220565066694
ted_Latn,17646,mid,1486,1.0,1.0,1.0,0.9993275050437123,1.0,1.0,0.998989558773998
tee_Latn,17807,mid,2913,0.999828385103827,0.999828385103827,0.999828385103827,0.999828385103827,0.999828385103827,0.999828385103827,0.9994849785407726
tel_Latn,4040,mid,507,0.5983127839065542,0.6903860711582135,0.6851574212893553,0.6393897364771151,0.5848101265822786,0.5983127839065542,0.7444535743631882
tel_Telu,100000,head,102311,0.9992615089670418,0.9995208386301851,0.9992761915940414,0.999383851028871,0.9992615089670418,0.9992615089670418,0.9996922009585741
tem_Latn,13526,mid,2176,0.9990817263544537,0.9988524213908653,0.9990817263544537,0.9988524213908653,0.9990817263544537,0.9990817263544537,0.9988508388876121
teo_Latn,41825,head,6543,0.990989615149664,0.991449076194839,0.9927386685011083,0.991373387281472,0.9909153370486297,0.9906898656898656,0.9915208922160264
ter_Latn,17895,mid,1767,0.9957734573119188,0.9968970380818053,0.9963349309275444,0.9968970380818053,0.9957734573119188,0.9957734573119188,0.9988694177501413
tet_Latn,100000,head,72029,0.9948078196327141,0.9946766259284548,0.9950436728405819,0.994766805800414,0.9948008864976374,0.9948010314307616,0.9945735840119256
tew_Latn,10834,mid,869,0.9988505747126437,0.9988505747126437,0.9994249568717654,0.9988505747126437,0.9988505747126437,0.9988505747126437,1.0
tfr_Latn,17084,mid,2745,0.997815799053513,0.997815799053513,0.997815799053513,0.9972712388575586,0.9976342129208371,0.997815799053513,0.998541742617572
tgk_Cyrl,100000,head,38445,0.9871741828713282,0.9853976935579577,0.9910104185611472,0.9871932386503146,0.9872413035328792,0.9872292022129155,0.9832589142099778
tgo_Latn,24717,head,1108,0.9950517318938371,0.9959477712742009,0.9954995499549955,0.9963996399639965,0.9950517318938371,0.9950517318938371,0.9963996399639965
tgp_Latn,17765,mid,1560,0.9945773524720893,0.9955300127713921,0.9958479718939636,0.9958479718939636,0.9942602040816326,0.9945773524720893,0.9980781550288277
tha_Thai,100000,head,196788,0.9954876087899748,0.9957644201082879,0.995779794041702,0.9959463768670518,0.9954953000538522,0.9955004274976711,0.998550599339887
thk_Latn,13482,mid,2139,0.9962738705170004,0.9967381174277725,0.9967381174277725,0.9967381174277725,0.9962738705170004,0.9962738705170004,0.9960159362549801
thl_Deva,6915,mid,1008,0.9690522243713734,0.9794721407624633,0.9842983316977431,0.9718446601941748,0.9690522243713734,0.9690522243713734,0.9764411027568922
thv_Latn,372,flat_magnet,17,0.10606060606060608,0.24390243902439027,0.13592233009708737,0.3870967741935484,0.1320754716981132,0.14432989690721648,0.10810810810810811
tif_Latn,23726,head,1052,0.9943289224952742,0.9943289224952742,0.995740653099858,0.9938592347661785,0.9938592347661785,0.9933899905571294,0.9947990543735225
tig_Ethi,3064,flat_magnet,336,0.11185682326621924,0.1266689489900719,0.12426834759117517,0.14683244523386618,0.11185682326621924,0.11185682326621924,0.062143310082435003
tih_Latn,40349,head,5509,0.9944811363430742,0.9938517179023508,0.9952915610286128,0.9946611166410279,0.9944811363430742,0.9943911706169711,0.9949312092686459
tik_Latn,13464,mid,2152,0.9997677119628339,1.0,1.0,0.9997677119628339,0.9997677119628339,0.9997677119628339,0.9995353159851301
tim_Latn,30702,head,960,0.9984399375975038,0.9984399375975038,0.9989594172736733,0.9984399375975038,0.9984399375975038,0.9984399375975038,0.9989594172736733
tir_Ethi,100000,head,134047,0.9817859066461339,0.9870758740849966,0.9895431617088774,0.9852706058441338,0.9817859066461339,0.9817859066461339,0.9616756551814855
tiv_Latn,100000,head,69574,0.9956793640947221,0.9958174082353789,0.9962433393180327,0.9962151523671519,0.9956938523792007,0.9957228276941497,0.9963971234633732
tiy_Latn,17716,mid,1531,0.9983697424193023,0.9980443285528031,0.9983697424193023,0.9983697424193023,0.9980443285528031,0.9983697424193023,0.9983665468801045
tke_Latn,14338,mid,2311,0.9603174603174603,0.9661551397939878,0.9605180697723,0.9610715780661363,0.9603174603174603,0.9603174603174603,0.973134328358209
tkl_Latn,505,flat_magnet,23,0.14705882352941177,0.25974025974025977,0.1515151515151515,0.4545454545454545,0.291970802919708,0.2962962962962963,0.39603960396039606
tkr_Cyrl,777,isolated_tail,34,0.8831168831168831,0.9577464788732395,0.8831168831168831,0.9189189189189189,0.9090909090909091,1.0,0.9315068493150686
tku_Latn,17821,mid,1546,0.9967741935483873,0.9967741935483873,0.9967741935483873,0.9961315280464216,0.9967741935483873,0.9967741935483873,0.9964504678928687
tlb_Latn,13436,mid,2161,0.9953938277291571,0.9970011534025375,0.9970011534025375,0.995852534562212,0.995164632742344,0.9953938277291571,0.9965269738365362
tlf_Latn,23775,head,1018,0.9980372914622179,0.9980372914622179,0.9985272459499264,0.9985272459499264,0.9980372914622179,0.9980372914622179,0.9985272459499264
tlh_Latn,42807,head,7233,0.9887778842206105,0.9895918926321555,0.9936060501890683,0.9880968668764537,0.9886425834701696,0.9885749469795444,0.9885041740796496
tlj_Latn,17791,mid,1532,0.9944823109380072,0.9964227642276423,0.9951282884053264,0.9944823109380072,0.9941596365996107,0.9944823109380072,0.9990205680705191
tll_Latn,100000,head,86054,0.9972919299512546,0.9974499004413185,0.9974729536164713,0.9977766654638156,0.9973679613346531,0.9974205644480416,0.9978942469897039
tly_Latn,3892,flat_magnet,476,0.026801617143988012,0.03347250725355601,0.08117384588982325,0.032247091638887,0.02671024456215485,0.026801617143988012,0.43789270178830353
tmc_Latn,6765,mid,987,0.9904666332162568,0.9949596774193549,0.9944584382871536,0.9924585218702865,0.9904666332162568,0.9904666332162568,0.9974657881398886
tmd_Latn,17323,mid,1509,0.9983449189010261,0.9983449189010261,0.9983449189010261,0.9986754966887417,0.9983449189010261,0.9983449189010261,0.9993373094764745
tna_Latn,23936,head,1019,0.9980411361410382,0.998530132288094,0.998530132288094,0.9980411361410382,0.9975526186979932,0.9975526186979932,0.9980411361410382
tnc_Latn,5146,mid,701,0.9985754985754985,0.9992872416250891,0.9985754985754985,0.9992872416250891,0.9985754985754985,0.9985754985754985,0.9992862241256245
tnk_Latn,17717,mid,1504,0.9986702127659575,0.9986702127659575,0.9993346640053227,0.9986702127659575,0.9986702127659575,0.9986702127659575,0.9986684420772304
tnn_Latn,17665,mid,1528,0.9977101733725874,0.9977101733725874,0.9980366492146597,0.9983633387888707,0.9973839110529759,0.9977101733725874,0.9983622666229938
tnp_Latn,10970,mid,1718,0.9979668893406912,0.9982568274259151,0.9979668893406912,0.997677119628339,0.9979668893406912,0.9979668893406912,0.997382960162838
tnr_Latn,6516,mid,941,0.9952406134320465,0.996822033898305,0.996822033898305,0.9957671957671957,0.9952406134320465,0.9952406134320465,0.9984051036682615
tob_Latn,42001,head,7100,0.9943478875229617,0.994560226068527,0.9948413539679175,0.9946342841005366,0.9943478875229617,0.9943478875229617,0.9943494843904506
toc_Latn,17742,mid,2911,0.9987991079087323,0.999141925519135,0.9996565934065934,0.999141925519135,0.9987991079087323,0.9987991079087323,0.9993124785149535
tod_Latn,19051,head,3063,0.9970645792563602,0.997715404699739,0.997552618697993,0.9973898858075041,0.9969020055437795,0.9967394848386045,0.997715404699739
tog_Latn,100000,head,33738,0.976370020296597,0.9759997631068537,0.9779764468271529,0.9751995143546691,0.9763417922166422,0.976328030101028,0.9736620778186005
toh_Latn,89915,head,15403,0.9898348980252509,0.9865875677069899,0.9858003026692855,0.9883029598035414,0.9893871740115189,0.9886841254445522,0.9910513813413167
toi_Latn,100000,head,110098,0.9946263758802215,0.9949159028372542,0.9948778242601555,0.9947324772849475,0.9946493354966912,0.9946722450858412,0.995234345484918
toj_Latn,100000,head,29964,0.9940598698191189,0.993880826589982,0.9942283563362609,0.9934336936726204,0.9940432367311426,0.9940434360673293,0.9926286648210534
tok_Latn,48852,head,8279,0.9987913947304808,0.9987913947304808,0.9987912486401548,0.9986700519888768,0.9987913947304808,0.9987913947304808,0.9986095157487456
ton_Latn,100000,head,187969,0.998495359582429,0.9985461633089963,0.9985433958847606,0.9987248327507674,0.9985673733936209,0.9985887214881799,0.9986319089926697
too_Latn,17821,mid,1531,0.9977101733725875,0.9977101733725875,0.9977101733725875,0.9970559371933269,0.9977101733725875,0.9977101733725875,0.9973821989528796
top_Latn,100000,head,38045,0.9919504316051476,0.992299346370637,0.9926165083229683,0.9932837991485761,0.9919506447427648,0.9919906800640745,0.9963395043846944
tos_Latn,17720,mid,2904,0.9448152368549569,0.9485210001634254,0.9483660130718955,0.9542913515291023,0.9448152368549569,0.9448152368549569,0.9957081545064378
tpa_Latn,1672,mid,29,0.6590909090909091,0.725,0.6823529411764707,0.7341772151898733,0.6590909090909091,0.6590909090909091,0.7532467532467533
tpi_Latn,100000,head,269956,0.9952631853125256,0.9953324837920546,0.9954541903660084,0.9952427110407431,0.9952687931980762,0.9952706976744187,0.9953065791603185
tpm_Latn,56620,head,9404,0.9963787410799873,0.9962726304579339,0.9964844998402045,0.9964321848873743,0.9963787410799873,0.9964321848873743,0.9963783553472519
tpn_Latn,493,flat_magnet,22,0.26490066225165565,0.3571428571428571,0.2857142857142857,0.6349206349206349,0.4235294117647059,0.45000000000000007,0.3925233644859813
tpp_Latn,17827,mid,2602,0.9990401228642733,0.9996158278908952,0.9994238525062416,0.999231950844854,0.9990401228642733,0.9990401228642733,0.9998078770413065
tpt_Latn,17825,mid,2881,0.9982662968099861,0.9987857762359064,0.9984393965666725,0.9982662968099861,0.9982662968099861,0.9982662968099861,0.9993055555555556
tpw_Latn,360,flat_magnet,16,0.2276422764227642,0.44444444444444436,0.30000000000000004,0.875,0.4482758620689655,0.46428571428571436,0.5454545454545454
tpz_Latn,24321,head,2726,0.9985347985347985,0.9989006962257236,0.9990837456477918,0.9985347985347985,0.9985347985347985,0.9985347985347985,0.9985347985347985
tqo_Latn,6765,mid,984,0.9864253393665159,0.9914098029307731,0.9889112903225806,0.9894099848714071,0.9859296482412059,0.9864253393665159,0.9856410256410255
trc_Latn,10997,mid,1722,0.9994196169471851,1.0,0.9997097242380262,0.9994196169471851,0.9994196169471851,0.9994196169471851,0.9988372093023256
trn_Latn,6686,mid,968,0.9902813299232737,0.9953727506426735,0.9943502824858756,0.9923116350589442,0.9902813299232737,0.9902813299232737,0.9879895561357703
tro_Latn,11062,mid,1734,0.9948305571510625,0.9959746981023576,0.997408580477973,0.9959723820483314,0.9948305571510625,0.9948305571510625,0.9968217278243282
trp_Latn,30617,head,5142,0.993106126808428,0.9935909885414643,0.9936862554638174,0.9933003204194581,0.9932038834951455,0.9932038834951455,0.9932990191317859
trq_Latn,6754,mid,986,0.9979757085020243,0.9979757085020243,0.9979757085020243,0.9974709155285787,0.9979757085020243,0.9979757085020243,0.9974657881398886
trs_Latn,6763,mid,985,0.9974606399187405,0.9979674796747968,0.9979674796747968,0.9974580579562786,0.9974606399187405,0.9974606399187405,0.9964376590330789
trv_Latn,5293,mid,720,0.6307017543859649,0.7289340101522842,0.6967054263565893,0.6166380789022299,0.6192937123169682,0.6307017543859649,0.9282868525896415
tsc_Latn,100000,head,43317,0.984941013185288,0.9836247059366207,0.983400431427286,0.9833889344214986,0.984788940773961,0.9836674861779608,0.9693773392310309
tsg_Latn,10993,mid,1725,0.995096625324488,0.9971098265895955,0.9953837276399308,0.995958429561201,0.995096625324488,0.995096625324488,0.9970963995354238
tsn_Latn,100000,head,128239,0.9757105943152454,0.9757473121620782,0.9768094805432828,0.9753402516871744,0.9757157066923627,0.9757083132586294,0.9754424667057641
tso_Latn,100000,head,130135,0.9877932746977328,0.9879409104612601,0.9888740852304544,0.9876282601467598,0.9878013877178461,0.9877862004950495,0.9875492696498958
tsw_Latn,17700,mid,1606,0.9968866749688667,0.9971971348489567,0.9971971348489567,0.9968866749688667,0.9962663347853141,0.9968866749688667,0.9978172747115684
tsz_Latn,100000,head,20208,0.9633006376930366,0.9649781592459193,0.9646216768916155,0.9635625462809284,0.9632266325224071,0.9632019666589843,0.9652337207531848
ttc_Latn,17827,mid,1585,0.9952904238618524,0.9968553459119497,0.9959158027018536,0.9962287869264613,0.9952904238618524,0.9952904238618524,0.9993694829760403
tte_Latn,30509,head,952,0.9978969505783385,0.9978969505783385,0.9984218832193582,0.9978969505783385,0.9978969505783385,0.9978969505783385,0.9984218832193582
ttj_Latn,89198,head,15330,0.9508853773120012,0.9544491180018911,0.9560594624749778,0.9509508196721311,0.9508541392904074,0.9509230668155837,0.9500953382865408
ttq_Latn,6630,mid,962,0.8006658343736995,0.8056951423785594,0.8063704945515507,0.8111298482293423,0.7990033222591363,0.8006658343736995,0.870327641901246
ttq_Tfng,4277,mid,551,1.0,1.0,1.0,1.0,1.0,1.0,1.0
tuc_Latn,42199,head,6014,0.9987532208461475,0.9988364361702127,0.999002493765586,0.9989198171998338,0.9987532208461475,0.9986702127659575,0.9987534280727998
tue_Latn,17632,mid,2834,0.9989425449418399,0.9991186321170457,0.9991186321170457,0.9987665198237885,0.9985905567300917,0.9989425449418399,0.999647266313933
tuf_Latn,17688,mid,1514,0.9967083607636603,0.997364953886693,0.997364953886693,0.9963803882856203,0.9967083607636603,0.9967083607636603,0.9980184940554822
tui_Latn,30782,head,5170,0.9945893719806762,0.9956483899042646,0.9943011687433594,0.9950729398125784,0.9945893719806762,0.9945893719806762,0.9951690821256038
tuk_Arab,4783,mid,630,0.9538228614685844,0.975987606506584,0.9820732657833203,0.9574468085106383,0.9538228614685844,0.9538228614685844,0.9880287310454907
tuk_Cyrl,100000,head,25644,0.9925537085642072,0.9919378338999514,0.9938671806553355,0.9922405242994107,0.9925151155782802,0.9925151155782802,0.9908281839026855
tuk_Latn,100000,head,85033,0.9942818147590361,0.9940905643070084,0.99592909196953,0.9943838395718779,0.9942239371338494,0.9942123094297007,0.9942057261059659
tul_Latn,4299,mid,552,0.9865951742627346,0.9954914337240758,0.989247311827957,0.9910233393177738,0.9857142857142858,0.9865951742627346,0.9945553539019963
tum_Latn,100000,head,120981,0.9895150666372995,0.9895772319221676,0.9899984216778395,0.9891947805929784,0.9895113031914893,0.9895071912101429,0.9891747119277483
tuo_Latn,28238,head,4750,0.9996843102178259,0.9996843102178259,0.9997895179962113,0.9996843102178259,0.9996843102178259,0.9995791245791246,0.9996843102178259
tur_Latn,100000,head,415692,0.9820721263785744,0.9850095765056395,0.9888955763592284,0.9824062013688674,0.9823734056775931,0.9824509619770844,0.9876040671654456
tuv_Latn,532,flat_magnet,16,0.1879194630872483,0.3414634146341463,0.21875,0.6829268292682927,0.5098039215686275,0.52,0.5769230769230769
tvk_Latn,22714,head,3072,0.9949797570850203,0.9956246961594555,0.9959474793321446,0.9951409135082605,0.9946576007770763,0.9946576007770763,0.9953021221448242
tvl_Latn,100000,head,75374,0.9928875108949494,0.9930696888676058,0.992994897517945,0.9934094581922895,0.993028670258764,0.9929829929031786,0.9941325616280149
twb_Latn,6753,mid,978,0.972972972972973,0.9778225806451614,0.9758793969849247,0.9748490945674044,0.972972972972973,0.972972972972973,0.9728900255754477
twi_Latn,100000,head,293655,0.9936740192845629,0.9942204250452813,0.9950227482639483,0.9938068829918785,0.9936912570037667,0.9936947044767428,0.9943680916712443
twu_Latn,13437,mid,2157,0.9946746932160223,0.995366079703429,0.995135510771369,0.9949026876737719,0.9946746932160223,0.9946746932160223,0.9965172974228002
twx_Latn,26573,head,4397,0.7035376183358246,0.7194539249146757,0.75046904315197,0.6951660637948044,0.6963669242150254,0.683887633193413,0.735878661087866
txq_Latn,18350,head,1971,0.992393509127789,0.9926451940147096,0.9934010152284265,0.9926414615579802,0.9921419518377693,0.9918905220476432,0.9926414615579802
txu_Latn,17214,mid,2690,0.9994426899498422,0.9994426899498422,0.9996283909327388,0.9996283909327388,0.9994426899498422,0.9994426899498422,1.0
tyv_Cyrl,100000,head,22167,0.9883537218435428,0.9878893123745517,0.9898277498982775,0.9880176012636804,0.9883096366508689,0.9883096366508689,0.9863933318314935
tzh_Latn,100000,head,34836,0.9894995499807134,0.988672677470897,0.9896544825812351,0.9882493868005248,0.9894433095724469,0.9893726431264999,0.9863177187673161
tzj_Latn,56692,head,2453,0.9672165378993527,0.9671891327063742,0.9674321503131524,0.967000835421888,0.9672165378993527,0.9672165378993527,0.96760710553814
tzl_Latn,190,flat_magnet,9,0.29508196721311475,0.72,0.36734693877551017,0.9,0.2535211267605634,0.29508196721311475,0.020689655172413796
tzm_Tfng,1590,twin,90,0.7321428571428571,0.7605633802816902,0.7321428571428571,0.7256637168141592,0.7130434782608697,0.7321428571428571,0.7614213197969543
tzo_Latn,100000,head,85255,0.9956023901333411,0.9956618733408285,0.9958278656207888,0.9959749079054221,0.9956083547224904,0.9956201801377523,0.9961056074546438
ubr_Latn,27048,head,1465,0.9938858695652174,0.9945615227736233,0.9959155888359428,0.9945615227736233,0.9938858695652174,0.9935483870967742,0.9945615227736233
ubu_Latn,58489,head,4762,0.998636029797503,0.9985312631137222,0.9987408184679958,0.9977985113743579,0.998636029797503,0.998636029797503,0.9984265184097347
udm_Cyrl,100000,head,21542,0.9516723640994705,0.9463191546043869,0.976130970123587,0.944557792956622,0.9510583191926408,0.9508928571428571,0.9302193604714613
udu_Latn,17827,mid,1541,0.998703823720026,0.9983803045027535,0.9990275526742302,0.9983792544570502,0.998703823720026,0.998703823720026,0.999026921829387
uig_Arab,100000,head,22591,0.999092378190512,0.9989818053034663,0.9992693133759936,0.9991145741101469,0.9990702616549343,0.999092418372994,0.9988712568886529
uig_Cyrl,39412,head,6631,0.9907941022378564,0.9917590650284687,0.9917590650284687,0.9907927240062878,0.9906458130659282,0.9906458130659282,0.9911597243032664
uig_Latn,59496,head,10066,0.9846576148228028,0.9841720978095752,0.9914605854188261,0.9838891337348808,0.984175199647249,0.9839341692789968,0.9846576148228028
ukr_Cyrl,100000,head,367448,0.9661823175286128,0.968084203035094,0.9818942493077213,0.9669074489042941,0.9661724817103671,0.9661661167756961,0.9691772536411486
umb_Latn,100000,head,95914,0.9935502800467356,0.993572652079852,0.9937285515940586,0.9935936051293066,0.9935608938254787,0.9935714397983936,0.9936431802949062
upv_Latn,17741,mid,1538,0.9912875121006777,0.9922480620155039,0.9948186528497409,0.9922480620155039,0.9912875121006777,0.9912875121006777,0.997725056873578
ura_Latn,17359,mid,1466,0.9989778534923339,0.9993183367416496,0.9989778534923339,0.9986376021798365,0.9989778534923339,0.9989778534923339,0.9993178717598908
urb_Latn,17434,mid,1496,0.9949715051961112,0.9953051643192489,0.9956390472995639,0.9956419711699631,0.9949715051961112,0.9949715051961112,0.9959731543624161
urd_Arab,100000,twin,111799,0.9767066389461387,0.9771769742029964,0.9785506620221605,0.976575959014693,0.9767160786683563,0.9767299227938523,0.977321760750206
urd_Latn,38376,head,6397,0.959365387728671,0.9605624696945209,0.960213488597768,0.9610389610389611,0.9591324755199482,0.9588553876000323,0.9592034968431278
urh_Latn,100000,head,25879,0.9920176269351939,0.9918290869052909,0.9921752738654148,0.9915765069551778,0.9919409388709584,0.9919409388709584,0.9911384829237215
uri_Latn,4227,mid,542,0.9890510948905109,0.993583868010999,0.9917657822506862,0.993583868010999,0.9890510948905109,0.9890510948905109,0.9935125115848008
urk_Thai,13466,mid,2164,0.9981549815498155,0.9983852364475202,0.9986155976003691,0.9981549815498155,0.9981549815498155,0.9981549815498155,0.992081974848626
urt_Latn,17543,mid,1525,0.9990173599737963,0.9993446920052425,0.9996722386102918,0.9983611930514584,0.9990173599737963,0.9990173599737963,0.9986868023637557
urw_Latn,1006,mid,44,0.8543689320388349,0.9565217391304348,0.9072164948453608,0.9263157894736842,0.8543689320388349,0.8543689320388349,0.9887640449438202
ury_Latn,6598,mid,941,0.9926004228329809,0.9947033898305084,0.9941768131286394,0.9941768131286394,0.9926004228329809,0.9926004228329809,0.994127068873465
usa_Latn,24754,head,1144,0.9991258741258742,0.9991258741258742,0.9991258741258742,0.9991258741258742,0.9991258741258742,0.9991258741258742,0.9991258741258742
usp_Latn,17825,mid,1511,0.9960422163588389,0.9966996699669967,0.9963708347080172,0.9976874793524941,0.9960422163588389,0.9960422163588389,0.9990069513406157
uth_Latn,4272,mid,550,0.9981851179673321,0.9990917347865577,1.0,0.9981851179673321,0.9981851179673321,0.9981851179673321,0.9981818181818182
uvh_Latn,17225,mid,1544,0.9996762706377468,0.9996762706377468,0.9996762706377468,0.9996762706377468,0.9996762706377468,0.9996762706377468,0.9996760609005507
uvl_Latn,24441,head,1110,0.995958688819039,0.995958688819039,0.9968539325842696,0.9964093357271095,0.995958688819039,0.995958688819039,0.995958688819039
uzn_Cyrl,37596,head,6241,0.9880320202900847,0.9885804916732751,0.9911743659060189,0.9878638851431745,0.988112220637185,0.988112220637185,0.9880933481505001
uzn_Latn,100000,head,256071,0.987211306650239,0.9881775807812734,0.9894399786006643,0.9880791776131531,0.9874095890843624,0.9875238085839197,0.9886735216483473
uzs_Arab,100000,head,26820,0.9908386187455955,0.990049843428635,0.9957489652086363,0.990727002967359,0.990820243680804,0.990820243680804,0.9903571561028075
vag_Latn,17828,mid,2874,0.9991308882322266,0.9989572471324296,0.9993045897079277,0.9989572471324296,0.9989572471324296,0.9991308882322266,0.9996521739130434
vap_Latn,30667,head,5141,0.9860815774212255,0.9866589327146172,0.9859862762153281,0.985983566940551,0.9860815774212255,0.9860815774212255,0.9862669245647968
var_Latn,11058,mid,1741,0.9971330275229358,0.9974189848006882,0.9974189848006882,0.9974204643164231,0.9971330275229358,0.9971330275229358,0.9968327094730781
vec_Latn,100000,twin,18876,0.8564302647175029,0.8436711318190642,0.9038769037196257,0.842761195839294,0.8559301120379054,0.8556344977304124,0.8272897817672343
ven_Latn,100000,head,118406,0.9965314981471678,0.9966166862156428,0.9967775674657114,0.9970752189353119,0.996535747863429,0.9965654948694168,0.9970247542142262
vep_Latn,9947,flat_magnet,1546,0.306870844247431,0.3753694581280788,0.5346953152518492,0.31796369705820987,0.3037722703294516,0.306870844247431,0.6287149434910004
vid_Latn,17829,mid,1519,0.979011947045528,0.9837767683322519,0.9808999676270638,0.9792880258899677,0.9786959328599096,0.979011947045528,0.9846955389124065
vie_Latn,100000,head,322318,0.9977722472339513,0.9977834214838806,0.9978966924945786,0.9979004450683753,0.9977784889374963,0.9977769527008239,0.9977191672243244
viv_Latn,23382,head,1766,0.9971687429218573,0.9968864987262949,0.9971687429218573,0.9971687429218573,0.9971687429218573,0.9971687429218573,0.9974511469838573
vls_Latn,25500,flat_magnet,4277,0.45920537213206486,0.497511833960432,0.7419118991043685,0.45636090560160203,0.4588458957727578,0.45856384464934336,0.4602078067958439
vmk_Latn,1646,flat_magnet,93,0.40097799511002447,0.59375,0.4289544235924933,0.5479452054794521,0.3990267639902676,0.40097799511002447,0.4909090909090909
vmw_Latn,100000,head,45017,0.9837331930185954,0.9843218822687422,0.9838682593168918,0.98371401087224,0.9837342856183323,0.9837232732564647,0.9829708727008442
vmy_Latn,17829,mid,2912,0.9991422199348087,0.9993136582017845,0.999485155311481,0.9993136582017845,0.9991422199348087,0.9991422199348087,0.9993129508759876
vol_Latn,88791,head,15382,0.7539980459711009,0.7419240864122753,0.8480097552478006,0.7695446342165145,0.7540359897172237,0.754144711476674,0.7650586701434159
vot_Latn,119,flat_magnet,6,0.19047619047619044,0.4,0.2,0.4444444444444444,0.125,0.19047619047619044,0.02824858757062147
vro_Latn,51151,head,7923,0.6787526564600772,0.6880907372400756,0.8777752605346625,0.6661847252934172,0.6773704937897607,0.6761110871161405,0.6734685091910974
vun_Latn,17824,mid,1522,0.9924614880367093,0.993764358385297,0.993112495900295,0.9937684486716958,0.9924614880367093,0.9924614880367093,0.9947472094550229
vut_Latn,17776,mid,2124,0.9995294117647059,1.0,0.9997646505060015,0.9995294117647059,0.9995294117647059,0.9995294117647059,1.0
waj_Latn,24407,head,1022,0.9990215264187867,0.9995105237395986,0.9990215264187867,0.9995105237395986,0.9990215264187867,0.9985330073349633,0.9995105237395986
wal_Ethi,6595,mid,952,0.9880643487285936,0.9921834288692027,0.9896049896049895,0.9896049896049895,0.9880643487285936,0.9880643487285936,0.9818376068376068
wal_Latn,100000,head,50335,0.9941038559385444,0.9946880076540527,0.9947647111616358,0.9943357466243841,0.9941039735826092,0.9940940561463716,0.9941627652156589
wap_Latn,30027,head,3756,0.9969345595095296,0.9969345595095296,0.9973340442548655,0.9976019184652278,0.9969345595095296,0.9969345595095296,0.9966662221629551
war_Latn,100000,head,95539,0.9541487387589469,0.9504434117336688,0.9647619195222376,0.9528284118847765,0.9539672184620404,0.9538957034892905,0.946076627154792
wat_Latn,6617,mid,955,0.9942738157209787,0.9963484611371936,0.9953100573215217,0.9953100573215217,0.9942738157209787,0.9942738157209787,0.9947589098532496
way_Latn,13526,mid,2163,0.9995378927911276,0.9997688929974579,0.9995378927911276,0.9995378927911276,0.9995378927911276,0.9995378927911276,0.9981481481481481
wba_Latn,7083,mid,1032,0.988009592326139,0.9927710843373494,0.9903846153846154,0.9913378248315687,0.988009592326139,0.988009592326139,0.9922178988326849
wbm_Latn,64634,head,8543,0.9983032005148907,0.9983032005148907,0.9985953412150298,0.9983032005148907,0.9983032005148907,0.9983032005148907,0.9981273408239699
wbp_Latn,20841,head,2086,0.9992810927390365,0.9992810927390365,0.9995206136145733,0.9992810927390365,0.9992810927390365,0.9992810927390365,0.9992810927390365
wed_Latn,6267,mid,893,0.9775533108866442,0.9825352112676057,0.9786516853932585,0.9814502529510961,0.9775533108866442,0.9775533108866442,0.9830316742081447
wer_Latn,24394,head,1037,0.9961575408261287,0.9966362325804902,0.9971153846153847,0.9961575408261287,0.9961575408261287,0.9961575408261287,0.9980750721847931
wes_Latn,65898,head,11259,0.639867873890347,0.6478092399403874,0.8544397674884746,0.6414848583523283,0.6393022364970387,0.6391139128641706,0.640878418373387
wew_Latn,727,flat_magnet,32,0.512,0.7191011235955056,0.547008547008547,0.8648648648648648,0.8378378378378379,0.8857142857142857,0.7294117647058823
whg_Latn,782,flat_magnet,35,0.5737704918032787,0.813953488372093,0.660377358490566,0.9210526315789475,0.8354430379746834,0.9428571428571428,0.9014084507042254
whk_Latn,11051,mid,1739,0.9977024698449167,0.9979890835966676,0.9979890835966676,0.9977024698449167,0.9977024698449167,0.9977024698449167,0.9927724775946806
wib_Latn,9431,mid,1448,0.9996548153261995,0.9996548153261995,0.9996548153261995,0.9996548153261995,0.9996548153261995,0.9996548153261995,0.9989630141721396
wim_Latn,17245,mid,1550,0.9977470228516254,0.9980682549903414,0.9980682549903414,0.9977470228516254,0.9977470228516254,0.9977470228516254,0.999033193683532
wiu_Latn,29858,head,1027,0.9985415653864852,0.9985415653864852,0.9990272373540857,0.9985415653864852,0.9985415653864852,0.9985415653864852,0.9985415653864852
wln_Latn,25529,head,4284,0.9017316477212366,0.9134553283100108,0.9405764966740577,0.8982010582010581,0.9013486248274397,0.9007747002016344,0.9025739204424591
wls_Latn,100000,head,128787,0.9955840339245973,0.9958816630756224,0.9957720079649914,0.9961248310698971,0.9957172195831012,0.9956746393584438,0.9966881360549513
wlv_Latn,1486,flat_magnet,81,0.046511627906976744,0.057246376811594196,0.04567794160161897,0.11773472429210133,0.0441340782122905,0.046511627906976744,0.15323383084577116
wlx_Latn,19671,head,3215,0.9948924315121499,0.9956629491945478,0.9962802231866088,0.9955087501935883,0.9945845582546805,0.9945845582546805,0.9958171959721147
wmt_Latn,1953,mid,144,0.993103448275862,1.0,0.9896907216494846,1.0,0.993103448275862,0.993103448275862,0.993006993006993
wmw_Latn,17797,mid,1882,0.9433299899699097,0.9577177789098319,0.9536121673003803,0.9433299899699097,0.9428571428571428,0.9433299899699097,0.9845509295627128
wnc_Latn,28251,head,1794,0.9980506822612085,0.9983286908077995,0.9983286908077995,0.9983286908077995,0.9980506822612085,0.9980506822612085,0.9986068542769574
wnu_Latn,23875,head,1032,0.9946885562530179,0.9961315280464217,0.9961315280464217,0.9956542732979238,0.9946885562530179,0.9946885562530179,0.995169082125604
wob_Latn,17751,mid,1527,0.9996726677577742,0.9996726677577742,1.0,1.0,0.9996726677577742,0.9996726677577742,0.9996724533245988
wol_Latn,69728,head,11538,0.9723433955679637,0.9712396118870469,0.9738393676027428,0.969342179437145,0.9719365522049852,0.9719039944243586,0.970598469032707
wos_Latn,19970,head,1157,0.998274374460742,0.998705222270177,0.998274374460742,0.998274374460742,0.998274374460742,0.998274374460742,0.998274374460742
wrk_Latn,10995,mid,841,0.998812351543943,0.9994058229352347,0.9994058229352347,0.9994058229352347,0.998812351543943,0.998812351543943,0.9976162097735399
wrs_Latn,25819,head,1483,0.9922844682992285,0.9942857142857143,0.9962975429148434,0.9929506545820747,0.9922844682992285,0.9922844682992285,0.9936177359758145
wsg_Telu,4001,mid,501,0.9209558823529411,0.9506641366223908,0.9226519337016573,0.9479659413434247,0.9209558823529411,0.9209558823529411,0.9765066394279878
wsk_Latn,29455,head,3104,0.9931056597723265,0.9934242181234965,0.9937429809080699,0.9932627526467758,0.9929464571978198,0.9929464571978198,0.993740972556572
wuu_Hani,74364,twin,12850,0.4232363588618161,0.4327297996371076,0.5833504907007069,0.42077776741583506,0.4228714930939485,0.4224597929265506,0.419835818395041
wuv_Latn,24539,head,1144,0.9943502824858756,0.9952153110047847,0.9952153110047847,0.9956483899042645,0.9943502824858756,0.9943502824858756,0.9960818458859382
wwa_Latn,13509,mid,2146,0.9986027014438752,0.9990680335507922,0.9990680335507922,0.9986033519553073,0.9986027014438752,0.9986027014438752,0.998133457769482
xal_Cyrl,11611,mid,1834,0.9814963797264682,0.9867817642298355,0.9851951547779273,0.9814765100671141,0.9814963797264682,0.9814963797264682,0.9873487348734874
xav_Latn,30476,head,5112,0.9071680376028203,0.9074983977782525,0.9075379030535982,0.9082568807339448,0.9072847682119204,0.9072847682119204,0.9071878671366015
xbi_Latn,8764,mid,521,0.9904761904761905,0.9914204003813155,0.9904761904761905,0.9904761904761905,0.988593155893536,0.9904761904761905,0.9951969260326609
xbr_Latn,6415,mid,920,0.9880952380952381,0.98970189701897,0.9886302111532214,0.9918610960390668,0.9881209503239741,0.9880952380952381,0.9862561847168775
xed_Latn,17807,mid,2507,0.9966115208291808,0.9972078181092939,0.9974067424695789,0.99740777666999,0.9966115208291808,0.9966115208291808,0.9984025559105432
xho_Latn,100000,twin,153397,0.9437830380771093,0.9438234280107142,0.9452409799642797,0.9431926688239349,0.9437961553638875,0.9438011486477524,0.9433050510407
xla_Latn,27219,head,1632,0.9993876301285977,0.9993876301285977,0.9993876301285977,0.9990817263544537,0.9990817263544537,0.9990817263544537,0.9993876301285977
xmf_Geor,100000,twin,18012,0.964770682227191,0.964770682227191,0.9709262270234519,0.9639710895949815,0.964770682227191,0.964770682227191,0.9641308202176699
xmm_Latn,6762,mid,977,0.9634387351778656,0.9774436090225564,0.9735396904643036,0.9657907783837382,0.9629629629629629,0.9634387351778656,0.9875776397515529
xmv_Latn,56898,head,9676,0.9862971357922934,0.9851390960045251,0.9859923782057886,0.9854386416259326,0.9861447334535154,0.9859416035841186,0.9864892739273927
xnn_Latn,10778,mid,1663,0.9928272564255829,0.9961019490254872,0.9940155595451825,0.992822966507177,0.9928272564255829,0.9928272564255829,0.9936613341382432
xog_Latn,26865,head,4400,0.95005984114895,0.9573907313858994,0.9618185830942396,0.9495103373231775,0.9498531491352117,0.9497498368501197,0.9492927094668117
xon_Latn,24417,head,2487,0.9793021880544057,0.9802683504340963,0.9796884243738907,0.9845422116527943,0.9793021880544057,0.9793021880544057,0.9847313107277413
xrb_Latn,17749,mid,1858,0.9994620763851533,0.9997309658326607,0.9997309658326607,0.9997309658326607,0.9994620763851533,0.9994620763851533,0.9991920280096958
xsb_Latn,17822,mid,1532,0.9829746225505943,0.9864603481624759,0.984872867718056,0.984872867718056,0.9829746225505943,0.9829746225505943,0.9925348912690685
xsi_Latn,28581,head,1805,0.9983407079646017,0.9983407079646017,0.9983407079646017,0.9983407079646017,0.9983407079646017,0.9983407079646017,0.9986168741355463
xsm_Latn,24468,head,2698,0.998886827458256,0.998886827458256,0.998886827458256,0.9987015396030421,0.998886827458256,0.998886827458256,0.9987010577101503
xsr_Deva,17795,mid,1535,0.9967511371020142,0.9973992197659298,0.9980481457384516,0.9964250893727657,0.9967511371020142,0.9967511371020142,0.9990224828934506
xsu_Latn,19885,head,2526,0.9988137603795968,0.9992088607594937,0.9992088607594937,0.9990112715048447,0.9988137603795968,0.9988137603795968,0.9990112715048447
xtd_Latn,17918,mid,2901,0.999482669425763,0.999482669425763,0.999482669425763,0.999482669425763,0.999482669425763,0.999482669425763,0.999482669425763
xtm_Latn,22034,head,2252,0.998447549345753,0.9982261640798226,0.9986690328305234,0.998004876967413,0.998447549345753,0.998447549345753,0.998004876967413
xtn_Latn,23830,head,3943,0.9986042380408577,0.9984775437706167,0.9986042380408577,0.9986038837415915,0.9986042380408577,0.9986042380408577,0.9984767707539985
xum_Latn,113,flat_magnet,4,0.5333333333333333,0.8,0.5333333333333333,0.888888888888889,0.47058823529411764,0.5333333333333333,0.29629629629629634
xuo_Latn,17719,mid,2358,0.9997879109225875,0.9997879109225875,0.9997879109225875,0.9997879109225875,0.9997879109225875,0.9997879109225875,0.9995757318625371
yaa_Latn,17141,mid,1441,0.9972241498959056,0.9979166666666666,0.9972241498959056,0.9975702880944115,0.9972241498959056,0.9972241498959056,0.9975686002084058
yad_Latn,16726,mid,1405,0.9971611071682044,0.9971611071682044,0.9978693181818182,0.9978693181818182,0.9971611071682044,0.9971611071682044,0.9992887624466572
yal_Latn,17818,mid,1676,0.9949479940564636,0.9967252158380471,0.9958358120166567,0.9949449895926257,0.9949479940564636,0.9949479940564636,0.9964264443120905
yam_Latn,17769,mid,2903,1.0,1.0,1.0,1.0,1.0,1.0,0.9998277347114556
yan_Latn,30490,head,5119,0.9911469987352854,0.9919189952292864,0.992208804051422,0.9910505836575876,0.9911469987352854,0.9909541873358624,0.9911469987352854
yao_Latn,100000,head,31888,0.9938656096640242,0.9938063948187507,0.9944487254084826,0.9943094287421007,0.9940238417261662,0.9940244055856082,0.9936225691935534
yap_Latn,100000,head,47115,0.9969787234042553,0.9970221636108394,0.9973200042539615,0.9969363657638874,0.996968246369874,0.996968246369874,0.9972895120058675
yaq_Latn,17776,mid,1532,0.998696219035202,0.9990218454515812,0.998696219035202,0.998696219035202,0.998696219035202,0.998696219035202,0.9990218454515812
yas_Latn,6565,mid,945,0.9905660377358491,0.9936908517350158,0.9921259842519685,0.996309963099631,0.9905660377358491,0.9905660377358491,0.9930740543420352
yat_Latn,6733,mid,974,0.9989743589743589,0.9989743589743589,0.9989743589743589,0.9984623270117888,0.9989743589743589,0.9989743589743589,0.9984591679506933
yaz_Latn,6764,mid,983,0.9954430379746836,0.9964521033958438,0.9964521033958438,0.9979695431472081,0.9954430379746836,0.9954430379746836,0.9948927477017363
ybb_Latn,12240,mid,1899,0.987529848766251,0.9880478087649402,0.9888475836431228,0.987254381306426,0.9872679045092837,0.987529848766251,0.985042735042735
yby_Latn,24355,head,1198,0.996669442131557,0.9975,0.9975,0.996669442131557,0.996669442131557,0.996669442131557,0.9970845481049563
ycn_Latn,17642,mid,2880,0.9984399375975038,0.9984399375975038,0.9984399375975038,0.9987861973296341,0.9984399375975038,0.9984399375975038,0.998958694897605
ydd_Hebr,38324,head,6374,0.9267574530732425,0.9367636092468307,0.9634822804314329,0.9283291549918892,0.9267574530732425,0.92668923892242,0.9304804915969497
yim_Latn,30719,head,5139,0.992049641264301,0.992049641264301,0.9914728682170543,0.9922420480993017,0.992049641264301,0.992049641264301,0.9923382795073223
yka_Latn,24931,head,2781,0.9960587603009673,0.996415770609319,0.9971305595408894,0.9962372334707041,0.9958803510657354,0.9955237242614146,0.9962372334707041
yle_Latn,30413,head,1870,0.9994655264564404,0.999732691793638,0.9994655264564404,0.9994655264564404,0.9994655264564404,0.9994655264564404,0.9994655264564404
yli_Latn,13447,mid,2131,0.9957825679475164,0.9962494139709329,0.9962494139709329,0.9957825679475164,0.995549308971656,0.9957825679475164,0.9948162111215834
yml_Latn,22780,head,2486,0.9979919678714859,0.998192408114079,0.9987942122186494,0.9981931339088537,0.9979919678714859,0.9979919678714859,0.9983935742971887
yom_Latn,70854,head,12057,0.9706845725515886,0.9700613496932515,0.9709723643807574,0.9688649178720276,0.9705677678169389,0.970054000981836,0.9701040216233926
yon_Latn,21011,head,2108,0.9978667930789287,0.9976303317535545,0.9978667930789287,0.9978667930789287,0.9978667930789287,0.9978667930789287,0.9978667930789287
yor_Latn,100000,head,271134,0.9961444275594762,0.9962671582099386,0.9962727171780731,0.996488241715544,0.9961685965587704,0.9961908921974368,0.9965505442371895
yrb_Latn,15989,mid,1350,0.9948415622697127,0.9955752212389382,0.9955752212389382,0.9952082565425727,0.9948415622697127,0.9948415622697127,0.9974102848686646
yre_Latn,28067,head,3303,0.9992436847678112,0.999092558983666,0.9992436847678112,0.9989414789051867,0.9992436847678112,0.9992436847678112,0.9992436847678112
yrk_Cyrl,1902,mid,133,0.8012048192771084,0.8837209302325582,0.8896321070234113,0.8312499999999999,0.7964071856287425,0.8012048192771084,0.9142857142857143
yrl_Latn,6918,mid,993,0.8315643747115828,0.8803126526624327,0.8902077151335313,0.8553816974869606,0.8311808118081181,0.8315643747115828,0.9343220338983051
yss_Latn,37876,head,2966,0.9959704499664204,0.9963050050386295,0.9981490829547367,0.9961376994122586,0.9959704499664204,0.995803256672822,0.9966375252185609
yua_Latn,100000,head,91664,0.9958953140905658,0.995901168358552,0.9959664840547509,0.9959728165114523,0.9958953590192644,0.995900854307934,0.9960227365979354
yue_Hani,100000,twin,18575,0.7601644586569211,0.7608263711009504,0.8030286699719767,0.7600355966038915,0.7601461819580688,0.7601461819580688,0.7586422274004853
yuj_Latn,24252,head,1588,0.9987421383647799,0.9987421383647799,0.9990563070147847,0.9987421383647799,0.9987421383647799,0.9987421383647799,0.9987421383647799
yup_Latn,270,flat_magnet,12,0.34782608695652173,0.5581395348837209,0.4067796610169491,0.9600000000000001,0.5806451612903226,0.6666666666666667,0.39999999999999997
yut_Latn,28424,head,1848,0.9986490137800594,0.9983792544570502,0.9986490137800594,0.9986490137800594,0.9986490137800594,0.9986490137800594,0.9989189189189189
yuw_Latn,20046,head,1164,0.9978568366909558,0.9987129987129987,0.9982847341337907,0.9982847341337907,0.9978568366909558,0.9978568366909558,0.9982847341337907
yuz_Latn,6670,mid,965,0.9958720330237358,0.9974160206718347,0.9963861641713991,0.9963824289405685,0.9958720330237358,0.9958720330237358,0.9937434827945777
yva_Latn,17493,mid,1772,0.9946614217476819,0.9955005624296962,0.996060776589758,0.9946614217476819,0.9946614217476819,0.9946614217476819,0.9991527817000848
zaa_Latn,17673,mid,1503,0.99734395750332,0.9980066445182724,0.9983383183781988,0.9966821499668215,0.99734395750332,0.99734395750332,0.998003992015968
zab_Latn,19384,head,1764,0.9883357041251778,0.9888920535459983,0.9903078677309007,0.9877667140825035,0.9880613985218875,0.9880613985218875,0.9877527769866135
zac_Latn,17805,mid,1553,0.9996781461216608,0.9993564993564993,1.0,0.9996781461216608,0.9996781461216608,0.9996781461216608,0.999033193683532
zad_Latn,17817,mid,1567,0.9980891719745223,0.9980891719745223,0.9984071360305831,0.9977714103788602,0.9980891719745223,0.9980891719745223,0.9990436722983742
zae_Latn,17778,mid,1590,0.9953051643192489,0.9971777986829726,0.9978035770316913,0.9962406015037594,0.9953051643192489,0.9953051643192489,0.9990569003458032
zai_Latn,100000,head,42149,0.9935600820493249,0.9934427011302398,0.9937375496522849,0.9935266979006473,0.9935483870967742,0.9935365388284679,0.9933544529928781
zam_Latn,17797,mid,1558,0.9968010236724247,0.9974391805377721,0.9974391805377721,0.99712,0.9968010236724247,0.9968010236724247,0.9996791786974655
zao_Latn,17796,mid,1582,0.9949590422180216,0.9959003468937243,0.9959003468937243,0.9955863808322825,0.9946456692913386,0.9949590422180216,0.9974699557242251
zar_Latn,17756,mid,1639,0.9984742142203236,0.9984742142203236,0.9984742142203236,0.9981684981684982,0.9984742142203236,0.9984742142203236,0.9984732824427481
zas_Latn,17799,mid,2692,0.9979610750695088,0.9985163204747775,0.9987015396030422,0.9985163204747775,0.9979610750695088,0.9979610750695088,0.9992576095025985
zat_Latn,17798,mid,1532,0.9983708048224178,0.9983708048224178,0.9990218454515812,0.9983708048224178,0.9983708048224178,0.9983708048224178,0.9983676134508652
zav_Latn,17587,mid,1554,1.0,1.0,1.0,1.0,1.0,1.0,0.9993560849967803
zaw_Latn,17823,mid,1536,0.9944858903665261,0.9948085658663206,0.9954545454545455,0.9957833279273435,0.9941634241245136,0.9944858903665261,0.9977206121784435
zca_Latn,17802,mid,1533,0.9938411669367909,0.9954545454545455,0.9964250893727656,0.9938411669367909,0.9935191186001296,0.9938411669367909,0.9980468750000001
zdj_Latn,1573,flat_magnet,87,0.5938566552901023,0.7404255319148937,0.6041666666666666,0.8613861386138613,0.5780730897009967,0.5938566552901023,0.9032258064516129
zea_Latn,8505,flat_magnet,1295,0.09644862970313754,0.13776427552855106,0.36412405699916184,0.10391158802219472,0.09635911066109773,0.09644862970313754,0.12668295176958475
zgh_Tfng,2897,twin,310,0.9220338983050848,0.9277310924369747,0.9202037351443123,0.9202037351443123,0.9220338983050848,0.9220338983050848,0.9413680781758957
zia_Latn,24412,head,1052,0.9962085308056873,0.9952606635071091,0.9966808914177335,0.9962085308056873,0.9962085308056873,0.9962085308056873,0.9962085308056873
ziw_Latn,17829,twin,1512,0.948750800768738,0.9570274636510501,0.9545601031260073,0.9498714652956298,0.948750800768738,0.948750800768738,0.9568881685575364
zne_Latn,100000,head,45777,0.9949771889805229,0.9949572462179347,0.995439196596939,0.9949780701754385,0.9949882107802819,0.9949775194648537,0.9950608360438501
zoc_Latn,4297,mid,552,0.997289972899729,0.9981916817359855,0.997289972899729,0.9981916817359855,0.996389891696751,0.997289972899729,0.9843606255749769
zom_Latn,48432,twin,5173,0.8239496193251246,0.8255439924314096,0.8263278563240353,0.8231770102031265,0.8237947561319425,0.8237947561319425,0.8216518898740084
zos_Latn,17816,mid,1520,0.9963946247132087,0.9977026583524778,0.9990141307919816,0.9963946247132087,0.9963946247132087,0.9963946247132087,0.9996711608023676
zpa_Latn,50169,head,8422,0.9410946196660482,0.9384286292420652,0.9437274735495873,0.9342233987454681,0.940821886048803,0.9404948142997855,0.944525292508295
zpc_Latn,17745,mid,2911,0.9993134225883968,0.9993134225883968,0.9996565934065934,0.9994849785407725,0.9993134225883968,0.9993134225883968,0.9998282672162115
zpg_Latn,833,flat_magnet,35,0.4861111111111111,0.6363636363636364,0.5147058823529412,0.945945945945946,0.7951807228915663,0.8395061728395062,0.958904109589041
zpi_Latn,17812,mid,1503,0.9917191122888375,0.9923765329797812,0.9940239043824701,0.9913850231941683,0.9917191122888375,0.9917191122888375,0.9940199335548173
zpj_Latn,90,flat_magnet,5,0.22727272727272727,0.4,0.2702702702702703,0.888888888888889,0.17543859649122806,0.22727272727272727,0.025380710659898477
zpl_Latn,17820,mid,2923,0.9989747095010253,0.9993162393162394,0.9991454452230388,0.9991454452230388,0.9989747095010253,0.9989747095010253,0.998972954467648
zpm_Latn,17300,mid,1557,0.9929846938775511,0.9952061361457335,0.9971181556195965,0.9936183790682834,0.9929846938775511,0.9929846938775511,0.9990369181380416
zpo_Latn,17782,mid,1507,0.994059405940594,0.9950445986124875,0.9947159841479524,0.9950445986124875,0.994059405940594,0.994059405940594,0.9963539940338085
zpq_Latn,17691,mid,1521,0.9986868023637557,0.9986868023637557,0.9986868023637557,0.9990147783251232,0.9986868023637557,0.9986868023637557,0.9993429697766097
zpt_Latn,17827,mid,2907,0.9982806052269602,0.9982806052269602,0.9982806052269602,0.998624011007912,0.9982806052269602,0.9982806052269602,0.9987958025116119
zpu_Latn,17841,mid,2912,0.9991422199348087,0.999485155311481,0.9993136582017845,0.9989701338825953,0.9991422199348087,0.9991422199348087,0.9996564754379939
zpv_Latn,17800,mid,1483,0.998989558773998,0.998989558773998,0.9993261455525606,0.9993261455525606,0.998989558773998,0.998989558773998,1.0
zpz_Latn,17804,mid,2828,0.9991164516699064,0.9991164516699064,0.9991164516699064,0.9991161392964468,0.998939929328622,0.9991164516699064,0.9996462681287585
zsm_Arab,281,flat_magnet,13,0.0851063829787234,0.0,0.17391304347826086,0.13333333333333333,0.11320754716981132,0.0851063829787234,0.03903903903903904
zsm_Latn,100000,twin,121331,0.7304678223699833,0.728351049332243,0.7541966527548012,0.729121183011673,0.7303553818620111,0.7302919414802318,0.7258569572001057
zsr_Latn,17753,mid,1496,0.9973315543695798,0.9976643309976644,0.9973315543695798,0.996334555148284,0.9973315543695798,0.9973315543695798,0.998329435349148
ztq_Latn,17742,mid,1532,0.9957751056223594,0.9967469095640858,0.9973958333333334,0.9964227642276423,0.9957751056223594,0.9957751056223594,0.999673735725938
zty_Latn,17738,mid,1549,0.999677315262988,1.0,1.0,0.999677315262988,0.999677315262988,0.999677315262988,0.9993540051679587
zul_Latn,100000,twin,148252,0.9116213046966612,0.9115393052013928,0.9182902884760609,0.9106718121311408,0.9116162655146404,0.9116124387149861,0.9105858241053957
zyb_Latn,13305,mid,2129,0.9981247069854664,0.998827117053718,0.9983587338804221,0.9992959399202065,0.9981247069854664,0.9981247069854664,0.998119417019276
zyp_Latn,17810,mid,1518,0.9967170059093894,0.997371879106439,0.997371879106439,0.9976996385146237,0.9967170059093894,0.9967170059093894,0.9990121830754034
