lang,N,category,support_derive,support_judge,f1_baseline,f1_unmod_gate,f1_floor21,f1_floor21_gate,f1_gt_min,f1_gt_margin_adaptive,f1_freq_prior,f1_learned_bias,f1_margin_q5,f1_margin_q5_head
aai_Latn,24580,head,485,706,0.9887640449438202,0.9887640449438202,0.9908069458631257,0.9908069458631257,0.9918032786885246,0.9918032786885246,0.9897750511247444,0.9907881269191402,0.9887640449438202,0.9887640449438202
aak_Latn,24062,head,1036,1555,1.0,1.0,1.0,1.0,1.0,1.0,1.0,1.0,1.0,1.0
aau_Latn,24485,head,467,660,0.9946751863684772,0.9946751863684772,0.9957356076759062,0.9957356076759062,0.9967982924226254,0.9967982924226254,0.9957356076759062,0.9978632478632478,0.9946751863684772,0.9946751863684772
aaz_Latn,20777,head,722,1035,0.9944903581267218,0.9944903581267218,0.9951757408683667,0.9951757408683667,0.9951757408683667,0.9951757408683667,0.9972375690607734,0.9951757408683667,0.9944903581267218,0.993805918788713
aba_Latn,18107,head,1165,1753,0.9118712273641851,0.9118712273641851,0.8887147335423197,0.8887147335423197,0.9248979591836735,0.9248979591836735,0.9078525641025641,0.8942383583267561,0.9107717041800644,0.9093097913322633
abi_Latn,6735,mid,387,590,0.9935815147625161,0.9948051948051948,0.9987096774193548,0.989556135770235,0.9974226804123711,0.9921875,0.9935815147625161,0.9935815147625161,0.9935815147625161,0.9935815147625161
abk_Cyrl,100000,head,88546,132564,0.9973906891184379,0.997555399624256,0.9973452880277585,0.9974816500002829,0.9970727951126437,0.9972943600425658,0.9975439708445573,0.9973340578356625,0.9973850438090063,0.9973850438090063
abn_Latn,47050,head,3149,4801,0.9731680527224227,0.9731680527224227,0.9686084647821334,0.9686084647821334,0.9751572327044026,0.9751572327044026,0.9714912280701755,0.9698201720093823,0.9731680527224227,0.971795675336885
abq_Cyrl,141,flat_magnet,1,6,0.0,0.0,0.0,0.0,0.0,0.0,0.0,0.0,0.0,0.0
abs_Latn,1335,flat_magnet,31,36,0.021117166212534063,0.07004830917874397,0.02857142857142857,0.0983050847457627,0.01896604466197614,0.06921241050119331,0.03263157894736842,0.03382433169667212,0.020625415834996674,0.021117166212534063
abt_Latn,46820,head,835,1294,0.9982068141063957,0.9982068141063957,0.9982068141063957,0.9982068141063957,0.9982046678635547,0.9982046678635547,0.997610513739546,0.9994015559545182,0.9982068141063957,0.9982068141063957
abx_Latn,17721,mid,610,1000,0.9782783588093323,0.9975389663658737,0.9790660225442834,0.9975389663658737,0.977491961414791,0.9975389663658737,0.9838187702265372,0.9806451612903225,0.9782783588093323,0.9782783588093323
aby_Latn,21889,head,355,574,0.9971910112359551,0.9971910112359551,0.9971910112359551,0.9971910112359551,0.9971910112359551,0.9971910112359551,1.0,0.9985935302390998,0.9971910112359551,0.9971910112359551
abz_Latn,13333,mid,833,1248,0.6254886630179828,0.7586538461538462,0.5937731653076354,0.7641646489104117,0.7600950118764844,0.8525296017222821,0.6018832391713748,0.585187887632251,0.6125574272588056,0.6254886630179828
aca_Latn,7493,mid,452,662,0.9955947136563876,0.9831649831649831,0.9966923925027563,0.9797297297297297,0.9966923925027563,0.9820224719101124,0.9977924944812362,0.9977924944812362,0.9955947136563876,0.9955947136563876
acd_Latn,17727,mid,1028,1522,1.0,0.9995133819951338,1.0,0.9995133819951338,1.0,0.9995133819951338,1.0,1.0,1.0,1.0
ace_Arab,6107,twin,343,527,0.5939716312056738,0.8213399503722084,0.6063348416289593,0.8282051282051283,0.6666666666666666,0.8365019011406843,0.6467181467181468,0.7863849765258216,0.5810928013876843,0.5939716312056738
ace_Latn,47937,head,3226,4713,0.9636335258311222,0.9636335258311222,0.9629283489096573,0.9629283489096573,0.9639569355593696,0.9639569355593696,0.9644194756554307,0.9653558052434458,0.9634945397815913,0.9633442520667603
acf_Latn,34818,head,1088,1748,0.9484629294755876,0.9484629294755876,0.9456521739130435,0.9456521739130435,0.9460806524694154,0.9460806524694154,0.9509536784741144,0.9497510185604344,0.9484629294755876,0.9484629294755876
ach_Latn,42880,head,2395,3480,0.9914172074523759,0.9914172074523759,0.9920435510887771,0.9920435510887771,0.9918324607329843,0.9918324607329843,0.9918358802595771,0.9922480620155039,0.9914172074523759,0.9914172074523759
acm_Arab,4566,flat_magnet,227,368,0.06300900128589797,0.070495439980281,0.0763239875389408,0.08764455264759587,0.04099862574438846,0.046555435952637246,0.0907400520639643,0.11613691931540342,0.06286080821039126,0.06300900128589797
acn_Latn,17803,mid,609,935,0.9991796554552912,0.9991783073130649,0.9991796554552912,0.9991783073130649,0.9991796554552912,0.9991783073130649,0.9991796554552912,0.9991796554552912,0.9991796554552912,0.9991796554552912
acr_Latn,67975,head,3017,4589,0.96634129922585,0.96634129922585,0.9660618279569892,0.9660618279569892,0.9656912209889,0.9656912209889,0.9669700033704077,0.964891651268268,0.9661786976274608,0.9661786976274608
acu_Latn,24513,head,847,1305,0.9970536240424278,0.9970536240424278,0.9964664310954064,0.9964664310954064,0.9964664310954064,0.9964664310954064,0.9970536240424278,0.9970536240424278,0.9970536240424278,0.9970536240424278
ada_Latn,100000,head,12036,18251,0.9935413975582317,0.9903905637810863,0.993384647389224,0.9884697743370121,0.9931950068884899,0.991165056560152,0.9937133102960155,0.9938348746146796,0.9935424738574344,0.9934596958966881
ade_Latn,13525,mid,877,1284,0.9994301994301994,0.9994301994301994,0.9988610478359908,0.9982866933181039,0.9994301994301994,0.9994301994301994,0.9988610478359908,0.9994301994301994,0.9988610478359908,0.9994301994301994
adh_Latn,23111,head,987,1410,0.9844611528822055,0.9844611528822055,0.9834586466165414,0.9834586466165414,0.9854344550477148,0.9854344550477148,0.987430869783811,0.98842476094615,0.9839679358717435,0.9834752128192289
adi_Latn,30503,head,2027,3092,0.988967884285364,0.988967884285364,0.990424748342745,0.990424748342745,0.989933709796219,0.989933709796219,0.9896957801766437,0.9921298573536644,0.988967884285364,0.988967884285364
adj_Latn,17702,mid,1178,1705,0.9974511469838572,0.997875053123672,0.997875053123672,0.9978732454274777,0.997875053123672,0.9982993197278911,0.9974511469838572,0.9974511469838572,0.997027600849257,0.9974511469838572
adl_Latn,11055,mid,712,1027,0.9978976874562019,0.9992972593113141,0.9978976874562019,0.996476391825229,0.9978976874562019,0.9978888106966924,0.999298245614035,0.9985974754558204,0.9978976874562019,0.9978976874562019
ady_Cyrl,5894,mid,321,499,0.9546827794561933,0.9646697388632873,0.9575757575757576,0.9671361502347416,0.9532428355957768,0.9597523219814241,0.9648854961832062,0.9561270801815431,0.9546827794561933,0.9546827794561933
adz_Latn,3796,mid,30,48,0.759493670886076,0.9375,0.8955223880597014,0.967741935483871,0.8823529411764706,0.9523809523809523,0.8571428571428571,0.8,0.759493670886076,0.759493670886076
aeb_Arab,25840,head,1723,2601,0.4454545454545455,0.4454545454545455,0.43880597014925377,0.43880597014925377,0.4397590361445783,0.4397590361445783,0.4480440097799512,0.4125913434513772,0.4454545454545455,0.4454545454545455
aer_Latn,12314,mid,800,1147,0.9981238273921201,0.9987484355444306,0.9981238273921201,0.994343180389692,0.9981238273921201,0.9987484355444306,0.9987484355444306,0.9981238273921201,0.9981238273921201,0.9981238273921201
aeu_Latn,17719,mid,590,879,1.0,0.9991518235793045,1.0,0.9991518235793045,1.0,0.9991518235793045,1.0,1.0,1.0,1.0
aey_Latn,25992,head,629,905,0.9889240506329113,0.9889240506329113,0.9897070467141725,0.9897070467141725,0.9897070467141725,0.9897070467141725,0.9904912836767037,0.9889240506329113,0.9889240506329113,0.9889240506329113
afr_Latn,100000,head,87093,131230,0.9752455615010145,0.9743892715999106,0.9749005907095409,0.9740627724498693,0.9753449237688279,0.9741589020975812,0.9749344532222624,0.9785186636396114,0.9752290308861224,0.9752234259605161
agd_Latn,31162,head,573,893,0.9973890339425587,0.9973890339425587,0.9982578397212544,0.9982578397212544,0.9982578397212544,0.9982578397212544,0.999128160418483,1.0,0.9973890339425587,0.9973890339425587
agg_Latn,24084,head,432,658,0.9988439306358381,0.9988439306358381,0.9988439306358381,0.9988439306358381,0.9988439306358381,0.9988439306358381,0.9988439306358381,0.9988439306358381,0.9988439306358381,0.9988439306358381
agm_Latn,24380,head,463,692,1.0,1.0,0.9989212513484358,0.9989212513484358,1.0,1.0,1.0,1.0,0.9989212513484358,0.9989212513484358
agn_Latn,17794,mid,723,1089,0.9769021739130435,0.9972260748959778,0.9802317655078392,0.9965349965349966,0.9802317655078392,0.9958448753462604,0.98224043715847,0.9835841313269493,0.9769021739130435,0.9769021739130435
agr_Latn,32209,head,1217,1723,0.9975389663658737,0.9975389663658737,0.9975389663658737,0.9975389663658737,0.9975389663658737,0.9975389663658737,0.9979482970865818,0.9975389663658737,0.9975389663658737,0.9975389663658737
agt_Latn,16997,mid,543,874,0.9908592321755029,0.9963235294117647,0.9926739926739926,0.996316758747698,0.9926739926739926,0.996316758747698,0.9935838680109992,0.9926739926739926,0.9908592321755029,0.9908592321755029
agu_Latn,22058,head,583,853,0.9974293059125964,0.9974293059125964,0.9974293059125964,0.9974293059125964,0.9974293059125964,0.9974293059125964,0.9974293059125964,0.9982847341337907,0.9974293059125964,0.9974293059125964
agw_Latn,39173,head,2068,3222,0.9956626506024097,0.9956626506024097,0.9954205832730779,0.9954205832730779,0.9959006510730648,0.9959006510730648,0.9959026271390696,0.9963829274174102,0.9954227896892316,0.9954227896892316
agx_Cyrl,1958,mid,66,79,0.8198757763975156,0.9285714285714285,0.8516129032258065,0.9343065693430657,0.8048780487804877,0.9014084507042254,0.8918918918918919,0.840764331210191,0.8048780487804877,0.8198757763975156
aha_Latn,15133,mid,948,1453,0.9905857740585774,0.9957761351636747,0.9921424829753798,0.9962982548915917,0.9937040923399789,0.9973558963511369,0.9916230366492147,0.9905857740585774,0.9890339425587468,0.9905857740585774
ahk_Latn,100000,head,9050,13892,1.0,0.9998895149707214,1.0,0.999668618137634,1.0,0.9999447544334567,1.0,1.0,1.0,1.0
aia_Latn,17546,mid,1129,1743,0.9995573262505534,0.9995569339831636,1.0,0.9995569339831636,1.0,0.9995569339831636,0.9991150442477876,0.9995573262505534,0.9995573262505534,0.9995573262505534
aii_Syrc,24440,head,1033,1576,1.0,1.0,1.0,1.0,1.0,1.0,1.0,1.0,1.0,1.0
aim_Latn,11048,mid,704,1036,0.9943422913719944,0.9971631205673759,0.9950460014154282,0.9971590909090909,0.9957507082152973,0.9957386363636364,0.9964564138908575,0.9936395759717314,0.9936395759717314,0.9943422913719944
ain_Latn,4507,mid,260,332,0.9695817490494296,0.9766536964980544,0.9770114942528735,0.9763779527559054,0.9751434034416826,0.9744597249508841,0.9788867562380038,0.9751434034416826,0.9695817490494296,0.9695817490494296
ajg_Latn,29217,head,1939,2938,0.9596367305751766,0.9596367305751766,0.9477091633466136,0.9477091633466136,0.9620445344129553,0.9620445344129553,0.9601211509338717,0.9606060606060605,0.9584278155706728,0.9572219426270759
aji_Latn,12641,mid,821,1176,0.9975579975579976,0.9975579975579976,0.9981696156192801,0.9907805777504609,0.9981696156192801,0.9975579975579976,0.9975579975579976,0.9975579975579976,0.9975579975579976,0.9975579975579976
ajz_Latn,11064,mid,678,1060,0.991941391941392,0.9948186528497409,0.9926686217008798,0.9880774962742175,0.9926686217008798,0.9925925925925925,0.9948567229977957,0.9955882352941177,0.991941391941392,0.991941391941392
akb_Latn,13505,mid,913,1253,0.9078226208271051,0.9815016322089226,0.9150326797385621,0.9809679173463839,0.9118236472945891,0.9815217391304348,0.9310168625447114,0.9197375063099444,0.9078226208271051,0.9078226208271051
ake_Latn,17791,mid,598,907,1.0,1.0,1.0,1.0,1.0,1.0,1.0,1.0,1.0,1.0
akh_Latn,24012,head,440,628,0.996594778660613,0.996594778660613,0.9977324263038548,0.9977324263038548,0.996594778660613,0.996594778660613,0.996594778660613,0.9977272727272727,0.996594778660613,0.996594778660613
akp_Latn,17785,mid,1041,1471,0.9990403071017274,1.0,0.9990403071017274,1.0,0.9990403071017274,1.0,0.99951992318771,0.99951992318771,0.9990403071017274,0.9990403071017274
ald_Latn,11035,mid,681,1054,0.9992663242846662,0.9963154016212232,1.0,0.9903632320237212,1.0,0.9948339483394834,0.9992663242846662,0.9992663242846662,0.9992663242846662,0.9992663242846662
alj_Latn,13407,mid,827,1325,0.9963855421686747,0.994535519125683,0.9957805907172996,0.9939246658566221,0.9957805907172996,0.9933130699088146,0.9987922705314011,0.9963855421686747,0.9963855421686747,0.9963855421686747
aln_Latn,62542,twin,4240,6401,0.8628092414639132,0.8628092414639132,0.8709944180277032,0.8709944180277032,0.8716251163752974,0.8716251163752974,0.8646655055834443,0.884102133025113,0.8626328699918234,0.8626328699918234
alp_Latn,17561,mid,570,954,0.9956255468066492,0.9991220368744512,0.9956255468066492,0.9991220368744512,0.9956255468066492,0.9991220368744512,0.9947552447552447,0.9956255468066492,0.9947552447552447,0.9956255468066492
alq_Latn,17867,mid,703,935,0.9950319375443577,0.997864768683274,0.9978678038379531,0.9985754985754985,0.9964412811387902,0.9971509971509971,0.9957386363636364,0.9964463397299218,0.9950319375443577,0.9950319375443577
als_Latn,100000,twin,32786,49026,0.962827920773723,0.961292110611566,0.9647653852677676,0.9628058526988811,0.9649084904786889,0.9631759405894925,0.9626146612194557,0.9666164118027136,0.962846240595696,0.9628473885035453
alt_Cyrl,84843,head,5311,7750,0.985797047280882,0.985797047280882,0.985328473974395,0.985328473974395,0.9850383392556573,0.9850383392556573,0.9853366956196881,0.9888461898959602,0.9857049425394749,0.9857049425394749
aly_Latn,6317,mid,363,544,0.9958847736625513,0.9972527472527473,0.9972527472527473,0.9917127071823205,0.9958847736625513,0.9958734525447042,0.9958847736625513,0.9958847736625513,0.9958847736625513,0.9958847736625513
alz_Latn,92770,head,6330,9626,0.9921732943315676,0.9921732943315676,0.9913139608338597,0.9913139608338597,0.9918389984945725,0.9918389984945725,0.9914786176424176,0.991096052320542,0.9921745316575764,0.9919393077287815
ame_Latn,34032,head,2293,3454,0.9978204010462075,0.9978204010462075,0.997384481255449,0.997384481255449,0.9976019184652278,0.9976019184652278,0.9976029636086293,0.9982555604012211,0.9978204010462075,0.9978204010462075
amf_Latn,13325,mid,832,1274,0.9934249850567842,0.9927797833935018,0.9934328358208956,0.9884918231374924,0.994620442319187,0.9939759036144578,0.9946140035906643,0.9952095808383233,0.994026284348865,0.9934249850567842
amh_Ethi,100000,head,41496,61911,0.9948921338861847,0.9947528307097486,0.994488671157379,0.9942181277289956,0.994091225710374,0.9938943201583398,0.9950022826113074,0.9951177276990789,0.9949042136384396,0.9949042136384396
ami_Latn,87543,head,5984,9040,0.9957332887141304,0.9957332887141304,0.996151915676761,0.996151915676761,0.9943834353256769,0.9943834353256769,0.996068590547888,0.9963192236908148,0.9957332887141304,0.9956499916345993
amk_Latn,17696,mid,572,942,0.9921807124239792,0.9973753280839894,0.9930434782608696,0.9973753280839894,0.9939077458659704,0.9973753280839894,0.9930434782608696,0.9921807124239792,0.9921807124239792,0.9921807124239792
amm_Latn,24436,head,413,631,0.9975845410628019,0.9975845410628019,0.9975845410628019,0.9975845410628019,0.9975845410628019,0.9975845410628019,0.9975845410628019,0.9975845410628019,0.9975845410628019,0.9975845410628019
amn_Latn,37915,head,1278,1845,0.9984375,0.9984375,0.9984375,0.9984375,0.9988276670574443,0.9988276670574443,0.9984375,0.9984375,0.9984375,0.9984375
amp_Latn,30724,head,427,621,0.9953379953379953,0.9953379953379953,0.9941792782305006,0.9941792782305006,0.9964994165694282,0.9964994165694282,0.9953379953379953,0.9941792782305006,0.9953379953379953,0.9953379953379953
amr_Latn,23701,head,404,626,1.0,1.0,1.0,1.0,1.0,1.0,1.0,1.0,1.0,1.0
amu_Latn,17900,mid,1129,1808,0.9977846699158174,0.9968957871396896,0.9977846699158174,0.9968930315135375,0.9977846699158174,0.997338065661047,0.9977846699158174,0.9977846699158174,0.9977846699158174,0.9977846699158174
amx_Latn,1656,mid,40,56,0.9876543209876543,0.9876543209876543,1.0,0.9743589743589743,1.0,1.0,0.9876543209876543,0.9876543209876543,0.9876543209876543,0.9876543209876543
ang_Latn,490,flat_magnet,10,12,0.04747774480712166,0.13559322033898305,0.19512195121951217,0.6666666666666666,0.02531645569620253,0.13461538461538458,0.1095890410958904,0.0642570281124498,0.13445378151260504,0.1758241758241758
anm_Latn,30734,head,2050,3114,0.9953714981729598,0.9953714981729598,0.9951290793960058,0.9951290793960058,0.9953692420180356,0.9953692420180356,0.9953714981729598,0.9963441384352912,0.9953714981729598,0.9953714981729598
ann_Latn,22124,head,679,1071,0.9992641648270787,0.9992641648270787,0.9992641648270787,0.9992641648270787,0.9992641648270787,0.9992641648270787,0.9992641648270787,1.0,0.9992641648270787,0.9985294117647059
anp_Deva,4499,tight_lowres,171,279,0.012482486307476757,0.018746816097809472,0.013369713506139153,0.019616296615649925,0.011921845678330942,0.017983074753173484,0.021387887946065325,0.09467455621301775,0.012480896586856851,0.012482486307476757
anv_Latn,17797,mid,580,938,0.9991386735572783,1.0,0.9991386735572783,1.0,0.9991386735572783,1.0,0.9991386735572783,0.9982788296041308,0.9991386735572783,0.9991386735572783
any_Latn,11974,mid,767,1132,0.9993485342019545,0.9980404964075767,0.9986979166666667,0.9967298888162198,0.9993485342019545,0.9973856209150326,1.0,0.9993485342019545,0.9993485342019545,0.9993485342019545
aoi_Latn,3242,mid,147,222,0.98989898989899,0.9932432432432432,0.98989898989899,0.9655172413793104,0.9932432432432432,0.9829351535836177,0.98989898989899,0.9865771812080537,0.98989898989899,0.98989898989899
aoj_Latn,55040,head,1842,2835,1.0,1.0,0.9997286295793759,0.9997286295793759,0.9997286295793759,0.9997286295793759,1.0,0.9997286295793759,1.0,1.0
aom_Latn,17715,mid,1173,1678,0.9987228607918263,0.9995739241585002,0.9987228607918263,0.9995739241585002,0.9991482112436115,0.9995739241585002,0.9991482112436115,1.0,0.9987228607918263,0.9987228607918263
aoz_Latn,13501,mid,884,1287,0.9904761904761905,0.9937888198757764,0.9904655075715086,0.9891984081864695,0.9915872125630959,0.9915110356536503,0.9921436588103255,0.9932584269662922,0.9904761904761905,0.9904761904761905
apb_Latn,10888,mid,664,1026,0.9977460555972953,0.9977426636568848,0.9984962406015038,0.9916476841305999,0.9984962406015038,0.9977358490566037,0.9992475545522949,0.9977460555972953,0.9977460555972953,0.9977460555972953
apc_Arab,79058,head,5357,8230,0.7012497859955488,0.7012497859955488,0.7022900763358778,0.7022900763358778,0.7095152603231598,0.7095152603231598,0.6860623547327082,0.6995876881771981,0.7012497859955488,0.7011897629033639
ape_Latn,59332,head,937,1416,0.9973390101117615,0.9973390101117615,0.9973390101117615,0.9973390101117615,0.9973361747469365,0.9973361747469365,0.9968085106382978,0.9984017048481619,0.9973390101117615,0.9973390101117615
apn_Latn,16297,mid,562,834,0.9991111111111112,1.0,0.9991111111111112,0.9991095280498664,0.9991111111111112,1.0,0.9982238010657194,0.9982238010657194,0.9991111111111112,0.9991111111111112
apr_Latn,24377,head,391,625,0.9949109414758269,0.9949109414758269,0.9974489795918366,0.9974489795918366,0.9987228607918263,0.9987228607918263,0.9974489795918366,0.9961783439490446,0.9949109414758269,0.9949109414758269
apt_Latn,11049,mid,672,1064,0.9948109710896961,0.9955357142857143,0.9962880475129918,0.9955290611028316,0.9962880475129918,0.9962769918093819,0.9955489614243324,0.9955489614243324,0.9940740740740741,0.9948109710896961
apu_Latn,11186,mid,714,1044,0.9957924263674615,0.9957865168539325,0.9950946040644708,0.9915254237288135,0.9950946040644708,0.9950738916256158,0.9957924263674615,0.9957924263674615,0.9957924263674615,0.9957924263674615
apw_Latn,11058,mid,719,1018,0.9979181124219293,0.9993041057759221,0.9993050729673384,0.9887482419127989,0.9993050729673384,0.9979094076655053,0.9979181124219293,0.9979181124219293,0.9979181124219293,0.9979181124219293
apy_Latn,36974,head,2246,3422,0.9971078976640713,0.9971078976640713,0.9968875055580257,0.9968875055580257,0.9968875055580257,0.9968875055580257,0.9962197020235712,0.9968861209964414,0.9968861209964414,0.9968861209964414
apz_Latn,24230,head,1034,1603,0.9985514244326413,0.9985514244326413,0.9985514244326413,0.9985514244326413,0.9985514244326413,0.9985514244326413,0.9990338164251207,0.9990338164251207,0.9985514244326413,0.9985514244326413
aqz_Latn,271,flat_magnet,6,5,0.6666666666666666,0.6666666666666666,0.8,0.8,0.6153846153846153,0.6666666666666666,0.6666666666666666,0.7272727272727272,0.6666666666666666,0.6666666666666666
arb_Arab,100000,head,426544,639083,0.9520166293681795,0.9523360583980929,0.9524088213255496,0.9526908856369015,0.9480483860056946,0.94884718788552,0.9552227144710996,0.9709182997881356,0.9520230477515702,0.9520295835737183
arb_Latn,847,isolated_tail,15,23,0.08670520231213873,0.37037037037037035,0.1923076923076923,0.8571428571428571,0.08174386920980925,0.4166666666666667,0.1621621621621622,0.09646302250803859,0.8333333333333333,0.6976744186046512
arc_Syrc,410,flat_magnet,7,12,0.0,0.0,0.0,0.0,1.0,1.0,0.0,0.0,0.0,0.0
are_Latn,6673,mid,374,589,0.9973333333333333,0.9986648865153538,0.9986648865153538,0.9891891891891893,0.996005326231691,0.9919354838709676,0.9986648865153538,1.0,0.9973333333333333,0.9973333333333333
arg_Latn,25914,flat_magnet,1733,2614,0.4150562081596564,0.4150562081596564,0.41120321527254455,0.41120321527254455,0.4067964777378147,0.4067964777378147,0.47780870074703385,0.6906101254868022,0.4150991036485292,0.4147849123249653
arl_Latn,24447,head,413,651,0.9963811821471652,0.9963811821471652,0.9963811821471652,0.9963811821471652,0.9963811821471652,0.9963811821471652,0.9951807228915662,0.9963811821471652,0.9963811821471652,0.9963811821471652
arn_Latn,100000,head,9499,14303,0.9867972742759795,0.986870780843034,0.9876648234793705,0.9874681393372982,0.9865786109927568,0.9870861455067226,0.9865928921047031,0.9873848938095492,0.9867447431461274,0.9866922176088577
arp_Latn,1963,mid,48,96,0.9696969696969697,0.9791666666666666,1.0,0.9787234042553191,0.9896907216494846,0.9894736842105264,0.9795918367346939,0.9795918367346939,0.9696969696969697,0.9696969696969697
arq_Arab,2712,tight_lowres,112,159,0.406113537117904,0.46361185983827485,0.42990654205607476,0.48850574712643674,0.26379542395693134,0.3757575757575758,0.49855072463768124,0.5107692307692308,0.406113537117904,0.406113537117904
arr_Latn,572,flat_magnet,12,13,0.5,0.6896551724137931,0.8181818181818182,0.8571428571428571,0.6666666666666666,0.8571428571428571,0.6896551724137931,0.4878048780487806,0.5882352941176471,0.6896551724137931
ars_Arab,18539,head,1193,1860,0.07283977900552485,0.07283977900552485,0.07372239888923726,0.07372239888923726,0.06656621166459847,0.06656621166459847,0.08432066471764887,0.15922899643829877,0.07283655971006807,0.07279151943462897
ary_Arab,100000,head,11492,17174,0.6487106441229791,0.646549843670472,0.64822804882546,0.645278230922603,0.6562427790187167,0.6492267561021055,0.6340209814827854,0.7302659349936682,0.6486626465909511,0.6485426838289688
arz_Arab,100000,head,11633,17428,0.49615743271487833,0.49696283007585057,0.4909919823927056,0.49240084023229946,0.4870855699400063,0.4886634291193665,0.4978666496847736,0.45818766606069083,0.4960776748971193,0.4960298325135821
asg_Latn,17719,mid,646,968,0.9969088098918083,0.9984520123839009,0.9969088098918083,0.9984520123839009,0.9969088098918083,0.9984520123839009,0.9969088098918083,0.9976798143851509,0.9969088098918083,0.9969088098918083
asm_Beng,100000,head,16662,24984,0.992104790956397,0.992047357091605,0.9911885062277845,0.991071695183493,0.9910690283461274,0.9910125108238033,0.9919564632359538,0.9941130534030156,0.992104790956397,0.9921349322647208
asm_Latn,455,flat_magnet,5,16,0.056818181818181816,0.17857142857142855,0.24242424242424243,0.6666666666666666,0.03215434083601287,0.13333333333333333,0.1639344262295082,0.08403361344537816,0.17142857142857143,0.25641025641025644
aso_Latn,23837,head,983,1585,0.9989837398373984,0.9989837398373984,0.9989837398373984,0.9989837398373984,0.9989837398373984,0.9989837398373984,0.9994916115912558,0.9994916115912558,0.9989837398373984,0.9989837398373984
ast_Latn,100000,head,61888,92359,0.927324932451677,0.9231579670644282,0.9252997988545457,0.9214231296663111,0.9267992176310238,0.9225847826418896,0.9247509156668884,0.9575493401138153,0.9272749665163108,0.9272546740661489
ata_Latn,27005,head,1247,1870,0.9979991996798719,0.9979991996798719,0.9987985582699239,0.9987985582699239,0.9983987189751801,0.9983987189751801,0.9987985582699239,0.9987985582699239,0.9979991996798719,0.9979991996798719
atb_Latn,25098,head,704,1023,0.9992902767920511,0.9992902767920511,1.0,1.0,1.0,1.0,0.9992902767920511,0.9992902767920511,0.9992902767920511,0.9992902767920511
atd_Latn,17597,mid,684,984,0.9956268221574345,0.9985380116959064,0.9963530269876003,0.9985380116959064,0.9963530269876003,0.9985380116959064,0.997080291970803,0.997080291970803,0.9956268221574345,0.9956268221574345
atg_Latn,17802,mid,728,1101,0.9965776865160849,0.9993136582017845,0.9993136582017845,0.9993136582017845,0.9993136582017845,0.9993136582017845,0.9965776865160849,0.9965776865160849,0.9965776865160849,0.9965776865160849
ati_Latn,10154,mid,632,922,0.8675213675213675,0.9447470817120623,0.8644428672817601,0.952988047808765,0.9171686746987951,0.9581689029202841,0.8743718592964823,0.8535388927820603,0.8589562764456983,0.8675213675213675
atj_Latn,1662,mid,40,56,0.6782608695652174,0.9285714285714285,0.78,0.9268292682926829,0.6902654867256637,0.9397590361445783,0.7959183673469388,0.7358490566037736,0.6724137931034483,0.6782608695652174
atq_Latn,6661,mid,400,557,0.9925373134328358,0.995,0.9937733499377336,0.9987484355444306,0.9962546816479401,0.9974937343358395,0.995,0.9950124688279303,0.9925373134328358,0.9925373134328358
att_Latn,17829,mid,651,897,0.9977011494252873,0.9984662576687117,0.9992325402916347,0.9992325402916347,0.9992325402916347,0.9992325402916347,0.9977011494252873,0.9984662576687117,0.9977011494252873,0.9977011494252873
auc_Latn,17817,mid,617,915,1.0,1.0,1.0,0.9991889699918897,1.0,1.0,1.0,1.0,1.0,1.0
aui_Latn,4581,mid,251,339,0.992094861660079,0.9940119760479043,0.992094861660079,0.996,0.9881889763779527,0.99203187250996,0.994059405940594,0.992094861660079,0.992094861660079,0.992094861660079
auy_Latn,24037,head,860,1168,0.9988385598141696,0.9988385598141696,1.0,1.0,1.0,1.0,0.999418942475305,1.0,0.9988385598141696,0.9988385598141696
ava_Cyrl,17634,mid,1179,1649,0.9869911875786823,0.9974554707379135,0.9882451721242653,0.998303647158609,0.9877997475809844,0.9974511469838573,0.9907329401853412,0.9923986486486486,0.9869911875786823,0.9869911875786823
avk_Latn,3056,flat_magnet,135,200,0.4297253634894992,0.7852760736196319,0.6022988505747127,0.9097472924187726,0.397037037037037,0.8338762214983713,0.5954545454545455,0.58719646799117,0.42088607594936706,0.4297253634894992
avn_Latn,11063,mid,618,882,0.9959709911361805,0.9975669099756691,0.9959709911361805,0.9959382615759546,0.9959709911361805,0.9983792544570502,0.9983844911147012,0.9983844911147012,0.9959709911361805,0.9959709911361805
avt_Latn,24340,head,435,680,0.9965556831228473,0.9965556831228473,0.9965556831228473,0.9965556831228473,0.9965556831228473,0.9965556831228473,0.9977011494252873,0.9988492520138089,0.9965556831228473,0.9965556831228473
avu_Latn,17019,mid,1131,1656,1.0,1.0,1.0,1.0,1.0,1.0,0.9995581087052585,1.0,1.0,1.0
awa_Deva,18700,head,1242,1819,0.7634643377001455,0.7634643377001455,0.7620777333817652,0.7620777333817652,0.7606961566352428,0.7606961566352428,0.8004587155963303,0.8757297748123436,0.7634643377001455,0.7631866133139322
awb_Latn,24529,head,407,682,0.9951100244498777,0.9951100244498777,0.9951100244498777,0.9951100244498777,0.996328029375765,0.996328029375765,0.996328029375765,0.9951100244498777,0.9951100244498777,0.9951100244498777
awi_Latn,6621,mid,361,602,0.9958620689655172,0.98744769874477,0.994475138121547,0.9803370786516854,0.994475138121547,0.9831932773109244,0.9958620689655172,0.9958620689655172,0.9958620689655172,0.9958620689655172
awx_Latn,4174,mid,28,60,0.8115942028985507,0.9655172413793104,0.888888888888889,0.9818181818181818,0.8615384615384616,1.0,0.8750000000000001,0.8615384615384616,0.8115942028985507,0.8115942028985507
ayo_Latn,6717,mid,415,561,0.9916367980884111,0.9963898916967511,0.9975961538461539,0.9902912621359224,0.9975961538461539,0.9963811821471653,0.9940119760479043,0.9952038369304557,0.9916367980884111,0.9916367980884111
ayp_Arab,6764,mid,414,576,0.9764150943396226,0.9853300733496332,0.9822064056939501,0.9840881272949816,0.9775678866587957,0.9816849816849818,0.9845422116527943,0.9594438006952491,0.9764150943396226,0.9764150943396226
ayr_Latn,100000,head,34591,51877,0.9946565993901553,0.9945731034883046,0.9947747329307942,0.994516016713092,0.9946281831644357,0.9945876924416327,0.9945559862375333,0.9946999288483599,0.994642157076273,0.9946132737066775
azb_Arab,100000,head,18135,27067,0.9805617916005038,0.9798988103377546,0.980482330075826,0.9798452156315804,0.9810989493320166,0.9794031565414808,0.979794941900205,0.9880906220572758,0.980562855891371,0.980562855891371
azg_Latn,17785,mid,1133,1788,0.9986743261157756,0.9986743261157756,0.9991166077738516,0.9986743261157756,0.9986743261157756,0.9986743261157756,0.9986743261157756,0.9986743261157756,0.9986743261157756,0.9986743261157756
azj_Cyrl,26412,head,1759,2541,0.9963183234211271,0.9963183234211271,0.9960339943342776,0.9960339943342776,0.9963162368943044,0.9963162368943044,0.9963183234211271,0.9963183234211271,0.9960362400906002,0.9960362400906002
azj_Latn,100000,head,91593,137418,0.9932778629297131,0.9942559488058708,0.9935493048678401,0.994056877159089,0.9932057704415428,0.9941044816856814,0.9935908653425496,0.9950456294787784,0.9933221671209783,0.9933116591682812
azz_Latn,17799,mid,611,906,0.987075928917609,0.9991809991809992,0.9894736842105264,0.9991809991809992,0.9902755267423015,0.9991809991809992,0.987075928917609,0.987075928917609,0.987075928917609,0.987075928917609
bak_Cyrl,100000,head,19930,29861,0.9746180073241572,0.9738805970149254,0.9744754979928805,0.9735887096774194,0.9743227207311839,0.9734401774014716,0.9747742293527067,0.9748815045750641,0.9745933932720476,0.9745933932720476
bal_Arab,39095,head,2588,3771,0.9507951356407858,0.9507951356407858,0.9482726423902894,0.9482726423902894,0.9528638497652583,0.9528638497652583,0.9531484257871065,0.9707401032702238,0.9507951356407858,0.9507951356407858
bam_Latn,18697,head,1164,1869,0.7547989858746831,0.7547989858746831,0.7416607523066004,0.7416607523066004,0.7411598302687411,0.7411598302687411,0.7733636019674612,0.7791010372646946,0.7547989858746831,0.7539797395079595
ban_Latn,41792,head,2156,3215,0.9413339281730984,0.9413339281730984,0.9369169258107507,0.9369169258107507,0.9410977242302544,0.9410977242302544,0.9452669358456707,0.950089928057554,0.9404947626476488,0.9402852049910874
bao_Latn,17847,mid,615,907,1.0,1.0,1.0,1.0,1.0,1.0,1.0,1.0,1.0,1.0
bar_Latn,100000,head,7575,11777,0.8869260088329604,0.8610674582387521,0.8805468937395058,0.8556230124313385,0.8863760053214004,0.8579555349161201,0.8783542039355993,0.9322963151855157,0.8863897454501481,0.8860682985796312
bas_Latn,100000,head,7499,11361,0.9968589186660429,0.996531946111778,0.9971958873013754,0.9961353944562901,0.9957190635451505,0.9963995199359915,0.9970615733938827,0.9971270127614085,0.9968593384563983,0.9968593384563983
bav_Latn,17825,mid,1152,1724,0.998262380538662,0.998262380538662,0.998262380538662,0.998262380538662,0.998262380538662,0.998262380538662,0.998262380538662,0.998262380538662,0.998262380538662,0.998262380538662
bba_Latn,84918,head,5275,7907,0.996389891696751,0.996389891696751,0.9962952408093474,0.9962952408093474,0.9961991638160395,0.9961991638160395,0.9962952408093474,0.9964845605700712,0.996389891696751,0.9962952408093474
bbb_Latn,21471,head,928,1299,0.9957081545064378,0.9957081545064378,0.9957081545064378,0.9957081545064378,0.9962426194310252,0.9962426194310252,0.9962426194310252,0.9973132724341751,0.9957081545064378,0.9957081545064378
bbc_Latn,100000,head,18032,27089,0.986778711484594,0.9895322939866369,0.9868457878533445,0.9894783722095419,0.9868660561763141,0.9896419223701063,0.9876418945367109,0.9871809225257501,0.9867510713985602,0.9867234328609042
bbj_Latn,11052,mid,722,1017,0.9993069993069993,0.9993069993069993,0.9993069993069993,0.9979181124219293,0.9993069993069993,0.9993069993069993,0.9993069993069993,0.9993069993069993,0.9993069993069993,0.9993069993069993
bbk_Latn,4286,mid,215,339,0.9976798143851509,0.9976798143851509,0.9976798143851509,0.9930069930069931,0.9976798143851509,0.9953488372093023,1.0,0.9976798143851509,0.9976798143851509,0.9976798143851509
bbo_Latn,6704,mid,419,555,0.9940546967895362,0.9964071856287425,0.9964243146603098,0.9927884615384616,0.9964243146603098,0.9964071856287425,0.9952380952380953,0.9952380952380953,0.9940546967895362,0.9940546967895362
bbr_Latn,23818,head,434,653,0.9942726231386024,0.9942726231386024,0.9931350114416476,0.9931350114416476,0.9954128440366972,0.9954128440366972,0.9942726231386024,0.9965556831228473,0.9931350114416476,0.9919999999999999
bch_Latn,22386,head,970,1450,0.9979402677651905,0.9979402677651905,0.9974266598044261,0.9974266598044261,0.9984544049459042,0.9984544049459042,0.9974266598044261,0.9989690721649485,0.9979402677651905,0.9979402677651905
bci_Latn,100000,head,22318,33846,0.9971696841726942,0.9975328578477549,0.9974401580814658,0.9976452647395215,0.9967640449438203,0.9978243803969945,0.9972600278488972,0.9972373829256788,0.9971696841726942,0.9971696841726942
bcl_Latn,100000,head,73099,108989,0.9902541878146441,0.990138825031052,0.9900550816609662,0.989906198321588,0.9901644298528784,0.9900097432449123,0.9902720663449194,0.9904891397650096,0.990240719755503,0.9902547232657323
bco_Latn,3937,mid,23,68,0.9583333333333334,1.0,0.9787234042553191,0.9777777777777777,0.9787234042553191,1.0,1.0,0.9787234042553191,0.9583333333333334,0.9583333333333334
bcw_Latn,17698,mid,993,1504,1.0,0.9994962216624685,0.9994967287367891,0.998992950654582,0.9994967287367891,0.998992950654582,1.0,1.0,1.0,1.0
bdd_Latn,30992,head,702,1055,0.9985775248933144,0.9985775248933144,0.9992882562277581,0.9992882562277581,0.9992882562277581,0.9992882562277581,0.9985775248933144,0.9992882562277581,0.9985775248933144,0.9985775248933144
bdh_Latn,12360,mid,821,1149,0.9981740718198417,0.9975579975579976,0.9987819732034104,0.9920196439533456,0.9987819732034104,0.9951040391676866,0.9987834549878346,0.9981740718198417,0.9981740718198417,0.9981740718198417
bdq_Latn,4240,mid,217,324,0.9886104783599089,0.9908256880733944,0.9908675799086757,0.976525821596244,0.9908675799086757,0.9931034482758622,0.9886104783599089,0.9886104783599089,0.9886104783599089,0.9886104783599089
bea_Latn,1152,mid,17,34,0.6538461538461539,0.7804878048780487,0.9189189189189189,0.9142857142857143,0.7727272727272727,0.8888888888888888,0.8292682926829268,0.6799999999999999,0.6415094339622641,0.6538461538461539
bef_Latn,24278,head,1104,1614,0.9981916817359855,0.9981916817359855,0.9981916817359855,0.9981916817359855,0.9981916817359855,0.9981916817359855,0.9986431478968791,0.9986431478968791,0.9981916817359855,0.9981916817359855
bel_Cyrl,100000,head,50503,75663,0.983734892481557,0.982178488986267,0.9836917615447226,0.9820834800297304,0.9838948701088397,0.9820796243764062,0.9826409626286263,0.9911402805412843,0.9836962919364332,0.9836866422734718
bem_Latn,100000,head,87305,131419,0.9906143246569513,0.9909195402298852,0.9904144169009873,0.9905338843260206,0.9901864911816477,0.9905734124247022,0.9907919392107049,0.990869785198473,0.9906376518218624,0.9906494761176349
ben_Beng,100000,head,113222,170499,0.9917456027665787,0.9931969166455873,0.991853297125765,0.993129953933412,0.9914813398660844,0.9930406377048306,0.9926279887732263,0.9937657961246841,0.9917456027665787,0.9917456027665787
ben_Latn,3910,mid,208,276,0.37488457987072943,0.6973451327433628,0.45232815964523276,0.8336842105263158,0.3665768194070081,0.7168458781362007,0.505,0.4692218350754936,0.3634735899731424,0.37488457987072943
beq_Latn,11039,mid,663,1076,0.9778434268833087,0.9893778452200304,0.9829250185597624,0.9916476841305999,0.9836552748885586,0.9908814589665653,0.9821958456973293,0.9814677538917717,0.9778434268833087,0.9778434268833087
bew_Latn,16291,mid,1076,1579,0.6969057665260197,0.7661884451337728,0.6924147529575506,0.7678018575851393,0.6996816413158825,0.7680933852140078,0.7566742944317315,0.8141738772146683,0.6969057665260197,0.6969057665260197
bex_Latn,22281,head,1458,2180,0.9993141289437586,0.9993141289437586,0.9996571820363387,0.9996571820363387,0.9993141289437586,0.9993141289437586,0.9996569468267582,0.9993141289437586,0.9993141289437586,0.9993141289437586
bfd_Latn,17820,mid,909,1426,1.0,1.0,1.0,1.0,1.0,1.0,1.0,1.0,1.0,1.0
bfo_Latn,13446,mid,857,1291,0.9988344988344988,0.9994169096209913,0.9994169096209913,0.9988331388564761,0.9994169096209913,0.9994169096209913,1.0,0.9994169096209913,0.9988344988344988,0.9988344988344988
bgr_Latn,17611,mid,715,1110,0.989590562109646,0.9971988795518206,0.989590562109646,0.9971988795518206,0.9882189882189882,0.9971988795518206,0.9930362116991643,0.9909659485753997,0.989590562109646,0.989590562109646
bgs_Latn,19527,head,794,1161,0.9924717691342535,0.9924717691342535,0.9949811794228356,0.9949811794228356,0.9937264742785445,0.9937264742785445,0.9930947897049592,0.9943431803896919,0.9924717691342535,0.9924717691342535
bgt_Latn,10924,mid,457,743,0.9967213114754099,0.9956043956043955,0.9956331877729258,0.9878453038674033,0.9967213114754099,0.9922822491730982,0.9956236323851203,0.9967213114754099,0.9967213114754099,0.9967213114754099
bgz_Latn,13364,mid,823,1322,0.9927536231884059,0.9975669099756691,0.9939540507859734,0.9932803909590714,0.9939540507859734,0.9957343083485679,0.9963636363636363,0.9957601453664446,0.992154496077248,0.9927536231884059
bhg_Latn,7106,mid,129,178,0.9485294117647058,0.9809885931558935,0.9662921348314606,0.9884169884169884,0.9699248120300751,0.9847328244274809,0.9699248120300751,0.9591078066914498,0.9485294117647058,0.9485294117647058
bhl_Latn,27070,head,812,1191,0.9969268592501537,0.9969268592501537,0.997539975399754,0.997539975399754,0.997539975399754,0.997539975399754,0.9963144963144963,0.9969268592501537,0.9969268592501537,0.9969268592501537
bho_Deva,55844,head,3125,4636,0.6714150047483382,0.6714150047483382,0.6671379757275834,0.6671379757275834,0.6833817829457365,0.6833817829457365,0.6557564660105287,0.8521711867063803,0.6714150047483382,0.6714150047483382
bhp_Latn,8035,mid,491,721,0.9705583756345177,0.975051975051975,0.9705583756345177,0.975,0.9715447154471545,0.975051975051975,0.9775051124744375,0.9745158002038736,0.9705583756345177,0.9705583756345177
bhw_Latn,96876,head,6749,9879,0.9890142739705553,0.9890142739705553,0.9887153426500263,0.9887153426500263,0.988711968303805,0.988711968303805,0.9887925881649731,0.989385558379429,0.988940367658048,0.988940367658048
bhz_Latn,6727,mid,382,586,0.9883570504527813,0.9986928104575163,0.9947916666666666,0.9920844327176782,0.9922077922077922,0.9947506561679791,0.9922077922077922,0.9909208819714656,0.9883570504527813,0.9883570504527813
bib_Latn,17804,mid,1149,1748,0.999129677980853,0.999129677980853,0.999129677980853,0.999129677980853,0.999129677980853,0.999129677980853,0.999129677980853,0.999129677980853,0.999129677980853,0.999129677980853
big_Latn,24303,head,445,639,1.0,1.0,1.0,1.0,0.9988776655443322,0.9988776655443322,1.0,1.0,1.0,1.0
bim_Latn,60084,head,3835,5871,0.9949330908146031,0.9949330908146031,0.9951941810624757,0.9951941810624757,0.995323460639127,0.995323460639127,0.994676016101805,0.9951916829109811,0.9949330908146031,0.9948038451545856
bin_Latn,100000,head,7545,11365,0.9801315875187284,0.9720302306052581,0.9784715447154472,0.971148260504744,0.9812748744046453,0.9730953304876471,0.9786016260162601,0.9795572916666666,0.979812451159156,0.9793022650351471
bis_Latn,100000,head,59953,89255,0.9956248588326823,0.9956084217922658,0.9954567892970991,0.995457093376392,0.9954820789130217,0.9954655734961935,0.995600093686218,0.9957508740820048,0.9956165300317885,0.9956165300317885
biu_Latn,11038,mid,666,1071,0.988095238095238,0.9909638554216867,0.9895678092399404,0.9886792452830188,0.988095238095238,0.9879336349924586,0.9910313901345291,0.9888309754281459,0.988095238095238,0.988095238095238
biv_Latn,17791,mid,1125,1719,1.0,1.0,1.0,1.0,1.0,1.0,1.0,1.0,1.0,1.0
bjn_Arab,6110,twin,345,526,0.583916083916084,0.7877358490566038,0.5914742451154529,0.7946537059538274,0.6368932038834951,0.7719714964370545,0.6355851569933397,0.7332601536772777,0.5566666666666666,0.583916083916084
bjn_Latn,27655,flat_magnet,1257,1915,0.3335228888257037,0.3335228888257037,0.3321054122981015,0.3321054122981015,0.32591768631813123,0.32591768631813123,0.3799283154121864,0.6024481106971794,0.3320124540050948,0.3307020016915704
bjp_Latn,3587,mid,29,60,0.8787878787878788,0.9642857142857143,0.8923076923076924,0.9642857142857143,0.8923076923076924,0.9642857142857143,0.9666666666666666,0.9206349206349206,0.8787878787878788,0.8787878787878788
bjr_Latn,26849,head,734,1019,1.0,1.0,0.9993192648059904,0.9993192648059904,0.9993192648059904,0.9993192648059904,1.0,1.0,1.0,1.0
bjv_Latn,28868,head,707,1082,1.0,1.0,1.0,1.0,1.0,1.0,1.0,1.0,1.0,1.0
bkd_Latn,17628,mid,564,869,0.9851268591426072,0.99822695035461,0.9842381786339756,0.9973380656610471,0.9851007887817704,0.9973380656610471,0.9903083700440528,0.990325417766051,0.9851268591426072,0.9851268591426072
bkl_Latn,6670,mid,425,540,0.989522700814901,0.9976415094339623,0.989522700814901,0.9904988123515439,0.989522700814901,0.9964580873671782,0.9929906542056075,0.9929906542056075,0.989522700814901,0.989522700814901
bkq_Latn,17510,mid,582,915,0.9974248927038627,0.9982817869415808,0.9974248927038627,0.9982817869415808,0.9974248927038627,0.9974204643164231,0.9982817869415808,0.9982817869415808,0.9974248927038627,0.9974248927038627
bku_Latn,13480,mid,871,1286,0.995997712978845,0.9948305571510625,0.995997712978845,0.994818652849741,0.9948600799543118,0.9942462600690449,0.9971379507727532,0.9965675057208239,0.995997712978845,0.995997712978845
bkv_Latn,13494,mid,852,1279,0.9982425307557118,0.9982384028185555,0.9988276670574443,0.9952885747938752,0.9988276670574443,0.9970605526161082,0.9982425307557118,0.9988276670574443,0.9982425307557118,0.9982425307557118
bla_Latn,1048,mid,21,26,0.7924528301886793,0.888888888888889,0.9545454545454545,0.9523809523809523,0.9333333333333333,0.9523809523809523,0.8936170212765957,0.8936170212765957,0.7499999999999999,0.7924528301886793
blh_Latn,6716,mid,381,599,0.998689384010485,0.9973684210526316,1.0,0.9947229551451187,1.0,0.9947229551451187,1.0,1.0,0.998689384010485,0.998689384010485
blk_Mymr,26251,head,1753,2561,0.9869020501138952,0.9869020501138952,0.9880410022779044,0.9880410022779044,0.9880341880341881,0.9880341880341881,0.9880273660205244,0.9874643874643875,0.986628733997155,0.986628733997155
blt_Latn,6684,mid,369,601,0.9892761394101875,0.9821182943603852,0.9959514170040485,0.9735744089012518,0.9946091644204852,0.9820689655172414,0.9906040268456376,0.9892761394101875,0.9892761394101875,0.9892761394101875
blw_Latn,17130,mid,588,836,0.9991503823279524,1.0,0.99830220713073,0.9991503823279524,0.99830220713073,0.9991503823279524,0.9991503823279524,0.9991503823279524,0.9991503823279524,0.9991503823279524
blz_Latn,17821,mid,610,908,0.9934747145187601,0.9975429975429976,0.9926650366748166,0.9983606557377049,0.9926650366748166,0.9967266775777414,0.9942857142857143,0.9950980392156863,0.9926650366748166,0.9934747145187601
bmh_Latn,23801,head,456,668,0.9967213114754099,0.9967213114754099,0.9967213114754099,0.9967213114754099,0.9967213114754099,0.9967213114754099,0.9967213114754099,0.9967213114754099,0.9967213114754099,0.9967213114754099
bmk_Latn,1657,mid,15,14,0.7894736842105263,0.967741935483871,0.9375,0.967741935483871,0.8823529411764706,0.9375,1.0,0.8108108108108109,0.7692307692307693,0.7894736842105263
bmq_Latn,13524,mid,871,1283,0.9977037887485649,0.9953917050691244,0.9982768523836876,0.9930715935334873,0.9977037887485649,0.9936526255049047,0.9977037887485649,0.9977037887485649,0.9977037887485649,0.9977037887485649
bmr_Latn,17771,mid,630,904,0.9984152139461173,0.9992069785884219,0.9984152139461173,0.9984126984126984,0.9992069785884219,1.0,0.9992069785884219,0.9992069785884219,0.9984152139461173,0.9984152139461173
bmu_Latn,27341,head,590,928,0.9966159052453469,0.9966159052453469,0.9966159052453469,0.9966159052453469,0.9966159052453469,0.9966159052453469,0.9974597798475868,0.9974597798475868,0.9966159052453469,0.9966159052453469
bmv_Latn,11017,mid,151,216,1.0,1.0,1.0,0.9966777408637874,1.0,1.0,1.0,1.0,1.0,1.0
bnj_Latn,13502,mid,887,1255,0.9886749716874292,0.986939239068711,0.9886749716874292,0.9822958309537406,0.9875141884222474,0.9851936218678816,0.9886749716874292,0.9892351274787535,0.9886749716874292,0.9886749716874292
bno_Latn,4263,mid,199,347,0.8805309734513275,0.9768637532133677,0.8923766816143499,0.9743589743589743,0.8747252747252747,0.9768637532133677,0.9476190476190477,0.9066059225512529,0.8785871964679912,0.8805309734513275
bnp_Latn,35503,head,1431,2180,0.9951014695591323,0.9951014695591323,0.9951014695591323,0.9951014695591323,0.9954497724886244,0.9954497724886244,0.9951014695591323,0.9954497724886244,0.9951014695591323,0.9951014695591323
boa_Latn,17164,mid,570,873,0.9973753280839895,0.9973707274320772,0.9973753280839895,0.9956101843722563,0.9973753280839895,0.9973707274320772,0.9973753280839895,0.9973753280839895,0.9973753280839895,0.9973753280839895
bod_Tibt,45476,head,3044,4598,0.9794965827637939,0.9794965827637939,0.9796666666666666,0.9796666666666666,0.9786453119786452,0.9786453119786452,0.9801831806827643,0.9796734421859381,0.9794965827637939,0.9794965827637939
boj_Latn,41261,head,1057,1568,0.999054820415879,0.999054820415879,0.999054820415879,0.999054820415879,0.999054820415879,0.999054820415879,0.999054820415879,0.9995271867612293,0.999054820415879,0.999054820415879
bom_Latn,11082,mid,709,1025,0.9985915492957746,1.0,0.9985915492957746,0.9950389794472005,0.9985915492957746,0.998587570621469,0.9985915492957746,0.9992952783650458,0.9985915492957746,0.9985915492957746
bon_Latn,24452,head,425,614,0.9964830011723329,0.9964830011723329,0.9964830011723329,0.9964830011723329,0.9976525821596244,0.9976525821596244,0.9976525821596244,0.9976525821596244,0.9964830011723329,0.9964830011723329
bor_Latn,156,flat_magnet,3,4,0.3333333333333333,0.3333333333333333,0.5,0.5,0.23529411764705882,0.23529411764705882,0.5,0.4,0.28571428571428575,0.3333333333333333
bov_Latn,17729,mid,1113,1784,0.9982030548068284,0.9986516853932583,0.9982030548068284,0.9986516853932583,0.9982030548068284,0.9986516853932583,0.9986516853932583,0.9986516853932583,0.9982030548068284,0.9982030548068284
box_Latn,17668,mid,1163,1733,0.9991408934707904,1.0,0.9991408934707904,1.0,0.9991408934707904,1.0,0.9991408934707904,0.9995702621400946,0.9991408934707904,0.9991408934707904
bpr_Latn,17724,twin,606,925,0.9373996789727127,0.9388083735909822,0.9404186795491144,0.9394673123486682,0.9404186795491144,0.9404186795491144,0.9404186795491144,0.9396621078037009,0.9373996789727127,0.9373996789727127
bps_Latn,17697,twin,728,1132,0.951048951048951,0.951048951048951,0.9511173184357542,0.9511173184357542,0.9511173184357542,0.9511173184357542,0.9497206703910613,0.9490579204466155,0.951048951048951,0.951048951048951
bpy_Beng,25498,head,1724,2555,0.731651376146789,0.731651376146789,0.7349953831948292,0.7349953831948292,0.7324137931034483,0.7324137931034483,0.7405857740585775,0.7599425011978918,0.7314836046778261,0.7314836046778261
bqc_Latn,56840,head,3882,5696,0.9978106889890535,0.9978106889890535,0.9975537530578088,0.9975537530578088,0.9979392065945389,0.9979392065945389,0.9979397373165078,0.9978106889890535,0.9978106889890535,0.9978106889890535
bqj_Latn,11034,mid,667,1025,0.9851851851851852,0.991747936984246,0.9910581222056632,0.9902034664657121,0.9903201787043932,0.9917355371900827,0.9903201787043932,0.9888475836431226,0.9851851851851852,0.9851851851851852
bqp_Latn,13480,mid,847,1301,0.9958702064896755,0.9964580873671782,0.9952830188679245,0.9958702064896755,0.9952830188679245,0.9958702064896755,0.9970466627288835,0.9964580873671782,0.9958702064896755,0.9958702064896755
bre_Latn,33378,head,2321,3275,0.9490878235044548,0.9490878235044548,0.9499363597793805,0.9499363597793805,0.9518534299105241,0.9518534299105241,0.9517124016166774,0.9620689655172414,0.9486853265479219,0.9480822208094936
brh_Arab,11614,mid,618,999,0.8202020202020202,0.9654618473895583,0.8202020202020202,0.9623698959167335,0.8246445497630333,0.958664546899841,0.8754499640028798,0.8762589928057555,0.8202020202020202,0.8202020202020202
bru_Latn,17733,mid,1087,1738,0.9995402298850574,0.9995398067188219,0.9995402298850574,0.9976947902259106,0.9995402298850574,0.9990791896869246,0.9995402298850574,0.9995402298850574,0.9995402298850574,0.9995402298850574
brx_Deva,3440,mid,144,257,0.8150289017341039,0.9235880398671097,0.8235294117647058,0.9324324324324325,0.7943661971830986,0.9055374592833877,0.8668730650154798,0.8459214501510575,0.8150289017341039,0.8150289017341039
brx_Latn,374,flat_magnet,8,9,0.18823529411764706,0.4444444444444445,0.7272727272727273,0.888888888888889,0.163265306122449,0.3902439024390244,0.3636363636363636,0.2222222222222222,0.7272727272727273,0.6399999999999999
bsc_Latn,11055,mid,720,1017,0.995850622406639,0.996530187369882,0.995850622406639,0.9951287404314543,0.9951624049758121,0.9972222222222222,0.9972299168975068,0.9972299168975068,0.995850622406639,0.995850622406639
bsn_Latn,16998,mid,1117,1629,1.0,1.0,1.0,1.0,1.0,1.0,1.0,1.0,1.0,1.0
bsp_Latn,7698,mid,476,677,0.987473903966597,0.9874213836477987,0.9916492693110648,0.9798941798941798,0.9905956112852665,0.9863301787592009,0.989539748953975,0.9854166666666666,0.987473903966597,0.987473903966597
bsq_Latn,3179,mid,147,202,0.7912087912087912,0.975609756097561,0.9056603773584905,0.968421052631579,0.85459940652819,0.968421052631579,0.8044692737430167,0.7912087912087912,0.7868852459016392,0.7912087912087912
bss_Latn,17773,mid,1198,1706,0.9983333333333333,0.9995828118481436,0.9979175343606831,1.0,0.9983333333333333,1.0,0.9983333333333333,0.9983333333333333,0.9975020815986678,0.9983333333333333
btd_Latn,14730,mid,980,1404,0.9833080424886191,0.9907597535934292,0.9838056680161944,0.9917780061664954,0.9848024316109424,0.9917780061664954,0.9843037974683545,0.9853015712113532,0.9833080424886191,0.9833080424886191
bth_Latn,10993,mid,672,1050,0.9940828402366864,0.9940298507462687,0.9955555555555555,0.9925149700598802,0.9948186528497409,0.9910179640718563,0.9948186528497409,0.9948186528497409,0.9940828402366864,0.9940828402366864
bts_Latn,40284,head,2727,4123,0.9480836236933798,0.9480836236933798,0.9520308123249299,0.9520308123249299,0.9531989482909728,0.9531989482909728,0.953732912723449,0.9606354810238305,0.9480836236933798,0.9480836236933798
btt_Latn,13406,mid,863,1279,0.9988425925925927,0.9988412514484357,0.9988425925925927,0.9988399071925753,0.9988425925925927,0.9994202898550725,0.9988425925925927,0.9988425925925927,0.9988425925925927,0.9988425925925927
btx_Latn,100000,head,11907,17632,0.9807953772943576,0.97931326833404,0.9804554724677089,0.9790606985418785,0.9806638051931494,0.9791816832732669,0.9801706933888157,0.9808019028202515,0.9807953772943576,0.9807953772943576
bud_Latn,13483,mid,878,1273,1.0,1.0,1.0,0.9965714285714287,1.0,0.9988597491448118,1.0,1.0,1.0,1.0
bug_Latn,14761,mid,954,1428,0.9313824419778002,0.9703389830508474,0.9226160758861707,0.9692796610169492,0.9267803410230693,0.9677419354838709,0.9490478641276375,0.9457523029682702,0.9309127584467979,0.9313824419778002
buk_Latn,24072,head,421,679,0.9988137603795968,0.9988137603795968,0.9988137603795968,0.9988137603795968,0.9988137603795968,0.9988137603795968,0.9988137603795968,0.9988137603795968,0.9988137603795968,0.9988137603795968
bul_Cyrl,100000,head,111626,167886,0.9603143176438497,0.9583203582440428,0.9592721617691636,0.9572930354796321,0.9596875975707897,0.9572451134143457,0.9589964919367232,0.970650064683053,0.9602952886675494,0.9602709895959352
bum_Latn,100000,head,8422,12541,0.9931972789115646,0.9921972720233485,0.9930220075147612,0.9923900118906064,0.9924767136374493,0.9933971804175837,0.9930820610687023,0.9933166248955723,0.9931972789115646,0.9931972789115646
bus_Latn,23216,head,1502,2322,0.9970029970029969,0.9970029970029969,0.9970009996667778,0.9970009996667778,0.9970029970029969,0.9970029970029969,0.9970029970029969,0.9970029970029969,0.9970029970029969,0.9970029970029969
bvc_Latn,6694,mid,406,567,0.9975429975429976,0.9950738916256159,0.9975429975429976,0.9925925925925926,0.998769987699877,0.9963008631319359,0.9975429975429976,0.9975429975429976,0.9975429975429976,0.9975429975429976
bvd_Latn,4273,mid,206,345,0.9927360774818401,0.9951456310679612,0.9927360774818401,0.9951456310679612,0.9951690821256038,0.9975786924939467,0.9975669099756691,0.9927360774818401,0.9927360774818401,0.9927360774818401
bvr_Latn,17732,mid,596,943,0.997485331098072,0.9983221476510067,0.998324958123953,0.9991617770326907,0.997485331098072,0.9983221476510067,0.997485331098072,0.9983221476510067,0.997485331098072,0.997485331098072
bvz_Latn,12855,mid,774,1251,0.9974226804123711,0.9993544222078761,0.9980657640232108,0.9948119325551231,0.9987096774193548,0.9993535875888817,0.9974226804123711,0.9980657640232108,0.9974226804123711,0.9974226804123711
bwd_Latn,3872,mid,38,48,0.8131868131868132,0.925,0.8705882352941177,0.9367088607594938,0.8705882352941177,0.9367088607594938,0.891566265060241,0.8314606741573034,0.8043478260869565,0.8131868131868132
bwi_Latn,221,flat_magnet,6,4,0.631578947368421,0.7499999999999999,0.923076923076923,1.0,0.5217391304347826,0.7499999999999999,0.8,0.7058823529411764,0.923076923076923,0.923076923076923
bwq_Latn,13507,mid,869,1278,0.9994249568717654,0.9976931949250288,1.0,0.998270893371758,1.0,0.9976931949250288,0.9994249568717654,0.9988505747126437,0.9994249568717654,0.9994249568717654
bwu_Latn,17557,mid,1067,1709,0.999063670411985,1.0,0.999063670411985,1.0,0.999063670411985,1.0,0.9981290926099158,0.999063670411985,0.99859616284511,0.999063670411985
bxh_Latn,7138,mid,420,625,0.9824561403508771,0.9940828402366864,0.9859154929577464,0.9904761904761905,0.9859154929577464,0.9916963226571768,0.988235294117647,0.9836065573770492,0.9824561403508771,0.9824561403508771
bxr_Cyrl,28040,head,1605,2363,0.9642637091805298,0.9642637091805298,0.9617755856966708,0.9617755856966708,0.9633055812519272,0.9633055812519272,0.9678018575851394,0.9714817110973342,0.9642637091805298,0.9642637091805298
byr_Latn,18296,head,1204,1784,0.9995848899958489,0.9995848899958489,0.9991701244813278,0.9991701244813278,0.9995848899958489,0.9995848899958489,1.0,0.9995848899958489,0.9995848899958489,0.9995848899958489
byv_Latn,1735,mid,45,54,0.9574468085106383,0.9555555555555556,0.9887640449438202,0.9655172413793104,0.9782608695652174,0.9655172413793104,0.9782608695652174,0.9574468085106383,0.9473684210526316,0.9574468085106383
byx_Latn,17508,mid,645,938,0.9961389961389961,0.9992254066615027,0.9953703703703703,0.9992254066615027,0.9961389961389961,0.9984496124031008,0.9946029298380878,0.9984520123839009,0.9961389961389961,0.9961389961389961
bzd_Latn,25300,head,1107,1634,0.9913518434228493,0.9913518434228493,0.9922621756941283,0.9922621756941283,0.992269213278763,0.992269213278763,0.9918107370336668,0.9918032786885246,0.9918107370336668,0.9918107370336668
bzh_Latn,24550,head,459,707,0.9956521739130435,0.9956521739130435,0.9956521739130435,0.9956521739130435,0.9967355821545157,0.9967355821545157,0.9956521739130435,0.9956521739130435,0.9956521739130435,0.9956521739130435
bzi_Thai,11019,mid,656,1063,0.9849849849849849,0.983733539891557,0.9842460615153789,0.9813664596273292,0.9842460615153789,0.9805749805749806,0.9901886792452831,0.9886963074604371,0.9849849849849849,0.9849849849849849
bzj_Latn,100000,head,7574,11269,0.9895618642377502,0.9889352680050354,0.9897016809514317,0.9880219707497849,0.9894260823302522,0.988336646785951,0.9892415991499535,0.9903622465935527,0.9896290386916633,0.9896290386916633
caa_Latn,17822,mid,1150,1762,0.9978308026030369,0.9995650282731622,0.9978308026030369,1.0,0.9978308026030369,0.9995650282731622,0.998263888888889,0.998697351280938,0.9978308026030369,0.9978308026030369
cab_Latn,100000,head,13835,21261,0.9960116026105873,0.9966339715516305,0.9969943871084556,0.9967815426897624,0.996047717466188,0.996562579151138,0.9959775321616234,0.9968481686773177,0.9959754903738081,0.9959754903738081
cac_Latn,54632,head,2796,4149,0.9967765042979944,0.9967765042979944,0.9965980304386749,0.9965980304386749,0.9965980304386749,0.9965980304386749,0.9967765042979944,0.9969550420920653,0.9967765042979944,0.9967765042979944
caf_Latn,17803,twin,607,925,0.9934318555008209,0.9934318555008209,0.9934318555008209,0.9942481511914544,0.9950657894736842,0.9950657894736842,0.9934318555008209,0.9942481511914544,0.9934318555008209,0.9934318555008209
cag_Latn,12070,mid,777,1137,0.9987129987129987,0.9987113402061856,0.9987129987129987,0.9954751131221719,0.9987129987129987,0.9980657640232108,0.9987129987129987,0.9980707395498393,0.9987129987129987,0.9987129987129987
cak_Latn,100000,head,16707,25049,0.991328957668453,0.9910907777510233,0.9911488439306357,0.9904630103192034,0.990995332028309,0.9907268019509845,0.9913300018062495,0.9914514478357714,0.991328957668453,0.991328957668453
cao_Latn,17717,mid,613,928,0.994322789943228,0.998371335504886,0.9959382615759546,0.9991850040749797,0.9967479674796749,0.9991850040749797,0.9959382615759546,0.9951298701298701,0.994322789943228,0.994322789943228
cap_Latn,28831,head,1416,2075,0.9996470172961525,0.9996470172961525,0.9996470172961525,0.9996470172961525,0.9996470172961525,0.9996470172961525,0.9996470172961525,0.9996470172961525,0.9996470172961525,0.9996470172961525
caq_Latn,31638,head,2098,3228,0.9995233555767398,0.9995233555767398,1.0,1.0,1.0,1.0,0.9995233555767398,0.999761620977354,0.9995233555767398,0.9995233555767398
car_Latn,18987,head,836,1211,0.99581589958159,0.99581589958159,0.9946140035906642,0.9946140035906642,0.9952153110047847,0.9952153110047847,0.995221027479092,0.9952153110047847,0.99581589958159,0.99581589958159
cas_Latn,6696,mid,381,591,0.998689384010485,0.998689384010485,1.0,0.9867021276595744,1.0,0.9986859395532194,1.0,0.998689384010485,0.998689384010485,0.998689384010485
cat_Latn,100000,twin,124940,188708,0.9774336318987629,0.9776021824756247,0.977092443297426,0.9772360348724572,0.977139526600395,0.977358688588117,0.9780786198935214,0.9817464431078057,0.9774339970710314,0.9774300428420587
cav_Latn,17546,mid,616,859,0.9967637540453074,0.9983766233766234,0.9967637540453074,1.0,0.9967637540453074,0.9991876523151909,0.9967637540453074,0.9967637540453074,0.9967637540453074,0.9967637540453074
cax_Latn,28858,head,1386,2064,0.9981994958588405,0.9981994958588405,0.9981994958588405,0.9981994958588405,0.9981994958588405,0.9981994958588405,0.9985590778097982,0.9989189189189189,0.9981994958588405,0.9981994958588405
cbc_Latn,17534,mid,1151,1704,0.9995657837603126,0.9995657837603126,0.9995657837603126,0.9995657837603126,0.9995657837603126,0.9995657837603126,0.9995657837603126,0.9995657837603126,0.9995657837603126,0.9995657837603126
cbi_Latn,10976,mid,712,1003,0.9958041958041958,0.9978976874562019,0.9958041958041958,0.9950738916256158,0.9958041958041958,0.9964961457603364,0.9978976874562019,0.9971988795518207,0.9958041958041958,0.9958041958041958
cbk_Latn,100000,head,7190,10586,0.9266190925003366,0.9222459322485996,0.924748490945674,0.9208546894761366,0.9263568498217769,0.9212929023658779,0.9242728856721619,0.9556657124904002,0.926691349713901,0.9266289714593431
cbr_Latn,24284,head,990,1602,0.9989909182643794,0.9989909182643794,0.9989909182643794,0.9989909182643794,1.0,1.0,0.999495204442201,0.9989909182643794,0.9989909182643794,0.9989909182643794
cbs_Latn,27312,head,775,1207,1.0,1.0,1.0,1.0,1.0,1.0,1.0,1.0,1.0,1.0
cbt_Latn,10883,mid,661,1041,0.999244142101285,0.999244142101285,0.999244142101285,0.9962092494313874,0.999244142101285,0.999244142101285,0.999244142101285,0.999244142101285,0.999244142101285,0.999244142101285
cbu_Latn,16983,mid,614,930,0.9959448499594484,1.0,0.9959448499594484,0.99836867862969,0.9959448499594484,0.9991850040749797,0.9967532467532468,0.9975629569455727,0.9959448499594484,0.9959448499594484
cbv_Latn,27955,head,418,604,0.998805256869773,0.998805256869773,0.998805256869773,0.998805256869773,0.998805256869773,0.998805256869773,0.998805256869773,0.998805256869773,0.998805256869773,0.998805256869773
cce_Latn,100000,head,6901,10621,0.9831321797295333,0.976123494193176,0.9821480406386066,0.975016199870401,0.9830385091359104,0.9765028110134064,0.9820029027576198,0.9826446881127007,0.9828463439453409,0.9824179017727404
cco_Latn,17689,mid,1153,1746,0.9995665366276549,1.0,0.9995665366276549,1.0,0.9995665366276549,1.0,1.0,0.9995665366276549,0.9995665366276549,0.9995665366276549
ccp_Latn,6763,mid,387,593,0.954264524103832,0.9896640826873385,0.965,0.9844155844155844,0.9674185463659147,0.9857697283311773,0.9698492462311558,0.9686323713927226,0.9530864197530865,0.954264524103832
cdf_Latn,6763,mid,412,569,0.9963724304715841,0.9987878787878788,0.9963724304715841,0.9926829268292683,0.9963724304715841,0.9963547995139732,0.9951690821256038,0.9963724304715841,0.9951690821256038,0.9963724304715841
cdo_Latn,9577,mid,598,883,0.9738988580750407,0.9874686716791979,0.9867768595041323,0.9899159663865548,0.9827160493827161,0.9882943143812709,0.9714751426242869,0.9723127035830618,0.9590361445783133,0.9738988580750407
ceb_Latn,100000,head,135239,202617,0.9850248344987304,0.9851159261821346,0.984559863085051,0.9845243581548158,0.9847724049624613,0.9848142957513485,0.9851903670407526,0.9855774049723613,0.9850215015730588,0.9849997207691878
ceg_Latn,13524,mid,859,1287,1.0,1.0,1.0,0.9964953271028038,1.0,1.0,0.9994182664339731,1.0,1.0,1.0
cek_Latn,44097,head,2470,3699,0.9961561804572122,0.9961561804572122,0.9959546925566343,0.9959546925566343,0.9959546925566343,0.9959546925566343,0.995751567873761,0.9965594009309856,0.9961561804572122,0.9961561804572122
ces_Latn,100000,head,111796,166015,0.9735688249484936,0.9728660185466106,0.9732426902514686,0.9726295983681509,0.973355045992694,0.9726049075547507,0.9731696265567468,0.979731296947205,0.9735397563949624,0.9735183294009931
cfm_Latn,80737,head,5395,7908,0.975209624498724,0.975209624498724,0.9734448890505639,0.9734448890505639,0.9743216171917682,0.9743216171917682,0.9744990892531876,0.9777655778204776,0.9751207509341111,0.9751207509341111
cgc_Latn,17863,mid,1019,1486,0.9834146341463416,0.9935929029078363,0.9834307992202729,0.9916461916461917,0.9834146341463416,0.9935929029078363,0.9872673849167484,0.9863013698630136,0.9834146341463416,0.9834146341463416
cgg_Latn,34573,head,2277,3520,0.883674288006418,0.883674288006418,0.8844685553546314,0.8844685553546314,0.8933495539334957,0.8933495539334957,0.8956379942927027,0.911143633702697,0.8829659318637275,0.8812
cha_Latn,19311,head,546,821,0.9737080689029919,0.9737080689029919,0.9764492753623188,0.9764492753623188,0.9728260869565217,0.9728260869565217,0.9772520473157416,0.9781420765027322,0.9746376811594203,0.9746376811594203
chd_Latn,18037,head,592,1001,0.9838297872340426,0.9838297872340426,0.9829642248722317,0.9829642248722317,0.9812286689419796,0.9812286689419796,0.9838297872340426,0.9846678023850085,0.9838297872340426,0.9838297872340426
che_Cyrl,56243,head,3874,5723,0.9385774486017112,0.9385774486017112,0.9345343821365136,0.9345343821365136,0.9336232254764036,0.9336232254764036,0.9399696048632219,0.9549735517997677,0.9384733214194537,0.9384890250127617
chf_Latn,18010,head,645,926,0.9945694336695112,0.9945694336695112,0.993798449612403,0.993798449612403,0.993798449612403,0.993798449612403,0.9945694336695112,0.9953416149068323,0.9945694336695112,0.9945694336695112
chj_Latn,4286,mid,213,339,1.0,1.0,1.0,0.9952830188679246,1.0,1.0,1.0,1.0,1.0,1.0
chk_Latn,100000,head,22316,33517,0.9966072752600714,0.9969468390804598,0.9971709551394314,0.9971272107011402,0.9965397923875433,0.997081668387734,0.996743109993037,0.9969450559324318,0.9966074277112493,0.9966299707930802
cho_Latn,1031,mid,22,24,0.5365853658536585,0.7777777777777778,0.846153846153846,0.9090909090909091,0.6567164179104478,0.8936170212765958,0.6470588235294118,0.5866666666666668,0.5365853658536585,0.5365853658536585
chq_Latn,10965,mid,671,1051,1.0,1.0,1.0,0.9970104633781763,1.0,1.0,1.0,1.0,1.0,1.0
chr_Cher,11732,mid,176,281,1.0,0.9971509971509972,1.0,0.9826589595375723,1.0,0.9971509971509972,1.0,1.0,1.0,1.0
chr_Latn,6768,mid,396,589,0.9974811083123425,0.9962073324905184,0.9987389659520807,0.989795918367347,0.9974811083123425,0.9911054637865311,0.9974811083123425,0.9987389659520807,0.9974811083123425,0.9974811083123425
chu_Cyrl,27598,twin,1774,2670,0.7151200519143412,0.7151200519143412,0.7251205611573871,0.7251205611573871,0.7210824967263203,0.7210824967263203,0.7240395170142702,0.7785302232254829,0.7150886294855165,0.7149340825588935
chv_Cyrl,47817,head,2675,4085,0.973042836041359,0.973042836041359,0.9728832318760376,0.9728832318760376,0.9739612188365651,0.9739612188365651,0.9730328777244182,0.9809985096870343,0.9726836471022517,0.9723247232472325
chw_Latn,99872,head,6796,10363,0.985640266469282,0.985640266469282,0.9854236034036256,0.9854236034036256,0.9854922279792746,0.9854922279792746,0.9848540820096048,0.9855715871254163,0.985715343053808,0.985715343053808
chz_Latn,17827,mid,592,886,1.0,1.0,1.0,1.0,1.0,1.0,1.0,1.0,1.0,1.0
cjk_Latn,100000,head,11455,17140,0.9818023508924685,0.9797669078462805,0.9803240238022847,0.977407231413884,0.9816282107096213,0.9783145046097909,0.9808695652173913,0.9822850924918388,0.9818086865697624,0.9817723060860486
cjo_Latn,17378,mid,631,855,0.9936808846761453,0.9936808846761453,0.9944664031620553,0.9952531645569621,0.9952531645569621,0.9952531645569621,0.9936808846761453,0.9936808846761453,0.9936808846761453,0.9936808846761453
cjp_Latn,13518,mid,819,1340,0.9993898718730934,0.9987789987789988,0.9993898718730934,0.9963235294117647,0.9993898718730934,0.9975550122249388,0.9993898718730934,0.9993898718730934,0.9993898718730934,0.9993898718730934
cjs_Cyrl,1320,mid,28,38,0.9333333333333333,0.9433962264150945,0.9310344827586207,0.9433962264150945,0.9333333333333333,0.9433962264150945,0.9491525423728813,0.9333333333333333,0.9333333333333333,0.9333333333333333
cjv_Latn,24274,head,405,595,0.995085995085995,0.995085995085995,0.995085995085995,0.995085995085995,0.9975369458128079,0.9975369458128079,0.995085995085995,0.996309963099631,0.995085995085995,0.995085995085995
ckb_Arab,100000,twin,11809,17683,0.9532439906402894,0.9529196614638711,0.9527615970066755,0.9525995833864729,0.9526362823949955,0.952320244773075,0.9537272881643742,0.9549119140041803,0.9532439906402894,0.9530817984601643
cko_Latn,17723,mid,1020,1619,0.9970674486803519,0.9995100440960314,0.9980430528375733,0.9995100440960314,0.9980430528375733,0.9995100440960314,0.999020568070519,0.999020568070519,0.9970674486803519,0.9970674486803519
ckt_Cyrl,2269,mid,66,128,0.948905109489051,0.9846153846153847,0.9558823529411765,0.96875,0.896551724137931,0.9846153846153847,0.9701492537313432,0.962962962962963,0.948905109489051,0.948905109489051
cle_Latn,17829,mid,597,904,1.0,1.0,1.0,0.9991617770326907,1.0,1.0,1.0,1.0,1.0,1.0
clu_Latn,10945,mid,730,983,0.94469746258946,0.9854469854469855,0.9483322432962721,0.9833333333333334,0.9452411994784876,0.9833333333333334,0.966022651565623,0.9583608724388633,0.94469746258946,0.94469746258946
cly_Latn,13513,twin,841,1320,0.9046705054382598,0.9064102564102564,0.9033909149072296,0.905128205128205,0.9040920716112532,0.9052496798975672,0.9057087876844131,0.9040920716112532,0.9046705054382598,0.9046705054382598
cme_Latn,17736,mid,705,1121,0.9985815602836879,0.9992902767920511,0.9985815602836879,0.9992902767920511,0.9985815602836879,0.9992902767920511,0.9992902767920511,0.9992902767920511,0.9978738483345144,0.9985815602836879
cmn_Hani,100000,twin,67791,101900,0.8687161173045058,0.8685135298138393,0.8680827097916163,0.8676568744923644,0.8670120619777777,0.8668165011237584,0.8722789782318259,0.922131962498435,0.8687161173045058,0.8687091299556814
cmo_Khmr,11062,mid,703,986,1.0,0.9899425287356322,1.0,0.9884892086330936,1.0,0.9884892086330936,1.0,1.0,1.0,1.0
cmo_Latn,17989,mid,638,970,0.996066089693155,0.996066089693155,0.996066089693155,0.996066089693155,0.996066089693155,0.996066089693155,0.996066089693155,0.996066089693155,0.996066089693155,0.996066089693155
cmr_Latn,6689,mid,381,581,0.9934810951760104,0.9934469200524245,0.998689384010485,0.9933949801849407,0.998689384010485,0.9960474308300395,0.9947780678851175,0.9921875,0.9934810951760104,0.9934810951760104
cnh_Latn,100000,head,24720,37673,0.9930653000630427,0.9918983126560944,0.9926567807815139,0.9904445030532957,0.9928812594069072,0.9911910367784365,0.9930874639124954,0.9935588743269328,0.9930653000630427,0.9930653000630427
cni_Latn,32688,head,1794,2759,0.9600230083405233,0.9600230083405233,0.9641731155058755,0.9641731155058755,0.9647463456577816,0.9647463456577816,0.963558106169297,0.9617045781744888,0.9600230083405233,0.9597469810235768
cnk_Latn,11067,mid,689,1053,0.75222816399287,0.7538048343777978,0.7658450704225354,0.7688219663418954,0.7624113475177305,0.7622439893143366,0.7604630454140695,0.7646017699115043,0.7515583259127337,0.75222816399287
cnl_Latn,17804,mid,914,1399,1.0,1.0,1.0,1.0,1.0,1.0,1.0,1.0,1.0,1.0
cnt_Latn,17808,mid,630,913,0.9984152139461173,1.0,0.9984152139461173,1.0,0.9984152139461173,1.0,0.9984152139461173,0.9992069785884219,0.9984152139461173,0.9984152139461173
cnw_Latn,6740,mid,406,578,0.9890377588306942,0.9926108374384236,0.9926650366748166,0.9925925925925926,0.9902439024390245,0.9925925925925926,0.9902439024390245,0.9902439024390245,0.9890377588306942,0.9890377588306942
coe_Latn,17384,mid,987,1435,1.0,1.0,1.0,1.0,1.0,1.0,1.0,1.0,1.0,1.0
cof_Latn,16915,mid,550,899,0.9927667269439421,0.9945553539019963,0.9936651583710407,0.9963636363636363,0.9936651583710407,0.9954586739327883,0.9927667269439421,0.9954669084315503,0.9927667269439421,0.9927667269439421
cok_Latn,28590,head,1962,2850,0.8689893463864096,0.8689893463864096,0.8689893463864096,0.8689893463864096,0.8689893463864096,0.8689893463864096,0.8687392055267703,0.8684892086330935,0.8689893463864096,0.8689893463864096
con_Latn,17696,mid,650,990,0.9992313604919293,1.0,1.0,1.0,1.0,1.0,1.0,1.0,0.9992313604919293,0.9992313604919293
cop_Copt,27503,head,1861,2755,1.0,1.0,1.0,1.0,1.0,1.0,1.0,1.0,1.0,1.0
cor_Latn,41440,head,2766,4189,0.9862130707251567,0.9862130707251567,0.9867431028305266,0.9867431028305266,0.9865567305968811,0.9865567305968811,0.9865663621708758,0.9901132482473485,0.9860365198711063,0.9860365198711063
cos_Latn,9423,mid,605,845,0.5742283194512494,0.7925568573397658,0.6002055498458376,0.8284883720930233,0.5578296049500239,0.7898351648351649,0.7029643073200242,0.7426751592356686,0.5700389105058365,0.5742283194512494
cot_Latn,17733,mid,602,920,0.9950331125827815,0.9966832504145937,0.9950331125827815,0.995850622406639,0.9950331125827815,0.9950166112956811,0.9950331125827815,0.9958574979287489,0.9950331125827815,0.9950331125827815
cou_Latn,6745,mid,382,598,0.9960886571056062,0.9960681520314548,0.9973890339425587,0.9894179894179894,0.9960886571056062,0.9947368421052631,0.9973890339425587,0.9960886571056062,0.9960886571056062,0.9960886571056062
cpa_Latn,17827,mid,622,913,0.9991967871485944,1.0,0.9991967871485944,1.0,0.9991967871485944,1.0,0.9991967871485944,0.9991967871485944,0.9991967871485944,0.9991967871485944
cpb_Latn,17824,mid,601,918,0.9793899422918384,0.9793899422918384,0.9785831960461284,0.9785831960461284,0.9769736842105263,0.9769736842105263,0.9793899422918384,0.9793899422918384,0.9793899422918384,0.9793899422918384
cpc_Latn,17825,mid,596,944,0.9892116182572613,0.9892116182572613,0.9908409658617818,0.9908409658617818,0.9916666666666667,0.9916666666666667,0.988391376451078,0.9892116182572613,0.9892116182572613,0.9892116182572613
cpu_Latn,17825,mid,623,930,0.9477726574500768,0.9485011529592621,0.9499615088529637,0.9499615088529637,0.9506933744221879,0.9506933744221879,0.9514263685427911,0.9485011529592621,0.9477726574500768,0.9477726574500768
cpy_Latn,14716,mid,432,666,0.9885321100917431,0.989667049368542,0.9885321100917431,0.989667049368542,0.989667049368542,0.989667049368542,0.9885321100917431,0.9885321100917431,0.9885321100917431,0.9885321100917431
crh_Cyrl,38964,head,2103,3135,0.9762015865608958,0.9762015865608958,0.9757236227824463,0.9757236227824463,0.9768637532133676,0.9768637532133676,0.9780373831775702,0.9817073170731707,0.9762015865608958,0.9759738745043153
crh_Latn,17238,flat_magnet,1036,1554,0.434057493965328,0.4503642987249545,0.42510208467655275,0.4415178571428572,0.4236051502145923,0.44359550561797756,0.5065502183406114,0.6657477601654033,0.42866421303312396,0.434057493965328
cri_Latn,2059,flat_magnet,65,78,0.3553008595988538,0.7204968944099378,0.5062240663900415,0.8571428571428571,0.3351063829787234,0.7564102564102564,0.49392712550607293,0.4080267558528428,0.3473389355742297,0.3553008595988538
crj_Cans,4295,mid,227,327,1.0,1.0,1.0,1.0,1.0,1.0,1.0,1.0,1.0,1.0
crk_Cans,4454,mid,226,357,0.9933184855233852,0.9933184855233852,0.9977827050997783,0.9977827050997783,0.9910714285714286,0.9910714285714286,0.9933184855233852,0.9933184855233852,0.9955555555555555,0.9933184855233852
crk_Latn,6188,mid,341,546,0.9955947136563876,0.9970588235294118,0.9985315712187959,0.9955817378497791,0.9970588235294118,0.9970588235294118,0.9970588235294118,0.9955947136563876,0.9970760233918129,0.9955947136563876
crl_Cans,4295,mid,238,317,1.0,1.0,1.0,1.0,1.0,1.0,1.0,1.0,1.0,1.0
crm_Cans,11058,mid,680,1062,0.9992652461425422,0.9992652461425422,0.9992652461425422,0.9992652461425422,0.9992652461425422,0.9992652461425422,1.0,0.9992652461425422,0.9992652461425422,0.9992652461425422
crn_Latn,37171,head,2511,3816,0.9166971136280598,0.9166971136280598,0.9166971136280598,0.9166971136280598,0.9166971136280598,0.9166971136280598,0.9166971136280598,0.9168646080760096,0.9166971136280598,0.9166971136280598
crs_Latn,100000,head,30226,45181,0.9830357437539192,0.982829998845437,0.98253376035923,0.9823924487202759,0.982649035048619,0.9824086603518268,0.9828741131826431,0.9839973549347,0.983003300330033,0.9829870794211317
crt_Latn,10872,mid,694,1016,0.9992800575953923,0.9985569985569985,0.9992800575953923,0.9912790697674418,0.9992800575953923,0.9978339350180505,0.9992800575953923,0.9992800575953923,0.9992800575953923,0.9992800575953923
crx_Latn,11044,twin,684,1055,0.9941520467836257,0.9956076134699854,0.9948792977322602,0.9911504424778761,0.9956140350877193,0.9963423555230432,0.9956076134699854,0.9941520467836257,0.9941520467836257,0.9941520467836257
csb_Latn,9336,mid,555,883,0.4043429427180831,0.8832913518052057,0.43965867533522957,0.9168853893263342,0.39706422018348625,0.8922815945716709,0.5182692307692307,0.6771356783919599,0.40298507462686567,0.4043429427180831
csk_Latn,17816,mid,667,869,0.9962602842183995,0.997005988023952,0.9962602842183995,0.9969969969969971,0.9977528089887641,0.9977494373593397,0.997005988023952,0.997005988023952,0.9955156950672646,0.9962602842183995
cso_Latn,17825,mid,637,986,0.9992144540455618,0.9984276729559748,0.9992144540455618,0.9984276729559748,0.9992144540455618,0.9984276729559748,0.9992144540455618,0.9992144540455618,0.9992144540455618,0.9992144540455618
csw_Cans,124,flat_magnet,2,4,0.0,0.0,0.5,0.5,0.5,0.5,0.0,0.0,0.4444444444444445,0.0
csw_Latn,247,flat_magnet,4,7,0.38095238095238093,0.5714285714285715,0.8,0.888888888888889,0.38095238095238093,0.7272727272727273,0.6666666666666666,0.4,0.8,0.7272727272727273
csy_Latn,36704,head,2522,3675,0.9895360315893386,0.9895360315893386,0.9891325824935784,0.9891325824935784,0.9891368753703337,0.9891368753703337,0.9901224812327143,0.9901224812327143,0.9895360315893386,0.9895360315893386
cta_Latn,17725,mid,601,929,1.0,1.0,1.0,1.0,1.0,1.0,1.0,1.0,1.0,1.0
ctd_Latn,66425,twin,4032,6073,0.9129716681489011,0.9129716681489011,0.9111704155547083,0.9111704155547083,0.9100178434871271,0.9100178434871271,0.9156778591264833,0.9156383782422564,0.9129716681489011,0.9129716681489011
cto_Latn,16604,mid,1048,1620,0.9521072796934866,0.9659863945578231,0.9516977522716404,0.968780487804878,0.953020134228188,0.9649805447470817,0.9511961722488038,0.9494274809160306,0.951651507898516,0.9521072796934866
ctp_Latn,25169,head,1096,1760,1.0,1.0,0.9995440036479708,0.9995440036479708,1.0,1.0,1.0,1.0,1.0,1.0
ctu_Latn,100000,head,13386,19730,0.9968546394068748,0.9974193065788982,0.9972682707779815,0.9972334380140572,0.9965169843826074,0.9972697011631821,0.997005091344714,0.9969302186283319,0.9968546394068748,0.9968546394068748
cub_Latn,17667,mid,725,1056,0.9993108201240524,1.0,0.9993108201240524,0.9993098688750862,0.9993108201240524,1.0,0.9993108201240524,0.9993108201240524,0.9993108201240524,0.9993108201240524
cuc_Latn,17804,mid,648,899,1.0,0.9992277992277991,1.0,0.9992277992277991,1.0,0.9992277992277991,1.0,1.0,1.0,1.0
cui_Latn,17685,mid,620,909,0.998389694041868,0.9991941982272361,0.998389694041868,0.9991941982272361,0.998389694041868,0.9991941982272361,0.997586484312148,0.998389694041868,0.998389694041868,0.998389694041868
cuk_Latn,44245,head,1796,2751,0.9935807982137873,0.9935807982137873,0.9938581797878281,0.9938581797878281,0.9941357162803686,0.9941357162803686,0.9921962095875141,0.994413407821229,0.9935807982137873,0.9935807982137873
cul_Latn,17610,mid,589,913,0.9957734573119188,0.9982993197278911,0.9966159052453468,0.9982993197278911,0.9966159052453468,1.0,0.9966159052453468,0.9966159052453468,0.9957734573119188,0.9957734573119188
cut_Latn,17581,mid,616,909,0.9983792544570502,0.9991889699918897,0.9975708502024292,0.9991889699918897,0.9975708502024292,0.9991889699918897,0.9983792544570502,0.9983792544570502,0.9983792544570502,0.9983792544570502
cux_Latn,11059,mid,687,1051,1.0,1.0,1.0,0.9956140350877193,1.0,1.0,1.0,1.0,1.0,1.0
cwd_Cans,231,flat_magnet,2,8,0.33333333333333337,0.3636363636363636,0.8,0.8,1.0,1.0,0.33333333333333337,0.33333333333333337,0.6666666666666666,0.5714285714285715
cwe_Latn,17817,twin,641,914,0.9673500379650721,0.9732620320855615,0.9687261632341724,0.9739263803680982,0.9694656488549618,0.9731800766283525,0.9717772692601068,0.9702970297029703,0.9673500379650721,0.9673500379650721
cwt_Latn,13447,mid,824,1295,0.9927710843373494,0.9975728155339806,0.9945684972842487,0.9957498482088647,0.9951690821256038,0.9969641772920461,0.9951690821256038,0.993968636911942,0.9927710843373494,0.9927710843373494
cya_Latn,17827,twin,624,893,0.8935860058309038,0.8935860058309038,0.8898614150255288,0.8898614150255288,0.8905109489051095,0.8905109489051095,0.8945454545454544,0.8926223520818116,0.8935860058309038,0.8935860058309038
cym_Latn,100000,head,19823,29995,0.9876916106622367,0.9859614756774404,0.9872939992451881,0.985489054026913,0.9876885117953623,0.9857358111501758,0.9866050111834335,0.9895691609977325,0.9874940238041316,0.9874691761864023
czt_Latn,19062,head,1262,1876,0.9972233240777468,0.9972233240777468,0.9972233240777468,0.9972233240777468,0.9972233240777468,0.9972233240777468,0.9968279143536876,0.9976190476190476,0.9972233240777468,0.9972233240777468
daa_Latn,17721,mid,665,1054,0.9970014992503747,0.9984984984984985,0.9962546816479401,0.9984984984984985,0.9970014992503747,0.9992486851990984,0.9970014992503747,0.9977494373593399,0.9970014992503747,0.9970014992503747
dad_Latn,24369,head,431,600,0.9953810623556583,0.9953810623556583,0.9942329873125721,0.9942329873125721,0.9953810623556583,0.9953810623556583,0.9976851851851852,0.9976851851851852,0.9953810623556583,0.9953810623556583
daf_Latn,10483,mid,635,979,0.9890795631825273,0.9945011783189316,0.9890795631825273,0.9936708860759494,0.9929522317932654,0.9960660896931549,0.9898516783762685,0.9890795631825273,0.9890795631825273,0.9890795631825273
dag_Latn,11906,mid,752,1083,0.5988791032826261,0.9237445753254805,0.5799457994579945,0.9470325462667517,0.590138067061144,0.9173859432799013,0.6622399291722001,0.6900369003690037,0.5962534874451972,0.5988791032826261
dah_Latn,23848,head,420,624,0.9988109393579072,0.9988109393579072,0.9988109393579072,0.9988109393579072,0.9988109393579072,0.9988109393579072,0.9988109393579072,0.9988109393579072,0.9988109393579072,0.9988109393579072
dak_Latn,2019,mid,59,95,0.8428571428571429,0.9516129032258065,0.9291338582677166,0.9655172413793103,0.8805970149253731,0.959349593495935,0.9076923076923077,0.8740740740740741,0.8428571428571429,0.8428571428571429
dan_Latn,100000,twin,232376,348795,0.9345103233136796,0.9346963222542061,0.9346604016143409,0.934476538734055,0.93447007314979,0.9345327649148378,0.9345671385210456,0.9412431833489039,0.9345195410541413,0.9345249033044554
dar_Cyrl,1870,mid,58,68,0.8484848484848485,0.9333333333333333,0.8682170542635659,0.9411764705882353,0.8235294117647058,0.9105691056910569,0.896,0.8549618320610687,0.8484848484848485,0.8484848484848485
dbq_Latn,6656,mid,400,554,0.991282689912827,0.9962453066332916,0.9925187032418954,0.9937264742785445,0.9937578027465668,0.9962358845671266,0.995,0.9962453066332916,0.991282689912827,0.991282689912827
ddg_Latn,1354,flat_magnet,21,44,0.6363636363636364,0.8695652173913043,0.9130434782608696,1.0,0.7636363636363637,0.9523809523809523,0.8936170212765957,0.711864406779661,0.626865671641791,0.6363636363636364
ddn_Latn,6765,mid,377,610,0.9921052631578947,0.9960369881109644,0.9934123847167325,0.9960369881109644,0.9921052631578947,0.9934123847167325,0.9934123847167325,0.9934123847167325,0.9921052631578947,0.9921052631578947
ded_Latn,34664,head,807,1192,0.9987623762376239,0.9987623762376239,0.9987623762376239,0.9987623762376239,0.9987623762376239,0.9987623762376239,0.9987623762376239,0.9987623762376239,0.9987623762376239,0.9987623762376239
des_Latn,17332,mid,740,1004,0.9986504723346828,0.997971602434077,0.9986504723346828,0.997971602434077,0.9986504723346828,0.997971602434077,0.9986504723346828,0.9986504723346828,0.9986504723346828,0.9986504723346828
deu_Latn,100000,head,167668,250334,0.9804767515634915,0.9827627743380954,0.9802333557965737,0.9823290680052185,0.9794481181445831,0.9824299245619531,0.9818914330344891,0.988128845889859,0.9804741432701807,0.9804772234273319
dga_Latn,17138,mid,1119,1627,0.9910952804986644,0.9959695476936857,0.9915442812639074,0.9946188340807175,0.9919786096256684,0.9950650515926424,0.9937499999999999,0.9928635147190008,0.9910952804986644,0.9910952804986644
dgc_Latn,17586,mid,571,957,0.9921671018276762,0.9982486865148862,0.9930313588850175,0.9991235758106924,0.991304347826087,0.9991235758106924,0.9947643979057593,0.993897122929381,0.9921671018276762,0.9921671018276762
dgi_Latn,13517,mid,874,1300,0.9988571428571429,0.998282770463652,0.9988571428571429,0.998282770463652,0.9982866933181039,0.9977116704805492,0.9994282447112636,0.9988571428571429,0.9988571428571429,0.9988571428571429
dgr_Latn,18978,head,678,1048,0.9992630803242447,0.9992630803242447,0.9992630803242447,0.9992630803242447,0.9992630803242447,0.9992630803242447,0.9992630803242447,0.9992630803242447,0.9992630803242447,0.9992630803242447
dgz_Latn,24281,head,428,643,0.9953488372093023,0.9953488372093023,0.9953488372093023,0.9953488372093023,0.9953488372093023,0.9953488372093023,0.9941927990708479,0.9976689976689977,0.9953488372093023,0.9953488372093023
dhg_Latn,1607,mid,42,50,1.0,1.0,1.0,1.0,1.0,1.0,1.0,1.0,1.0,1.0
dhm_Latn,11061,mid,680,1045,0.980533525594809,0.9895988112927191,0.9819494584837545,0.9895988112927191,0.9812409812409812,0.9903489235337787,0.9919766593727206,0.9847936278059377,0.980533525594809,0.980533525594809
dhv_Latn,100000,head,23376,34408,0.9959425516841631,0.99667631607162,0.9964823473896444,0.9967416934619506,0.9957055741647342,0.9966119140541236,0.9961157964763192,0.9965243509976399,0.9959856600047229,0.9960287646238059
did_Latn,6278,mid,350,549,0.9915014164305949,0.989928057553957,0.9929078014184397,0.9796511627906976,0.9929078014184397,0.9870129870129869,0.9943181818181819,0.995732574679943,0.9915014164305949,0.9915014164305949
dig_Latn,13447,mid,898,1243,0.9681253376553215,0.9932885906040269,0.9696969696969697,0.9888017917133258,0.9707475622968581,0.9910414333706606,0.9787001638448936,0.9744426318651441,0.9676025917926566,0.9681253376553215
dik_Latn,40448,head,2071,3043,0.8913217623497998,0.8913217623497998,0.8915534239275246,0.8915534239275246,0.8907877169559411,0.8907877169559411,0.8932090545938748,0.8929142248268513,0.8910838227442606,0.8908460101414465
dip_Latn,6750,mid,416,571,0.7046808510638297,0.7065868263473053,0.7064846416382253,0.7151515151515152,0.7033898305084746,0.7052810902896082,0.7131782945736433,0.7125645438898451,0.7046808510638297,0.7046808510638297
diq_Latn,28046,head,1915,2799,0.8497409326424871,0.8497409326424871,0.8439981317141522,0.8439981317141522,0.8450572563683103,0.8450572563683103,0.8593264867446859,0.8763388510223954,0.8474178403755869,0.844839691083548
dis_Latn,11060,mid,708,1034,0.996481351161154,0.9957567185289958,0.9971830985915493,0.9943262411347519,0.9971830985915493,0.9971711456859972,0.996481351161154,0.996481351161154,0.996481351161154,0.996481351161154
diu_Latn,166,flat_magnet,6,2,0.4444444444444444,0.4444444444444444,0.6666666666666666,0.6666666666666666,0.2553191489361702,0.2553191489361702,0.6666666666666666,0.4705882352941177,0.42105263157894735,0.4444444444444444
div_Thaa,33933,head,2296,3457,1.0,1.0,1.0,1.0,1.0,1.0,1.0,1.0,1.0,1.0
dje_Latn,6801,mid,374,613,0.9894179894179894,0.9959946595460616,0.990728476821192,0.9973262032085561,0.988110964332893,0.9973262032085561,0.9933598937583002,0.990728476821192,0.9894179894179894,0.9894179894179894
djk_Latn,92008,head,5739,8699,0.98710352039038,0.98710352039038,0.9864253393665159,0.9864253393665159,0.9865619546247819,0.9865619546247819,0.9864253393665159,0.9869519832985385,0.9870175132874445,0.9871057675553232
djr_Latn,10796,mid,685,1011,1.0,1.0,1.0,0.9956011730205279,1.0,1.0,1.0,1.0,1.0,1.0
dks_Latn,15265,mid,956,1517,0.9618320610687022,0.9623217922606925,0.9627740948495666,0.9642126789366053,0.9637570188871875,0.9652351738241308,0.9619482496194824,0.9619482496194824,0.9618320610687022,0.9618320610687022
dln_Latn,26435,head,1786,2592,0.9842061512884456,0.9842061512884456,0.9844789356984479,0.9844789356984479,0.9844703272323905,0.9844703272323905,0.9861033907726515,0.9872222222222221,0.9842061512884456,0.9842061512884456
dng_Cyrl,804,isolated_tail,16,20,0.888888888888889,1.0,0.9696969696969697,0.9333333333333333,0.8,0.9032258064516129,1.0,1.0,0.9333333333333333,0.9333333333333333
dnj_Latn,21454,head,1433,2126,1.0,1.0,1.0,1.0,1.0,1.0,1.0,1.0,1.0,1.0
dnw_Latn,6439,mid,366,566,0.9918256130790191,0.9903978052126201,0.9931972789115646,0.9777777777777779,0.9931787175989086,0.9917582417582417,0.994535519125683,0.9918256130790191,0.9918478260869565,0.9918256130790191
dob_Latn,31031,head,1007,1556,0.9990059642147118,0.9990059642147118,0.9990059642147118,0.9990059642147118,0.9980099502487562,0.9980099502487562,0.9990059642147118,0.9990059642147118,0.9990059642147118,0.9990059642147118
doi_Deva,3674,mid,173,272,0.5115562403697997,0.837696335078534,0.5283630470016207,0.8617886178861789,0.4492557510148849,0.8214285714285715,0.6875,0.7931873479318735,0.5107692307692308,0.5115562403697997
dop_Latn,33651,head,2232,3436,0.9997760358342664,0.9997760358342664,0.9997760358342664,0.9997760358342664,0.9997760358342664,0.9997760358342664,0.9997760358342664,0.9997760358342664,0.9997760358342664,0.9997760358342664
dos_Latn,6742,mid,380,603,0.9986859395532194,1.0,0.9986859395532194,0.9947089947089947,0.9986859395532194,0.9973614775725593,1.0,1.0,0.9986859395532194,0.9986859395532194
dow_Latn,11019,mid,689,1044,0.997827661115134,0.9963689179375453,0.9985507246376812,0.9934354485776806,0.9985507246376812,0.9949016751638747,0.997827661115134,0.9985507246376812,0.997827661115134,0.997827661115134
drg_Latn,201,flat_magnet,5,4,0.25806451612903225,0.25806451612903225,0.8000000000000002,0.8000000000000002,0.042194092827004225,0.09174311926605505,0.5000000000000001,0.25,0.2105263157894737,0.25806451612903225
dru_Latn,29903,head,2036,2982,0.9970530451866405,0.9970530451866405,0.9970530451866405,0.9970530451866405,0.9970530451866405,0.9970530451866405,0.9968082494475817,0.9972979611888971,0.9970530451866405,0.9970530451866405
dsb_Latn,9265,mid,580,846,0.42463657230298396,0.6733291692692066,0.4568360181743082,0.7244414353419093,0.4173258003766478,0.6650093225605966,0.5255126371006199,0.6618618618618619,0.4225352112676056,0.42463657230298396
dsh_Latn,6743,mid,405,572,0.9806295399515739,0.9950617283950617,0.9878048780487805,0.9811794228356335,0.9854014598540146,0.9962917181705809,0.9854014598540146,0.9866017052375152,0.9806295399515739,0.9806295399515739
dtb_Latn,6615,mid,391,567,0.9898734177215189,0.9922879177377892,0.991128010139417,0.9896907216494846,0.9923857868020305,0.9910141206675225,0.9961783439490446,0.9936467598475222,0.9898734177215189,0.9898734177215189
dtp_Latn,52534,head,3141,4775,0.9637919684002632,0.9637919684002632,0.9719504240052186,0.9719504240052186,0.9586366644606221,0.9586366644606221,0.9679109364767517,0.9656758088356052,0.9637919684002632,0.9637919684002632
dts_Latn,13356,mid,877,1251,0.9971542401821286,0.9948542024013721,0.9965831435079727,0.9931271477663229,0.9965831435079727,0.9931271477663229,0.9971542401821286,0.9977220956719818,0.9971542401821286,0.9971542401821286
dty_Deva,11466,mid,722,1092,0.4979890310786106,0.6646706586826348,0.5084238113066267,0.676500508646999,0.4911902193455591,0.6435786435786436,0.5574310415808975,0.6372269705603039,0.4979890310786106,0.4979890310786106
dua_Latn,43871,head,2950,4471,0.9959280624363759,0.9959280624363759,0.994417188293013,0.994417188293013,0.9954105048444671,0.9954105048444671,0.9954245043213015,0.9947502116850128,0.9960983884648007,0.9952542372881356
due_Latn,17710,mid,599,876,0.9925311203319502,0.9966666666666667,0.9917081260364843,0.9966666666666667,0.9933554817275748,0.9974979149291077,0.9950083194675541,0.9958368026644463,0.9925311203319502,0.9925311203319502
dug_Latn,13397,mid,882,1253,0.9832214765100672,0.9943310657596371,0.9826718837339296,0.9925841414717628,0.982122905027933,0.9926010244735345,0.9859786876051598,0.9871003925967471,0.9832214765100672,0.9832214765100672
duo_Latn,17496,mid,560,904,0.9773123909249564,1.0,0.9790209790209791,0.9991063449508489,0.9790209790209791,0.9991063449508489,0.986784140969163,0.9798775153105862,0.976460331299041,0.9773123909249564
dur_Latn,11023,mid,697,1019,1.0,0.9992821249102656,1.0,0.9949531362653209,1.0,0.9971223021582735,1.0,1.0,1.0,1.0
dwr_Ethi,1693,mid,47,53,1.0,1.0,1.0,1.0,1.0,1.0,1.0,1.0,1.0,1.0
dwr_Latn,28305,head,728,1107,0.9738430583501007,0.9738430583501007,0.9738430583501007,0.9738430583501007,0.9744966442953019,0.9744966442953019,0.9784366576819407,0.9810810810810812,0.9738430583501007,0.9738430583501007
dww_Latn,31055,head,431,612,0.9988412514484357,0.9988412514484357,0.9976851851851852,0.9976851851851852,0.9988412514484357,0.9988412514484357,0.9988412514484357,1.0,0.9988412514484357,0.9988412514484357
dyi_Latn,17802,mid,848,1204,0.9988207547169812,0.9994100294985251,0.9994107248084856,0.9994100294985251,0.9994107248084856,0.9994100294985251,1.0,0.9994100294985251,0.9988207547169812,0.9988207547169812
dyo_Latn,14804,mid,915,1473,0.9907255864702672,0.9950684931506849,0.9929155313351499,0.9961601755348327,0.9945414847161572,0.9978094194961665,0.9918077553249589,0.9934354485776805,0.9907255864702672,0.9907255864702672
dyu_Latn,100000,head,15731,23498,0.9768193721509164,0.976319525100013,0.9763545204593239,0.9748007614622657,0.9758829432520799,0.974874047280713,0.9792921322984767,0.9795038450400593,0.9768193721509164,0.9768193721509164
dzo_Tibt,13407,mid,881,1270,0.93354943273906,0.93354943273906,0.934054054054054,0.9466152999449642,0.9310344827586206,0.9310344827586206,0.9355013550135503,0.933982683982684,0.93354943273906,0.93354943273906
ebk_Latn,17799,mid,689,1003,0.9927849927849928,0.997824510514866,0.9942196531791908,0.9970972423802612,0.9949385394070861,0.9985486211901307,0.9935018050541515,0.9942196531791908,0.9927849927849928,0.9927849927849928
efi_Latn,100000,head,57057,85591,0.9975409692094217,0.9976466869215505,0.9977786167718824,0.9977435753356102,0.9974969040655548,0.997699575035999,0.9975762685072974,0.9976554473529387,0.9975409692094217,0.9975409692094217
eka_Latn,17820,mid,868,1395,0.9977011494252873,0.9994242947610823,0.9988492520138089,1.0,0.9988492520138089,1.0,0.9982748706152961,0.9982748706152961,0.9977011494252873,0.9977011494252873
ekk_Latn,100000,head,235861,353261,0.9726261391323953,0.9747545551751325,0.9735472417078028,0.9749695540642086,0.9720796657889145,0.9745627225275676,0.9739975425298099,0.978678006469503,0.9727223663591025,0.9727917399935848
eko_Latn,2700,mid,105,168,0.8076923076923077,0.909090909090909,0.9251101321585903,0.9473684210526315,0.860655737704918,0.9478672985781991,0.8713692946058093,0.8203125,0.8076923076923077,0.8076923076923077
ell_Grek,100000,head,263566,393732,0.9842473610865163,0.9860503003767436,0.9848393058736871,0.9862420734447436,0.9803030654272049,0.9871049809193625,0.9853437386444256,0.9882280061412447,0.9857592017465638,0.9857593659554678
eme_Latn,645,flat_magnet,11,17,0.5882352941176471,0.6451612903225806,0.7407407407407406,0.7407407407407406,0.5405405405405405,0.5405405405405405,0.6451612903225806,0.5714285714285715,0.5882352941176471,0.7407407407407406
emi_Latn,18149,head,639,1022,1.0,1.0,1.0,1.0,0.9992181391712275,0.9992181391712275,0.9992181391712275,0.9992181391712275,1.0,1.0
eml_Latn,25500,head,1749,2528,0.9027012850773669,0.9027012850773669,0.9004714510214772,0.9004714510214772,0.9043112513144058,0.9043112513144058,0.9213483146067415,0.920694259012016,0.9005756148613291,0.9001046025104603
emp_Latn,18016,head,624,966,0.9967845659163987,0.9967845659163987,0.9967845659163987,0.9967845659163987,0.9967845659163987,0.9967845659163987,0.9967845659163987,0.9967845659163987,0.9967845659163987,0.9967845659163987
enb_Latn,13439,mid,858,1280,0.9988344988344988,0.9988344988344988,0.9988344988344988,0.9953216374269007,0.9988344988344988,0.9988344988344988,0.9988344988344988,0.9988344988344988,0.9988344988344988,0.9988344988344988
eng_Latn,100000,twin,774963,1164217,0.9681297624057444,0.9688485275429399,0.968718107119731,0.9692831817358888,0.9677642765203482,0.9691935721540182,0.9696896042693861,0.9858296394718009,0.9682756321156217,0.9682873194263985
enl_Latn,11016,mid,704,1027,0.9978738483345145,0.9971509971509972,0.9985815602836879,0.9892318736539842,0.9985815602836879,0.9964362081254455,0.9985815602836879,0.9985815602836879,0.9978738483345145,0.9978738483345145
enm_Latn,34177,head,2326,3441,0.2715438534487836,0.2715438534487836,0.29177483695308043,0.29177483695308043,0.2855903315773164,0.2855903315773164,0.28188658469443933,0.48694530998173413,0.2714479185067421,0.2714479185067421
enq_Latn,16127,mid,34,66,0.9444444444444444,0.9855072463768115,0.9444444444444444,1.0,0.9444444444444444,1.0,0.9577464788732395,0.9444444444444444,0.9444444444444444,0.9444444444444444
enx_Latn,26138,head,1674,2598,0.994333432746794,0.994333432746794,0.9940405244338498,0.9940405244338498,0.9940369707811568,0.9940369707811568,0.9949268874962699,0.9961159247086944,0.9940369707811568,0.9940369707811568
epo_Latn,100000,head,91731,137510,0.9877501065445684,0.9873419100425931,0.9877884940963159,0.9874731762578565,0.9876579649306921,0.9873791431761855,0.9876660341555976,0.9893982494529541,0.9877510435105662,0.9877405185695086
eri_Latn,17713,mid,621,933,0.9983922829581994,0.999195494770716,0.9983922829581994,1.0,0.9983922829581994,1.0,0.9983922829581994,0.999195494770716,0.9983922829581994,0.9983922829581994
ese_Latn,24273,head,1029,1640,0.9985443959243085,0.9985443959243085,0.9985443959243085,0.9985443959243085,0.9985443959243085,0.9985443959243085,0.9980601357904947,0.9990291262135923,0.9985443959243085,0.9985443959243085
esi_Latn,11038,twin,708,1022,0.9872159090909092,0.9850320741268709,0.9864960909737028,0.9791216702663788,0.9865152590489709,0.9835831548893648,0.9864960909737028,0.9872159090909092,0.9872159090909092,0.9872159090909092
esk_Latn,17756,twin,616,923,0.9831053901850362,0.9862792574656981,0.9815261044176707,0.9838449111470113,0.9814963797264683,0.9838709677419355,0.983132530120482,0.9831053901850362,0.9831053901850362,0.9831053901850362
ess_Latn,6942,mid,403,612,0.9913473423980221,0.9811320754716982,0.9901234567901234,0.9798488664987406,0.9889025893958076,0.9810844892812107,0.9925742574257426,0.9925742574257426,0.9876847290640394,0.9913473423980221
esu_Latn,11057,mid,703,1038,0.9922371206774877,0.994277539341917,0.9936395759717315,0.9899425287356322,0.9943422913719944,0.990667623833453,0.9957507082152974,0.9964564138908575,0.9922371206774877,0.9922371206774877
eto_Latn,153,flat_magnet,3,4,0.5,0.5,0.8571428571428571,0.8571428571428571,0.17142857142857143,0.17142857142857143,0.6666666666666666,0.4615384615384615,0.42857142857142855,0.5
etr_Latn,9965,mid,197,334,0.9825436408977556,0.9924050632911392,0.9874686716791979,0.9898477157360406,0.9874686716791979,0.9924050632911392,0.985,0.9776674937965261,0.9825436408977556,0.9825436408977556
etu_Latn,11024,mid,680,1050,0.9970674486803519,0.9970588235294118,0.9977989728539985,0.9903632320237212,0.9977989728539985,0.9977924944812362,0.9970674486803519,0.9970674486803519,0.9970674486803519,0.9970674486803519
eus_Latn,100000,head,58943,88981,0.991397135782299,0.9908771214515061,0.9914854163299678,0.9908344163842241,0.991369918975965,0.990894110052155,0.9913222332712887,0.9920682201154023,0.9914148848369339,0.9914151770141152
eve_Cyrl,1953,mid,55,88,0.8396946564885496,0.9629629629629629,0.8661417322834646,0.9629629629629629,0.8088235294117647,0.9454545454545454,0.9322033898305084,0.8943089430894309,0.8333333333333333,0.8396946564885496
ewe_Latn,100000,head,100743,151388,0.9962250996015936,0.9968151915363717,0.996709855004654,0.9969057189477455,0.9962451321175662,0.9968852622151458,0.9964251573329085,0.9965001717554401,0.996250093374169,0.9962800842583325
ewo_Latn,11283,mid,727,1054,0.9882677708764667,0.9874826147426982,0.9882677708764667,0.9825296995108315,0.989648033126294,0.9867595818815331,0.9910158949550795,0.9903181189488244,0.9889655172413793,0.9882677708764667
ext_Latn,8692,flat_magnet,525,803,0.2616627573625228,0.48619329388560156,0.27519379844961245,0.516163222045575,0.24730656219392746,0.4544618215271389,0.3634377276037874,0.43829600351339476,0.25996892801657173,0.2616627573625228
eza_Latn,30724,head,2096,3054,0.9942775393419171,0.9942775393419171,0.9935637663885578,0.9935637663885578,0.9933237958989033,0.9933237958989033,0.9940433643078388,0.9935668334524662,0.9942775393419171,0.9942775393419171
faa_Latn,24288,head,448,663,0.9977728285077951,0.9977728285077951,0.9977728285077951,0.9977728285077951,0.9988851727982163,0.9988851727982163,0.9977728285077951,0.9977728285077951,0.9977728285077951,0.9977728285077951
fad_Latn,1949,mid,53,91,0.9298245614035088,0.9464285714285715,0.9724770642201834,0.9719626168224299,0.9636363636363636,0.9724770642201834,0.9724770642201834,0.9380530973451328,0.9217391304347826,0.9298245614035088
fai_Latn,28850,head,422,662,0.9964580873671782,0.9964580873671782,0.9976359338061466,0.9976359338061466,0.9976359338061466,0.9976359338061466,0.9988165680473373,0.9976359338061466,0.9964580873671782,0.9964580873671782
fal_Latn,13515,mid,885,1270,0.9971767363071711,0.9960429621254947,0.9971767363071711,0.9954699886749716,0.9971767363071711,0.9949066213921901,0.9971767363071711,0.9971767363071711,0.9971767363071711,0.9971767363071711
fan_Latn,17431,mid,1124,1677,0.8988673139158576,0.9079754601226994,0.8803486529318543,0.9188741721854305,0.922180607573866,0.9453924914675768,0.8927280032141423,0.8743126472898665,0.8946098149637973,0.8988673139158576
fao_Latn,94618,head,5324,7914,0.9494949494949495,0.9494949494949495,0.9470342826047523,0.9470342826047523,0.9487855908305286,0.9487855908305286,0.9475308641975309,0.9582950578724968,0.948813528502591,0.9486410326333969
far_Latn,10940,mid,154,203,0.977491961414791,0.9838187702265372,0.9741935483870969,0.9837133550488599,0.9741935483870969,0.9805194805194806,0.9838187702265372,0.9838187702265372,0.977491961414791,0.977491961414791
fas_Arab,100000,head,229411,343986,0.9398445771543641,0.9410206136399766,0.9403864197502402,0.9414709634631063,0.9340523239632619,0.9397151833040398,0.9490068405457804,0.9869719786650506,0.9398864249698994,0.9399407710830034
fat_Latn,39870,head,2637,4072,0.9103855505383814,0.9103855505383814,0.8982528263103803,0.8982528263103803,0.9120055758843003,0.9120055758843003,0.9146043917741372,0.9351669941060904,0.9092801387684302,0.9083347773349507
ffm_Latn,24480,twin,616,969,0.9651898734177216,0.9651898734177216,0.9613869188337274,0.9613869188337274,0.9636650868878356,0.9636650868878356,0.9629044988161011,0.9674861221252974,0.9644268774703557,0.9644268774703557
fij_Latn,100000,head,74216,110955,0.9946298089620567,0.9948417318783677,0.9946709461609822,0.9947062725931142,0.9945547639043155,0.9947602155487556,0.9947664538493308,0.994786871039376,0.9946638496126551,0.9946638496126551
fil_Latn,100000,head,94203,140931,0.9819947551329339,0.9824115120777831,0.9817689598021818,0.9818564906941356,0.9818875728921249,0.9821583453501551,0.9824105483456969,0.9825586353944563,0.9820116085086424,0.9820069499221865
fin_Latn,100000,head,236479,354399,0.9501029159140503,0.9639723628379497,0.9559967649204857,0.9689665261538127,0.9438386174838473,0.9599427941639551,0.9609224659738989,0.9747384645516748,0.9501544202663059,0.9501694473121655
fit_Latn,3881,flat_magnet,205,278,0.035893620978240656,0.05372332487688405,0.04229406554472984,0.07096512570965127,0.03160006687844842,0.04490275420963321,0.05310468814825059,0.21065989847715735,0.035840297121634175,0.035893620978240656
fkv_Latn,1884,flat_magnet,58,72,0.030982470444353857,0.042577030812324924,0.045763760049474335,0.062882096069869,0.020613373554550025,0.029909484454939,0.05559619604974396,0.10810810810810811,0.0307194826192401,0.030982470444353857
fmu_Deva,974,isolated_tail,18,25,0.8,0.878048780487805,0.8181818181818181,0.8421052631578948,0.7058823529411764,0.8292682926829269,0.9,0.878048780487805,0.9411764705882353,1.0
fon_Latn,100000,head,14597,21519,0.994116635128161,0.9948939378362632,0.995401509951956,0.9926882602159355,0.9946711589369822,0.9939767282683093,0.994222833562586,0.9942896456828345,0.9940824330833276,0.9941516444199806
for_Latn,31149,head,385,578,0.9909909909909909,0.9909909909909909,0.9896907216494846,0.9896907216494846,0.9896907216494846,0.9896907216494846,0.9909909909909909,0.9922680412371134,0.9909909909909909,0.9909909909909909
fra_Latn,100000,head,201250,302449,0.9693336830391815,0.9826443546527366,0.9706766707079333,0.9830499133205736,0.964247053855898,0.9816169183562359,0.9775686971269357,0.9852674478855276,0.9693417125861945,0.9693395565808806
frd_Latn,10934,mid,652,891,0.9939024390243903,0.997694081475788,0.9954198473282443,0.991492652745553,0.9954198473282443,0.9969230769230769,0.9969418960244648,0.9961802902979373,0.9939024390243903,0.9939024390243903
fro_Latn,15794,flat_magnet,1021,1446,0.44921046429413153,0.4737105658487732,0.4703547506822129,0.49775429326287984,0.44423661444938045,0.47930946940847924,0.516822945394374,0.7108290360967869,0.4494699646643109,0.44921046429413153
frp_Latn,5176,flat_magnet,290,400,0.10996427153632393,0.6075949367088608,0.11709997886281971,0.6717752234993615,0.10688790275901987,0.6146682188591386,0.1534201052340072,0.25239179954441915,0.10968125123737874,0.10996427153632393
frr_Latn,10794,mid,702,990,0.48258881463243053,0.8002385211687537,0.5066765578635015,0.8298136645962734,0.47176308539944894,0.7961859356376639,0.5916343251401467,0.716842105263158,0.47821540606483093,0.48258881463243053
fry_Latn,100000,head,8496,12422,0.9488536155202822,0.9405338439013402,0.9465085937943161,0.939041519186471,0.9494362828834985,0.9394825646794152,0.9435775667118951,0.9733045154506689,0.948529829949383,0.9484219505260165
fub_Latn,38248,twin,2011,3013,0.9794706900816226,0.9794706900816226,0.9769858945805494,0.9769858945805494,0.9779429987608426,0.9779429987608426,0.9777777777777777,0.9794706900816226,0.9794706900816226,0.9792284866468843
fud_Latn,9316,mid,536,848,0.5475946775844421,0.6854891661195011,0.5943238731218697,0.71448087431694,0.6235431235431236,0.7590711175616836,0.560796645702306,0.5596234309623431,0.5184108527131783,0.5475946775844421
fue_Latn,10730,mid,698,988,0.9688385269121814,0.972972972972973,0.9715909090909091,0.9757489300998574,0.9716312056737589,0.9757489300998574,0.9735525375268049,0.9715909090909091,0.9688385269121814,0.9688385269121814
fuf_Latn,21670,head,966,1370,0.9835560123329908,0.9835560123329908,0.9829633453794528,0.9829633453794528,0.9839958699019101,0.9839958699019101,0.9850746268656717,0.9871067560598246,0.9835560123329908,0.9820420728578759
fuh_Latn,24509,twin,1069,1612,0.9625468164794008,0.9625468164794008,0.9624413145539905,0.9624413145539905,0.9624413145539905,0.9624413145539905,0.9644194756554307,0.9661654135338346,0.9625468164794008,0.9625468164794008
fuq_Latn,17770,mid,842,1303,0.970828471411902,0.9719626168224299,0.9690962099125364,0.9713617767387492,0.9725306838106371,0.9725306838106371,0.9730363423212192,0.9736688121708601,0.970828471411902,0.970828471411902
fur_Latn,46173,head,3087,4521,0.8023009385407205,0.8023009385407205,0.789825970548862,0.789825970548862,0.79585087191822,0.79585087191822,0.8056900726392252,0.8202523853493381,0.8012084592145016,0.8004829459704196
fuv_Arab,6753,mid,396,575,0.9987389659520807,0.9961977186311787,1.0,0.989795918367347,1.0,0.9949238578680203,0.9987389659520807,0.9987389659520807,0.9987389659520807,0.9987389659520807
fuv_Latn,30578,twin,1394,2063,0.9489315465411082,0.9489315465411082,0.9447236180904522,0.9447236180904522,0.947444204463643,0.947444204463643,0.9511400651465797,0.9534545454545454,0.9479015918958033,0.9468738706179978
gaa_Latn,100000,head,69720,104590,0.9972315104447561,0.9973761205403036,0.9972388403129314,0.9973189192297465,0.9971955762012281,0.9973835537665325,0.997245971424257,0.9972531028432543,0.9972387211827476,0.997245971424257
gag_Cyrl,14070,mid,904,1352,0.974635725849973,0.9928057553956834,0.9756625202812332,0.992789794786467,0.9767190037899296,0.9933481152993349,0.9858078602620087,0.9852700490998362,0.974635725849973,0.974635725849973
gag_Latn,14325,mid,876,1426,0.6404411764705883,0.983342906375646,0.6473429951690821,0.9855907780979828,0.6402058066887174,0.9844559585492229,0.7350210970464135,0.8561576354679803,0.6387972130546388,0.6404411764705883
gah_Latn,24357,head,417,614,0.9916765755053507,0.9916765755053507,0.9940405244338498,0.9940405244338498,0.9940405244338498,0.9940405244338498,0.9940405244338498,0.996415770609319,0.9916765755053507,0.9916765755053507
gai_Latn,17631,mid,615,976,0.9991876523151909,1.0,0.9991876523151909,0.9991863303498779,1.0,0.9991863303498779,0.9991876523151909,0.9991876523151909,0.9991876523151909,0.9991876523151909
gam_Latn,24151,head,418,641,0.9916765755053507,0.9916765755053507,0.992857142857143,0.992857142857143,0.992857142857143,0.992857142857143,0.992857142857143,0.9940405244338499,0.9916765755053507,0.9916765755053507
gaw_Latn,24230,head,440,599,0.9988649262202043,0.9988649262202043,0.9988649262202043,0.9988649262202043,0.9988649262202043,0.9988649262202043,0.9988649262202043,0.9988649262202043,0.9988649262202043,0.9988649262202043
gaz_Latn,100000,head,49093,73516,0.9888507189434925,0.9942993747701361,0.9893313051164512,0.9940957751082782,0.9886436110025305,0.9941660280970626,0.9906712780041256,0.9912504744027655,0.9888511776200761,0.9888412370285808
gbi_Latn,13298,mid,848,1221,0.9958847736625515,0.9964622641509434,0.9958847736625515,0.9952718676122931,0.9964705882352942,0.9970501474926254,0.9958847736625515,0.9958847736625515,0.9958847736625515,0.9958847736625515
gbo_Latn,6764,mid,388,594,1.0,0.9869451697127937,1.0,0.982961992136304,1.0,0.9842931937172774,1.0,1.0,1.0,1.0
gbr_Latn,10708,mid,675,1006,0.9977827050997783,0.9925484351713861,0.9977827050997783,0.9887808526551982,0.9977827050997783,0.9910447761194031,0.9985207100591716,0.9985207100591716,0.9977827050997783,0.9977827050997783
gcf_Latn,67389,head,4553,6934,0.9811988498119886,0.9811988498119886,0.9804614195827354,0.9804614195827354,0.9816452896948253,0.9816452896948253,0.9811112338451342,0.9816452896948253,0.9811988498119886,0.9811988498119886
gcr_Latn,26871,head,1791,2699,0.9668765398302765,0.9668765398302765,0.9663105998356614,0.9663105998356614,0.9690156292843433,0.9690156292843433,0.9665936473165389,0.9647829647829648,0.9668765398302765,0.9668765398302765
gde_Latn,17787,mid,910,1462,1.0,1.0,1.0,0.999450247388675,1.0,0.999450247388675,1.0,1.0,1.0,1.0
gdg_Latn,10967,mid,681,1023,0.9883551673944687,0.995601173020528,0.9897959183673469,0.9926470588235295,0.9897959183673469,0.9941262848751835,0.9941434846266471,0.9912408759124088,0.9883551673944687,0.9883551673944687
gdn_Latn,23906,head,434,586,0.9965556831228473,0.9965556831228473,0.9988492520138089,0.9988492520138089,0.9988492520138089,0.9988492520138089,0.9977011494252873,0.9977011494252873,0.9965556831228473,0.9965556831228473
gdr_Latn,24452,head,430,632,0.996523754345307,0.996523754345307,0.9953703703703703,0.9953703703703703,0.996523754345307,0.996523754345307,0.9976798143851509,0.9976798143851509,0.996523754345307,0.996523754345307
geb_Latn,17527,mid,1043,1449,0.9990412272291467,0.9985611510791367,0.9990403071017274,0.9990403071017274,0.9990403071017274,0.9990403071017274,0.9990412272291467,0.9990412272291467,0.9990412272291467,0.9990412272291467
gej_Latn,6763,mid,412,574,0.9987878787878788,0.9938949938949938,0.9987878787878788,0.9877149877149877,0.9987878787878788,0.9901960784313726,0.9987878787878788,0.9987878787878788,0.9987878787878788,0.9987878787878788
gfk_Latn,23745,head,420,680,0.9917355371900827,0.9917355371900827,0.989399293286219,0.989399293286219,0.9929078014184397,0.9929078014184397,0.989399293286219,0.9940828402366864,0.9917355371900827,0.9917355371900827
ghe_Deva,11062,mid,680,1064,0.9919766593727206,0.9903632320237212,0.9919766593727206,0.988095238095238,0.9919766593727206,0.986627043090639,0.9927007299270074,0.9970674486803519,0.9919766593727206,0.9919766593727206
ghs_Latn,29407,head,334,593,0.9985007496251874,0.9985007496251874,0.9970059880239521,0.9970059880239521,0.9970059880239521,0.9970059880239521,0.9970059880239521,0.9970059880239521,0.9970059880239521,0.9955156950672646
gid_Latn,11033,mid,677,1054,0.9985228951255539,0.9977794226498891,0.9985228951255539,0.9962935507783544,0.999260901699926,0.9962935507783544,0.999260901699926,0.9985228951255539,0.9985228951255539,0.9985228951255539
gil_Latn,100000,head,25586,38147,0.9967858262778301,0.9971640360656379,0.9969827586206897,0.9970066323635866,0.9958800910303696,0.996985829484068,0.9972183043410124,0.9972971914293549,0.9968456730863424,0.9964751498061334
giz_Latn,34343,head,2352,3434,0.9938415799532812,0.9938415799532812,0.9929951178093823,0.9929951178093823,0.9932059447983014,0.9932059447983014,0.9934196561239653,0.9938415799532812,0.9936305732484078,0.9936305732484078
gjn_Latn,30192,head,2003,3048,0.9992513102071375,0.9992513102071375,0.9990019960079841,0.9990019960079841,0.9990019960079841,0.9990019960079841,0.9990019960079841,0.9992513102071375,0.9992513102071375,0.9992513102071375
gkn_Latn,77520,head,5341,7924,0.9862988335493428,0.9862988335493428,0.9851132686084143,0.9851132686084143,0.9860198129802795,0.9860198129802795,0.9852981969486824,0.9871236683649839,0.9862988335493428,0.9862988335493428
gla_Latn,100000,head,7715,11780,0.9845557350565428,0.9827819694331592,0.9833483929262941,0.9813288694308524,0.9839199225056506,0.9820243541008955,0.9838584710743803,0.9856422196352348,0.9844941206874274,0.9844305187673623
gle_Latn,100000,head,17861,26994,0.9839032503594283,0.9854194706146253,0.9842145248881511,0.9847593433069984,0.9839891757808096,0.9850855060274742,0.9838659721244545,0.9858964233329571,0.9839327996391927,0.9838773324313659
glg_Latn,100000,twin,21739,32062,0.7973334852714945,0.7903968716512193,0.7961312345913142,0.7899058606888517,0.7975821627478188,0.7903049904102892,0.7904713595972122,0.9123932589346225,0.7972577765961487,0.7971669451617804
glk_Arab,22263,head,1314,2101,0.15651612903225806,0.15651612903225806,0.1546042106610354,0.1546042106610354,0.16125329191707746,0.16125329191707746,0.1899441340782123,0.6572374360517603,0.1563043618323562,0.15613335049555924
glv_Latn,60970,head,3063,4423,0.9864886863096207,0.9864886863096207,0.9861721164795836,0.9861721164795836,0.986493083807974,0.986493083807974,0.9860117111255693,0.9893981405969663,0.9863281249999999,0.9863325740318906
gmh_Latn,3042,mid,148,186,0.42105263157894735,0.918918918918919,0.465040650406504,0.9230769230769231,0.3481392557022809,0.9278350515463918,0.6343612334801763,0.6415929203539823,0.41921397379912667,0.42105263157894735
gmv_Ethi,10916,mid,676,1037,0.9985207100591716,0.9985185185185186,0.999259807549963,0.9977761304670126,0.999259807549963,0.9977761304670126,0.9985207100591716,0.9985207100591716,0.9985207100591716,0.9985207100591716
gmv_Latn,30907,head,974,1575,0.9832061068702291,0.9832061068702291,0.9837067209775967,0.9837067209775967,0.9847094801223242,0.9847094801223242,0.9837067209775967,0.9877300613496933,0.982706002034588,0.9822064056939502
gna_Latn,10888,mid,345,491,1.0,1.0,1.0,0.9985486211901305,1.0,0.9985486211901305,1.0,1.0,1.0,1.0
gnb_Latn,11064,mid,684,1059,0.9869753979739508,0.9919883466860888,0.9884057971014494,0.9912408759124088,0.9884225759768451,0.9919883466860888,0.9920000000000001,0.9891225525743292,0.9869753979739508,0.9869753979739508
gnd_Latn,13375,mid,855,1289,0.9982466393921683,0.9988290398126464,0.9994148624926857,0.9964788732394366,0.9994148624926857,0.9988290398126464,0.9994148624926857,0.9988304093567252,0.9982466393921683,0.9982466393921683
gng_Latn,17738,mid,755,1132,0.99933818663137,0.99933818663137,1.0,1.0,1.0,1.0,0.99933818663137,0.99933818663137,0.99933818663137,0.99933818663137
gnn_Latn,15289,mid,973,1495,1.0,1.0,1.0,0.9994858611825194,1.0,1.0,1.0,1.0,1.0,1.0
gnw_Latn,36657,head,1713,2534,0.9900584795321637,0.9900584795321637,0.9897750511247444,0.9897750511247444,0.9897690733703596,0.9897690733703596,0.9903480549868383,0.9903480549868383,0.9900584795321637,0.9897690733703596
goa_Latn,1598,mid,42,47,0.9333333333333333,0.963855421686747,0.9879518072289156,0.975609756097561,0.9767441860465117,0.963855421686747,0.9767441860465117,0.9545454545454545,0.9032258064516129,0.9333333333333333
gof_Ethi,11001,mid,137,211,0.9927536231884058,0.9927536231884058,0.9927536231884058,1.0,0.9927536231884058,1.0,0.9927536231884058,0.9927536231884058,0.9927536231884058,0.9927536231884058
gof_Latn,17756,mid,748,1148,0.9484404837683006,0.9661898569570871,0.9507987220447284,0.9674054758800522,0.9478371501272264,0.9605177993527508,0.9593810444874274,0.95445798588839,0.9484404837683006,0.9484404837683006
gog_Latn,14102,mid,897,1376,0.9829763866007688,0.9944071588366891,0.9851403412217941,0.9938513135830074,0.9851403412217941,0.9927414852037968,0.9873138444567016,0.98568281938326,0.9829763866007688,0.9829763866007688
goh_Latn,306,flat_magnet,3,11,0.01226993865030675,0.023809523809523808,0.13333333333333333,0.4,0.005934718100890207,0.016393442622950817,0.021505376344086023,0.014285714285714285,0.028169014084507043,0.03125
gom_Deva,3496,tight_lowres,157,257,0.2838827838827839,0.592156862745098,0.3160040774719674,0.6786516853932585,0.23284502698535076,0.44313146233382567,0.46596066565809385,0.5185185185185185,0.2813067150635209,0.2838827838827839
gom_Latn,77660,head,5349,8000,0.9847020178320037,0.9847020178320037,0.9842578710644678,0.9842578710644678,0.9848812095032397,0.9848812095032397,0.9840674789128399,0.9863734611408703,0.98470488880548,0.98470488880548
gor_Latn,13438,mid,863,1291,0.9959467284308049,0.9965116279069767,0.9959467284308049,0.9947582993593477,0.9959467284308049,0.9959278650378127,0.9971014492753624,0.996523754345307,0.9959467284308049,0.9959467284308049
gos_Latn,3946,flat_magnet,192,301,0.17979700338327692,0.3673036093418259,0.24354731965585702,0.4429882044560943,0.14968152866242035,0.35685483870967744,0.2653958944281525,0.40489432703003336,0.17901828681424448,0.17979700338327692
got_Goth,7413,mid,133,159,0.9925373134328358,0.9962546816479401,0.9962546816479401,0.9848484848484848,0.9962546816479401,0.9962546816479401,0.9925373134328358,0.9925373134328358,0.9925373134328358,0.9925373134328358
got_Latn,4657,mid,231,331,0.982905982905983,0.9890590809628008,0.9913793103448276,0.9890590809628008,0.989247311827957,0.9912663755458515,0.9935205183585313,0.9913793103448276,0.982905982905983,0.982905982905983
gqr_Latn,17816,mid,616,958,0.9975708502024292,1.0,0.9983792544570502,1.0,0.9983792544570502,1.0,0.9983792544570502,0.9983792544570502,0.9975708502024292,0.9975708502024292
grc_Grek,100000,head,12698,19282,0.883847678369196,0.8807785888077858,0.8833882219625341,0.8800084650112866,0.8898023376344854,0.8816161902066233,0.8829892533936652,0.8780848234077139,0.8825836542878344,0.8825836542878344
grt_Beng,13469,mid,854,1309,0.9964871194379391,0.9929245283018868,0.9964871194379391,0.992330383480826,0.9947214076246335,0.9911399881866508,0.9970708845928529,0.9976553341148887,0.9964871194379391,0.9964871194379391
gso_Latn,18608,head,945,1379,0.9989429175475687,0.9989429175475687,0.9994711792702274,0.9994711792702274,0.9994711792702274,0.9994711792702274,0.9989429175475687,0.9989429175475687,0.9989429175475687,0.9989429175475687
gsw_Latn,93517,head,6463,9641,0.7337729114996067,0.7337729114996067,0.7215527987178725,0.7215527987178725,0.7303824149352603,0.7303824149352603,0.7203078744819419,0.8704056230780496,0.7333736396614269,0.7330190959632584
gub_Latn,56520,head,3557,5285,0.9949152542372882,0.9949152542372882,0.9966159052453469,0.9966159052453469,0.9942049469964664,0.9942049469964664,0.9949166902005083,0.9950557988416443,0.9951990963004802,0.9961912822683031
guc_Latn,100000,head,15387,23078,0.9987640668704874,0.9991223793271575,0.9991222081342046,0.999089963598544,0.9985687333289961,0.9990898452736965,0.9989269339576627,0.9989267245584935,0.9987640668704874,0.9987966305655837
gud_Latn,11042,mid,712,1021,0.9985974754558204,1.0,0.9985974754558204,1.0,0.999298245614035,1.0,0.999298245614035,0.9985974754558204,0.9985974754558204,0.9985974754558204
gug_Latn,100000,head,29119,43669,0.9730735474811304,0.9752135408478751,0.9733384717794206,0.9744063600543952,0.9729653865721654,0.9747124832027365,0.9736228683597105,0.9745951151186203,0.9730052304559975,0.9729891008652614
guh_Latn,17659,mid,604,897,0.9991728701406121,0.9991728701406121,0.9991728701406121,0.9991728701406121,0.9983471074380166,0.9991728701406121,0.9991728701406121,0.9991728701406121,0.9991728701406121,0.9991728701406121
gui_Latn,28148,head,1453,2146,0.9780821917808219,0.9780821917808219,0.9777015437392796,0.9777015437392796,0.9769996567112942,0.9769996567112942,0.9780821917808219,0.978067169294037,0.9780821917808219,0.9784320438206093
guj_Gujr,100000,head,65703,98547,0.9999923899395,1.0,1.0,1.0,0.9999923899395,0.9999923899395,0.9999923899395,0.9999923899395,1.0,1.0
guj_Latn,4070,mid,200,317,0.8122270742358079,0.8857142857142858,0.8211920529801325,0.9029126213592233,0.8140043763676149,0.8857142857142858,0.8551724137931034,0.8551724137931034,0.79317697228145,0.8122270742358079
guk_Ethi,13514,mid,870,1274,0.9965556831228473,0.9936379410063622,0.997128087306146,0.9942196531791908,0.9977011494252873,0.9942196531791908,0.9965556831228473,0.9965556831228473,0.9965556831228473,0.9965556831228473
gul_Latn,17812,mid,599,903,0.9614147909967845,0.9925187032418953,0.962962962962963,0.9933222036727879,0.9652945924132365,0.9924937447873228,0.9755301794453508,0.9819376026272578,0.9614147909967845,0.9614147909967845
gum_Latn,19118,head,1157,1763,0.9991364421416236,0.9991364421416236,0.9995680345572354,0.9995680345572354,0.9995680345572354,0.9995680345572354,0.9995680345572354,0.9995680345572354,0.9991364421416236,0.9991364421416236
gun_Latn,17907,mid,599,938,0.9908561928512054,0.994142259414226,0.9925062447960034,0.994142259414226,0.9933333333333333,0.994142259414226,0.9933333333333333,0.9933333333333333,0.9908561928512054,0.9908561928512054
guo_Latn,17493,mid,587,897,0.9957591178965225,0.9965986394557823,0.9966044142614601,0.9965928449744463,0.9966044142614601,0.9974468085106383,0.9974511469838573,0.9966044142614601,0.9957591178965225,0.9957591178965225
guq_Latn,13503,mid,877,1284,0.9994301994301994,0.9994295493439818,0.9994301994301994,0.9965675057208239,0.9994301994301994,0.9977142857142857,0.9994301994301994,0.9994301994301994,0.9994301994301994,0.9994301994301994
gur_Latn,77453,head,5241,7899,0.992815403774308,0.992815403774308,0.9928167800019155,0.9928167800019155,0.9924293243890752,0.9924293243890752,0.9925315970892378,0.9928167800019155,0.992815403774308,0.99272030651341
guu_Latn,6743,mid,392,578,0.9974554707379135,1.0,0.9987261146496815,0.9935815147625161,0.9987261146496815,1.0,1.0,1.0,0.9974554707379135,0.9974554707379135
guw_Latn,100000,head,40180,60381,0.9969692812332407,0.997032122905028,0.9971068711809452,0.9970322709362062,0.9969191623115014,0.9970571364441229,0.9969943753663496,0.9970068841664173,0.9969817909703169,0.9969693568301717
gux_Latn,27027,head,1756,2651,0.9926136363636364,0.9926136363636364,0.9940323955669225,0.9940323955669225,0.9934677648395343,0.9934677648395343,0.9940256045519203,0.994874715261959,0.9923317239420619,0.9923317239420619
guz_Latn,7508,mid,447,610,0.9715536105032823,0.9831649831649831,0.9790518191841234,0.9774266365688488,0.9779735682819383,0.9797297297297297,0.9768976897689768,0.9758241758241759,0.9704918032786884,0.9715536105032823
gvc_Latn,24005,head,1027,1617,0.9995133819951338,0.9995133819951338,0.9995133819951338,0.9995133819951338,0.9995133819951338,0.9995133819951338,0.9990272373540857,0.9995133819951338,0.9995133819951338,0.9995133819951338
gvf_Latn,24429,head,449,656,0.9977777777777778,0.9977777777777778,0.9977777777777778,0.9977777777777778,0.9977777777777778,0.9977777777777778,0.9988876529477196,1.0,0.9977777777777778,0.9977777777777778
gvl_Latn,17827,mid,597,947,0.998324958123953,0.9991617770326907,0.9991617770326907,0.9991617770326907,0.9991617770326907,0.9991617770326907,0.998324958123953,0.998324958123953,0.998324958123953,0.998324958123953
gvn_Latn,11212,mid,737,1020,0.9972936400541271,0.9972826086956522,0.9972936400541271,0.9924914675767919,0.9972936400541271,0.9945504087193461,0.997968855788761,0.9986449864498645,0.9972936400541271,0.9972936400541271
gwi_Latn,17620,mid,672,1055,1.0,1.0,1.0,0.9992553983618765,1.0,1.0,1.0,1.0,1.0,1.0
gwr_Latn,6749,mid,392,584,0.9583333333333334,0.9792207792207792,0.9630541871921183,0.9752281616688395,0.9559902200488997,0.9765625,0.9750000000000002,0.9653465346534654,0.9583333333333334,0.9583333333333334
gya_Latn,38815,head,2075,3058,0.9956542732979237,0.9956542732979237,0.9956563706563707,0.9956563706563707,0.9951737451737451,0.9951737451737451,0.9951737451737451,0.9956563706563707,0.9956542732979237,0.9956542732979237
gym_Latn,100000,head,16509,24756,0.9977553991749575,0.9977874094504896,0.9978477674376307,0.9977882139069839,0.9973600364132909,0.9976965508880402,0.9976650392697941,0.9978460698358765,0.9977255496588325,0.9977256876004489
gyr_Latn,46436,head,924,1349,0.9983792544570502,0.9983792544570502,0.9983792544570502,0.9983792544570502,0.9983792544570502,0.9983792544570502,0.9983792544570502,0.9983792544570502,0.9978401727861772,0.9978401727861772
hac_Arab,28717,head,1794,2750,0.902141501761995,0.902141501761995,0.9019501625135428,0.9019501625135428,0.9033659066232357,0.9033659066232357,0.9137503444475062,0.9091406677613574,0.902141501761995,0.902141501761995
hae_Latn,13526,mid,879,1290,0.7275,0.9516935036091061,0.7417162276975361,0.9444138690148597,0.7244094488188977,0.9454545454545454,0.7871667419792138,0.8031350852927616,0.7275,0.7275
hag_Latn,14200,mid,912,1371,0.9989047097480832,0.9989035087719298,1.0,0.9994514536478333,1.0,0.9994514536478333,0.9989047097480832,0.9983579638752053,0.9989047097480832,0.9989047097480832
hak_Hani,29565,head,1994,2875,0.9154831199068684,0.9154831199068684,0.9147250698974837,0.9147250698974837,0.9083739271630712,0.9083739271630712,0.9455684007707129,0.9512017479970867,0.9154831199068684,0.9154831199068684
hak_Latn,13696,mid,885,1280,0.9886621315192743,0.9886363636363638,0.9892229154849688,0.9857061177815897,0.9897843359818389,0.9885974914481186,0.9881019830028329,0.9897843359818389,0.9881019830028329,0.9886621315192743
hat_Latn,100000,head,28261,42182,0.9851782901331805,0.985983394339791,0.985672122350416,0.9858828148703397,0.9853412324819674,0.9858244661858174,0.9854828905495764,0.9863165614323788,0.9851788207496509,0.9851798818686236
hau_Latn,100000,head,26764,40640,0.9860662923653728,0.9838769596552492,0.9857313165933984,0.9828810950164141,0.986181302799172,0.9835895151110122,0.9855504245493818,0.9879675647397331,0.9859953379953379,0.9859407048293866
hav_Latn,7393,twin,468,624,0.8856589147286822,0.9375661375661375,0.9098116947472745,0.9486081370449679,0.8856589147286822,0.9444444444444444,0.9199594731509625,0.914914914914915,0.8830917874396136,0.8856589147286822
haw_Latn,6448,mid,353,570,0.9720670391061453,0.9710982658959537,0.9858356940509915,0.9709302325581396,0.9844413012729843,0.9709302325581396,0.9787835926449788,0.9734265734265733,0.9720670391061453,0.9720670391061453
hay_Latn,13828,mid,915,1297,0.7649867374005305,0.8015695067264574,0.7675906183368869,0.8093340922026181,0.7552301255230125,0.8029197080291971,0.794914317302377,0.7914379802414929,0.7645811240721103,0.7649867374005305
hbo_Hebr,100000,head,8435,12370,0.5928005284015851,0.5928005284015851,0.598356587437269,0.5982905982905983,0.6014056789429294,0.6014056789429294,0.5928005284015851,0.5648604269293924,0.5928005284015851,0.5928005284015851
hbs_Latn,100000,twin,159899,239539,0.9146931301086706,0.9139416757274306,0.9154441721177101,0.9147014030653575,0.9155358320527855,0.9147237573537754,0.9151303489821355,0.9444130560351495,0.9146813845858633,0.9146663110960789
hch_Latn,30840,head,1547,2268,0.9908913467794405,0.9908913467794405,0.9941672067401166,0.9941672067401166,0.9918752031199219,0.9918752031199219,0.9912252193695158,0.9908913467794405,0.9905691056910569,0.9905691056910569
heb_Hebr,100000,head,132227,197568,0.9704440994734119,0.9704404071150005,0.9708873038516405,0.9708799172236444,0.9711872524498438,0.9711798692412954,0.9706539062826887,0.9701377586056448,0.9704440994734119,0.9704404071150005
heg_Latn,18356,head,765,1173,0.990266060999351,0.990266060999351,0.990266060999351,0.990266060999351,0.9915529564652371,0.9915529564652371,0.9928432010409889,0.990909090909091,0.990266060999351,0.990266060999351
heh_Latn,18364,head,630,1026,0.963076923076923,0.963076923076923,0.9675425038639875,0.9675425038639875,0.9682907965970612,0.9682907965970612,0.9682907965970612,0.9728049728049728,0.963076923076923,0.963076923076923
her_Latn,100000,head,9088,13400,0.9936067019400352,0.9911601603250425,0.993834636133436,0.991494265488668,0.9931049699376688,0.9907290580942454,0.993171806167401,0.9943303792590961,0.9934424422769603,0.9933337006225552
hif_Latn,21900,head,1440,2198,0.9317950458092976,0.9317950458092976,0.9236974789915967,0.9236974789915967,0.9324278438030561,0.9324278438030561,0.9368816103718868,0.9412568306010928,0.9314789687924017,0.9308943089430894
hig_Latn,13520,mid,876,1233,0.9994288977727013,0.9994288977727013,0.9994288977727013,0.9977116704805492,0.9994288977727013,0.9982847341337907,0.9994288977727013,0.9994288977727013,0.9994288977727013,0.9994288977727013
hil_Latn,100000,head,104328,157037,0.988150452760253,0.9885911865837341,0.9878519571313332,0.988234955563336,0.9878606277131112,0.9887978679039983,0.9886633499489058,0.9890613295430536,0.9881554246426703,0.9881651406979927
hin_Deva,100000,head,132298,196800,0.9032676498533483,0.9337973512532889,0.9071850251979842,0.9353240193100802,0.8918273645546372,0.9273605310112333,0.9353232236222682,0.9767906506777496,0.9032775101828366,0.9032775101828366
hin_Latn,34642,head,2302,3531,0.9610158164401871,0.9610158164401871,0.9654865286127812,0.9654865286127812,0.9611607142857141,0.9611607142857141,0.9631274988893825,0.9617267467734759,0.9610158164401871,0.9610158164401871
hix_Latn,17476,mid,581,874,0.9965694682675815,0.999140154772141,0.9974248927038626,1.0,0.9982817869415808,1.0,0.999140154772141,0.9982817869415808,0.9965694682675815,0.9965694682675815
hla_Latn,23887,head,396,644,0.9924812030075187,0.9924812030075187,0.9924812030075187,0.9924812030075187,0.9924812030075187,0.9924812030075187,0.9962264150943396,0.9962264150943396,0.9924812030075187,0.9924812030075187
hlt_Latn,6729,mid,376,605,0.7352941176470589,0.7910922587486744,0.7470119521912351,0.8489702517162471,0.7433102081268583,0.8166849615806805,0.7396449704142012,0.7433102081268583,0.7352941176470589,0.7352941176470589
hmo_Latn,100000,head,63264,95330,0.9857564870259481,0.9857495269800972,0.9853058616834371,0.9853068003960774,0.9854519322900032,0.9854373582856961,0.9857488443390579,0.9883607144277815,0.9857486167775108,0.9857486167775108
hmr_Latn,61468,head,2628,3965,0.9890648567119156,0.9890648567119156,0.9890648567119156,0.9890648567119156,0.9892473118279569,0.9892473118279569,0.9883195177091184,0.9894379479441721,0.9890648567119156,0.9890648567119156
hne_Deva,50507,head,3194,4805,0.7839586028460543,0.7839586028460543,0.7692956558414171,0.7692956558414171,0.77680744452398,0.77680744452398,0.7858256555634303,0.8167232335698857,0.7839080459770115,0.7831204248600545
hnj_Latn,61097,head,4162,6224,0.9955566230335055,0.9955566230335055,0.9956772334293948,0.9956772334293948,0.9956761950516455,0.9956761950516455,0.9956761950516455,0.9956761950516455,0.9955566230335055,0.9955566230335055
hnn_Latn,13501,mid,860,1306,0.979498861047836,0.9959231217239372,0.9811751283513976,0.9941656942823803,0.9811751283513976,0.9941656942823803,0.9890741805635422,0.9868043602983362,0.9789413773477518,0.979498861047836
hns_Latn,19168,head,714,1080,0.9929971988795518,0.9929971988795518,0.99229152067274,0.99229152067274,0.9929873772791025,0.9929873772791025,0.9923023093072079,0.9929971988795518,0.9923023093072079,0.9923023093072079
hoc_Latn,380,flat_magnet,9,8,0.5333333333333333,0.8421052631578948,0.9411764705882353,0.9411764705882353,0.22535211267605634,0.5,0.761904761904762,0.6666666666666667,0.5384615384615384,0.7777777777777778
hoc_Wara,499,isolated_tail,11,11,0.7586206896551725,0.846153846153846,1.0,1.0,1.0,1.0,0.7857142857142858,0.7586206896551725,0.9166666666666666,0.88
hop_Latn,11019,mid,731,999,0.9972714870395634,0.9993164730006835,0.9972714870395634,0.9965729952021933,0.9972714870395634,1.0,0.9972714870395634,0.9979522184300341,0.9965916837082482,0.9972714870395634
hot_Latn,23745,head,437,617,1.0,1.0,1.0,1.0,1.0,1.0,0.9988571428571429,1.0,1.0,1.0
hra_Latn,30616,head,2049,3107,0.9859086491739554,0.9859086491739554,0.985183385960651,0.985183385960651,0.9849441476444877,0.9849441476444877,0.9859154929577464,0.9859086491739554,0.9859086491739554,0.9859086491739554
hrx_Latn,38051,head,2572,3806,0.955312810327706,0.955312810327706,0.9561246773873338,0.9561246773873338,0.9573535273017139,0.9573535273017139,0.9563145353455123,0.9588059701492537,0.9549334921580306,0.9543650793650794
hsb_Latn,28261,head,1916,2794,0.7630718954248367,0.7630718954248367,0.7613613205624616,0.7613613205624616,0.7651639344262295,0.7651639344262295,0.7837384744341995,0.8641518167090951,0.7626046131863646,0.7622349102773247
hto_Latn,17753,mid,1140,1774,0.9956331877729258,0.9986847873739588,0.9965034965034965,0.9986847873739588,0.9973753280839895,0.9991228070175439,0.9973753280839895,0.9951986032300306,0.9956331877729258,0.9956331877729258
hub_Latn,23928,head,1025,1542,0.9980487804878049,0.9980487804878049,0.9970703125,0.9970703125,0.9970674486803519,0.9970674486803519,0.9980487804878049,0.9980487804878049,0.9980487804878049,0.9975621647976597
hui_Latn,64883,head,659,1069,0.9969742813918305,0.9969742813918305,0.9969742813918305,0.9969742813918305,0.9977289931869796,0.9977289931869796,0.9977289931869796,0.9969742813918305,0.9969742813918305,0.9969742813918305
hun_Hung,11832,mid,39,44,1.0,1.0,1.0,0.9870129870129869,1.0,1.0,1.0,1.0,1.0,1.0
hun_Latn,100000,head,262149,393185,0.9843978697685556,0.9854602643518217,0.9851466049382716,0.9855145634809755,0.984558533929523,0.9854199310409959,0.9848985616299598,0.9859100848773875,0.9844942531620641,0.98453370401475
hus_Latn,57511,head,3299,5107,0.9896309850564196,0.9896309850564196,0.9885722992533903,0.9885722992533903,0.988719512195122,0.988719512195122,0.9894801036743406,0.9900839054157131,0.9894801036743406,0.9894801036743406
huu_Latn,24119,head,402,590,0.995049504950495,0.995049504950495,0.995049504950495,0.995049504950495,0.995049504950495,0.995049504950495,0.9975186104218362,0.996282527881041,0.995049504950495,0.995049504950495
huv_Latn,20043,head,773,1130,0.9948519948519948,0.9948519948519948,0.9948519948519948,0.9948519948519948,0.995492594977463,0.995492594977463,0.9961340206185567,0.995492594977463,0.9948519948519948,0.9948519948519948
hvn_Latn,13972,mid,866,1379,0.9931034482758622,0.9959654178674351,0.9931034482758622,0.9959560947429231,0.9936745255894192,0.9965357967667436,0.9936745255894192,0.9953917050691244,0.9925330269959793,0.9931034482758622
hwc_Latn,10591,mid,650,1005,0.6687274600721278,0.9891640866873065,0.6781609195402298,0.9891472868217054,0.6701084150748581,0.9883810999225406,0.7608440797186402,0.8664886515353805,0.6673521850899743,0.6687274600721278
hye_Armn,100000,twin,85081,127526,0.983085118333225,0.9830328111143954,0.9830874925420746,0.9830294223624131,0.9831072706024011,0.9830666532883982,0.983085118333225,0.9837039651723732,0.983085118333225,0.983085118333225
hyw_Armn,100000,twin,40232,60442,0.9650035585441873,0.9650035585441873,0.9649306110407728,0.9648831692417371,0.9648701562557719,0.9648701562557719,0.9650035585441873,0.9657677763312875,0.9650035585441873,0.9650035585441873
ian_Latn,30210,head,387,597,0.9987096774193548,0.9987096774193548,0.9987096774193548,0.9987096774193548,1.0,1.0,0.9987096774193548,0.9987096774193548,0.9987096774193548,0.9987096774193548
iba_Latn,100000,head,11724,17571,0.992557741659538,0.9925331740410461,0.9925152901928916,0.991980206467025,0.9920808184581139,0.9923175416133162,0.9924786324786325,0.9935831622176591,0.9925152901928916,0.9924728423573689
ibg_Latn,97484,head,6626,10114,0.9685775259400987,0.9685775259400987,0.962378552122142,0.962378552122142,0.97999402806808,0.97999402806808,0.9565848700450124,0.9564143542060147,0.9672962445799955,0.964178448465314
ibo_Latn,100000,head,34836,51874,0.9955519728224099,0.9950261629578517,0.9955269176003567,0.9943983223693659,0.9955680902497985,0.994769814357147,0.9955248579034464,0.9957819270690871,0.9955811442965097,0.9955811442965097
icr_Latn,17695,mid,578,897,0.9863481228668941,0.9991356957649092,0.9897260273972603,0.9991356957649092,0.9897260273972603,0.9991356957649092,0.9897260273972603,0.9914236706689538,0.9863481228668941,0.9863481228668941
ido_Latn,33665,head,2262,3446,0.4636209813874788,0.4636209813874788,0.47629629629629633,0.47629629629629633,0.4661947766658531,0.4661947766658531,0.4829237555135476,0.6226607689690371,0.46328502415458944,0.4633586864662562
idu_Latn,59832,head,4101,6019,0.9943861361972175,0.9943861361972175,0.9930547093944194,0.9930547093944194,0.9954795357361025,0.9954795357361025,0.9942661949493717,0.9943861361972175,0.9941434846266471,0.9937797292352727
ifa_Latn,57138,head,3202,4724,0.994860613611587,0.994860613611587,0.9940809968847352,0.9940809968847352,0.9942358622838449,0.9942358622838449,0.9948622139187295,0.9950155763239875,0.994860613611587,0.994860613611587
ifb_Latn,33099,head,2215,3335,0.9916685431209188,0.9916685431209188,0.990767845079937,0.990767845079937,0.9912181941004279,0.9912181941004279,0.992115341293084,0.9916685431209188,0.9916685431209188,0.9914452949122018
ife_Latn,17731,mid,1078,1673,0.9990732159406859,1.0,0.9990732159406859,1.0,0.9990732159406859,0.9995359628770303,0.9995363931386184,0.9995363931386184,0.9990732159406859,0.9990732159406859
ifk_Latn,17387,mid,1070,1479,0.9939223936418888,0.9953183520599251,0.9939223936418888,0.995784543325527,0.9939223936418888,0.9953183520599251,0.9943872778297475,0.9939223936418888,0.9939223936418888,0.9939223936418888
ifu_Latn,17672,mid,954,1547,0.9989528795811519,0.9994761655316919,0.9994761655316919,0.9994761655316919,0.9994761655316919,0.9994761655316919,0.9989528795811519,0.9994761655316919,0.9989528795811519,0.9989528795811519
ify_Latn,55082,head,3254,4895,0.9954001839926403,0.9954001839926403,0.9949425287356323,0.9949425287356323,0.9955487336914812,0.9955487336914812,0.9952475854668097,0.9966226588885478,0.9954001839926403,0.9954001839926403
ige_Latn,63586,head,4300,6514,0.992142361913566,0.992142361913566,0.9912280701754386,0.9912280701754386,0.9920258869756153,0.9920258869756153,0.9915694652962236,0.9915694652962236,0.9920277296360486,0.9920277296360486
ign_Latn,28193,head,1380,1996,0.9981916817359855,0.9981916817359855,0.9981916817359855,0.9981916817359855,0.9981916817359855,0.9981916817359855,0.998914223669924,0.999275887038378,0.9981916817359855,0.9981916817359855
ike_Cans,30725,head,2053,3112,0.9997563946406821,0.9997563946406821,0.9997563946406821,0.9997563946406821,0.9997563946406821,0.9997563946406821,1.0,0.9997563946406821,0.9997563946406821,0.9997563946406821
ikk_Latn,44245,head,2609,3897,0.9973190348525469,0.9973190348525469,0.996937212863706,0.996937212863706,0.9975100555449148,0.9975100555449148,0.9977011494252873,0.9975100555449148,0.9973190348525469,0.9973190348525469
ikt_Latn,1601,mid,32,59,0.810126582278481,0.9696969696969697,0.9014084507042254,0.9523809523809523,0.888888888888889,0.96875,0.955223880597015,0.927536231884058,0.810126582278481,0.810126582278481
ikw_Latn,17829,mid,623,896,0.9960031974420464,0.9968,0.9960031974420464,0.998397435897436,0.9960031974420464,0.9975980784627703,0.9960031974420464,0.9960031974420464,0.9960031974420464,0.9960031974420464
ilb_Latn,10085,mid,627,939,0.9146608315098469,0.9863234111021723,0.9261447562776958,0.9863453815261043,0.91800878477306,0.9863672814755413,0.9385307346326837,0.9233038348082596,0.9146608315098469,0.9146608315098469
ile_Latn,14414,flat_magnet,913,1418,0.43147208121827413,0.49124854142357066,0.4532547548888293,0.5017985611510791,0.4233358264771877,0.48878531896300614,0.5253600500939262,0.6605284227381906,0.4300531242094612,0.43147208121827413
ilo_Latn,100000,head,68621,103704,0.9894169036381226,0.9892421182049707,0.9892378587075173,0.9889161210081574,0.989187881631127,0.9890222482435597,0.989352509556379,0.9898188801501147,0.9894618045377264,0.9894619589910448
imo_Latn,23862,head,466,632,0.9967914438502673,0.9967914438502673,0.9978586723768736,0.9978586723768736,0.9978586723768736,0.9978586723768736,0.9967914438502673,0.9978586723768736,0.9967914438502673,0.9967914438502673
ina_Latn,56283,head,3656,5248,0.699677289229528,0.699677289229528,0.69926403871358,0.69926403871358,0.7010246525311962,0.7010246525311962,0.7100458949515553,0.861740473738414,0.6990428211586901,0.6989019844867533
inb_Latn,17919,mid,598,979,0.9933110367892977,0.9949664429530202,0.9941422594142258,0.9966442953020134,0.9941422594142258,0.9966442953020134,0.9933110367892977,0.9933110367892977,0.9933110367892977,0.9933110367892977
ind_Latn,100000,twin,176715,265098,0.8961636706818221,0.8972965911992257,0.8957205000937899,0.8967510097410311,0.895402500901266,0.8967291065854464,0.8985957123525082,0.923645292391059,0.8961546590932772,0.8961472740371161
inh_Cyrl,2521,tight_lowres,105,138,0.09258285113098369,0.40686274509803916,0.09832402234636872,0.47928994082840237,0.08348794063079776,0.40886699507389157,0.15384615384615383,0.22166246851385388,0.09229155742003148,0.09258285113098369
ino_Latn,23125,head,398,626,0.9987452948557088,0.9987452948557088,0.9987452948557088,0.9987452948557088,0.9987452948557088,0.9987452948557088,0.9987452948557088,0.9987452948557088,0.9987452948557088,0.9987452948557088
iou_Latn,32094,head,1346,1992,0.9981447124304267,0.9981447124304267,0.9985152190051967,0.9985152190051967,0.9985152190051967,0.9985152190051967,0.9985152190051967,0.9992570579494799,0.9981447124304267,0.9981447124304267
ipi_Latn,19056,head,326,457,1.0,1.0,1.0,1.0,1.0,1.0,1.0,1.0,1.0,1.0
iqw_Latn,11059,mid,683,1052,0.9691313711414212,0.9680232558139534,0.9698275862068966,0.9727740986019133,0.9684361549497847,0.972893772893773,0.9718411552346571,0.9691313711414212,0.9691313711414212,0.9691313711414212
iri_Latn,17827,mid,730,1133,0.9931693989071039,0.9951956074124914,0.9945280437756497,0.9965635738831615,0.9945280437756497,0.9965682910089225,0.9938482570061516,0.9938482570061516,0.9931693989071039,0.9931693989071039
irk_Latn,13515,mid,851,1310,0.9941451990632318,0.9958896065766296,0.9953106682297772,0.9875370919881306,0.9958944281524927,0.9958847736625515,0.9947275922671353,0.9953106682297772,0.9941451990632318,0.9941451990632318
iry_Latn,13449,mid,858,1295,0.9879101899827288,0.9923842999414176,0.9879101899827288,0.988830099941211,0.9873417721518987,0.989424206815511,0.9930555555555556,0.9913344887348353,0.9879101899827288,0.9879101899827288
isd_Latn,10971,mid,715,1009,0.9937456567060459,0.9965108164689462,0.9944367176634215,0.9979035639412999,0.9944367176634215,0.9972027972027973,0.9944367176634215,0.9951287404314544,0.9937456567060459,0.9937456567060459
ish_Latn,88944,head,6161,9042,0.9871009351821994,0.9871009351821994,0.9843775165082944,0.9843775165082944,0.9876423552217106,0.9876423552217106,0.985829307568438,0.9860674881211242,0.9869418023536998,0.9867031992908373
isl_Latn,100000,head,14365,21366,0.9827328631483861,0.9806299594580548,0.9819860469959389,0.9805646977308159,0.9800111436133166,0.9806326438693136,0.9816870144284129,0.9854103555137714,0.9825353286344225,0.9825012151933893
iso_Latn,100000,head,37360,56325,0.9962126299390259,0.996199454762768,0.99617228736049,0.9961187735861727,0.9961587020173531,0.9961185650778303,0.9962261110141152,0.9962666523420713,0.9962126299390259,0.9962126299390259
ita_Latn,100000,head,164683,247988,0.9727303638218293,0.9739564070320783,0.9724645296899632,0.9735216131220324,0.9718700781919617,0.9735603087045939,0.9755974440107853,0.9816061095841209,0.9728209470944931,0.9728186125284717
itl_Cyrl,978,isolated_tail,16,27,0.8648648648648648,1.0,0.888888888888889,0.967741935483871,0.8421052631578948,1.0,0.9696969696969697,0.9411764705882353,1.0,1.0
itv_Latn,13512,mid,884,1278,0.9960518894529047,0.9971671388101984,0.9943693693693693,0.9914724275156339,0.9960518894529047,0.9954648526077098,0.9977401129943502,0.997176736307171,0.9949295774647887,0.9960518894529047
ium_Latn,42126,head,2779,4331,0.998921639108555,0.998921639108555,0.9991012043861226,0.9991012043861226,0.9991012043861226,0.9991012043861226,0.9987421383647799,0.9991012043861226,0.9987421383647799,0.9987421383647799
ivb_Latn,11038,mid,739,981,0.9926124916051041,0.9911383776414452,0.9926124916051041,0.9863013698630138,0.9926124916051041,0.9869952087611226,0.9946164199192463,0.9966284558327715,0.9926124916051041,0.9926124916051041
ivv_Latn,11031,mid,660,1048,0.9902329075882796,0.9946929492039424,0.9894894894894894,0.9946929492039424,0.9880059970014993,0.9939301972685887,0.9917231000752444,0.9924698795180723,0.9902329075882796,0.9902329075882796
iws_Latn,24587,head,456,646,1.0,1.0,1.0,1.0,1.0,1.0,1.0,1.0,1.0,1.0
ixl_Latn,54068,head,2682,4138,0.9990669901100951,0.9990669901100951,0.9990669901100951,0.9990669901100951,0.9990669901100951,0.9990669901100951,0.9988805970149254,0.9990669901100951,0.9990669901100951,0.9990669901100951
izr_Latn,17843,mid,1184,1710,0.9974662162162162,0.9983079526226735,0.9970426700464724,0.9983079526226735,0.9970426700464724,0.9983079526226735,0.9978876214617659,0.9974662162162162,0.9974662162162162,0.9974662162162162
izz_Latn,37494,head,2010,2942,0.9870000000000001,0.9870000000000001,0.9862465616404101,0.9862465616404101,0.9859929964982491,0.9859929964982491,0.9880179730404393,0.9874937468734367,0.9870000000000001,0.9870000000000001
jaa_Latn,4307,mid,236,318,0.9591836734693878,0.9790794979079498,0.9771309771309771,0.9831223628691984,0.975103734439834,0.9852631578947368,0.9631147540983607,0.9552845528455284,0.9591836734693878,0.9591836734693878
jac_Latn,24475,head,1605,2473,0.9978240596829344,0.9978240596829344,0.9978240596829344,0.9978240596829344,0.9978240596829344,0.9978240596829344,0.9984447900466563,0.9984447900466563,0.9978240596829344,0.9978240596829344
jae_Latn,21891,head,1428,2181,0.9982474588152822,0.9982474588152822,0.9982486865148862,0.9982486865148862,0.9982486865148862,0.9982486865148862,0.9982474588152822,0.9982474588152822,0.9982474588152822,0.9982474588152822
jam_Latn,32289,head,1719,2729,0.9336901575973834,0.9336901575973834,0.9332146037399822,0.9332146037399822,0.9334521687462863,0.9334521687462863,0.9375560203167015,0.9458809380637402,0.9331352154531947,0.9328579916815212
jav_Java,6597,mid,197,383,0.9974683544303797,1.0,1.0,0.9819121447028424,1.0,1.0,0.9974683544303797,0.9974683544303797,0.9949494949494949,0.9974683544303797
jav_Latn,100000,head,15900,24066,0.969626020375878,0.9622570532915361,0.9678903418938081,0.9575395343045697,0.9695686522357402,0.9606825853231655,0.9675265362688589,0.972445683157028,0.969509109311741,0.969329033074053
jbo_Latn,12439,mid,818,1166,0.9860521528198909,0.9914004914004915,0.9902557856272839,0.991389913899139,0.9884638737097753,0.9901840490797545,0.9902557856272839,0.9914738124238733,0.9860521528198909,0.9860521528198909
jbu_Latn,13500,mid,901,1269,0.9961261759822911,0.9955506117908787,0.997229916897507,0.996100278551532,0.9977827050997783,0.9955406911928651,0.997229916897507,0.9961261759822911,0.9961261759822911,0.9961261759822911
jic_Latn,17740,mid,1203,1670,0.9983402489626556,0.999168744804655,0.9983402489626556,0.999168744804655,0.9987546699875467,0.9987525987525987,0.9991694352159468,0.9987546699875467,0.9983402489626556,0.9983402489626556
jiv_Latn,17510,mid,1162,1607,0.996996996996997,0.9987096774193548,0.996996996996997,0.9987096774193548,0.996996996996997,0.9987096774193548,0.9974248927038626,0.9982817869415808,0.996996996996997,0.996996996996997
jmc_Latn,13528,mid,884,1291,0.9882484611080022,0.9948892674616695,0.9882484611080022,0.9908987485779295,0.9882484611080022,0.9931818181818183,0.9915777653003931,0.9910213243546577,0.9882484611080022,0.9882484611080022
jpn_Jpan,100000,head,135887,203337,0.9920244194273734,0.9919876722020752,0.9919984589624669,0.9919653870801645,0.9920424992776011,0.9920314740106025,0.9920654911838791,0.9928310503973086,0.9920170697645129,0.9920060454744142
jra_Latn,19753,head,967,1437,0.999483204134367,0.999483204134367,1.0,1.0,0.999483204134367,0.999483204134367,0.999483204134367,0.999483204134367,0.999483204134367,0.999483204134367
jun_Orya,6741,mid,383,599,0.9934980494148246,0.9813829787234043,0.9921875,0.9773030707610146,0.9921875,0.9800266311584555,0.9934980494148246,0.9934980494148246,0.9934980494148246,0.9934980494148246
jvn_Latn,23937,head,416,621,0.8643006263048018,0.8643006263048018,0.8843683083511777,0.8843683083511777,0.8824786324786325,0.8824786324786325,0.8808510638297873,0.8724973656480507,0.8643006263048018,0.8643006263048018
kaa_Cyrl,38209,head,2285,3380,0.9749196141479101,0.9749196141479101,0.9746998284734133,0.9746998284734133,0.9742599742599742,0.9742599742599742,0.9776440240756663,0.9772238934250108,0.9749196141479101,0.9749196141479101
kaa_Latn,20305,head,1317,1976,0.9665071770334928,0.9665071770334928,0.9697193500738552,0.9697193500738552,0.9690036900369003,0.9690036900369003,0.9715131335553089,0.9718726868985936,0.9665071770334928,0.9665071770334928
kab_Latn,100000,head,51722,77092,0.9945397513844247,0.993991034855862,0.9945508570543656,0.993943023851155,0.9915981078744669,0.9935243176370525,0.9946319240925049,0.9947605442835697,0.9946372911544344,0.9946376026018274
kac_Latn,100000,head,14535,21818,0.9978288589447566,0.9977263331955354,0.9979323178716659,0.9975545069403782,0.9978977840576213,0.9975888674565996,0.9978291581957893,0.9978632478632479,0.9977944723964436,0.9977600882180641
kak_Latn,165,flat_magnet,6,2,0.1875,0.1875,0.5217391304347826,0.5217391304347826,0.12903225806451613,0.12903225806451613,0.4799999999999999,0.19999999999999998,0.17647058823529413,0.1875
kal_Latn,100000,head,14353,22083,0.9969695914173256,0.9956869565217391,0.9969350794093063,0.9949947862356621,0.9971783885463477,0.995514135688702,0.9967267915593007,0.9977340073208995,0.9969698025147157,0.9969350794093063
kam_Latn,100000,head,21318,31876,0.9940633245382586,0.9939048784505683,0.9939005722629113,0.9934831196329844,0.9939916590089771,0.9938817771084337,0.994183171231425,0.9942523320456045,0.9940633245382586,0.9940633245382586
kan_Knda,100000,head,47721,71042,0.9894273407486585,0.9930734926676015,0.9906135047143885,0.9939859918900416,0.9875082182774491,0.9926379073937348,0.9919998311310002,0.9928822245420899,0.9894273407486585,0.9894273407486585
kan_Latn,4121,mid,220,305,0.6892109500805152,0.8997867803837952,0.7157190635451506,0.9154013015184382,0.6793650793650795,0.8945147679324894,0.7824497257769651,0.7535211267605634,0.6761453396524486,0.6892109500805152
kao_Latn,13507,mid,824,1330,0.9951632406287787,0.9951278928136419,0.9951690821256038,0.9957446808510638,0.9951690821256038,0.9951338199513382,0.9969715324046032,0.9975757575757574,0.9951632406287787,0.9951632406287787
kap_Cyrl,776,isolated_tail,8,26,0.888888888888889,0.9411764705882353,0.888888888888889,0.9411764705882353,0.8,0.9411764705882353,0.9411764705882353,0.9411764705882353,1.0,1.0
kaq_Latn,24486,head,400,630,0.99009900990099,0.99009900990099,0.99009900990099,0.99009900990099,0.9937888198757764,0.9937888198757764,0.99009900990099,0.9950248756218906,0.99009900990099,0.99009900990099
kas_Arab,10408,mid,685,939,0.9041278295605858,0.9853801169590644,0.9035262807717899,0.9860601614086574,0.8969616908850726,0.9839181286549709,0.9288645690834473,0.9288645690834473,0.9041278295605858,0.9041278295605858
kas_Deva,7226,mid,416,655,0.3105263157894737,0.519280205655527,0.30878504672897195,0.5312294543063774,0.2962697274031564,0.4945054945054945,0.3527397260273973,0.4486899563318777,0.3099437148217636,0.3105263157894737
kas_Latn,405,flat_magnet,9,9,0.11842105263157895,0.3050847457627119,0.32,0.7272727272727274,0.05750798722044728,0.21686746987951808,0.3,0.15,0.3636363636363636,0.4736842105263158
kat_Geor,100000,twin,44062,65678,0.994572699655247,0.994550067697489,0.9944254835039819,0.9943802329814343,0.9944594240986608,0.994448236632537,0.9945613835476164,0.995570597855715,0.994572699655247,0.9945613835476164
kaz_Cyrl,100000,head,25436,38127,0.9935897435897435,0.9925765907305577,0.9932028917177432,0.9921704833107671,0.9934154922656604,0.9922471491098942,0.99333870428956,0.9945890640064537,0.9935704595056922,0.9935118556092958
kbc_Latn,17609,mid,586,948,0.9957519116397622,0.9982964224872232,0.9957519116397622,0.9974468085106384,0.9965986394557823,0.9982964224872232,0.9957519116397622,0.9957519116397622,0.9949066213921902,0.9957519116397622
kbd_Cyrl,46268,head,3175,4657,0.9450845428699686,0.9450845428699686,0.9432666467602269,0.9432666467602269,0.9718331537632754,0.9718331537632754,0.9458732057416268,0.9626581313824113,0.9426865671641791,0.9425458886733323
kbh_Latn,17713,mid,616,892,0.9991889699918897,1.0,0.9991889699918897,1.0,0.9991889699918897,1.0,0.9991889699918897,0.9991889699918897,0.9991889699918897,0.9991889699918897
kbm_Latn,24119,head,422,590,0.995249406175772,0.995249406175772,0.9940688018979834,0.9940688018979834,0.995249406175772,0.995249406175772,0.9964328180737217,0.9964328180737217,0.995249406175772,0.995249406175772
kbo_Latn,4300,mid,231,324,0.9935483870967742,0.9978401727861772,0.9978401727861772,0.991304347826087,0.9978401727861772,0.9978401727861772,1.0,0.9978401727861772,0.9935483870967742,0.9935483870967742
kbp_Latn,100000,head,15898,24169,0.9980476130495024,0.9925823917874244,0.9978919548186138,0.9901700733343736,0.9977335683706875,0.9902900496425115,0.9978906274596229,0.9979217834876252,0.9980476130495024,0.9980476130495024
kbq_Latn,28955,head,755,1044,0.9856209150326797,0.9856209150326797,0.9862655330281228,0.9862655330281228,0.9869109947643978,0.9869109947643978,0.9882044560943642,0.9888524590163934,0.9849771391247549,0.9849771391247549
kbr_Latn,12888,mid,778,1270,0.9948849104859334,0.9948453608247424,0.9942418426103647,0.9954867827208252,0.9955214331413947,0.9954867827208252,0.9955214331413947,0.9948849104859334,0.9948849104859334,0.9948849104859334
kby_Latn,1099,mid,21,28,0.5316455696202532,0.6885245901639345,0.6885245901639345,0.7636363636363637,0.5526315789473685,0.6885245901639345,0.6666666666666666,0.5675675675675675,0.5185185185185185,0.5316455696202532
kca_Cyrl,951,isolated_tail,13,29,0.2626262626262626,0.5714285714285715,0.3714285714285714,0.9285714285714286,0.1780821917808219,0.8666666666666666,0.3880597014925373,0.3466666666666667,0.6153846153846155,0.6486486486486487
kcg_Latn,11045,mid,139,220,0.9928571428571429,0.996415770609319,0.9928571428571429,0.9855072463768116,0.9928571428571429,0.9928571428571429,0.9928571428571429,0.996415770609319,0.9928571428571429,0.9928571428571429
kck_Latn,26283,head,1765,2606,0.8974056603773586,0.8974056603773586,0.8952324896998234,0.8952324896998234,0.8938547486033519,0.8938547486033519,0.9021932424422051,0.901124925991711,0.8968768414849735,0.8968768414849735
kdc_Latn,17827,twin,587,953,0.9671993271656854,0.9729272419627749,0.96964586846543,0.9762308998302207,0.970513900589722,0.9762711864406779,0.9754028837998304,0.9712837837837839,0.9671993271656854,0.9671993271656854
kde_Latn,26927,head,1838,2614,0.9816116819902649,0.9816116819902649,0.9818771977278875,0.9818771977278875,0.9813362185555855,0.9813362185555855,0.9837662337662337,0.9829499323410013,0.9816116819902649,0.981346309813463
kdh_Latn,1820,mid,38,82,0.9870129870129869,0.9736842105263158,1.0,0.958904109589041,1.0,0.958904109589041,0.9870129870129869,0.9870129870129869,0.9870129870129869,0.9870129870129869
kdi_Latn,17817,mid,675,1003,0.9882697947214076,0.9948339483394834,0.9882869692532943,0.996309963099631,0.989010989010989,0.996309963099631,0.9919058130978661,0.9904481998530491,0.9875457875457875,0.9882697947214076
kdj_Latn,13519,mid,845,1311,0.993533215755438,0.9982279976373302,0.9964622641509434,0.9988151658767772,0.9964622641509434,1.0,0.9941176470588234,0.9941176470588234,0.993533215755438,0.993533215755438
kdl_Latn,17708,mid,649,934,0.9938650306748467,0.9969135802469136,0.995398773006135,0.9969183359013868,0.995398773006135,0.9961449498843484,0.9953917050691243,0.9946277820414428,0.9938650306748467,0.9938650306748467
kdr_Latn,85,flat_magnet,1,3,0.052631578947368425,0.052631578947368425,0.5,0.5,0.012987012987012988,0.012987012987012988,0.14285714285714288,0.06060606060606061,0.044444444444444446,0.052631578947368425
kea_Latn,100000,head,9114,13583,0.9470494242107002,0.9372416793561017,0.9419862340216323,0.9330955469087765,0.9456886589996149,0.9362325127426525,0.9446547090121222,0.9544116830473652,0.9468987550952959,0.9468524535991628
kei_Latn,226,flat_magnet,4,6,0.2285714285714286,0.5,1.0,1.0,0.0909090909090909,0.4,0.5714285714285715,0.29629629629629634,0.3636363636363636,0.6153846153846153
kek_Latn,100000,head,13701,20694,0.9963798588510623,0.9967498082752073,0.9967117281695286,0.9962757412005258,0.9961237475316318,0.9964940471842817,0.996453771067159,0.9963803882856203,0.9963798588510623,0.9964165569694311
ken_Latn,17805,mid,609,929,0.9991796554552912,0.9991796554552912,0.9983606557377049,0.9991796554552912,0.9983606557377049,0.9991796554552912,1.0,1.0,0.9991796554552912,0.9991796554552912
keo_Latn,6847,mid,413,585,0.9833333333333333,0.9915151515151516,0.9904076738609113,0.9914738124238733,0.9880382775119617,0.9914945321992709,0.986857825567503,0.9880382775119617,0.9833333333333333,0.9833333333333333
ker_Latn,6741,mid,381,590,1.0,1.0,0.9973753280839895,0.9960474308300395,0.9986859395532194,0.9973684210526316,1.0,0.998689384010485,1.0,1.0
kew_Latn,26979,head,614,941,0.9902597402597403,0.9902597402597403,0.9910641754670998,0.9910641754670998,0.9902597402597403,0.9902597402597403,0.9902597402597403,0.9902597402597403,0.9902597402597403,0.9902597402597403
kex_Deva,739,flat_magnet,19,14,0.3333333333333333,0.3548387096774194,0.6190476190476191,0.6875,0.1558441558441558,0.5454545454545454,0.4067796610169491,0.36111111111111105,0.37288135593220345,0.37288135593220345
kez_Latn,13488,mid,879,1287,0.9977272727272727,0.9977220956719818,0.9982944855031267,0.9960022844089091,0.9982944855031267,0.9971477467199088,0.997160704145372,0.997160704145372,0.9977272727272727,0.9977272727272727
kff_Telu,6762,mid,404,577,0.964200477326969,0.973384030418251,0.9676646706586827,0.9797979797979798,0.9619047619047619,0.9797979797979798,0.9770253929866989,0.964200477326969,0.964200477326969,0.964200477326969
kgf_Latn,28674,head,792,1104,0.998109640831758,0.998109640831758,0.9987389659520807,0.9987389659520807,0.9987389659520807,0.9987389659520807,0.9993690851735015,0.9993690851735015,0.998109640831758,0.998109640831758
kgk_Latn,17217,mid,623,1009,0.9756480754124116,0.995176848874598,0.9771833202202991,0.99597747385358,0.9794952681388014,0.99597747385358,0.9802683504340964,0.9810426540284359,0.9756480754124116,0.9756480754124116
kgp_Latn,19199,head,716,1034,0.994413407821229,0.994413407821229,0.994413407821229,0.994413407821229,0.9951083158630328,0.9951083158630328,0.9937194696441033,0.9958041958041959,0.994413407821229,0.994413407821229
kgr_Latn,6735,mid,375,593,0.9986648865153538,0.9946380697050938,0.9986648865153538,0.983739837398374,0.9986648865153538,0.9946380697050938,0.9986648865153538,0.9986648865153538,0.9973333333333333,0.9986648865153538
kha_Latn,34095,head,2227,3513,0.9934904601571268,0.9934904601571268,0.9939366719065797,0.9939366719065797,0.9937135159407274,0.9937135159407274,0.9941625505163898,0.9943858073209073,0.9934904601571268,0.9934904601571268
khk_Cyrl,100000,head,16915,25562,0.9933817880990368,0.9917423616845582,0.992560226735947,0.9910403772472738,0.9930280649926145,0.9908938201750509,0.9928868687464951,0.9943479418814548,0.9933817880990368,0.9933524389162999
khm_Khmr,100000,head,7344,10826,1.0,0.999047748605632,1.0,0.9986401958118031,1.0,0.9989118607181718,1.0,1.0,1.0,1.0
khq_Latn,6762,mid,376,601,0.9868766404199476,0.9933422103861518,0.9933949801849407,0.9906542056074765,0.9920844327176782,0.9946808510638298,0.9973474801061007,0.9907773386034255,0.9868766404199476,0.9868766404199476
khs_Latn,17585,mid,626,965,0.9992019154030327,1.0,0.9992019154030327,1.0,0.9992019154030327,1.0,0.9992019154030327,0.9992019154030327,0.9992019154030327,0.9992019154030327
khy_Latn,11021,mid,696,1031,0.9914407988587732,0.9898550724637681,0.9921484653818701,0.9854439592430859,0.9921484653818701,0.9861818181818183,0.9935668334524661,0.994277539341917,0.9914407988587732,0.9914407988587732
khz_Latn,24568,head,421,640,0.9870740305522914,0.9870740305522914,0.9870740305522914,0.9870740305522914,0.9858823529411764,0.9858823529411764,0.9893992932862191,0.9929078014184397,0.9870740305522914,0.9870740305522914
kia_Latn,41825,head,2263,3323,0.9953611663353213,0.9953611663353213,0.9951413427561838,0.9951413427561838,0.9951413427561838,0.9951413427561838,0.9958011049723756,0.9953611663353213,0.9953611663353213,0.9953611663353213
kij_Latn,32364,head,1627,2435,0.9935642047195833,0.9935642047195833,0.9938725490196079,0.9938725490196079,0.9938725490196079,0.9938725490196079,0.9941771376034324,0.9935642047195833,0.9932598039215688,0.9932598039215688
kik_Latn,100000,head,33720,50443,0.993841060590244,0.9958970089790092,0.9945921787709497,0.9957794620300193,0.9932411261805648,0.9957782072246172,0.9947715728479287,0.9943061559099716,0.9938860721741724,0.9939010751405436
kin_Latn,100000,twin,157042,234170,0.9227343780787368,0.9238084931246291,0.9227889134483064,0.923574568597861,0.9228642993378614,0.9238793346489992,0.923504995652388,0.9374737858895004,0.9228122024102715,0.9228480800677739
kir_Cyrl,100000,head,44499,66805,0.9889971424071282,0.988236615920454,0.9886697345769997,0.9878194035552958,0.9886446762776147,0.987718135134224,0.9887286907076315,0.9902744125767735,0.9889862637671702,0.9889751378107773
kiu_Latn,100000,head,9602,14419,0.9675889328063241,0.9649454240134341,0.9678913569849458,0.9650217630709529,0.9677351328553353,0.9655100005249618,0.9671717171717172,0.96897752453308,0.9675379426644182,0.9674359785014227
kix_Latn,11038,mid,721,1017,0.9993069993069993,1.0,0.9993069993069993,0.9965205288796103,0.9993069993069993,0.9993060374739764,1.0,0.9993069993069993,0.9993069993069993,0.9993069993069993
kjb_Latn,37135,head,1972,2932,0.9888663967611335,0.9888663967611335,0.9878603945371776,0.9878603945371776,0.9878603945371776,0.9878603945371776,0.9891166793216907,0.9901190777805928,0.9886162408297495,0.9886162408297495
kje_Latn,17575,mid,743,1159,0.9953114534494306,0.9966420416386835,0.9966420416386835,0.9973082099596231,0.9973118279569892,0.9979825151311366,0.9966465459423206,0.9973154362416108,0.9953114534494306,0.9953114534494306
kjh_Cyrl,39529,head,2127,3195,0.9363999061253225,0.9363999061253225,0.9353023909985935,0.9353023909985935,0.9378238341968912,0.9378238341968912,0.939707960433349,0.948644793152639,0.9357410881801126,0.9355216881594373
kjs_Latn,24469,head,423,601,0.9870129870129869,0.9870129870129869,0.9881796690307328,0.9881796690307328,0.9881796690307328,0.9881796690307328,0.9881796690307328,0.9881796690307328,0.9870129870129869,0.9870129870129869
kkc_Latn,14662,mid,303,467,0.9983525535420099,0.9983471074380166,0.9983525535420099,0.9916805324459235,0.9983525535420099,0.9966887417218543,0.9983525535420099,0.9934426229508196,0.9983525535420099,0.9983525535420099
kki_Latn,17827,mid,598,959,0.9673735725938009,0.9801652892561983,0.974485596707819,0.9825726141078839,0.974485596707819,0.9817578772802654,0.973727422003284,0.9761316872427984,0.9673735725938009,0.9673735725938009
kkj_Latn,17797,mid,1191,1715,0.9995803608896349,1.0,1.0,1.0,1.0,1.0,1.0,1.0,0.9995803608896349,0.9995803608896349
kkl_Latn,2995,mid,138,186,0.968421052631579,0.9891696750902527,0.9822064056939501,0.9705882352941176,0.9787234042553191,0.9891696750902527,0.9928057553956835,0.9822064056939501,0.968421052631579,0.968421052631579
kle_Deva,6765,mid,392,594,0.9886506935687264,0.9845360824742269,0.98989898989899,0.9858429858429858,0.98989898989899,0.9858429858429858,0.98989898989899,0.9949238578680203,0.9874055415617129,0.9886506935687264
klt_Latn,3724,mid,98,141,0.9655172413793104,0.9849246231155778,0.98,0.9743589743589743,0.9751243781094527,0.9795918367346939,0.9849246231155778,0.9702970297029703,0.9655172413793104,0.9655172413793104
klv_Latn,21999,head,681,968,0.9948717948717949,0.9948717948717949,0.9948717948717949,0.9948717948717949,0.995601173020528,0.995601173020528,0.995601173020528,0.9963316214233309,0.9948717948717949,0.9948717948717949
kma_Latn,6754,twin,392,590,0.9923857868020304,0.9923664122137404,0.9910828025477706,0.9884169884169883,0.9911054637865311,0.9923273657289001,0.9936305732484078,0.9923857868020304,0.9923857868020304,0.9923857868020304
kmb_Latn,100000,head,22708,33923,0.9886824212088325,0.9880981297060966,0.9889613980754342,0.9878880137666292,0.9881398390565077,0.9877186782116981,0.9886263055408037,0.9893282557676127,0.9889516218310638,0.9891107078039927
kmd_Latn,6703,mid,423,553,0.9917936694021102,0.9940688018979834,0.9941245593419507,0.9892729439809297,0.9941245593419507,0.9916963226571768,0.9964580873671781,0.9952941176470588,0.9917936694021102,0.9917936694021102
kmg_Latn,10497,mid,648,978,0.9969183359013868,0.9976798143851509,0.9976869699306091,0.9953488372093023,0.9976869699306091,0.9969040247678018,0.9976869699306091,0.9976869699306091,0.9969183359013868,0.9969183359013868
kmh_Latn,46615,head,1098,1569,0.9958922866271109,0.9958922866271109,0.9972652689152234,0.9972652689152234,0.9977200182398541,0.9977200182398541,0.9958922866271109,0.9954379562043796,0.9958922866271109,0.9958922866271109
kmk_Latn,17725,mid,630,947,0.9944664031620553,0.9992057188244639,0.9960411718131433,0.9992057188244639,0.9968304278922345,0.9992057188244639,0.9960411718131433,0.9952531645569621,0.9944664031620553,0.9944664031620553
kmm_Latn,29927,head,1947,3090,0.9915406306075365,0.9915406306075365,0.990773962070733,0.990773962070733,0.9912820512820513,0.9912820512820513,0.9920492433957425,0.9920492433957425,0.9915406306075365,0.9915406306075365
kmo_Latn,24242,head,424,672,0.9918128654970759,0.9918128654970759,0.9929742388758782,0.9929742388758782,0.9929742388758782,0.9929742388758782,0.9953051643192489,0.9953051643192489,0.9918128654970759,0.9918128654970759
kmr_Cyrl,6748,mid,389,584,0.9761606022584692,0.992248062015504,0.9798488664987405,0.9909208819714656,0.9798488664987405,0.9922279792746114,0.9873096446700507,0.9773869346733668,0.9761606022584692,0.9761606022584692
kmr_Latn,100000,head,16629,25088,0.9949097918737387,0.9944950816713293,0.9949116309878661,0.9943750939990975,0.9946366156442087,0.9942843390891042,0.9948517236188469,0.9951513326306279,0.9949400638515752,0.9949703340059634
kms_Latn,24321,head,398,656,0.9937421777221527,0.9937421777221527,0.9925,0.9925,0.9937421777221527,0.9937421777221527,0.9949874686716792,0.9949874686716792,0.9937421777221527,0.9937421777221527
kmu_Latn,23350,head,900,1388,0.9983361064891847,0.9983361064891847,0.9983361064891847,0.9983361064891847,0.9983361064891847,0.9983361064891847,0.9983361064891847,0.9983361064891847,0.9983361064891847,0.9983361064891847
kmy_Latn,11048,twin,629,979,0.9944223107569721,0.9952153110047846,0.9936406995230525,0.9887999999999999,0.9936305732484076,0.9928172386272944,0.9952305246422893,0.9944223107569721,0.9944223107569721,0.9944223107569721
knc_Arab,6113,mid,379,493,0.9543010752688172,0.9442896935933148,0.9568733153638814,0.9457579972183588,0.9568733153638814,0.9472222222222222,0.9568733153638814,0.9379128137384414,0.9543010752688172,0.9543010752688172
knc_Latn,9356,mid,592,853,0.845132743362832,0.9344262295081968,0.8472324723247233,0.9403973509933775,0.8328445747800586,0.9190938511326862,0.8930232558139536,0.8686408504176159,0.8420279206465834,0.845132743362832
kne_Latn,17520,mid,703,1081,0.9824807288016818,0.9922041105598867,0.9824807288016818,0.99361249112846,0.9838369641602249,0.99361249112846,0.9866291344123856,0.9866291344123856,0.9824807288016818,0.9824807288016818
knf_Latn,19074,head,868,1303,0.9988492520138089,0.9988492520138089,0.9988492520138089,0.9988492520138089,0.9988492520138089,0.9988492520138089,0.9994242947610823,0.9994242947610823,0.9988492520138089,0.9988492520138089
kng_Latn,100000,head,52718,79024,0.9812218785829215,0.9813566503601556,0.9812131488689352,0.9811716891547003,0.9806012456854162,0.9806597091729063,0.9831511971011985,0.9845572437077962,0.9812222404208376,0.9812516859994604
knj_Latn,24479,head,532,815,0.9943714821763602,0.9943714821763602,0.9943714821763602,0.9943714821763602,0.9943714821763602,0.9943714821763602,0.9953051643192488,0.9943714821763602,0.9943714821763602,0.9943714821763602
knk_Latn,13427,mid,845,1290,0.9935256032960565,0.9946650859513931,0.994110718492344,0.9946524064171124,0.994110718492344,0.9940546967895363,0.9952830188679246,0.9952830188679246,0.9935256032960565,0.9935256032960565
kno_Latn,13390,mid,853,1266,1.0,0.9994134897360704,1.0,0.9964705882352942,1.0,0.9976498237367802,1.0,1.0,1.0,1.0
knv_Latn,54786,head,1134,1589,1.0,1.0,1.0,1.0,1.0,1.0,0.999559277214632,0.999559277214632,1.0,1.0
knx_Latn,351,flat_magnet,5,11,0.33333333333333337,0.5555555555555556,0.7692307692307693,0.9090909090909091,0.23255813953488372,0.625,0.625,0.45454545454545453,0.8333333333333333,0.5882352941176471
kny_Latn,3507,mid,180,234,0.949868073878628,0.9834254143646408,0.9651474530831099,0.9774011299435029,0.9641873278236913,0.9745042492917847,0.9600000000000001,0.932642487046632,0.9278350515463918,0.949868073878628
kog_Latn,17787,mid,866,1364,0.998270893371758,0.9994229659549912,0.998270893371758,0.9994229659549912,0.9988465974625144,0.9994229659549912,0.9988465974625144,0.998270893371758,0.998270893371758,0.998270893371758
koi_Cyrl,13537,mid,698,1060,0.3604684375892602,0.4090166612218229,0.355970571590266,0.40761404660321626,0.34763476347634764,0.39644782746590546,0.406361570918533,0.5473776994270604,0.3589306029579068,0.3604684375892602
koo_Latn,100000,head,12138,18380,0.9751489844731828,0.9741410707781959,0.9753326841934438,0.9745604796240784,0.975445432038638,0.9749281056340879,0.9746353322528364,0.9772847332276808,0.9751094535430518,0.9751094535430518
kor_Hang,100000,head,188999,283218,0.9999629637467989,0.999941801713146,0.9999338661079676,0.9998307147013703,0.9999603186150667,0.9999391564974248,0.9999629639427529,0.9999629637467989,0.9999576730774318,0.9999523824640487
kos_Latn,72165,head,4968,7334,0.9884480160723255,0.9884480160723255,0.98716148445336,0.98716148445336,0.9887482419127989,0.9887482419127989,0.9875551987153753,0.9885473176612416,0.9882494727327508,0.9881502309700742
kpe_Latn,78345,head,2407,3704,0.990787269681742,0.990787269681742,0.9914279740748484,0.9914279740748484,0.9905838041431261,0.9905838041431261,0.9910060656766367,0.9909947643979057,0.9910060656766367,0.9910060656766367
kpf_Latn,35264,head,718,1094,0.9519650655021834,0.9519650655021834,0.9617880317231434,0.9617880317231434,0.962536023054755,0.962536023054755,0.9526584122359797,0.9541818181818181,0.9519650655021834,0.9519650655021834
kpg_Latn,66707,head,4075,6027,0.9959424566580597,0.9959424566580597,0.9959414586151764,0.9959414586151764,0.9959404600811909,0.9959404600811909,0.9959424566580597,0.9959424566580597,0.9959424566580597,0.9959424566580597
kpj_Latn,17134,mid,570,885,0.9991220368744512,0.9991220368744512,0.9991220368744512,0.9991220368744512,0.9991220368744512,0.9991220368744512,0.9991220368744512,0.9982456140350877,0.9991220368744512,0.9991220368744512
kpq_Latn,6764,mid,423,564,0.9906103286384975,0.9940688018979834,0.9906103286384975,0.9892729439809297,0.991774383078731,0.9916765755053507,0.9952830188679245,0.9929411764705881,0.9906103286384975,0.9906103286384975
kpr_Latn,27728,head,655,959,0.9946848899012908,0.9946848899012908,0.9939301972685888,0.9939301972685888,0.9931662870159453,0.9931662870159453,0.9946848899012908,0.9954407294832828,0.9946848899012908,0.9946848899012908
kpv_Cyrl,37519,head,2430,3658,0.8842803815844047,0.8842803815844047,0.8808933002481389,0.8808933002481389,0.8825000000000001,0.8825000000000001,0.8898077320653297,0.9126867241742057,0.8840970350404312,0.8840970350404312
kpw_Latn,23907,head,420,646,0.9988109393579072,0.9988109393579072,0.9988109393579072,0.9988109393579072,0.9988109393579072,0.9988109393579072,0.9988109393579072,1.0,0.9988109393579072,0.9988109393579072
kpx_Latn,24157,head,413,652,0.9987908101571946,0.9987908101571946,0.9987908101571946,0.9987908101571946,0.9987908101571946,0.9987908101571946,0.9987908101571946,0.9987908101571946,0.9987908101571946,0.9987908101571946
kpz_Latn,13549,mid,868,1306,0.9903023388476897,0.9976958525345622,0.9908675799086757,0.9971181556195965,0.9908675799086757,0.9971181556195965,0.9925671812464265,0.9937034917000572,0.9903023388476897,0.9903023388476897
kqa_Latn,889,isolated_tail,16,23,0.9696969696969697,1.0,1.0,1.0,0.9411764705882353,0.9696969696969697,0.9696969696969697,0.9142857142857143,1.0,1.0
kqc_Latn,22286,head,530,795,0.9925093632958801,0.9925093632958801,0.9934272300469483,0.9934272300469483,0.9934272300469483,0.9934272300469483,0.993439550140581,0.9953051643192489,0.9925093632958801,0.9925093632958801
kqe_Latn,17772,mid,770,1092,0.9840051183621241,0.986529826812059,0.9846153846153847,0.9884169884169883,0.9846153846153847,0.9877813504823151,0.9858974358974358,0.986529826812059,0.9840051183621241,0.9840051183621241
kqf_Latn,4591,mid,261,321,0.9942638623326959,0.9942638623326959,0.9961685823754789,0.9942418426103647,0.9942638623326959,0.9923371647509579,0.9961685823754789,0.9942638623326959,0.9942638623326959,0.9942638623326959
kql_Latn,1133,mid,16,34,0.9142857142857143,0.9411764705882353,0.9696969696969697,0.9696969696969697,0.9411764705882353,0.9411764705882353,0.9411764705882353,0.9142857142857143,0.9142857142857143,0.9142857142857143
kqn_Latn,100000,head,29528,44909,0.9899141083425461,0.9900724169584878,0.9899653037621607,0.9899872503187419,0.9897577242411868,0.989815176916668,0.9899171951779369,0.9898766858035806,0.9899656450899691,0.9900000000000001
kqo_Latn,11062,mid,685,1035,0.99927060539752,1.0,0.99927060539752,0.9941262848751835,0.99927060539752,0.9992695398100804,0.99927060539752,0.99927060539752,0.99927060539752,0.99927060539752
kqp_Latn,17793,mid,651,1037,0.9992325402916347,1.0,1.0,1.0,0.9992325402916347,1.0,0.9992325402916347,0.9992325402916347,0.9992325402916347,0.9992325402916347
kqs_Latn,11046,mid,695,1038,0.9985632183908045,0.9971139971139971,0.9985632183908045,0.996389891696751,0.9985632183908045,0.996389891696751,0.9985632183908045,0.9985632183908045,0.9978463747307967,0.9985632183908045
kqw_Latn,13948,mid,184,282,0.9786096256684491,0.9945652173913043,0.9838709677419355,0.9918256130790191,0.9838709677419355,0.9918699186991871,0.9838709677419355,0.9812332439678284,0.9786096256684491,0.9786096256684491
kqy_Ethi,13330,mid,818,1290,0.9975550122249389,0.9913686806411837,0.9975550122249389,0.9913686806411837,0.9975550122249389,0.9907464528069093,0.9975550122249389,0.9975550122249389,0.9975550122249389,0.9975550122249389
krc_Cyrl,23418,head,1547,2346,0.9349148418491485,0.9349148418491485,0.9343065693430658,0.9343065693430658,0.9334548769371012,0.9334548769371012,0.9455886873655087,0.9549829245575909,0.9346305868044998,0.9343465045592706
kri_Latn,100000,head,11554,17243,0.9964863575239664,0.9954567089264851,0.9964437505421112,0.9948078920041536,0.995613463626493,0.9957583102493074,0.9965748970301322,0.9967039639170787,0.9964431335126225,0.9964431335126225
krj_Latn,17825,mid,738,1130,0.7664921465968585,0.8149386845039019,0.7720782654680064,0.8202247191011236,0.7639979068550498,0.8772563176895307,0.8163037409268565,0.839080459770115,0.7660910518053375,0.7664921465968585
krl_Latn,9341,mid,545,891,0.5476584022038568,0.8791405550581917,0.548172757475083,0.9041860465116279,0.5811364967779731,0.8943985307621671,0.5792540792540792,0.8035714285714286,0.5476584022038568,0.5476584022038568
kru_Deva,17760,mid,612,1020,0.9894394800974817,0.9950980392156863,0.9894394800974817,0.9950980392156863,0.9894394800974817,0.9950980392156863,0.9886363636363636,0.9926650366748165,0.9878345498783455,0.9894394800974817
krx_Latn,970,flat_magnet,22,21,0.6567164179104478,0.846153846153846,0.8301886792452831,0.9565217391304348,0.7586206896551725,0.8979591836734693,0.8,0.7333333333333334,0.9130434782608695,0.9333333333333332
ksb_Latn,11038,mid,683,1049,0.9673758865248226,0.9904761904761904,0.9715099715099714,0.9926470588235294,0.9701280227596017,0.9926470588235294,0.9770773638968482,0.9722024233784746,0.9673758865248226,0.9673758865248226
ksc_Latn,10977,mid,712,996,0.9971988795518207,0.9985974754558204,0.9971988795518207,0.9964862965565706,0.9978976874562019,0.9985955056179775,0.9985974754558204,0.9978976874562019,0.9971988795518207,0.9971988795518207
ksd_Latn,59612,head,703,972,0.9915254237288135,0.9915254237288135,0.9915254237288135,0.9915254237288135,0.992226148409894,0.992226148409894,0.9908256880733946,0.9929278642149929,0.9915254237288135,0.9915254237288135
ksf_Latn,11299,mid,695,1085,0.996389891696751,0.995664739884393,0.9949385394070861,0.9883551673944687,0.9949385394070861,0.9949385394070861,0.996389891696751,0.996389891696751,0.996389891696751,0.996389891696751
ksh_Latn,11430,flat_magnet,716,1091,0.46092184368737477,0.7340946166394781,0.4924838940586972,0.7599093997734995,0.45680238331678247,0.7375342465753424,0.5643564356435643,0.6590038314176245,0.4584717607973422,0.46092184368737477
ksj_Latn,10732,mid,227,285,0.9848156182212581,0.9934065934065934,0.9869565217391305,0.9955947136563876,0.9869565217391305,0.9955947136563876,0.9891067538126361,0.9869565217391305,0.9848156182212581,0.9848156182212581
ksp_Latn,8240,mid,513,728,0.9941634241245136,0.9960861056751468,0.9951314508276534,0.9951028403525954,0.9941634241245136,0.9951028403525954,0.9951314508276534,0.9941634241245136,0.9941634241245136,0.9941634241245136
ksr_Latn,27341,head,664,977,0.9954819277108434,0.9954819277108434,0.9977358490566037,0.9977358490566037,0.9977358490566037,0.9977358490566037,0.9954819277108434,0.9962321024868123,0.9947328818660647,0.9947328818660647
kss_Latn,100000,head,11145,16439,0.9969870036425776,0.9977112597047076,0.9978434720100637,0.9975333004440059,0.9952683520346086,0.9973524792461296,0.9973927897150049,0.9973021582733814,0.997257564177494,0.9971679028995281
ksw_Mymr,100000,head,8039,12281,0.9996889193056678,0.9995023637720825,0.9996266799402688,0.9992536385122528,0.9995644328293198,0.9994400547502023,0.9996889193056678,0.9996889193056678,0.9996889193056678,0.9996889193056678
ktb_Ethi,13238,mid,846,1260,0.9888953828170661,0.9988165680473373,0.9883177570093458,0.9982238010657194,0.9877408056042032,0.9982238010657194,0.9941245593419507,0.9888953828170661,0.9888953828170661,0.9888953828170661
ktj_Latn,17646,mid,805,1297,0.9993792675356922,1.0,1.0,1.0,0.9993792675356922,0.9993792675356922,0.9993792675356922,0.9993792675356922,0.9993792675356922,0.9993792675356922
ktm_Latn,6181,mid,79,132,0.9349112426035503,0.9811320754716981,0.9404761904761905,0.975,0.9404761904761905,0.975,0.9634146341463414,0.9634146341463414,0.9294117647058824,0.9349112426035503
kto_Latn,30763,head,465,623,0.9967845659163987,0.9967845659163987,0.9967845659163987,0.9967845659163987,0.9967845659163987,0.9967845659163987,0.9967845659163987,0.9967845659163987,0.9967845659163987,0.9967845659163987
ktu_Latn,21343,head,1417,2091,0.7052401746724891,0.7052401746724891,0.7099257629914765,0.7099257629914765,0.697950377562028,0.697950377562028,0.7491166077738516,0.7778807537843683,0.7048554282596837,0.7044711014176664
ktz_Latn,357,flat_magnet,6,10,0.4799999999999999,0.923076923076923,0.8571428571428571,1.0,0.631578947368421,0.8571428571428571,0.8571428571428571,0.6,1.0,1.0
kua_Latn,100000,twin,28297,42350,0.9222038069408869,0.9222790993342033,0.9215285685578404,0.9214938259210923,0.9216467908347848,0.9219753747323342,0.922183352024505,0.9031736753429838,0.9222038069408869,0.9222038069408869
kub_Latn,17771,mid,1195,1716,0.9970699037254082,0.9979035639412999,0.9979053204859656,0.9979035639412999,0.9979053204859656,0.9979035639412999,0.9974874371859296,0.9979070740895772,0.9970699037254082,0.9970699037254082
kud_Latn,31123,head,392,612,0.9936305732484078,0.9936305732484078,0.9936305732484078,0.9936305732484078,0.9948979591836735,0.9948979591836735,0.994910941475827,0.9936305732484078,0.9936305732484078,0.9936305732484078
kue_Latn,24594,head,409,630,0.9927007299270074,0.9927007299270074,0.9939246658566221,0.9939246658566221,0.9927007299270074,0.9927007299270074,0.9939098660170524,0.9963369963369964,0.9927007299270074,0.9927007299270074
kuj_Latn,11061,mid,700,1035,0.9950248756218906,0.996420901932713,0.995732574679943,0.9949748743718593,0.9950248756218906,0.9978525411596278,0.9971509971509972,0.9971509971509972,0.9950248756218906,0.9950248756218906
kum_Cyrl,13281,mid,860,1252,0.97877223178428,0.9894859813084111,0.9793340987370839,0.9876977152899824,0.976531196336577,0.9883040935672515,0.98328530259366,0.9827188940092166,0.97877223178428,0.97877223178428
kup_Latn,23283,head,425,592,0.9964830011723329,0.9964830011723329,0.9964830011723329,0.9964830011723329,0.9964830011723329,0.9964830011723329,0.9988249118683901,0.9988249118683901,0.9964830011723329,0.9964830011723329
kus_Latn,13488,mid,840,1321,0.9952606635071091,0.9982132221560454,0.995850622406639,0.9976162097735399,0.995850622406639,0.9976162097735399,0.9964412811387899,0.995850622406639,0.9952606635071091,0.9952606635071091
kvg_Latn,11146,mid,165,196,0.9850746268656716,1.0,0.9850746268656716,0.9877300613496933,0.9880239520958084,1.0,0.9880239520958084,0.9880239520958084,0.9850746268656716,0.9850746268656716
kvj_Latn,11057,mid,695,1032,1.0,0.9992800575953923,1.0,0.9971139971139971,0.9992810927390366,0.9978370583994233,1.0,0.9992810927390366,1.0,1.0
kvn_Latn,17773,mid,607,912,0.9950819672131147,0.9975349219391947,0.9958982772764561,0.9991769547325102,0.9958982772764561,0.9983552631578947,0.9950819672131147,0.9958982772764561,0.9942669942669943,0.9950819672131147
kwd_Latn,17670,mid,639,955,0.9976580796252927,1.0,0.9976580796252927,1.0,0.9976580796252927,1.0,0.9984375,0.9984375,0.9976580796252927,0.9976580796252927
kwf_Latn,18620,head,1255,1797,0.9927884615384615,0.9927884615384615,0.991980753809142,0.991980753809142,0.9915764139590855,0.9915764139590855,0.9927884615384615,0.9927884615384615,0.9944000000000001,0.9944000000000001
kwi_Latn,17740,mid,701,1086,0.9950248756218905,0.9992862241256245,0.9950248756218905,0.9992862241256245,0.9943181818181818,0.9985734664764622,0.9957325746799431,0.9971509971509971,0.9950248756218905,0.9950248756218905
kwj_Latn,24528,head,683,1051,0.997080291970803,0.997080291970803,0.997080291970803,0.997080291970803,0.997080291970803,0.997080291970803,0.9978086194302411,0.997080291970803,0.997080291970803,0.997080291970803
kwn_Latn,100000,head,17943,26914,0.9943846905992457,0.993885585057375,0.9942177155786475,0.9938019989949187,0.9944118468846045,0.9939688390015078,0.9941631524562236,0.9948568872987477,0.9943569113867472,0.9943569113867472
kwy_Latn,100000,head,28015,41188,0.9904826648538408,0.9902388443935927,0.9902898732139984,0.9901163518078319,0.99019748139668,0.9901326373744235,0.9903096617321032,0.9908210918069744,0.9904830053667263,0.9904830053667263
kxc_Ethi,13467,mid,840,1316,0.9988109393579072,0.9958208955223881,0.9988109393579072,0.995221027479092,0.9988109393579072,0.9958208955223881,0.9988109393579072,0.9988109393579072,0.9988109393579072,0.9988109393579072
kxm_Thai,13492,mid,807,1257,0.9962962962962962,0.9975155279503106,0.9975278121137207,0.9956440572495334,0.9975278121137207,0.9956440572495334,0.9975278121137207,0.9975278121137207,0.9962962962962962,0.9962962962962962
kxw_Latn,11040,mid,679,1045,0.9977957384276267,0.9977924944812362,0.9985294117647059,0.9948263118994827,0.9985294117647059,0.9970501474926253,0.9992641648270787,0.9985294117647059,0.9977957384276267,0.9977957384276267
kyc_Latn,27920,head,1120,1758,0.9986613119143241,0.9986613119143241,0.9986613119143241,0.9986613119143241,0.9986613119143241,0.9986613119143241,0.9986613119143241,0.9977708426214891,0.9986613119143241,0.9986613119143241
kyf_Latn,17627,mid,806,1295,1.0,0.9993792675356922,1.0,0.9987577639751554,1.0,0.9987577639751554,1.0,1.0,1.0,1.0
kyg_Latn,27081,head,946,1478,0.999471737982039,0.999471737982039,0.999471737982039,0.999471737982039,0.999471737982039,0.999471737982039,0.999471737982039,0.999471737982039,0.999471737982039,0.999471737982039
kyq_Latn,24514,head,882,1475,0.99830220713073,0.99830220713073,0.99830220713073,0.99830220713073,0.9988674971687429,0.9988674971687429,0.99830220713073,0.99830220713073,0.99830220713073,0.99830220713073
kyu_Kali,4280,mid,220,330,1.0,1.0,1.0,0.9861751152073733,1.0,1.0,1.0,1.0,1.0,1.0
kyu_Latn,4306,mid,234,325,0.9957264957264957,0.9978586723768736,0.9957264957264957,0.9759299781181618,0.9957264957264957,0.9978586723768736,0.9978586723768736,0.9978586723768736,0.9957264957264957,0.9957264957264957
kyu_Mymr,13476,mid,889,1266,1.0,0.9971799210377891,1.0,0.9932049830124575,1.0,0.9971799210377891,1.0,1.0,1.0,1.0
kyz_Latn,16966,mid,1027,1524,0.9990272373540857,0.9990272373540857,0.9990272373540857,0.9985401459854014,0.9990272373540857,0.9985401459854014,0.9990272373540857,0.9990272373540857,0.9990272373540857,0.9990272373540857
kze_Latn,24039,head,379,598,1.0,1.0,0.9986824769433464,0.9986824769433464,0.9986824769433464,0.9986824769433464,1.0,1.0,1.0,1.0
kzf_Latn,12488,mid,787,1190,0.9955555555555555,0.9980903882877148,0.9949238578680204,0.9974522292993631,0.99429296131896,0.9974554707379136,0.9968213604577241,0.9968213604577241,0.9955555555555555,0.9955555555555555
kzj_Latn,4996,mid,264,410,0.6358099878197321,0.7065368567454798,0.7311522048364155,0.8019323671497585,0.6420664206642066,0.701657458563536,0.6799468791500666,0.6718749999999999,0.6319612590799032,0.6358099878197321
kzn_Latn,2125,flat_magnet,62,94,0.009991353636276299,0.013278449077147788,0.012118331947249613,0.015849911046417597,0.013134174607262426,0.019376089905057157,0.011185682326621923,0.019785655399835116,0.009433962264150941,0.009991353636276299
lac_Latn,17753,mid,616,874,0.9983792544570502,1.0,0.9983792544570502,1.0,0.9983792544570502,1.0,0.9983792544570502,0.9983792544570502,0.9983792544570502,0.9983792544570502
lad_Hebr,171,flat_magnet,4,4,0.0909090909090909,0.0909090909090909,0.4,0.4,0.05031446540880503,0.05031446540880503,0.0,0.1,0.08,0.0909090909090909
lad_Latn,10070,flat_magnet,641,930,0.23594397317025054,0.4589905362776025,0.24680675731355584,0.47068338050950265,0.22279985146676573,0.43121301775147935,0.32030401737242126,0.4879288437102923,0.23483212252110738,0.23594397317025054
lai_Latn,11021,mid,678,1034,0.9643366619115549,0.9918938835666913,0.9684813753581661,0.9933579335793358,0.9670958512160229,0.9897058823529412,0.9747656813266041,0.96987087517934,0.9636493228795437,0.9643366619115549
laj_Latn,22156,head,684,1069,0.9898697539797395,0.9898697539797395,0.9913043478260869,0.9913043478260869,0.9913043478260869,0.9913043478260869,0.9898550724637681,0.9905865314989137,0.9898697539797395,0.9898697539797395
lam_Latn,43564,head,2948,4458,0.8611729769858946,0.8611729769858946,0.8722354231401938,0.8722354231401938,0.8686868686868687,0.8686868686868687,0.8629498415066194,0.8655725613129264,0.8611729769858946,0.8613843013546112
lao_Laoo,33981,head,2280,3470,1.0,1.0,1.0,1.0,1.0,1.0,1.0,1.0,1.0,1.0
lap_Latn,4299,mid,230,322,0.989247311827957,0.9934640522875816,0.9978308026030369,0.989010989010989,0.9956709956709957,0.9956331877729258,0.9935205183585313,0.9913793103448275,0.989247311827957,0.989247311827957
las_Latn,6746,mid,381,590,0.6840684068406842,0.7898627243928195,0.7335907335907336,0.8760529482551143,0.7149576669802445,0.8628370457209849,0.6953339432753889,0.6959706959706959,0.6840684068406842,0.6840684068406842
lat_Latn,100000,head,19156,28916,0.9461976202793586,0.9427391850655179,0.9462154482045984,0.942186899115498,0.9467112250977954,0.942624842904409,0.9446828190437039,0.9525270382695508,0.9465629120239911,0.9466011889377102
law_Latn,6540,mid,391,555,0.9936467598475222,0.9948849104859335,0.9936467598475222,0.990990990990991,0.9936467598475222,0.9948717948717949,0.9949109414758269,0.9949109414758269,0.9923857868020305,0.9936467598475222
lbb_Latn,1700,mid,11,19,0.8148148148148148,0.9565217391304348,1.0,1.0,0.9166666666666666,1.0,0.9565217391304348,0.846153846153846,0.8148148148148148,0.8148148148148148
lbe_Cyrl,182,flat_magnet,0,7,0.0,0.0,0.0,0.0,0.0,0.0,0.0,0.0,0.0,0.0
lbj_Tibt,10380,mid,648,970,1.0,1.0,1.0,0.9976798143851509,1.0,1.0,1.0,1.0,1.0,1.0
lbk_Latn,17600,mid,769,1206,0.9871134020618556,0.9941596365996106,0.9890393294648614,0.9948119325551232,0.9890393294648614,0.9948119325551232,0.9883870967741935,0.9890251775338929,0.9871134020618556,0.9871134020618556
lcm_Latn,27324,head,671,912,0.9911242603550295,0.9911242603550295,0.9896449704142012,0.9896449704142012,0.9896449704142012,0.9896449704142012,0.9948032665181886,0.9948032665181886,0.9911242603550295,0.9911242603550295
lcp_Thai,4281,mid,229,321,0.9765458422174841,0.9776785714285714,0.9849462365591398,0.9776785714285714,0.9849462365591398,0.9799554565701559,0.9892008639308855,0.9786324786324786,0.9765458422174841,0.9765458422174841
ldi_Latn,51424,head,3496,5252,0.9672798764218509,0.9672798764218509,0.9666292765002804,0.9666292765002804,0.9683232436998452,0.9683232436998452,0.9671348314606742,0.9671440606571188,0.967289063596799,0.9660969459232278
ldn_Latn,106,flat_magnet,3,2,0.6666666666666666,0.6666666666666666,1.0,1.0,0.2727272727272727,0.2727272727272727,1.0,0.6666666666666666,0.6,0.6666666666666666
lea_Latn,3217,mid,141,219,0.6388888888888888,0.8395061728395061,0.7191601049868765,0.8690095846645367,0.8179104477611939,0.9407665505226481,0.7131782945736435,0.5835095137420719,0.566735112936345,0.6388888888888888
led_Latn,3688,mid,180,268,0.7031249999999999,0.8416075650118203,0.7185628742514969,0.8814432989690721,0.8071748878923766,0.8833746898263027,0.7346938775510204,0.6293706293706294,0.6896551724137931,0.7031249999999999
lee_Latn,17731,mid,1118,1680,1.0,1.0,1.0,1.0,1.0,1.0,1.0,1.0,1.0,1.0
lef_Latn,13442,mid,856,1293,0.9982507288629737,0.9964830011723329,0.9982507288629737,0.993533215755438,0.9982507288629737,0.9958944281524927,0.9988331388564761,0.9982507288629737,0.9982507288629737,0.9982507288629737
leh_Latn,55845,head,3687,5708,0.9776229398365268,0.9776229398365268,0.977193453179501,0.977193453179501,0.977187332259796,0.977187332259796,0.9784095480756337,0.9790604026845637,0.9776229398365268,0.977491961414791
lem_Latn,17770,mid,1146,1753,0.999128160418483,1.0,0.9995638901003052,1.0,0.9995638901003052,1.0,0.999128160418483,0.9995638901003052,0.999128160418483,0.999128160418483
leu_Latn,35286,head,534,771,0.9934883720930232,0.9934883720930232,0.9934883720930232,0.9934883720930232,0.9944134078212291,0.9944134078212291,0.9944134078212291,0.9962686567164178,0.9934883720930232,0.9934883720930232
lew_Latn,13383,mid,826,1310,0.9927710843373494,0.9939540507859733,0.9897528631705848,0.9884638737097753,0.9903381642512077,0.9902912621359223,0.9939686369119421,0.9945684972842487,0.9927710843373494,0.9927710843373494
lex_Latn,19181,head,818,1310,0.9927007299270074,0.9927007299270074,0.9933049300060864,0.9933049300060864,0.9933049300060864,0.9933049300060864,0.99209726443769,0.9945155393053018,0.99209726443769,0.99209726443769
lez_Cyrl,337,flat_magnet,7,8,0.09523809523809523,0.22727272727272727,0.21818181818181817,0.5263157894736842,0.008303677342823251,0.03977272727272727,0.14285714285714282,0.13043478260869565,0.2222222222222222,0.24390243902439024
lfn_Cyrl,5655,mid,292,500,0.6936829558998808,0.9574105621805791,0.7414012738853503,0.9606837606837606,0.6871310507674144,0.9541595925297114,0.8038942976356049,0.8100558659217878,0.6936829558998808,0.6936829558998808
lfn_Latn,12192,mid,781,1158,0.4368345323741008,0.5479853479853479,0.4869733033129624,0.5916831683168317,0.4465390279823269,0.5764932562620423,0.5233775296580601,0.6368286445012789,0.43608158575122086,0.4368345323741008
lgg_Latn,9264,mid,520,808,0.9904030710172745,0.9903100775193797,0.9894534995206136,0.9863813229571984,0.9894534995206136,0.9902912621359222,0.9923076923076923,0.9904030710172745,0.9904030710172745,0.9904030710172745
lgl_Latn,10951,mid,144,193,0.993103448275862,1.0,0.9965397923875432,0.9965156794425087,0.9965397923875432,1.0,0.993103448275862,0.9965397923875432,0.993103448275862,0.993103448275862
lgm_Latn,11059,mid,707,1022,0.9826268241834607,0.9914651493598863,0.9853658536585366,0.9914529914529915,0.9867411025819959,0.9914529914529915,0.9867411025819959,0.9846796657381615,0.9826268241834607,0.9826268241834607
lhi_Latn,10945,mid,705,1017,1.0,0.9992902767920511,1.0,0.9914163090128755,1.0,1.0,1.0,1.0,1.0,1.0
lhu_Latn,72409,head,4968,7411,1.0,1.0,1.0,1.0,1.0,1.0,1.0,1.0,1.0,1.0
lia_Latn,13468,mid,836,1314,0.9970184853905785,0.9976105137395459,0.9976133651551313,0.9970077797725913,0.9976133651551313,0.9982068141063957,0.9970184853905785,0.9970184853905785,0.9970184853905785,0.9970184853905785
lid_Latn,27185,head,631,1015,0.9968354430379747,0.9968354430379747,0.9968354430379747,0.9968354430379747,0.9968354430379747,0.9968354430379747,0.9968354430379747,0.9968354430379747,0.9968354430379747,0.9968354430379747
lif_Deva,24326,head,648,956,0.9984567901234568,0.9984567901234568,0.9984567901234568,0.9984567901234568,0.9984567901234568,0.9984567901234568,0.9984567901234568,0.9992277992277991,0.9984567901234568,0.9984567901234568
lif_Limb,10950,mid,680,1030,1.0,1.0,1.0,0.9850746268656716,1.0,1.0,1.0,1.0,1.0,1.0
lij_Latn,35338,head,1989,2966,0.7835851367905268,0.7835851367905268,0.773440643863179,0.773440643863179,0.7804878048780488,0.7804878048780488,0.8099662162162162,0.8665911664779162,0.7829457364341086,0.7827860493575362
lim_Latn,100000,head,8751,13241,0.7742412343511803,0.7471708161363333,0.7616540329535654,0.7363866794860588,0.7744235577368275,0.7419681812172227,0.7536698890082348,0.909700835899692,0.7739909485545395,0.7737259970457903
lin_Latn,100000,head,112366,168990,0.994461010250931,0.9947544323706033,0.9946864372315846,0.9947912478669133,0.9945243810315618,0.994777356332623,0.9946053696014588,0.9945281905477175,0.994514950893835,0.9945374732908371
lip_Latn,17701,mid,1002,1497,1.0,1.0,1.0,1.0,1.0,1.0,1.0,1.0,1.0,1.0
lis_Lisu,6732,mid,401,580,1.0,1.0,1.0,0.9638242894056849,1.0,1.0,1.0,1.0,1.0,1.0
lit_Latn,100000,head,166347,249347,0.9713200135828415,0.9746454740986474,0.9720834593656527,0.974898967356816,0.9713481340942821,0.9747731711688178,0.9726797628890197,0.9748730310334894,0.9713556802261201,0.9713623238057948
liv_Latn,625,isolated_tail,12,16,0.17647058823529413,0.36065573770491804,0.43636363636363634,0.7142857142857143,0.18461538461538463,0.4444444444444444,0.3157894736842105,0.2181818181818182,0.4878048780487806,0.5238095238095238
ljp_Latn,13436,mid,878,1274,0.9700332963374029,0.9885583524027459,0.9721603563474387,0.9885321100917431,0.9710789766407119,0.9891117478510029,0.9776286353467563,0.9803701626472239,0.9700332963374029,0.9700332963374029
lki_Arab,211,flat_magnet,5,5,0.0,0.0,0.0,0.0,0.003942181340341656,0.01388888888888889,0.0,0.0,0.0,0.0
llb_Latn,25228,head,1658,2523,0.9277177006260671,0.9277177006260671,0.8946791003839825,0.8946791003839825,0.9655377302436126,0.9655377302436126,0.9044056525353283,0.8135424446104059,0.9219457013574661,0.8882833787465939
lld_Latn,814,flat_magnet,16,19,0.19718309859154926,0.4912280701754386,0.608695652173913,0.9032258064516129,0.20689655172413793,0.5490196078431373,0.35,0.23333333333333334,0.5490196078431373,0.608695652173913
llg_Latn,14230,mid,253,381,0.9688715953307393,0.9783889980353634,0.9668615984405458,0.9743589743589743,0.9668615984405458,0.9743589743589743,0.9745596868884541,0.9726562499999999,0.9688715953307393,0.9688715953307393
lln_Latn,8245,mid,524,708,0.9971401334604386,0.9961685823754789,0.9971401334604386,0.9913378248315688,0.9971401334604386,0.9952061361457335,0.9971401334604386,0.9990448901623686,0.9971401334604386,0.9971401334604386
lmk_Latn,17821,mid,1191,1739,0.9953917050691243,0.9966414777497901,0.9958088851634536,0.996220075598488,0.9962264150943396,0.9966386554621849,0.9958088851634536,0.9953917050691243,0.9953917050691243,0.9953917050691243
lmo_Latn,58536,twin,3716,5717,0.7896777051722228,0.7896777051722228,0.7734315743850906,0.7734315743850906,0.7858953168044076,0.7858953168044076,0.7874641359523283,0.8665443425076452,0.7891532927504151,0.788938053097345
lmp_Latn,11043,mid,714,1019,0.9985994397759104,0.9978976874562018,0.9985994397759104,0.9964912280701755,0.9985994397759104,0.9978976874562018,0.9985994397759104,0.9979006298110568,0.9985994397759104,0.9985994397759104
lnd_Latn,25726,head,1620,2651,0.9926062846580407,0.9926062846580407,0.9935285053929122,0.9935285053929122,0.9932182490752158,0.9932182490752158,0.9929121725731895,0.9935245143385755,0.9926062846580407,0.9923005851555282
lob_Latn,13529,mid,852,1314,1.0,1.0,1.0,0.9988249118683901,1.0,0.9994128009395186,1.0,1.0,1.0,1.0
loe_Latn,6830,mid,413,585,0.9880382775119617,0.9939686369119421,0.9904076738609113,0.9951456310679612,0.9892215568862275,0.9975845410628019,0.9904076738609113,0.9892215568862275,0.9880382775119617,0.9880382775119617
log_Latn,11018,mid,670,1048,0.9992542878448918,0.9992542878448918,0.9992542878448918,0.9970104633781763,0.9992542878448918,0.9977595220313668,0.9992542878448918,0.9992542878448918,0.9992542878448918,0.9992542878448918
lok_Latn,6752,mid,382,598,1.0,0.9960578186596584,0.9986928104575163,0.9907529722589168,0.9986928104575163,0.9947368421052631,1.0,1.0,1.0,1.0
lol_Latn,11060,mid,687,1049,0.9884393063583815,0.992679355783309,0.991304347826087,0.9889948642699926,0.991304347826087,0.9904761904761905,0.991304347826087,0.991304347826087,0.9884393063583815,0.9884393063583815
lom_Latn,11043,mid,682,1044,0.9985358711566619,0.998533724340176,0.9985358711566619,0.9970631424375918,0.9978054133138259,0.9978021978021978,0.9985358711566619,0.9985358711566619,0.9985358711566619,0.9985358711566619
loq_Latn,7481,mid,409,705,0.9879227053140096,0.9901477832512315,0.9915151515151515,0.9888751545117428,0.9903147699757868,0.9888751545117428,0.9903147699757868,0.9867310012062726,0.9879227053140096,0.9879227053140096
loz_Latn,100000,head,56400,84425,0.9952663143096115,0.995340399800811,0.9954099060631939,0.995189529000649,0.9949356047457566,0.9952066306793423,0.9953385759527452,0.995373171512973,0.9953021567371343,0.9953200348773067
lrc_Arab,168,flat_magnet,3,5,0.0,0.0,0.0,0.0,0.005517241379310345,0.005517241379310345,0.0,0.07692307692307691,0.0,0.0
lsi_Latn,10998,mid,684,1027,0.9978118161925601,0.9963423555230432,0.9992695398100804,0.9919058130978661,0.9992695398100804,0.9963369963369962,0.9985401459854015,0.9978118161925601,0.9978118161925601,0.9978118161925601
lsm_Latn,13528,mid,878,1298,0.9915206331260599,0.9954389965792474,0.9926428975664967,0.9948600799543118,0.9926428975664967,0.9954337899543378,0.9943310657596371,0.9937677053824362,0.9915206331260599,0.9915206331260599
ltg_Latn,14559,flat_magnet,801,1211,0.33692238672050245,0.44774310814904567,0.3379775280898876,0.4472012102874433,0.32745482255606356,0.4306080884492291,0.3930544593528019,0.5797788309636651,0.33452115812917593,0.33692238672050245
ltz_Latn,100000,head,8633,13081,0.8839899937460912,0.8527481336740317,0.878392376217112,0.8492289264860008,0.8838494421853821,0.8501648186994306,0.8718317085684967,0.931117957746479,0.8838178597478379,0.883633711844984
lua_Latn,100000,head,67603,101484,0.9943537243131603,0.9945788590354825,0.9943318153791295,0.994414984477816,0.9942792612074474,0.9944595457718758,0.9944736607540778,0.99444279346211,0.9943985498633069,0.9944060203998247
lub_Latn,100000,head,38253,57204,0.9912879432995769,0.9911740827069638,0.9909874505488748,0.9908338571129269,0.9909855611750217,0.9909898111527279,0.9913032089063524,0.9914648696131002,0.991288171564068,0.9912621995152944
luc_Latn,7040,mid,395,606,0.9987357774968395,0.9987357774968395,0.9987357774968395,0.9961880559085133,0.9987357774968395,0.9987325728770595,1.0,0.9987357774968395,0.9987357774968395,0.9987357774968395
lud_Latn,554,flat_magnet,12,12,0.15,0.5,0.4782608695652174,0.8333333333333334,0.09302325581395349,0.47058823529411764,0.3157894736842105,0.18181818181818182,0.47619047619047616,0.6
lue_Latn,100000,head,35408,52830,0.9944890702253957,0.9944474347715233,0.9942614240170031,0.9942191617784579,0.9943321903250489,0.9942904098720655,0.9944610502755308,0.9944735723395209,0.994474981583272,0.994474981583272
lug_Latn,100000,head,26161,39539,0.9835939601183387,0.9837634985065482,0.9838362896414037,0.9834892574948823,0.9835964811186662,0.9837101127466932,0.9845221427338461,0.9846171573428588,0.9836336394022052,0.9835769577995044
lun_Latn,100000,head,23233,34869,0.9960968667112328,0.9960769098120366,0.9962059153229285,0.9960135324412265,0.9960537381666055,0.9960133606292425,0.9960329438144108,0.9961827945394552,0.9961185146849528,0.9961401617250674
luo_Latn,100000,head,35690,53813,0.9918243071805136,0.9915914308652235,0.9916700728692441,0.9911150537180191,0.9916826435096425,0.9914224144002028,0.9917993518388051,0.9922168015566397,0.9918245376635093,0.99182476813351
lus_Latn,100000,head,33972,51443,0.9936469475799303,0.9934823640438833,0.9937231387260186,0.9931164600622023,0.9934242607834735,0.9932608791824576,0.993695276625275,0.9939141481284528,0.993632267119746,0.9936175870933428
lvs_Latn,100000,head,184149,277441,0.9721902263470876,0.9742108407649596,0.97257192882962,0.9741763329625713,0.9719136593852271,0.9739012683418904,0.9735217089009379,0.9771215006456979,0.972242734176099,0.9722889574608772
lwg_Latn,1392,flat_magnet,29,44,0.4705882352941177,0.8307692307692308,0.7466666666666666,0.9285714285714286,0.44961240310077516,0.8709677419354839,0.6829268292682926,0.5544554455445544,0.4516129032258064,0.4705882352941177
lwo_Latn,17490,mid,773,1124,0.9980632666236282,1.0,0.9974193548387097,0.9987046632124352,0.9974193548387097,0.9993527508090615,0.9993535875888817,1.0,0.9974193548387097,0.9980632666236282
lww_Latn,17549,mid,569,934,0.9964912280701754,0.9964850615114236,0.9973661106233538,0.9973568281938325,0.9973661106233538,0.9982394366197184,0.9973661106233538,0.9982425307557118,0.9964912280701754,0.9964912280701754
lzh_Hani,97818,twin,4927,7531,0.7449223416965353,0.7449223416965353,0.7458877479812581,0.7458877479812581,0.7438770451165096,0.7438770451165096,0.7468492606926666,0.7291666666666666,0.7449223416965353,0.7449223416965353
maa_Latn,38068,head,2036,3011,0.999754480726737,0.999754480726737,0.999754480726737,0.999754480726737,0.999754480726737,0.999754480726737,0.999754480726737,0.999754480726737,0.999754480726737,0.999754480726737
mad_Latn,44560,head,2951,4643,0.97431593083767,0.97431593083767,0.9727561424034766,0.9727561424034766,0.973653297533143,0.973653297533143,0.9751594494796912,0.977291841883936,0.9743245510991777,0.9741697416974171
maf_Latn,11056,mid,709,1031,0.9964862965565706,0.9971751412429379,0.9964862965565706,0.9921930447125621,0.9964862965565706,0.9950460014154282,0.9964862965565706,0.9957865168539326,0.9957865168539326,0.9964862965565706
mag_Deva,12847,mid,795,1259,0.7115198451113263,0.8163265306122449,0.712475633528265,0.8185993111366245,0.7027804410354745,0.8065058889512058,0.7881401617250674,0.8637168141592921,0.7115198451113263,0.7115198451113263
mah_Latn,100000,head,31924,47423,0.9977721995607154,0.9979926606655586,0.9981651951636427,0.9979931012856694,0.9976777028087243,0.9980084367012184,0.9978510141017396,0.998023405390142,0.9977879230008941,0.9977879230008941
mai_Deva,43579,head,2338,3549,0.8419607843137255,0.8419607843137255,0.8354085603112841,0.8354085603112841,0.8410296718412262,0.8410296718412262,0.8389105058365759,0.8981985756179304,0.8419607843137255,0.8416307330458643
maj_Latn,17827,mid,607,913,1.0,0.9991755976916735,1.0,0.9991755976916735,1.0,0.9991755976916735,1.0,1.0,1.0,1.0
mak_Latn,26049,head,1749,2618,0.9735211267605635,0.9735211267605635,0.9694763371604593,0.9694763371604593,0.9718626899268429,0.9718626899268429,0.9759954815024005,0.9776646875883517,0.972972972972973,0.9724254361283062
mal_Latn,10693,mid,672,997,0.9463487332339791,0.9612756264236901,0.9464285714285714,0.9620637329286799,0.9484690067214339,0.9598180439727065,0.9548872180451128,0.9548872180451128,0.9449404761904762,0.9463487332339791
mal_Mlym,100000,head,47354,70768,1.0,1.0,0.999989441341372,0.9999577667032689,0.999989441341372,0.999989441341372,1.0,1.0,1.0,1.0
mam_Latn,100000,head,19305,28744,0.9965189380163144,0.9974331717182193,0.9967558589187926,0.9968372478871779,0.996285231848292,0.9969915452046269,0.9967802243456585,0.9968318271527994,0.9965189380163144,0.9965189380163144
maq_Latn,17793,mid,633,926,0.9992107340173638,1.0,0.9992107340173638,1.0,0.9992107340173638,1.0,0.9992107340173638,0.9992107340173638,0.9992107340173638,0.9992107340173638
mar_Deva,100000,head,86258,129906,0.9858234136282689,0.9884948943908238,0.9861683687810362,0.988618814794958,0.98332824212233,0.9871654944990808,0.9879788184328677,0.9884686454751713,0.9858531184647559,0.9858831523330872
mar_Latn,3924,mid,189,297,0.3742824339839265,0.5391014975041597,0.4595744680851064,0.6361829025844931,0.38039673278879815,0.5482233502538071,0.45786516853932585,0.4229765013054831,0.3656633221850613,0.3742824339839265
mas_Latn,31948,head,2138,3223,0.9874768089053804,0.9874768089053804,0.9879406307977736,0.9879406307977736,0.9886284520770481,0.9886284520770481,0.986790266512167,0.9881643072638664,0.9872478553211221,0.9870190078813167
mau_Latn,100000,head,12403,18511,0.998668549525923,0.9983880067703715,0.9986284792254941,0.9978241598839551,0.9979406420351302,0.9982263785875524,0.9986687643712936,0.9987895416397676,0.998668549525923,0.9987493444144107
mav_Latn,23723,head,1073,1520,0.9153225806451613,0.9153225806451613,0.9159536990437847,0.9159536990437847,0.9153225806451613,0.9153225806451613,0.9148614609571788,0.9153225806451613,0.9153225806451613,0.9153225806451613
maw_Latn,17707,mid,1149,1691,0.998696219035202,1.0,0.998696219035202,1.0,0.998696219035202,1.0,0.9991304347826088,0.9991304347826088,0.998696219035202,0.998696219035202
max_Latn,333,flat_magnet,8,7,0.20512820512820512,0.27586206896551724,0.47058823529411764,0.5,0.10191082802547771,0.2592592592592593,0.4,0.22222222222222224,0.25,0.27586206896551724
maz_Latn,17588,mid,601,945,0.995850622406639,0.9983361064891847,0.995850622406639,0.9983361064891847,0.995850622406639,0.9983361064891847,0.995850622406639,0.9966777408637874,0.995850622406639,0.995850622406639
mbb_Latn,55597,head,1218,1851,0.9890020366598777,0.9890020366598777,0.9881969881969882,0.9881969881969882,0.988599348534202,0.988599348534202,0.9882065880439204,0.9902120717781403,0.988599348534202,0.9877949552481693
mbc_Latn,25471,head,753,1132,0.9642857142857143,0.9642857142857143,0.9636238846945779,0.9636238846945779,0.9636238846945779,0.9636238846945779,0.9642857142857143,0.9642857142857143,0.9636238846945779,0.9636238846945779
mbd_Latn,10885,mid,679,1018,0.9956011730205279,0.9970588235294118,0.9956011730205279,0.9940915805022157,0.9956011730205279,0.995575221238938,0.9963316214233309,0.9956011730205279,0.9956011730205279,0.9956011730205279
mbf_Latn,6748,mid,407,577,0.8781014023732471,0.9775561097256857,0.9356321839080459,0.976279650436954,0.919774011299435,0.976279650436954,0.9064587973273942,0.8964757709251102,0.8781014023732471,0.8781014023732471
mbh_Latn,24424,head,435,698,0.9931506849315068,0.9931506849315068,0.9942857142857142,0.9942857142857142,0.9942857142857142,0.9942857142857142,0.9931506849315068,0.9954233409610984,0.9931506849315068,0.9931506849315068
mbi_Latn,11002,mid,690,1027,0.9927849927849929,0.9956584659913169,0.9927849927849929,0.9934640522875816,0.9942196531791908,0.9949238578680203,0.9956584659913169,0.9942196531791908,0.9927849927849929,0.9927849927849929
mbj_Latn,17676,mid,659,946,0.9992418498862775,1.0,0.9992418498862775,1.0,0.9992418498862775,1.0,1.0,1.0,0.9992418498862775,0.9992418498862775
mbl_Latn,17712,mid,600,944,0.9966777408637874,0.9983361064891847,0.9966777408637874,0.9966666666666667,0.9966777408637874,0.9983361064891847,0.9966777408637874,0.995850622406639,0.9966777408637874,0.9966777408637874
mbs_Latn,18964,head,692,1004,0.9935298346513299,0.9935298346513299,0.9942446043165468,0.9942446043165468,0.9949604031677465,0.9949604031677465,0.9956772334293948,0.9971139971139971,0.9935298346513299,0.992816091954023
mbt_Latn,17750,mid,672,1131,0.9911504424778761,0.9977728285077951,0.9918819188191882,0.9992565055762082,0.9926144756277696,0.9977728285077951,0.9948186528497409,0.9955555555555555,0.9911504424778761,0.9911504424778761
mca_Latn,24591,head,912,1353,0.9989047097480832,0.9989047097480832,0.9989047097480832,0.9989047097480832,0.9994520547945205,0.9994520547945205,0.9989047097480832,0.9989047097480832,0.9989047097480832,0.9989047097480832
mcb_Latn,17596,mid,586,930,0.9974468085106384,0.9991460290350128,0.9974468085106384,0.9991460290350128,0.9974468085106384,0.9982905982905983,0.9974468085106384,0.9974468085106384,0.9974468085106384,0.9974468085106384
mcd_Latn,26561,head,669,950,0.9962714392244595,0.9962714392244595,0.9970149253731344,0.9970149253731344,0.9970149253731344,0.9970149253731344,0.9962714392244595,0.9970149253731344,0.9962714392244595,0.9962714392244595
mcf_Latn,17567,mid,616,899,0.9975708502024292,0.9991889699918897,0.9983792544570502,0.9983766233766234,0.9983792544570502,0.9991889699918897,0.9975708502024292,0.9975708502024292,0.9975708502024292,0.9975708502024292
mck_Latn,100000,head,9429,14311,0.9867444326617179,0.9860199110357976,0.9860065726704124,0.9850698856416772,0.9861052184980907,0.9853860002117972,0.9865409071640525,0.987061194188143,0.9867458381931926,0.9867458381931926
mcn_Latn,30781,head,2102,3060,0.9900896649362907,0.9900896649362907,0.9907910271546636,0.9907910271546636,0.9907910271546636,0.9907910271546636,0.9907910271546636,0.9907910271546636,0.9900896649362907,0.9900896649362907
mco_Latn,100000,head,14119,21288,0.997195100301793,0.9968416196458355,0.9971249068256841,0.9961704843628113,0.9972663045407746,0.9967708739931158,0.9971596960874813,0.9972305070302514,0.997195100301793,0.997195100301793
mcp_Latn,22044,head,1087,1656,0.9851024208566107,0.9851024208566107,0.9851024208566107,0.9851024208566107,0.9822595704948646,0.9822595704948646,0.9855612482533769,0.9883882954017649,0.9855746859004187,0.9855746859004187
mcq_Latn,31265,head,862,1371,0.9982608695652174,0.9982608695652174,0.9982608695652174,0.9982608695652174,0.9982608695652174,0.9982608695652174,0.9982608695652174,0.9982608695652174,0.9982608695652174,0.9982608695652174
mcu_Latn,13492,mid,828,1318,1.0,0.9993957703927493,0.9993964996982498,0.9975786924939467,1.0,0.9987908101571946,1.0,1.0,1.0,1.0
mda_Latn,17774,mid,665,905,1.0,1.0,1.0,1.0,0.9992475545522949,0.9992475545522949,1.0,1.0,1.0,1.0
mdf_Cyrl,16365,mid,1040,1630,0.42148931756896907,0.4503105590062112,0.41749174917491744,0.4454725710508923,0.41299492385786807,0.4518716577540107,0.4845878136200717,0.7277957569219705,0.41974798595331536,0.42148931756896907
mdy_Ethi,67085,head,3876,5941,0.9997420020639834,0.9997420020639834,0.9997420020639834,0.9997420020639834,0.999870984389111,0.999870984389111,0.9997420020639834,0.9997420020639834,0.9997420020639834,0.9997420020639834
med_Latn,23245,head,989,1550,0.9994946942900456,0.9994946942900456,0.9994946942900456,0.9994946942900456,0.9994946942900456,0.9994946942900456,0.9994946942900456,0.9994946942900456,0.9994946942900456,0.9994946942900456
mee_Latn,24514,head,500,705,1.0,1.0,1.0,1.0,1.0,1.0,1.0,1.0,1.0,1.0
mej_Latn,13341,mid,866,1276,0.9994229659549912,0.9971081550028917,0.9988452655889145,0.9941927990708479,0.9988452655889145,0.9959467284308049,0.9994229659549912,0.9994229659549912,0.9994229659549912,0.9994229659549912
mek_Latn,24096,head,1039,1530,0.9995189995189995,0.9995189995189995,0.9995189995189995,0.9995189995189995,0.9995189995189995,0.9995189995189995,0.9990384615384614,0.9995189995189995,0.9995189995189995,0.9995189995189995
men_Latn,16422,mid,1093,1579,0.9986282578875172,0.9977095739807605,0.9977116704805492,0.9954128440366973,0.9972552607502287,0.9967934035730647,0.9986282578875172,0.9986282578875172,0.9986282578875172,0.9986282578875172
meq_Latn,17804,mid,768,1109,0.998696219035202,0.998696219035202,0.998696219035202,0.998696219035202,0.998696219035202,0.998696219035202,0.998696219035202,0.998696219035202,0.998696219035202,0.998696219035202
mer_Latn,3326,mid,157,215,0.5177304964539008,0.7787610619469028,0.5702970297029704,0.7771084337349398,0.4845528455284553,0.7660818713450294,0.6033057851239669,0.5499058380414313,0.5177304964539008,0.5177304964539008
met_Latn,6728,mid,404,565,0.988984088127295,0.9887920298879204,0.9926289926289926,0.9798488664987406,0.9926289926289926,0.9849624060150376,0.9926289926289926,0.9901960784313726,0.988984088127295,0.988984088127295
meu_Latn,100000,head,9220,13678,0.9179853138897508,0.9165508365508365,0.9155619745190077,0.9139127306367889,0.9160850007755545,0.915023933295589,0.9174757281553398,0.9335166869413445,0.9180582122731737,0.9180277031217696
mev_Latn,277,flat_magnet,8,4,0.16161616161616163,0.34782608695652173,0.6956521739130436,0.9411764705882353,0.024615384615384615,0.07017543859649122,0.2666666666666667,0.15841584158415845,0.4615384615384615,0.3478260869565218
mfe_Latn,100000,head,26033,39862,0.9780524184956318,0.9770617360358966,0.977126712593854,0.9763980438018285,0.977592718117556,0.9766416582875707,0.9776005265909047,0.9789210847221416,0.9779955836206563,0.9779766401301645
mfg_Latn,1598,mid,36,55,0.9,0.9859154929577464,0.9600000000000001,0.9859154929577464,0.9350649350649352,0.9859154929577464,0.9600000000000001,0.9113924050632911,0.9,0.9
mfh_Latn,13516,mid,845,1329,0.9988151658767772,0.9982216953171309,0.9994079336885732,0.9982216953171309,0.9994079336885732,0.9988151658767772,0.9988151658767772,0.9988151658767772,0.9988151658767772,0.9988151658767772
mfi_Latn,17796,mid,1175,1735,0.997453310696095,0.9995746490854955,0.9970276008492569,0.9995742869306087,0.9966044142614601,0.9995742869306087,0.9983007646559048,0.9987250318742031,0.997453310696095,0.997453310696095
mfk_Latn,17787,mid,570,933,0.9938864628820961,0.9973707274320772,0.9947552447552447,0.9982456140350877,0.9956255468066492,0.9991220368744512,0.9938864628820961,0.9938864628820961,0.9938864628820961,0.9938864628820961
mfq_Latn,21554,head,1445,2113,0.9955125992405938,0.9955125992405938,0.9961977186311788,0.9961977186311788,0.9961977186311788,0.9961977186311788,0.9955125992405938,0.995169082125604,0.9955125992405938,0.9955125992405938
mfy_Latn,19912,head,727,1152,0.9896765313145217,0.9896765313145217,0.9896907216494846,0.9896907216494846,0.990358126721763,0.990358126721763,0.990358126721763,0.9896765313145217,0.9896765313145217,0.9889958734525447
mfz_Latn,13402,mid,879,1269,0.9988636363636363,0.9994308480364257,0.9988636363636363,0.9948542024013721,0.9982964224872232,0.9971477467199088,0.9994314951677089,0.9988636363636363,0.9982964224872232,0.9988636363636363
mgc_Latn,5026,mid,276,408,0.996389891696751,0.9963768115942029,1.0,0.989010989010989,0.9981916817359855,0.9981851179673321,0.9981916817359855,0.9981916817359855,0.996389891696751,0.996389891696751
mgh_Latn,78930,head,4679,7442,0.9878742354329864,0.9878742354329864,0.9873417721518988,0.9873417721518988,0.9873281786941581,0.9873281786941581,0.9875616555865323,0.9887205929745408,0.9878742354329864,0.9877682403433476
mgm_Latn,179,flat_magnet,3,5,0.2857142857142857,0.2857142857142857,0.8571428571428571,0.8571428571428571,0.05454545454545455,0.05454545454545455,0.6,0.2608695652173913,0.2222222222222222,0.2857142857142857
mgo_Latn,11133,mid,264,389,0.9942857142857142,0.9942857142857142,0.9961977186311787,0.9942857142857142,0.9942857142857142,0.9942857142857142,0.9942857142857142,0.9942857142857142,0.9942857142857142,0.9942857142857142
mgr_Latn,100000,head,9943,14921,0.9785234221031885,0.9773518284993694,0.9777553083923155,0.9767324483924695,0.977795761468818,0.9771454517935523,0.9786074672048436,0.9798454311259281,0.9785234221031885,0.9785234221031885
mhi_Latn,13542,mid,883,1279,0.9943693693693694,0.9960384833050367,0.995490417136415,0.9965986394557824,0.9949295774647887,0.9966024915062288,0.995490417136415,0.995490417136415,0.9943693693693694,0.9943693693693694
mhl_Latn,17037,mid,570,843,0.9947643979057591,1.0,0.9947460595446586,0.9982425307557118,0.9947460595446586,0.9973614775725593,0.9956331877729258,0.9947643979057591,0.9947643979057591,0.9947643979057591
mhr_Cyrl,100000,head,13181,19644,0.9266613522719038,0.9158858450754596,0.9249583906216079,0.9142857142857143,0.9257673608591539,0.9133059474906233,0.9196959919695992,0.9582000827721133,0.9263981454650827,0.9261633170378417
mhw_Latn,524,flat_magnet,7,17,0.42424242424242425,0.8571428571428571,1.0,0.923076923076923,0.28,0.7777777777777778,0.8235294117647058,0.45161290322580644,0.75,0.8571428571428571
mhx_Latn,17532,mid,650,943,0.9984639016897081,0.9984615384615385,0.9984639016897081,0.997690531177829,0.9984639016897081,0.9984615384615385,0.9992313604919293,0.9984639016897081,0.9984639016897081,0.9984639016897081
mhy_Latn,13427,mid,854,1299,0.991869918699187,0.9911920140927774,0.9924462521789658,0.9905660377358491,0.991869918699187,0.9894117647058824,0.9941792782305006,0.991869918699187,0.991869918699187,0.991869918699187
mib_Latn,24577,head,415,667,0.9952038369304557,0.9952038369304557,0.9952038369304557,0.9952038369304557,0.9952038369304557,0.9952038369304557,0.9963985594237695,0.9987966305655837,0.9952038369304557,0.9952038369304557
mic_Latn,17716,mid,630,905,1.0,1.0,0.9992069785884219,1.0,1.0,1.0,1.0,1.0,1.0,1.0
mie_Latn,17822,mid,598,903,1.0,1.0,1.0,0.9991631799163181,1.0,1.0,1.0,1.0,1.0,1.0
mif_Latn,17711,mid,715,1159,0.9979064898813677,0.9993011879804332,0.9979064898813677,0.9993011879804332,0.9979064898813677,0.9986033519553074,0.9979064898813677,0.9986033519553074,0.9979064898813677,0.9979064898813677
mig_Latn,17825,mid,624,902,0.9984,0.9991993594875901,0.9984,0.9991993594875901,0.9984,0.9991993594875901,0.9984,0.9984,0.9984,0.9984
mih_Latn,17758,mid,640,908,0.9992193598750976,1.0,0.9992193598750976,1.0,0.9992193598750976,1.0,1.0,0.9992193598750976,0.9992193598750976,0.9992193598750976
mil_Latn,17720,mid,561,935,1.0,1.0,1.0,1.0,1.0,1.0,1.0,1.0,1.0,1.0
mim_Latn,6759,mid,409,563,0.9987789987789988,0.9851116625310173,0.9987789987789988,0.9851116625310173,0.9987789987789988,0.9851116625310173,1.0,0.9987789987789988,0.9987789987789988,0.9987789987789988
min_Arab,847,isolated_tail,17,21,0.16216216216216217,0.4109589041095891,0.2158273381294964,0.5660377358490566,0.11371237458193979,0.272,0.3448275862068966,0.39473684210526316,0.6521739130434783,0.6382978723404256
min_Latn,100000,head,9810,14790,0.9313558081670489,0.9202459882771213,0.9288597131047895,0.9170017231476163,0.9313155967781304,0.9193548387096775,0.9269687424279138,0.9454185240217929,0.9309470398907638,0.9308108635233312
mio_Latn,17742,mid,927,1424,0.9994609164420485,1.0,1.0,1.0,1.0,1.0,1.0,1.0,0.9994609164420485,0.9994609164420485
mip_Latn,6764,mid,402,584,0.9987577639751554,0.9950124688279303,0.9987577639751554,0.9848866498740554,0.9987577639751554,0.9899749373433584,1.0,0.9975186104218362,0.9987577639751554,0.9987577639751554
miq_Latn,86132,head,5399,7916,0.9927482335440685,0.9927482335440685,0.9924700195221716,0.9924700195221716,0.9925636735452686,0.9925636735452686,0.9923791821561339,0.9929328621908127,0.9927482335440685,0.9927482335440685
mir_Latn,16801,mid,1081,1630,0.9995376791493296,0.9990749306197965,0.9995376791493296,0.9990749306197965,0.9995376791493296,0.9990749306197965,0.9995376791493296,0.9995376791493296,0.9995376791493296,0.9995376791493296
mit_Latn,17430,mid,616,896,1.0,1.0,1.0,1.0,1.0,1.0,1.0,0.9991889699918897,1.0,1.0
miy_Latn,17828,mid,1138,1764,1.0,1.0,1.0,1.0,1.0,1.0,1.0,1.0,1.0,1.0
miz_Latn,17822,mid,563,936,1.0,1.0,1.0,1.0,1.0,1.0,1.0,1.0,1.0,1.0
mjc_Latn,17745,mid,594,915,1.0,1.0,1.0,1.0,1.0,1.0,1.0,1.0,1.0,1.0
mjw_Latn,11088,mid,645,1101,0.9946029298380878,0.9961270333075134,0.9953703703703703,0.9937888198757764,0.9946029298380878,0.9953488372093023,0.9976798143851509,0.9953703703703703,0.9946029298380878,0.9946029298380878
mkd_Cyrl,100000,twin,61414,91775,0.9599474614474048,0.959438566953481,0.9592876143515214,0.9587432689582573,0.9594794151534329,0.9587304157726407,0.9596922453938045,0.9646691104274399,0.9599318955732121,0.9599169801530678
mkl_Latn,17702,mid,956,1484,1.0,1.0,1.0,1.0,1.0,1.0,1.0,1.0,1.0,1.0
mkn_Latn,18360,head,774,1208,0.98343949044586,0.98343949044586,0.9847133757961782,0.9847133757961782,0.9859514687100894,0.9859514687100894,0.9828353464717101,0.9840865690642902,0.98343949044586,0.98343949044586
mks_Latn,17827,mid,611,924,0.9991823385118561,0.9991809991809992,0.9991823385118561,0.9991809991809992,0.9991823385118561,0.9991809991809992,0.9991823385118561,0.9991823385118561,0.9991823385118561,0.9991823385118561
mkz_Latn,1446,mid,28,42,0.8253968253968255,0.8421052631578947,0.962962962962963,0.9019607843137255,0.8666666666666666,0.923076923076923,0.8813559322033899,0.8524590163934426,0.8253968253968255,0.8253968253968255
mlh_Latn,31269,head,494,678,0.9919517102615695,0.9919517102615695,0.9909547738693467,0.9909547738693467,0.9909547738693467,0.9909547738693467,0.9929506545820747,0.9919517102615695,0.9919517102615695,0.9919517102615695
mlp_Latn,24038,head,440,631,0.9887387387387387,0.9887387387387387,0.9909706546275394,0.9909706546275394,0.9920903954802259,0.9920903954802259,0.9909706546275394,0.9920903954802259,0.9887387387387387,0.9887387387387387
mlt_Latn,100000,head,133687,200861,0.9608329347706118,0.9351317964518674,0.957207190715044,0.9344326602808705,0.9649275855185824,0.9382423313322923,0.9558963789644473,0.9688698753296571,0.9606640334811742,0.9603279050104767
mlu_Latn,815,flat_magnet,16,19,0.463768115942029,0.6666666666666667,0.7804878048780487,0.8571428571428572,0.48484848484848486,0.75,0.6037735849056604,0.47761194029850745,0.7894736842105263,0.7894736842105263
mmn_Latn,11023,mid,705,998,0.9860139860139859,0.9907209136331192,0.986703988803359,0.9856527977044477,0.9860139860139859,0.9856527977044477,0.9929577464788732,0.9887798036465638,0.9846368715083799,0.9860139860139859
mmo_Latn,24576,head,850,1255,0.9599096555618295,0.9599096555618295,0.9670079635949942,0.9670079635949942,0.9692132269099202,0.9692132269099202,0.9659090909090909,0.9653605905735377,0.9599096555618295,0.9599096555618295
mmx_Latn,28734,head,1389,2150,0.9974847287100251,0.9974847287100251,0.9974847287100251,0.9974847287100251,0.9974847287100251,0.9974847287100251,0.9982020855807263,0.9982020855807263,0.9974847287100251,0.9974847287100251
mna_Latn,33077,head,1448,2046,0.9972432804962095,0.9972432804962095,0.9968997588701343,0.9968997588701343,0.9972432804962095,0.9972432804962095,0.9972432804962095,0.9986197377501725,0.9968997588701343,0.9968997588701343
mnb_Latn,13514,mid,853,1308,0.9930151338766007,0.9964830011723329,0.9935934769947582,0.9947089947089948,0.9935934769947582,0.9947152084556665,0.9964953271028038,0.9953325554259043,0.9924374636416522,0.9930151338766007
mnf_Latn,13467,mid,842,1305,0.9994065281899109,0.9994065281899109,0.9994065281899109,0.998812351543943,0.9994065281899109,0.9982174688057041,0.9994065281899109,0.9994065281899109,0.9994065281899109,0.9994065281899109
mni_Beng,41766,head,2936,4190,0.9751511081262592,0.9751511081262592,0.9743331655762456,0.9743331655762456,0.9746601778821951,0.9746601778821951,0.9772765527688941,0.9824086603518267,0.9751511081262592,0.9751511081262592
mni_Latn,889,flat_magnet,21,19,0.2692307692307693,0.6885245901639345,0.5526315789473685,0.8936170212765957,0.2038834951456311,0.6086956521739131,0.49411764705882355,0.302158273381295,0.7777777777777778,0.8400000000000001
mni_Mtei,3424,mid,157,241,1.0,1.0,1.0,0.9704918032786886,1.0,1.0,1.0,1.0,1.0,1.0
mnk_Latn,13537,mid,887,1274,0.9988726042841037,0.9988726042841037,0.9983079526226734,0.997742663656885,0.9983079526226734,0.9983079526226734,0.9994359842075579,0.9994359842075579,0.9988726042841037,0.9988726042841037
mns_Cyrl,971,isolated_tail,16,27,0.1797752808988764,0.4444444444444445,0.3076923076923077,0.9411764705882353,0.15023474178403753,0.7441860465116279,0.2831858407079646,0.2666666666666667,0.6666666666666667,0.5490196078431373
mnw_Mymr,291,flat_magnet,5,8,0.5263157894736842,0.6666666666666665,1.0,0.7499999999999999,0.7692307692307693,0.7499999999999999,0.5882352941176471,0.5263157894736842,0.7499999999999999,0.6666666666666665
mnx_Latn,6272,mid,369,532,0.9945945945945944,0.9959294436906377,0.9959404600811907,0.9835164835164835,0.9972972972972972,0.9931972789115646,0.9959404600811907,0.9945945945945944,0.9945945945945944,0.9945945945945944
mny_Latn,41872,head,2790,4243,0.9350743561842583,0.9350743561842583,0.9328263624841571,0.9328263624841571,0.9344946470694975,0.9344946470694975,0.9365569896382476,0.9367502726281353,0.9349048050770626,0.9347353154459753
moa_Latn,17800,mid,1169,1745,0.9995724668661822,1.0,0.9995724668661822,1.0,1.0,1.0,0.9995724668661822,0.9995724668661822,0.9995724668661822,0.9995724668661822
moc_Latn,18050,head,1239,1727,0.9983883964544722,0.9983883964544722,0.9987908101571946,0.9987908101571946,0.9987908101571946,0.9987908101571946,0.9983883964544722,0.9983883964544722,0.9983883964544722,0.9983883964544722
mog_Latn,13436,mid,868,1292,0.998272884283247,0.997690531177829,0.998272884283247,0.9959514170040485,0.998272884283247,0.997690531177829,0.998272884283247,0.998272884283247,0.998272884283247,0.998272884283247
moh_Latn,1569,mid,26,62,0.8,0.962962962962963,0.9122807017543859,1.0,0.8524590163934427,0.9811320754716981,0.9454545454545454,0.896551724137931,0.8,0.8
mop_Latn,18531,head,786,1179,0.9826142949130715,0.9826142949130715,0.9826142949130715,0.9826142949130715,0.9832474226804123,0.9832474226804123,0.9832474226804123,0.9832474226804123,0.981981981981982,0.981981981981982
mor_Latn,13526,mid,857,1297,1.0,1.0,1.0,0.9964871194379391,1.0,0.9988317757009346,1.0,1.0,1.0,1.0
mos_Latn,100000,head,37406,56138,0.9965840131816903,0.9972833723653396,0.9972154542290288,0.9975257787109975,0.9965572211282133,0.9972434833806135,0.9966651041317887,0.9968515119441579,0.9965974547890153,0.9966377774503369
mox_Latn,30851,head,1060,1509,0.9957527135441246,0.9957527135441246,0.9962228517469311,0.9962228517469311,0.9962228517469311,0.9962228517469311,0.9962228517469311,0.9957527135441246,0.9957527135441246,0.9957527135441246
mpg_Latn,17806,mid,587,912,0.9873417721518987,0.9965928449744463,0.9881756756756757,0.9965928449744463,0.9881756756756757,0.9965928449744463,0.989010989010989,0.9881756756756757,0.9873417721518987,0.9873417721518987
mph_Latn,1016,mid,17,28,0.9189189189189189,1.0,0.9444444444444444,1.0,0.9444444444444444,1.0,0.9444444444444444,0.8947368421052632,0.9189189189189189,0.9189189189189189
mpm_Latn,17709,mid,1175,1707,0.9987217724755006,0.9987217724755006,0.9987217724755006,0.9987217724755006,0.9982949701619779,0.9982949701619779,0.9987217724755006,0.9987217724755006,0.9987217724755006,0.9987217724755006
mpp_Latn,13388,mid,260,410,0.9923664122137404,0.9980806142034548,0.9923664122137404,0.9942196531791908,0.9904761904761905,0.9961538461538462,0.994263862332696,0.9923664122137404,0.9923664122137404,0.9923664122137404
mps_Latn,62082,head,3166,4742,0.9973122529644268,0.9973122529644268,0.9971546000632311,0.9971546000632311,0.9971546000632311,0.9971546000632311,0.9971546000632311,0.9974699557242253,0.9973122529644268,0.9973122529644268
mpt_Latn,30449,head,293,453,0.9965986394557823,0.9965986394557823,0.9932203389830507,0.9932203389830507,0.9949066213921902,0.9949066213921902,0.9965986394557823,0.9965986394557823,0.9965986394557823,0.9965986394557823
mpx_Latn,28162,head,943,1470,0.9978835978835979,0.9978835978835979,0.9978835978835979,0.9978835978835979,0.9984118581259925,0.9984118581259925,0.9973558963511369,0.9984118581259925,0.9978835978835979,0.9978835978835979
mqb_Latn,17749,mid,1140,1667,0.9986847873739588,0.9991228070175439,0.9986847873739588,0.9991228070175439,0.9986847873739588,0.9991228070175439,0.9995615957913195,0.9991228070175439,0.9986847873739588,0.9986847873739588
mqj_Latn,24541,head,474,734,0.9778247096092925,0.9778247096092925,0.9767932489451476,0.9767932489451476,0.9746835443037974,0.9746835443037974,0.9778714436248683,0.9788583509513742,0.9778247096092925,0.9778247096092925
mqy_Latn,11063,mid,724,1011,0.9951890034364262,0.9958448753462604,0.9958734525447043,0.9958391123439667,0.9958734525447043,0.9958391123439667,0.9972451790633609,0.9972451790633609,0.9951890034364262,0.9951890034364262
mrg_Latn,9720,mid,583,920,0.9940119760479044,0.9956933677863911,0.9965694682675815,0.9869678540399652,0.9965694682675815,0.9948275862068966,0.9957155098543274,0.9965694682675815,0.9931623931623932,0.9940119760479044
mri_Latn,73030,head,4952,7462,0.9848729326341268,0.9848729326341268,0.9841078253872461,0.9841078253872461,0.9849843797238739,0.9849843797238739,0.9852852247530741,0.9858785555779704,0.9848759830611011,0.9848790322580645
mrj_Cyrl,32843,head,2027,2947,0.8515590689503733,0.8515590689503733,0.8233545647558387,0.8233545647558387,0.8333691679208772,0.8333691679208772,0.8619079386257505,0.90142158005127,0.8500657606313021,0.8454327447133202
mrq_Latn,827,flat_magnet,20,17,0.08368200836820082,0.18848167539267016,0.15384615384615383,0.3789473684210526,0.08583690987124463,0.16101694915254236,0.09313725490196077,0.08264462809917356,0.375,0.30508474576271183
mrv_Latn,137,flat_magnet,2,5,0.13333333333333336,0.13333333333333336,0.0,0.0,0.04166666666666667,0.04166666666666667,0.0,0.14285714285714285,0.11764705882352941,0.13333333333333336
mrw_Latn,32855,head,2213,3284,0.98859825620389,0.98859825620389,0.9896999552171966,0.9896999552171966,0.9910313901345291,0.9910313901345291,0.9905913978494625,0.9925925925925926,0.9883772910147518,0.9881564245810056
msb_Latn,17760,mid,605,932,0.836464857341684,0.8970149253731342,0.8432888264230499,0.9448818897637795,0.8382147838214784,0.944138473642801,0.8767323121808899,0.866618601297765,0.8358831710709318,0.836464857341684
msc_Latn,4006,mid,190,315,0.9500000000000001,0.9732620320855614,0.9718670076726343,0.9649595687331537,0.9693877551020408,0.9732620320855614,0.9819121447028424,0.9620253164556963,0.9476309226932668,0.9500000000000001
mse_Latn,11044,mid,674,1039,0.9933283914010379,0.994047619047619,0.9940652818991098,0.9932985852568876,0.9940652818991098,0.9932985852568876,0.9933283914010379,0.9940652818991098,0.9925925925925925,0.9933283914010379
msk_Latn,17461,mid,595,900,0.9924937447873228,0.9958018471872376,0.9916527545909849,0.9949494949494949,0.9924812030075189,0.9957947855340623,0.9941520467836257,0.9941520467836257,0.9924937447873228,0.9924937447873228
msm_Latn,17525,mid,769,1077,0.9896640826873385,0.99545159194282,0.9903163331181407,0.99545159194282,0.9909560723514212,0.99545159194282,0.9909443725743855,0.9915857605177993,0.9896640826873385,0.9896640826873385
msy_Latn,23880,head,426,617,0.9976580796252927,0.9976580796252927,0.9976580796252927,0.9976580796252927,0.9976580796252927,0.9976580796252927,0.9988276670574443,0.9976580796252927,0.9976580796252927,0.9976580796252927
mta_Latn,17707,mid,1125,1753,0.9991119005328597,0.9995553579368608,0.9986684420772304,0.9991111111111111,0.9991119005328597,0.9995553579368608,0.9991111111111111,0.9991119005328597,0.9991119005328597,0.9991119005328597
mtg_Latn,10910,mid,641,1074,0.9961149961149962,0.9992205767731879,0.9968895800933125,0.9945098039215686,0.9968895800933125,0.9984375,0.9968895800933125,0.9961149961149962,0.9953416149068323,0.9961149961149962
mti_Latn,37906,head,579,888,0.996551724137931,0.996551724137931,0.996551724137931,0.996551724137931,0.9974115616911131,0.9974115616911131,0.9948364888123925,0.998272884283247,0.996551724137931,0.996551724137931
mtj_Latn,13341,mid,859,1282,0.9959420289855072,0.9982527664531159,0.9965197215777262,0.9900176159718146,0.9959373186302961,0.9941588785046729,0.9970980847359258,0.9970980847359258,0.9959420289855072,0.9959420289855072
mto_Latn,24568,head,1084,1614,1.0,1.0,0.9995389580451821,0.9995389580451821,0.9995389580451821,0.9995389580451821,1.0,1.0,1.0,1.0
mtp_Latn,17826,mid,1044,1516,1.0,1.0,0.9995213020584012,0.9995213020584012,1.0,1.0,1.0,1.0,0.9995213020584012,1.0
mua_Latn,11045,mid,700,1021,0.9985714285714286,0.9985714285714286,0.9978586723768736,0.995702005730659,0.9985714285714286,0.997855611150822,0.9985714285714286,0.9985714285714286,0.9985714285714286,0.9985714285714286
mug_Latn,30584,head,2049,3094,0.9919961193305845,0.9919961193305845,0.9917555771096023,0.9917555771096023,0.9912663755458515,0.9912663755458515,0.9922367782629792,0.9924775539917495,0.9919961193305845,0.9919961193305845
muh_Latn,17927,mid,1187,1725,0.9991582491582491,0.9995785924989464,1.0,0.9995785924989464,1.0,0.9995785924989464,0.999578947368421,0.999578947368421,0.9991582491582491,0.9991582491582491
mui_Latn,2590,mid,107,147,0.39999999999999997,0.9065420560747663,0.41448692152917505,0.9178743961352657,0.39238095238095244,0.8899082568807339,0.5930232558139535,0.5255102040816326,0.3992248062015504,0.39999999999999997
mup_Deva,6754,mid,422,562,0.9230769230769231,0.9809976247030878,0.9218921892189218,0.9773539928486293,0.9208791208791208,0.9785714285714285,0.9491525423728814,0.9778296382730455,0.9220636663007684,0.9230769230769231
mur_Latn,13305,mid,880,1252,0.9960294951786726,0.9965909090909091,0.9954648526077098,0.9943117178612059,0.9954648526077098,0.9954545454545455,0.996594778660613,0.996594778660613,0.9960294951786726,0.9960294951786726
mus_Latn,406,flat_magnet,5,13,0.1694915254237288,0.45454545454545453,0.9090909090909091,0.9090909090909091,0.17543859649122806,0.625,0.45454545454545453,0.2222222222222222,0.5263157894736842,0.5882352941176471
mux_Latn,30379,head,743,1101,0.9993275050437123,0.9993275050437123,0.9993275050437123,0.9993275050437123,1.0,1.0,0.9993275050437123,1.0,0.9986559139784946,0.9986559139784946
muy_Latn,17784,mid,1100,1740,0.996825396825397,0.9995452478399274,0.9972801450589301,1.0,0.9968282736746715,1.0,0.9977324263038548,0.996825396825397,0.9972801450589301,0.996825396825397
mva_Latn,31340,head,437,659,0.9965714285714286,0.9965714285714286,0.9965714285714286,0.9965714285714286,0.9965714285714286,0.9965714285714286,0.9965714285714286,0.9977116704805492,0.9965714285714286,0.9965714285714286
mvn_Latn,17532,mid,812,1251,0.9987669543773119,0.9987669543773119,0.9987669543773119,0.9987669543773119,0.9987669543773119,0.9987669543773119,0.9987669543773119,0.9987669543773119,0.9987669543773119,0.9987669543773119
mvp_Latn,13386,mid,867,1244,0.9902467010900746,0.9919354838709677,0.9896788990825688,0.9919261822376009,0.9891117478510029,0.9919354838709677,0.9913842619184375,0.9919540229885058,0.9902467010900746,0.9902467010900746
mwc_Latn,5701,mid,202,274,0.957345971563981,0.9975308641975309,0.9782082324455207,0.9950248756218906,0.9619047619047619,0.9950248756218906,0.9688249400479616,0.9619047619047619,0.957345971563981,0.957345971563981
mwf_Latn,268,flat_magnet,6,6,1.0,1.0,1.0,1.0,1.0,1.0,1.0,1.0,1.0,1.0
mwl_Latn,29497,head,1957,3024,0.687444660881884,0.687444660881884,0.6868472295981589,0.6868472295981589,0.6861288039631988,0.6861288039631988,0.7342922028766087,0.8622301357667483,0.6863507779349364,0.6858657243816254
mwm_Latn,34765,head,1716,2748,0.997667638483965,0.997667638483965,0.997667638483965,0.997667638483965,0.997667638483965,0.997667638483965,0.997667638483965,0.997667638483965,0.997667638483965,0.997667638483965
mwn_Latn,45676,head,3087,4584,0.9342410645211201,0.9342410645211201,0.9253639846743296,0.9253639846743296,0.9484013928458374,0.9484013928458374,0.9258178467209338,0.9167426314190216,0.9266646210494016,0.9109269027882443
mwp_Latn,4930,mid,271,396,0.998158379373849,0.9962962962962962,0.998158379373849,0.9869158878504672,0.9963235294117647,0.9944341372912803,1.0,0.998158379373849,0.998158379373849,0.998158379373849
mwq_Latn,13480,mid,879,1284,0.9994314951677089,0.9971477467199088,0.9977298524404087,0.9914138523182598,0.9977298524404087,0.9948659440958357,0.9994314951677089,0.9988636363636363,0.9994314951677089,0.9994314951677089
mwv_Latn,13480,mid,839,1318,0.9911295091661738,0.9958208955223881,0.9923031379514506,0.9958208955223881,0.9923031379514506,0.9958208955223881,0.993479549496147,0.993479549496147,0.9911295091661738,0.9911295091661738
mww_Latn,100000,head,10878,16607,0.9946914093154225,0.9952042792585077,0.9948310873177035,0.9951583898187853,0.9946918993768752,0.9952501729305973,0.9948320413436692,0.9950616144367009,0.9946914093154225,0.9946914093154225
mxb_Latn,17827,mid,1125,1774,0.9995557529986673,0.9995553579368608,0.9995557529986673,0.9995553579368608,1.0,0.9995553579368608,0.9995557529986673,0.9995557529986673,0.9995557529986673,0.9995557529986673
mxp_Latn,17765,mid,556,947,0.9982014388489209,0.9990999099909991,0.9982014388489209,0.9990999099909991,0.9982014388489209,0.9990999099909991,0.9982014388489209,0.9982014388489209,0.9982014388489209,0.9982014388489209
mxq_Latn,17822,mid,1164,1742,1.0,1.0,1.0,1.0,1.0,1.0,1.0,1.0,1.0,1.0
mxt_Latn,17738,mid,605,927,0.9983498349834983,1.0,0.9983498349834983,1.0,0.9983498349834983,1.0,0.9991742361684558,1.0,0.9983498349834983,0.9983498349834983
mxv_Latn,100000,head,9030,13431,0.9983927284819598,0.9971781109943009,0.9981167608286251,0.9961867919314727,0.9983930847232227,0.9966266659293259,0.9984484096198603,0.9984480656246536,0.9983927284819598,0.9983927284819598
mya_Mymr,100000,head,33927,51104,0.9990861118481178,0.9991010242428708,0.9991894241964246,0.9990569096106805,0.9991008917385217,0.999071549627883,0.9991893764093795,0.9991156181828902,0.9991156442531616,0.9991304219664254
myb_Latn,17794,mid,1008,1515,0.998015873015873,0.9990069513406157,0.998015873015873,0.9990069513406157,0.998015873015873,0.9990069513406157,0.9985111662531018,0.9990069513406157,0.998015873015873,0.998015873015873
myk_Latn,17969,mid,1194,1716,0.9983277591973244,0.9995810640971932,0.9991624790619765,0.9995810640971932,0.9991624790619765,0.9995810640971932,0.9987442444537463,0.998326359832636,0.9983277591973244,0.9983277591973244
myu_Latn,17307,mid,608,901,0.9975349219391947,0.9983525535420099,0.9975349219391947,0.9966996699669968,0.9983552631578947,0.9966996699669968,0.9967159277504104,0.995898277276456,0.9975349219391947,0.9975349219391947
myv_Cyrl,46588,head,3201,4621,0.8193411264612114,0.8193411264612114,0.8166401695813461,0.8166401695813461,0.8204991325236889,0.8204991325236889,0.8212060967528165,0.9212845407020165,0.8187972919155714,0.8186886116272896
myw_Latn,20830,head,384,538,0.9935316946959897,0.9935316946959897,0.9948186528497409,0.9948186528497409,0.9948186528497409,0.9948186528497409,0.9922480620155039,0.9948186528497409,0.9935316946959897,0.9922480620155039
myx_Latn,24108,head,1381,2008,0.9898916967509025,0.9898916967509025,0.9898916967509025,0.9898916967509025,0.9887884267631104,0.9887884267631104,0.9906137184115523,0.9916817359855334,0.9898916967509025,0.9898916967509025
myy_Latn,17572,mid,646,1010,0.9984544049459042,1.0,0.9984544049459042,1.0,0.9992266047950503,1.0,0.9984544049459042,0.9984544049459042,0.9984544049459042,0.9984544049459042
mza_Latn,17806,mid,640,925,0.9976617303195635,1.0,0.9984399375975038,0.9992181391712275,0.9984399375975038,0.9992181391712275,0.9984399375975038,0.9976617303195635,0.9976617303195635,0.9976617303195635
mzh_Latn,30095,head,1927,3010,0.9937984496124032,0.9937984496124032,0.9927685950413223,0.9927685950413223,0.9932816537467699,0.9932816537467699,0.9932851239669421,0.9937952430196484,0.9937984496124032,0.9937984496124032
mzk_Latn,13518,mid,856,1303,0.9982486865148862,0.9988304093567251,0.9988317757009346,0.9958944281524927,0.9988317757009346,0.9982445874780573,0.9982486865148862,0.9988317757009346,0.9982486865148862,0.9982486865148862
mzl_Latn,11046,mid,701,1027,1.0,0.997855611150822,1.0,0.9949820788530466,1.0,0.9971387696709586,1.0,1.0,1.0,1.0
mzm_Latn,17809,mid,1034,1623,1.0,1.0,1.0,0.9995162070633768,1.0,0.9995162070633768,1.0,1.0,1.0,1.0
mzn_Arab,25413,head,1684,2574,0.2557601713062098,0.2557601713062098,0.2602775595705682,0.2602775595705682,0.2526458386250106,0.2526458386250106,0.27430683918669135,0.5002940599882375,0.25571636550483856,0.25571636550483856
mzw_Latn,17739,mid,1121,1703,0.9995541685242979,1.0,1.0,1.0,1.0,1.0,0.9991087344028521,0.9991087344028521,0.9995541685242979,0.9995541685242979
mzz_Latn,1662,mid,10,35,0.8,0.9090909090909091,0.9090909090909091,0.9473684210526316,0.9090909090909091,0.9473684210526316,0.8695652173913044,0.8,0.7692307692307693,0.8
nab_Latn,17051,mid,605,879,1.0,1.0,1.0,0.9975144987572493,1.0,1.0,1.0,1.0,1.0,1.0
naf_Latn,30339,head,412,655,0.9951690821256038,0.9951690821256038,0.9951690821256038,0.9951690821256038,0.9963724304715841,0.9963724304715841,0.9951690821256038,0.9963724304715841,0.9951690821256038,0.9951690821256038
nah_Latn,14383,mid,893,1283,0.80043980208906,0.7999999999999999,0.80419194704909,0.8035516093229745,0.8019747668678003,0.8008849557522124,0.8051082731815659,0.8050800662617338,0.80043980208906,0.80043980208906
nak_Latn,24401,head,470,622,0.9946977730646872,0.9946977730646872,0.9946977730646872,0.9946977730646872,0.9946977730646872,0.9946977730646872,0.9946977730646872,0.9957537154989385,0.9946977730646872,0.9946977730646872
nan_Latn,41646,head,2834,4260,0.9451591062965471,0.9451591062965471,0.9357429718875502,0.9357429718875502,0.9447355078587122,0.9447355078587122,0.9428861101723556,0.9594525235243798,0.941970310391363,0.9367555779231673
nap_Latn,26109,head,1746,2634,0.6229996278377372,0.6229996278377372,0.6225362588322797,0.6225362588322797,0.6218175060397695,0.6218175060397695,0.6892282294676021,0.8102189781021898,0.6205746061167748,0.6196557468073293
naq_Latn,92558,head,6439,9447,0.9993785925120396,0.9993785925120396,0.9992236024844721,0.9992236024844721,0.9993785925120396,0.9993785925120396,0.9993786890338615,0.9994562262098967,0.9993785925120396,0.9994563106796116
nas_Latn,24606,head,1084,1655,0.9981549815498155,0.9981549815498155,0.9990766389658357,0.9990766389658357,0.9990766389658357,0.9990766389658357,0.9981549815498155,0.9981549815498155,0.9981549815498155,0.9981549815498155
nav_Latn,81124,head,5530,8379,0.9977389888758252,0.9977389888758252,0.9981007506556931,0.9981007506556931,0.9980101302460203,0.9980101302460203,0.9976487610779526,0.9977389888758252,0.9977389888758252,0.9977389888758252
naw_Latn,17827,mid,632,895,0.9992094861660079,1.0,0.9992094861660079,1.0,0.9992094861660079,1.0,1.0,0.9992094861660079,0.9992094861660079,0.9992094861660079
nba_Latn,100000,head,9438,14155,0.9908801696712619,0.9840436699559101,0.990358126721763,0.9833140938188687,0.9894961343641695,0.9824211575798919,0.9898904356110728,0.9907480835315887,0.9906215228103641,0.9898904356110728
nbc_Latn,10982,mid,682,1041,0.9956140350877193,0.9955947136563876,0.9970717423133236,0.9941002949852508,0.9956076134699854,0.9955882352941177,0.9956076134699854,0.9941605839416058,0.9956140350877193,0.9956140350877193
nbe_Latn,11062,mid,697,1037,0.9985673352435529,1.0,0.9985673352435529,0.99784327821711,0.9985673352435529,0.99784327821711,0.9992831541218639,0.9992831541218639,0.9985673352435529,0.9985673352435529
nbl_Latn,100000,twin,14508,21734,0.9033168666196189,0.9027469944254147,0.9014160123481646,0.9010229750125776,0.9015804838763799,0.9011468043726109,0.903171616718183,0.9130106937208664,0.9032865111902683,0.9032258064516129
nbq_Latn,3157,mid,127,227,0.9769230769230769,0.9843749999999999,0.9883268482490272,0.968,0.9883268482490272,0.9802371541501976,0.9883268482490272,0.9806949806949807,0.9769230769230769,0.9769230769230769
nbu_Latn,30552,head,2051,3082,0.9963459196102314,0.9963459196102314,0.9963459196102314,0.9963459196102314,0.9963459196102314,0.9963459196102314,0.996588693957115,0.9963459196102314,0.9961032635168048,0.9961032635168048
nca_Latn,24465,head,459,663,0.9967426710097721,0.9967426710097721,0.9967426710097721,0.9967426710097721,0.9967426710097721,0.9967426710097721,0.9967426710097721,0.9967426710097721,0.9967426710097721,0.9967426710097721
nch_Latn,100000,head,12149,17992,0.9548817516999529,0.9551397077672391,0.9554254455318603,0.9554227156276688,0.9551575257555678,0.9551996583386718,0.9554406801384201,0.9572991613095491,0.9548409168662333,0.9548409168662333
ncj_Latn,100000,head,12006,18045,0.9740919481838963,0.9738600795194992,0.9749313041640245,0.9744022978795304,0.9744891483690824,0.9740901982332305,0.9744131951786847,0.9753295032105441,0.9740919481838963,0.9740919481838963
ncl_Latn,17768,mid,610,888,0.9934747145187601,0.9950980392156863,0.9934747145187601,0.9950980392156863,0.9934747145187601,0.9950980392156863,0.9950980392156863,0.9934747145187601,0.9934747145187601,0.9934747145187601
ncq_Laoo,4269,mid,219,333,1.0,1.0,1.0,0.9790209790209791,1.0,1.0,1.0,1.0,1.0,1.0
nct_Latn,11027,mid,684,1051,0.9949090909090909,0.9985380116959064,0.9963583394027676,0.9948567229977957,0.994186046511628,0.9956076134699854,0.9963583394027676,0.9956331877729258,0.9949090909090909,0.9949090909090909
ncu_Latn,17218,mid,1164,1605,1.0,1.0,1.0,1.0,1.0,1.0,1.0,1.0,1.0,1.0
ncx_Latn,100000,head,9429,13913,0.9184603299293009,0.913740339229213,0.9165405292551804,0.9128183889003935,0.9193362041802331,0.9137761186291284,0.9176544305780376,0.9250344608206977,0.9182198952879582,0.9179795864956818
ndc_Latn,100000,head,11919,17693,0.9432307317469342,0.9417817931369769,0.942775974025974,0.9413670229996761,0.9428107229894396,0.9407719071122258,0.9428490420835189,0.9561962735984865,0.9432307317469342,0.9432307317469342
nde_Latn,100000,twin,15989,23757,0.8237072348341715,0.8235225753965948,0.8225,0.8222474065033563,0.8224803950043567,0.8222248026010218,0.8236798512017205,0.849885252601465,0.8237072348341715,0.8236832926403906
ndh_Latn,625,flat_magnet,10,18,0.4444444444444445,0.8695652173913044,0.9523809523809523,0.9473684210526316,0.4,0.9523809523809523,0.7142857142857143,0.5128205128205129,1.0,0.9090909090909091
ndi_Latn,11030,mid,710,1022,0.9978917779339423,0.9985935302390998,0.9992962702322309,0.9985915492957746,0.9992962702322309,0.9992962702322309,0.9978917779339423,0.9985935302390998,0.9978917779339423,0.9978917779339423
ndj_Latn,17827,mid,681,884,0.9898255813953488,0.9992652461425422,0.9905454545454545,1.0,0.9905454545454545,1.0,0.9919883466860888,0.9905454545454545,0.9891067538126361,0.9898255813953488
ndo_Latn,100000,twin,28654,43169,0.913787007573643,0.91366745984533,0.9130742049469965,0.912843951470561,0.9132578082854326,0.9131169772064424,0.9138360802113173,0.8981951545590865,0.913787007573643,0.913787007573643
ndp_Latn,13523,mid,877,1293,0.9960249858035207,0.9982905982905983,0.9960249858035207,0.9982905982905983,0.9960249858035207,0.9982905982905983,0.9971574758385446,0.9965909090909091,0.9960249858035207,0.9960249858035207
nds_Latn,100000,head,7639,11278,0.8098695405558707,0.77636903156191,0.8073590638010577,0.7771317829457365,0.8145197997269003,0.7776580846709037,0.7918232044198894,0.8924070673168261,0.8093645484949834,0.8092269326683291
ndy_Latn,6763,mid,416,567,0.9892729439809297,0.9855072463768114,0.9928229665071772,0.981729598051157,0.9928229665071772,0.9866342648845686,0.9952038369304557,0.9928229665071772,0.9892729439809297,0.9892729439809297
ndz_Latn,17783,mid,1164,1710,1.0,0.999140154772141,1.0,0.9987096774193548,1.0,0.9987096774193548,1.0,1.0,1.0,1.0
neb_Latn,13396,mid,861,1284,1.0,0.9988372093023256,1.0,0.9976717112922002,1.0,0.9988372093023256,1.0,1.0,1.0,1.0
new_Deva,25626,head,1710,2596,0.7379435850773431,0.7379435850773431,0.7403012323140119,0.7403012323140119,0.7306306306306306,0.7306306306306306,0.7471211423307231,0.7732696897374701,0.7379435850773431,0.7376080036380173
nfa_Latn,17143,mid,664,1094,0.9969788519637462,0.9962207105064248,0.9969788519637462,0.9962207105064248,0.9969788519637462,0.9962207105064248,0.9969788519637462,0.9969788519637462,0.9969788519637462,0.9969788519637462
nfr_Latn,13480,mid,854,1310,0.9982466393921683,0.9970640046975925,0.9994148624926857,0.9952941176470588,0.9994148624926857,0.9970640046975925,0.9988304093567251,0.9988304093567251,0.9982466393921683,0.9982466393921683
ngb_Latn,3303,mid,160,220,0.5914972273567468,0.7707808564231737,0.622568093385214,0.8388888888888888,0.7339449541284404,0.8306010928961749,0.6286836935166995,0.5396290050590219,0.5765765765765766,0.5914972273567468
ngc_Latn,11049,mid,718,1023,0.9862448418156808,0.9888268156424581,0.9882839421088905,0.9908899789768745,0.9889655172413794,0.9915966386554622,0.9910158949550795,0.9896480331262941,0.9862448418156808,0.9862448418156808
ngl_Latn,100000,head,10332,15605,0.9715096925788135,0.9709656956033766,0.9709839996085532,0.970332780325949,0.9697415526457751,0.9708378035696869,0.9720293398533008,0.9721135029354206,0.9715096925788135,0.9715096925788135
ngp_Latn,17827,twin,639,952,0.9671002295332823,0.9678407350689127,0.9693251533742331,0.9700690713737528,0.9700690713737528,0.9715603382013835,0.9715603382013835,0.9693251533742331,0.9671002295332823,0.9671002295332823
ngu_Latn,100000,head,8117,11966,0.9562559694364852,0.9573724668064291,0.9558683054193468,0.9564443314045908,0.9543309095547902,0.9563116057233705,0.9569311024874356,0.9625985493535163,0.9562559694364852,0.9561950846810138
nhd_Latn,13486,mid,857,1296,0.6328358208955224,0.6577287066246057,0.6339992461364494,0.6568821896072987,0.6322097378277154,0.6561264822134387,0.641122913505311,0.6498838109992253,0.6328358208955224,0.6328358208955224
nhe_Latn,28871,twin,874,1366,0.9282891022021457,0.9282891022021457,0.9268018018018017,0.9268018018018017,0.9277998862990335,0.9277998862990335,0.926610644257703,0.9218061674008811,0.9282891022021457,0.9282891022021457
nhg_Latn,16904,mid,674,1057,0.9889948642699927,0.9977695167286245,0.9911764705882353,0.9970238095238095,0.991905813097866,0.9970238095238095,0.9911764705882353,0.9941002949852508,0.9889948642699927,0.9889948642699927
nhi_Latn,18600,head,875,1279,0.8892421833598304,0.8892421833598304,0.9031216361679225,0.9031216361679225,0.9001074113856069,0.9001074113856069,0.8924387646432375,0.8938666666666666,0.8892421833598304,0.8892421833598304
nhk_Latn,3218,flat_magnet,133,219,0.33773087071240104,0.6169154228855721,0.3683453237410072,0.6648648648648648,0.33728590250329377,0.5924170616113744,0.3950617283950617,0.3395225464190981,0.33464052287581697,0.33773087071240104
nho_Latn,24502,head,804,1157,0.9975155279503106,0.9975155279503106,0.9975155279503106,0.9975155279503106,0.9975155279503106,0.9975155279503106,0.9981331673926571,0.9987562189054726,0.9975155279503106,0.9975155279503106
nhr_Latn,17751,mid,1139,1760,0.9995612110574814,0.999560825647782,0.9995612110574814,0.999560825647782,0.9995612110574814,0.999560825647782,0.9995612110574814,0.9995612110574814,0.9995612110574814,0.9995612110574814
nhu_Latn,17806,mid,912,1459,0.9994520547945205,0.9994520547945205,0.9994520547945205,0.9994520547945205,0.9994520547945205,0.9994520547945205,0.9994520547945205,1.0,0.9994520547945205,0.9994520547945205
nhw_Latn,17816,twin,735,1071,0.6514181152790485,0.6517162471395881,0.6552680221811461,0.655570966250578,0.6538285190279689,0.6547291092745638,0.6586158848118905,0.6660341555977229,0.6514181152790485,0.6514181152790485
nhx_Latn,35642,head,628,1007,0.9992044550517105,0.9992044550517105,0.9992044550517105,0.9992044550517105,0.9992044550517105,0.9992044550517105,1.0,1.0,0.9992044550517105,0.9992044550517105
nhy_Latn,17810,mid,647,888,0.9766037735849057,0.9788199697428139,0.9780801209372638,0.9802731411229135,0.9773071104387292,0.979529946929492,0.9780801209372638,0.9751318764129615,0.9766037735849057,0.9766037735849057
nia_Latn,100000,head,14445,21460,0.9965366765948603,0.9958861962872058,0.9965067616643033,0.9953032186766128,0.9963991413337027,0.995473862419238,0.9962964244920564,0.9967453777439236,0.9965366765948603,0.9965026489836906
nif_Latn,10209,mid,193,288,0.9974160206718347,0.9974160206718347,0.9974160206718347,0.9974025974025974,0.9974160206718347,1.0,0.9974160206718347,0.9948453608247423,0.9948453608247423,0.9974160206718347
nii_Latn,30695,head,394,593,0.9987325728770595,0.9987325728770595,0.9987325728770595,0.9987325728770595,0.9987325728770595,0.9987325728770595,0.9974683544303797,0.9987325728770595,0.9987325728770595,0.9987325728770595
nij_Latn,13418,mid,866,1285,0.9902690326273611,0.9878260869565217,0.9902578796561604,0.9883720930232558,0.9919724770642201,0.9883720930232558,0.9919724770642201,0.990836197021764,0.9897025171624715,0.9902690326273611
nim_Latn,17845,mid,602,944,0.9933774834437086,0.9975062344139651,0.9975062344139651,0.9983361064891847,0.9975062344139651,0.9983361064891847,0.9966777408637874,0.9950248756218905,0.9933774834437086,0.9933774834437086
nin_Latn,24556,head,690,1043,0.9971098265895955,0.9971098265895955,0.9971098265895955,0.9971098265895955,0.9978308026030369,0.9978308026030369,0.9985528219971056,0.9978308026030369,0.9971098265895955,0.9971098265895955
nio_Cyrl,90,flat_magnet,1,4,0.10526315789473684,0.10526315789473684,1.0,1.0,0.0909090909090909,0.0909090909090909,0.15384615384615385,0.10526315789473684,0.06451612903225806,0.10526315789473684
niq_Latn,30088,head,2065,2981,0.9856184084372003,0.9856184084372003,0.9858547111004556,0.9858547111004556,0.9856184084372003,0.9856184084372003,0.9875180028804608,0.9879865449303219,0.9856184084372003,0.9856184084372003
niu_Latn,100000,head,32925,49523,0.9949851383278713,0.9953071672354948,0.9952603745980463,0.9953984458326984,0.994861159822504,0.9952911415552947,0.9951231406973908,0.9951223973417065,0.995061878924587,0.9951231406973908
niy_Latn,11062,mid,701,1041,1.0,0.9992862241256245,1.0,0.9971387696709586,1.0,0.9985714285714286,0.9992872416250891,1.0,0.9992872416250891,1.0
njb_Latn,10983,mid,698,1020,0.9971387696709585,0.9935205183585314,0.9978525411596277,0.9891540130151842,0.9978525411596277,0.9920692141312185,0.9971387696709585,0.9971387696709585,0.9971387696709585,0.9971387696709585
njm_Latn,30730,head,2032,3130,0.9923776739611506,0.9923776739611506,0.9923776739611506,0.9923776739611506,0.9921337266470011,0.9921337266470011,0.9923776739611506,0.9923776739611506,0.9923776739611506,0.9923776739611506
njn_Latn,29912,head,1968,3056,0.9919028340080971,0.9919028340080971,0.9916519099418164,0.9916519099418164,0.9916519099418164,0.9916519099418164,0.9914011127971675,0.9921538850923817,0.9919028340080971,0.9919028340080971
njo_Latn,30731,head,2080,3084,0.9940205692418081,0.9940205692418081,0.9937828790052606,0.9937828790052606,0.994496290978703,0.994496290978703,0.994496290978703,0.9940205692418081,0.9940205692418081,0.9940205692418081
njz_Latn,11038,mid,726,1007,0.9952021932830706,0.9972375690607734,0.9958847736625513,0.9895615866388309,0.9958847736625513,0.995850622406639,0.9952021932830706,0.9958847736625513,0.9938398357289528,0.9952021932830706
nkf_Latn,6762,mid,414,569,0.9916167664670659,0.993968636911942,0.9928057553956835,0.9927360774818401,0.9916167664670659,0.9915356711003627,0.9951923076923077,0.9951923076923077,0.9916167664670659,0.9916167664670659
nki_Latn,11061,mid,705,1033,0.9558620689655174,0.957843814789219,0.9597222222222223,0.9617258176757133,0.9573590096286106,0.9586776859504132,0.9574912891986063,0.9539518900343642,0.9552033080634046,0.9558620689655174
nko_Latn,17654,mid,596,888,0.9974895397489539,0.9991603694374475,0.9966555183946488,1.0,0.9974895397489539,1.0,0.998324958123953,0.998324958123953,0.9974895397489539,0.9974895397489539
nla_Latn,233,flat_magnet,6,5,0.6,0.923076923076923,1.0,0.9090909090909091,0.7058823529411764,0.923076923076923,0.8,0.6,0.8333333333333334,1.0
nlc_Latn,13403,mid,892,1260,0.9955357142857144,0.9949466591802358,0.9972051425377305,0.9903791737408035,0.9977628635346756,0.9932356257046223,0.9966480446927374,0.9972051425377305,0.9955357142857144,0.9955357142857144
nld_Latn,100000,head,256606,384720,0.9426182750519839,0.9482035782186906,0.9435744936368891,0.9488148137622482,0.9403092132768246,0.947485883629889,0.94840894914042,0.9666156466929037,0.9426326539374498,0.9426369775491553
nlg_Latn,16692,mid,549,828,0.986400725294651,0.99179580674567,0.9846153846153847,0.9927007299270073,0.986400725294651,0.99179580674567,0.9881925522252498,0.989090909090909,0.9855072463768115,0.986400725294651
nma_Latn,11038,mid,679,1058,1.0,1.0,1.0,0.9970457902511078,1.0,0.9985250737463127,1.0,1.0,1.0,1.0
nmf_Latn,30733,head,2083,3082,0.9916407929304991,0.9916407929304991,0.9914040114613181,0.9914040114613181,0.9914040114613181,0.9914040114613181,0.9928263988522238,0.9921146953405018,0.9916407929304991,0.9916407929304991
nmh_Latn,11056,mid,694,1040,0.9985611510791367,0.9949458483754513,0.9985611510791367,0.9927536231884058,0.9985611510791367,0.9934924078091106,1.0,0.9985611510791367,0.9985611510791367,0.9985611510791367
nmo_Latn,11055,mid,592,845,0.99915611814346,1.0,0.99915611814346,0.9983079526226735,0.99915611814346,0.9991546914623838,0.99915611814346,0.99915611814346,0.99915611814346,0.99915611814346
nmw_Latn,3113,mid,25,29,0.9090909090909091,0.9803921568627451,0.9615384615384615,0.9803921568627451,0.9615384615384615,0.9803921568627451,0.9803921568627451,0.9615384615384615,0.9090909090909091,0.9090909090909091
nmz_Latn,13452,mid,810,1337,0.9637120761451518,0.9926380368098159,0.9723889555822328,0.9956816779765578,0.9782608695652174,0.9963054187192119,0.9637120761451518,0.9654350417163289,0.9625668449197862,0.9637120761451518
nnb_Latn,83880,head,5719,8460,0.9396315885464163,0.9396315885464163,0.9407164939079833,0.9407164939079833,0.9406409322651128,0.9406409322651128,0.9392144354324251,0.9442223837209303,0.9395459104586487,0.9395459104586487
nng_Latn,11050,mid,659,1077,0.9984848484848484,1.0,0.9984848484848484,0.9946686976389947,0.9992418498862775,0.9992406985573272,0.9992418498862775,0.9984848484848484,0.9977289931869796,0.9984848484848484
nnh_Latn,10903,mid,678,1028,0.9985272459499264,0.9985250737463127,0.9985272459499264,0.9963045084996305,0.9985272459499264,0.9985250737463127,0.9985272459499264,0.9985272459499264,0.9985272459499264,0.9985272459499264
nnl_Latn,29935,head,2022,3005,0.9943111550828594,0.9943111550828594,0.9943139678615575,0.9943139678615575,0.9945598417408507,0.9945598417408507,0.9945571499257794,0.9948032665181886,0.9940652818991098,0.9938195302843016
nno_Latn,100000,twin,28236,42144,0.7831617465549539,0.7797202292445613,0.7778738863420119,0.7750961372897894,0.7798551164707412,0.7761318409747265,0.7816245006657789,0.869075308833411,0.7831540438134227,0.783058031178332
nnp_Latn,11050,mid,696,1045,0.992867332382311,0.9985632183908046,0.9957081545064378,0.9978401727861772,0.9957081545064378,1.0,0.9949964260185846,0.9949964260185846,0.992867332382311,0.992867332382311
nnq_Latn,17827,mid,615,898,0.972244250594766,0.9745627980922098,0.9738302934179223,0.9903225806451614,0.9784860557768925,0.9911218724778047,0.9761146496815287,0.9776714513556619,0.972244250594766,0.972244250594766
nnw_Latn,17675,mid,1180,1711,1.0,1.0,1.0,0.9995760915642221,1.0,1.0,1.0,1.0,1.0,1.0
noa_Latn,35324,head,1334,1974,0.9981266391907082,0.9981266391907082,0.9981266391907082,0.9981266391907082,0.9981266391907082,0.9981266391907082,0.9985007496251874,0.9981266391907082,0.9981266391907082,0.9981266391907082
nob_Latn,100000,twin,172767,258590,0.9220223435976999,0.9218579313724077,0.9213374849580557,0.9211917721683297,0.9215325887176585,0.9213711247155986,0.921950446100405,0.9369216854896687,0.922013057420352,0.9220108484077757
nod_Thai,11038,mid,536,756,0.6196531791907515,0.7996999249812453,0.6430713857228554,0.8446909667194928,0.6596923076923077,0.8603712671509283,0.630217519106408,0.6328217237308147,0.6196531791907515,0.6196531791907515
nog_Cyrl,19172,head,715,1072,0.9345670852610707,0.9345670852610707,0.9332452081956379,0.9332452081956379,0.9306930693069307,0.9306930693069307,0.9521885521885521,0.9470864032150035,0.9345670852610707,0.9345670852610707
non_Latn,502,flat_magnet,9,13,0.09722222222222222,0.20408163265306123,0.37500000000000006,0.6666666666666667,0.08333333333333333,0.5925925925925926,0.1724137931034483,0.13999999999999999,0.20833333333333334,0.23255813953488372
nop_Latn,31774,head,965,1410,0.9979296066252588,0.9979296066252588,0.9984464008285863,0.9984464008285863,0.9989648033126294,0.9989648033126294,0.9989648033126294,0.9989648033126294,0.9979296066252588,0.9974133471288154
not_Latn,24235,head,409,643,0.9963459196102314,0.9963459196102314,0.9963459196102314,0.9963459196102314,0.9963459196102314,0.9963459196102314,0.9975609756097561,0.9963459196102314,0.9963459196102314,0.9963459196102314
nou_Latn,30588,head,413,577,0.9975786924939467,0.9975786924939467,0.9987878787878788,0.9987878787878788,0.9987878787878788,0.9987878787878788,0.9975786924939467,0.9987878787878788,0.9975786924939467,0.9975786924939467
nov_Latn,1813,flat_magnet,34,82,0.01697792869269949,0.04218181818181818,0.02358490566037736,0.06659012629161883,0.014323227500596803,0.036385688295936934,0.0339943342776204,0.03861517976031957,0.016648168701442843,0.01697792869269949
nph_Latn,11061,mid,715,1021,0.995798319327731,0.9943899018232819,0.9971988795518206,0.99438202247191,0.995798319327731,0.9936842105263157,0.995798319327731,0.995798319327731,0.995798319327731,0.995798319327731
npi_Deva,100000,head,17289,26142,0.9499670046193532,0.9569825987103614,0.9508913857677902,0.9568057435414582,0.9477926139781067,0.9545535029215605,0.9552274351035961,0.9601998929145101,0.9499670046193532,0.9499670046193532
npi_Latn,359,flat_magnet,8,8,0.25806451612903225,0.45714285714285713,0.7272727272727273,0.9411764705882353,0.1758241758241758,0.4,0.4444444444444445,0.2758620689655173,0.5454545454545454,0.5517241379310345
npl_Latn,24576,head,962,1424,0.7911996679119967,0.7911996679119967,0.7951505016722408,0.7951505016722408,0.795483061480552,0.795483061480552,0.7925155925155926,0.7936640266777824,0.7908713692946059,0.7908713692946059
npo_Latn,11061,mid,673,1064,0.9992565055762082,0.9992565055762082,0.9992565055762082,0.9977661950856292,0.9992565055762082,0.9985119047619048,0.9992565055762082,0.9992565055762082,0.9992565055762082,0.9992565055762082
npy_Latn,13254,mid,874,1225,0.9937393284006829,0.9948424068767909,0.9943052391799543,0.9919447640966628,0.9937393284006829,0.9931034482758622,0.9948717948717949,0.9943052391799543,0.9937393284006829,0.9937393284006829
nqo_Nkoo,8471,mid,481,713,1.0,1.0,1.0,0.9905561385099686,1.0,1.0,1.0,1.0,1.0,1.0
nre_Latn,30002,head,2017,3034,0.9933118652464702,0.9933118652464702,0.9925668979187314,0.9925668979187314,0.992812887236679,0.992812887236679,0.9933118652464702,0.993554784333168,0.993065874195146,0.993065874195146
nrf_Latn,6460,flat_magnet,387,537,0.20912124582869854,0.9033078880407125,0.21847762928529926,0.9135483870967741,0.20855172413793102,0.8886075949367088,0.30144694533762056,0.4763729246487867,0.2088308803110247,0.20912124582869854
nri_Latn,11054,mid,680,1057,0.9948792977322605,0.9985294117647059,0.9956076134699853,0.9985272459499264,0.9963369963369962,0.9992641648270787,0.9970674486803519,0.9977989728539985,0.9948792977322605,0.9948792977322605
nsa_Latn,11044,mid,664,1069,0.996996996996997,0.9984962406015038,0.9984962406015038,0.9984939759036144,0.9977460555972953,0.9992475545522949,0.996996996996997,0.9977460555972953,0.996996996996997,0.996996996996997
nse_Latn,93386,head,6418,9440,0.8810951944111214,0.8810951944111214,0.8769468219447173,0.8769468219447173,0.8831242469345808,0.8831242469345808,0.8785046728971962,0.9224702380952382,0.8806149072702913,0.878014483582929
nsm_Latn,29995,head,1987,3053,0.9942080080584235,0.9942080080584235,0.9944584382871535,0.9944584382871535,0.9942080080584235,0.9942080080584235,0.9942080080584235,0.9942080080584235,0.9942080080584235,0.9942080080584235
nsn_Latn,24366,head,474,634,0.9947423764458465,0.9947423764458465,0.9947423764458465,0.9947423764458465,0.9947423764458465,0.9947423764458465,0.9957894736842106,0.9957894736842106,0.9947423764458465,0.9947423764458465
nso_Latn,100000,head,119107,178542,0.9887124772428977,0.9888245453621863,0.9886883191655096,0.9887366509631624,0.988713337397548,0.988800379246417,0.9888328225273887,0.9896547499862711,0.9887253220882922,0.9887381666073939
nss_Latn,5620,mid,70,116,0.8917197452229298,0.9379310344827586,0.9210526315789475,0.9285714285714286,0.8974358974358974,0.9370629370629371,0.9150326797385622,0.8750000000000001,0.8917197452229298,0.8917197452229298
nst_Latn,30606,head,2077,3073,0.9908256880733944,0.9908256880733944,0.9925283200771271,0.9925283200771271,0.9910649601545519,0.9910649601545519,0.9913127413127414,0.9905865314989138,0.9920462762111353,0.9930170960751264
nsu_Latn,17790,mid,586,939,0.9707112970711297,0.9838297872340427,0.9698492462311558,0.9829642248722318,0.9698492462311558,0.9829642248722318,0.9764309764309764,0.9707112970711297,0.9707112970711297,0.9707112970711297
ntp_Latn,17357,mid,592,894,1.0,1.0,1.0,0.9991546914623838,1.0,1.0,1.0,1.0,1.0,1.0
ntr_Latn,17764,mid,1140,1726,1.0,1.0,1.0,1.0,1.0,1.0,1.0,1.0,1.0,1.0
ntu_Latn,12626,mid,321,420,0.9953488372093023,0.9968847352024922,0.9984447900466563,0.9921507064364207,0.9984447900466563,0.996875,0.9953488372093023,0.9953488372093023,0.9953488372093023,0.9953488372093023
nuj_Latn,8313,mid,471,731,0.970010341261634,0.9882604055496265,0.9730290456431535,0.988235294117647,0.9680082559339525,0.9893162393162395,0.9760166840458812,0.9760665972944849,0.970010341261634,0.970010341261634
nus_Latn,14391,mid,964,1367,0.9974106680476437,0.9989626556016598,0.9963786859803415,0.9979231568016614,0.9968944099378882,0.9984447900466563,0.9979274611398964,0.9974106680476437,0.9974106680476437,0.9974106680476437
nuy_Latn,11270,mid,683,1081,0.9978054133138259,0.9985358711566618,0.9978054133138259,0.9918938835666913,0.9978054133138259,0.9970674486803519,0.9978054133138259,0.9978054133138259,0.9978054133138259,0.9978054133138259
nuz_Latn,1598,mid,43,48,0.6825396825396826,0.9111111111111112,0.7962962962962964,0.942528735632184,0.6515151515151515,0.9318181818181819,0.8113207547169812,0.735042735042735,0.6825396825396826,0.6825396825396826
nvm_Latn,22498,head,390,559,0.9936305732484078,0.9936305732484078,0.9948979591836734,0.9948979591836734,0.9948979591836734,0.9948979591836734,0.9923664122137404,0.9948979591836734,0.9936305732484078,0.9936305732484078
nwb_Latn,13165,mid,827,1278,0.9987922705314011,0.9993950393224441,0.9987922705314011,1.0,0.9987922705314011,1.0,0.9987922705314011,0.9987922705314011,0.9987922705314011,0.9987922705314011
nwi_Latn,17294,mid,767,1071,0.9973958333333334,0.9986962190352021,0.9973958333333334,0.9993476842791911,0.9980456026058632,0.9986962190352021,0.9973958333333334,0.9986962190352021,0.996746909564086,0.9973958333333334
nwx_Deva,16773,mid,1095,1618,0.9913518434228493,0.9922196796338674,0.9913518434228493,0.9912883998165979,0.9918032786885246,0.9903713892709766,0.992255125284738,0.9936131386861314,0.9913518434228493,0.9913518434228493
nxd_Latn,11061,mid,701,1035,0.9936215450035436,0.9957203994293866,0.9950319375443577,0.9957142857142858,0.9943262411347518,0.9957142857142858,0.9964463397299218,0.9964463397299218,0.9929178470254958,0.9936215450035436
nya_Latn,100000,head,154409,232789,0.985621266114663,0.9865649524195843,0.9858033422389859,0.9864243328295615,0.9851595293254123,0.9863044175287751,0.9862475699240049,0.9897030760513479,0.9856345556734663,0.9856280992276905
nyf_Latn,13672,mid,851,1341,0.973096737263881,0.9929494712103408,0.974770642201835,0.9941176470588236,0.9742120343839542,0.9941176470588236,0.9832272990167726,0.9781357882623705,0.973096737263881,0.973096737263881
nyk_Latn,100000,head,17454,26261,0.9891316915250319,0.9891404805914972,0.988875725967234,0.9887406894162479,0.9889881210439608,0.9892938562317837,0.9891342041382499,0.9890751445086705,0.9891031014249791,0.9890745129776288
nyn_Latn,100000,head,14568,21991,0.9717435289192773,0.9683518005540166,0.9720440602342442,0.9683110772849927,0.9713807064079296,0.9675565250510716,0.9728883165697978,0.9743839282610962,0.9717435289192773,0.9717435289192773
nyo_Latn,13528,mid,914,1246,0.8215426745778185,0.9040816326530612,0.8337193144974525,0.9143446852425181,0.822992700729927,0.9029964448958863,0.8598940779971113,0.8601633829889476,0.8211678832116788,0.8215426745778185
nyu_Latn,100000,head,10349,15531,0.9682814302191465,0.9603310502283104,0.9667146282973621,0.9587428191615628,0.9679218967921898,0.960946408209806,0.9679428817863818,0.9743193666731029,0.9681883709754925,0.9676799692647553
nyy_Latn,99263,head,6883,10160,0.9867308253135024,0.9867308253135024,0.9864628820960699,0.9864628820960699,0.9860655139709638,0.9860655139709638,0.9866821919802051,0.9871019456387087,0.9868104641842164,0.9865268370839705
nza_Latn,4301,mid,223,329,1.0,1.0,1.0,0.9886621315192743,1.0,0.9954954954954954,1.0,1.0,1.0,1.0
nzi_Latn,100000,head,22369,34103,0.9956251542413569,0.9962846911369742,0.9957605257845271,0.9964654825287459,0.995489734096264,0.9962392550143266,0.9956253505328098,0.9956698301586233,0.9956251542413569,0.9956702187324735
nzm_Latn,30721,head,2067,3092,0.9942196531791908,0.9942196531791908,0.9946987951807229,0.9946987951807229,0.9949385394070861,0.9949385394070861,0.9942196531791908,0.9944591664659118,0.9942196531791908,0.9942196531791908
obo_Latn,17566,mid,757,1188,0.9927774130006566,0.998019801980198,0.9927774130006566,0.9973579920739762,0.9927774130006566,0.998019801980198,0.9940828402366864,0.9947368421052631,0.9927774130006566,0.9927774130006566
oci_Latn,100000,twin,8460,12812,0.8687510089867083,0.8364478764478765,0.8608200819018242,0.830094363682734,0.8682045491208259,0.833025641025641,0.8550174105729661,0.9221064814814814,0.8685456110154905,0.8684337867627292
ogo_Latn,49629,head,3377,5020,0.9964507542147294,0.9964507542147294,0.9946871310507673,0.9946871310507673,0.995699243660092,0.995699243660092,0.9963045084996305,0.996303415643945,0.9960100487660707,0.9952746603662139
ojb_Cans,33721,head,1242,1995,1.0,1.0,1.0,1.0,1.0,1.0,1.0,1.0,1.0,0.9983922829581994
ojb_Latn,26541,head,1785,2677,0.9977628635346756,0.9977628635346756,0.9983221476510068,0.9983221476510068,0.9983212087297146,0.9983212087297146,0.9980419580419579,0.9980419580419579,0.9977628635346756,0.9972051425377305
oke_Latn,51037,head,3522,5166,0.9825902335456476,0.9825902335456476,0.9812014134275618,0.9812014134275618,0.9827195467422097,0.9827195467422097,0.9822971250531086,0.9816228442182642,0.9825902335456476,0.981895332390382
oku_Latn,6760,mid,395,591,0.9949622166246851,0.9987357774968395,0.9949622166246851,0.9936467598475222,0.9949622166246851,0.9961977186311788,0.9962168978562421,0.9962168978562421,0.9949622166246851,0.9949622166246851
okv_Latn,24041,head,337,525,0.9941002949852508,0.9941002949852508,0.9941002949852508,0.9941002949852508,0.9955686853766618,0.9955686853766618,0.9941002949852508,0.9970414201183432,0.9941002949852508,0.9941002949852508
old_Latn,13531,mid,827,1348,0.9891956782713085,0.9939467312348669,0.9886022795440912,0.9945421467556095,0.9897897897897897,0.9933373712901271,0.9909692956050572,0.9909801563439566,0.9891956782713085,0.9891956782713085
olo_Latn,8012,mid,488,715,0.47992067426871593,0.8563636363636363,0.4896097313735428,0.8800755429650613,0.48496993987975945,0.8600182982616651,0.558891454965358,0.7385321100917431,0.4752086401570938,0.47992067426871593
omb_Latn,4266,mid,245,302,0.9959349593495934,0.9979633401221996,0.9979633401221996,0.9876033057851239,0.9979633401221996,1.0,1.0,0.9979633401221996,0.9959349593495934,0.9959349593495934
omw_Latn,27268,head,646,953,1.0,1.0,1.0,1.0,1.0,1.0,1.0,1.0,1.0,1.0
ong_Latn,31080,head,394,566,0.9962073324905183,0.9962073324905183,0.9974683544303797,0.9974683544303797,0.9974683544303797,0.9974683544303797,0.9962073324905183,0.9987325728770595,0.9962073324905183,0.9962073324905183
ons_Latn,24539,head,1459,2289,0.9993150684931507,0.9993150684931507,0.9993150684931507,0.9993150684931507,0.9993150684931507,0.9993150684931507,0.999657416923604,0.9993150684931507,0.9993150684931507,0.9993150684931507
ood_Latn,16954,mid,1081,1637,0.9986130374479889,0.9995372512725589,0.9986130374479889,0.999074074074074,0.9986130374479889,0.9995372512725589,0.9986130374479889,0.9990749306197965,0.9986130374479889,0.9986130374479889
opm_Latn,23755,head,392,623,0.9961880559085133,0.9961880559085133,0.9949238578680203,0.9949238578680203,0.9961880559085133,0.9961880559085133,0.9974554707379135,0.9974554707379135,0.9961880559085133,0.9961880559085133
orv_Cyrl,27832,twin,1824,2774,0.5983606557377049,0.5983606557377049,0.6013610315186246,0.6013610315186246,0.5925533792129873,0.5925533792129873,0.6436251920122887,0.8458982877587529,0.5983606557377049,0.5982540530910387
ory_Latn,435,flat_magnet,10,10,0.18947368421052632,0.3333333333333333,0.608695652173913,0.631578947368421,0.12048192771084336,0.3,0.4285714285714286,0.24324324324324326,0.20689655172413793,0.45714285714285713
ory_Orya,100000,head,16784,25618,0.9997914494264859,0.9995235542850335,0.9997914618524145,0.9994045492437775,0.9997914618524145,0.9995235826584088,0.9998212476911159,0.9997914494264859,0.9997914494264859,0.9997914494264859
oss_Cyrl,100000,head,37630,56098,0.9985901255586296,0.9985105194563396,0.9986301552047452,0.9985372340425532,0.9984436315264383,0.9983642094343887,0.9985237594924925,0.9986166165633562,0.9985901255586296,0.9985901255586296
ota_Arab,674,flat_magnet,13,17,0.19277108433734938,0.23188405797101452,0.3404255319148936,0.3888888888888889,0.02566844919786096,0.11009174311926606,0.2641509433962264,0.3050847457627119,0.25,0.24242424242424243
otd_Latn,6719,mid,374,606,0.979002624671916,0.9920212765957447,0.9880794701986754,0.9892761394101877,0.9841688654353562,0.9933244325767691,0.9880794701986754,0.981578947368421,0.979002624671916,0.979002624671916
ote_Latn,56504,head,3834,5716,0.988869975121121,0.988869975121121,0.9883492603743946,0.9883492603743946,0.9886080921827942,0.9886080921827942,0.9887405079863838,0.9889965941839141,0.988869975121121,0.988869975121121
otm_Latn,17662,mid,585,939,0.9974424552429668,1.0,0.9974424552429668,1.0,0.9974424552429668,1.0,0.9982935153583617,0.9982935153583617,0.9974424552429668,0.9974424552429668
otn_Latn,17786,mid,594,939,0.9983193277310924,0.9991589571068125,0.9983193277310924,0.9991589571068125,0.9991589571068125,1.0,0.9983193277310924,0.9991589571068125,0.9983193277310924,0.9983193277310924
oto_Latn,4664,mid,239,361,0.890625,0.9139344262295083,0.9156626506024097,0.9449152542372882,0.8875968992248062,0.9214876033057852,0.9076305220883534,0.8994082840236687,0.883720930232558,0.890625
otq_Latn,17800,mid,1138,1725,0.9991220368744512,0.999560825647782,0.9991220368744512,0.999560825647782,0.9991220368744512,0.999560825647782,0.999560825647782,0.999560825647782,0.9991220368744512,0.9991220368744512
ots_Latn,21473,head,861,1297,0.966547192353644,0.966547192353644,0.9702734839476812,0.9702734839476812,0.9659294680215182,0.9659294680215182,0.968358208955224,0.9677033492822966,0.966547192353644,0.966547192353644
otw_Latn,85,flat_magnet,1,3,0.19999999999999998,0.19999999999999998,1.0,1.0,0.05714285714285715,0.05714285714285715,0.6666666666666666,0.2222222222222222,0.14285714285714288,0.19999999999999998
oym_Latn,10692,mid,701,975,0.9971550497866287,0.9985734664764622,0.9971550497866287,0.9957081545064378,0.9971550497866287,0.9964260185847034,0.9985754985754985,0.9992872416250891,0.9971550497866287,0.9971550497866287
ozm_Latn,13451,mid,890,1261,1.0,1.0,1.0,0.998875140607424,1.0,1.0,1.0,1.0,1.0,1.0
pab_Latn,17824,mid,617,960,0.9975747776879547,1.0,0.9975747776879547,1.0,0.9975747776879547,1.0,0.9975747776879547,0.9975747776879547,0.9975747776879547,0.9975747776879547
pad_Latn,24093,head,420,602,0.9952606635071091,0.9952606635071091,0.9952606635071091,0.9952606635071091,0.9952606635071091,0.9952606635071091,0.9952606635071091,0.9952606635071091,0.9952606635071091,0.9952606635071091
pag_Latn,100000,head,75896,113547,0.9930227323880262,0.9929690652097706,0.9929507079077834,0.992633152137973,0.9929624553946785,0.9927907192084342,0.9930652055954792,0.9932995219619424,0.9930361563819787,0.9930165286520908
pah_Latn,17258,mid,580,906,1.0,0.999137187230371,1.0,0.9974070872947277,1.0,0.9974070872947277,1.0,1.0,1.0,1.0
pam_Latn,34170,head,1404,2121,0.9488795518207284,0.9488795518207284,0.9466713140467062,0.9466713140467062,0.9485834207764954,0.9485834207764954,0.9509460406447092,0.9562764456981664,0.9478838754809374,0.9472581208522529
pan_Guru,100000,head,45547,67811,1.0,1.0,1.0,0.9999780451391939,1.0,1.0,1.0,1.0,1.0,1.0
pan_Latn,4064,mid,196,312,0.49933598937583,0.6335616438356165,0.536376604850214,0.6877323420074348,0.4973544973544973,0.6303236797274276,0.5865834633385336,0.5537555228276878,0.49150326797385613,0.49933598937583
pao_Latn,15679,mid,973,1472,0.9989733059548256,0.9994858611825194,0.9994863893168978,0.9984559958826558,0.9994863893168978,0.9994858611825194,0.9989733059548256,0.9994863893168978,0.9989733059548256,0.9989733059548256
pap_Latn,100000,head,93946,141127,0.9900717280125229,0.9900597699179502,0.9899123089127592,0.9897915461576365,0.9899796805721608,0.989898016026053,0.990179322464331,0.9906401855889931,0.990050818020027,0.9900455108309346
pau_Latn,100000,head,9832,15037,0.9965390879478827,0.9962957324808444,0.9965911981684049,0.996244036138463,0.9958751336762235,0.9959896441443729,0.9961350691619203,0.9972527472527472,0.9965390879478827,0.9965390879478827
pbb_Latn,17747,mid,1181,1716,0.9991539763113367,0.9995764506565015,0.9987304274227677,0.9991525423728813,0.9987304274227677,0.9995764506565015,0.9991539763113367,0.9991539763113367,0.9991539763113367,0.9991539763113367
pbc_Latn,13500,mid,884,1285,0.9977426636568849,0.9994347088750708,0.9977426636568849,0.9948892674616695,0.9983060417843026,0.9971671388101984,0.9983060417843026,0.9994347088750708,0.9977426636568849,0.9977426636568849
pbi_Latn,13371,mid,805,1328,1.0,1.0,0.9993784959602238,0.9993784959602238,0.9993784959602238,0.9987562189054726,1.0,1.0,1.0,1.0
pbt_Arab,80648,head,5577,8372,0.9309501728353428,0.9309501728353428,0.9290040376850606,0.9290040376850606,0.9372029871011542,0.9372029871011542,0.9219467401285584,0.9814748842180263,0.9306363253265908,0.9299309415529728
pcd_Latn,2213,flat_magnet,90,99,0.05960502692998204,0.13720316622691295,0.07322872087494056,0.17955112219451372,0.038504589209760465,0.11189801699716714,0.12291350531107738,0.19059107358262967,0.05918003565062389,0.05960502692998204
pck_Latn,37494,head,2543,3800,0.961666994299194,0.961666994299194,0.9596536114938005,0.9596536114938005,0.9603940886699508,0.9603940886699508,0.96187106918239,0.9624533123648514,0.961666994299194,0.9614779874213836
pcm_Latn,33265,head,2227,3323,0.5529806150706894,0.5529806150706894,0.5427551748750892,0.5427551748750892,0.5457680701250179,0.5457680701250179,0.6010165184243964,0.7541822475890573,0.5515838419064225,0.5511536787113627
pdc_Latn,13498,mid,896,1260,0.9707988980716253,0.9801474758933636,0.9713340683572216,0.9790130459444129,0.9707988980716253,0.9801474758933636,0.9778024417314095,0.9788888888888889,0.9707988980716253,0.9707988980716253
pdt_Latn,100000,head,9265,13813,0.9731219848380427,0.9711873350923483,0.9745982924113062,0.9725817528659729,0.9745087626128518,0.9725100444068513,0.9719092207586097,0.9759541376930834,0.9730703986429178,0.9730703986429178
pem_Latn,8343,mid,498,724,0.941626794258373,0.9729187562688064,0.9407265774378585,0.9737373737373738,0.9664031620553359,0.980632008154944,0.9516441005802707,0.9159741458910433,0.9362511893434825,0.941626794258373
pfe_Latn,15290,mid,980,1494,1.0,1.0,1.0,0.9994895354772844,1.0,0.9994895354772844,1.0,1.0,1.0,1.0
pfl_Latn,8500,flat_magnet,527,769,0.4464049404499339,0.7860615883306321,0.48095238095238096,0.8246364414029085,0.44444444444444453,0.7830264211369095,0.5777007510109763,0.5840504876649455,0.4450307827616535,0.4464049404499339
phm_Latn,38316,head,2619,3793,0.9065387348969438,0.9065387348969438,0.9016539213942735,0.9016539213942735,0.9070140995895057,0.9070140995895057,0.9165916051161953,0.9271137026239067,0.9057340671045625,0.9025296302848045
pib_Latn,25109,head,1069,1699,0.9925093632958801,0.9925093632958801,0.9920374707259952,0.9920374707259952,0.9925023430178069,0.9925023430178069,0.9929742388758782,0.9934395501405812,0.9925093632958801,0.9920449227889565
pio_Latn,17469,mid,618,896,1.0,1.0,1.0,0.9991902834008096,1.0,1.0,1.0,1.0,1.0,1.0
pir_Latn,17355,mid,684,975,0.9970845481049563,0.9985401459854015,0.9970845481049563,0.9985401459854015,0.9970845481049563,0.9985401459854015,0.9978118161925601,0.9978118161925601,0.9970845481049563,0.9970845481049563
pis_Latn,100000,head,37224,56559,0.990881949487614,0.9905645161290322,0.9904042576067089,0.9902461306964747,0.9906423942563661,0.9903121346895449,0.9906692839280432,0.9914635788339842,0.9908686238384057,0.9908419736152014
pjt_Latn,19780,head,852,1192,1.0,1.0,1.0,1.0,1.0,1.0,1.0,1.0,1.0,1.0
pkb_Latn,13429,mid,834,1279,0.9811764705882352,0.9963942307692307,0.9834905660377358,0.9969933854479855,0.984070796460177,0.996389891696751,0.9881516587677724,0.9846517119244392,0.9811764705882352,0.9811764705882352
plg_Latn,15999,mid,1052,1523,0.9980988593155894,0.996186844613918,0.9980988593155894,0.994269340974212,0.9980988593155894,0.9952290076335879,0.997622444127437,0.9980988593155894,0.9980988593155894,0.9980988593155894
pls_Latn,36929,head,1869,2945,0.9986627440492111,0.9986627440492111,0.9986627440492111,0.9986627440492111,0.9986627440492111,0.9986627440492111,0.9983957219251337,0.9989299090422686,0.9986627440492111,0.9986627440492111
plt_Latn,100000,head,17689,26174,0.9915648714982932,0.9897835692775323,0.9914824007220217,0.9895038973464275,0.9917322723553148,0.9897261237931714,0.9907305665905953,0.9931626829406115,0.9915653474004908,0.9916222391469917
plu_Latn,22814,head,981,1402,0.9959266802443991,0.9959266802443991,0.9959266802443991,0.9959266802443991,0.9959266802443991,0.9959266802443991,0.9959266802443991,0.9964340295466123,0.9959266802443991,0.9959266802443991
plw_Latn,18070,head,1186,1729,0.9953800923981521,0.9953800923981521,0.9949622166246851,0.9949622166246851,0.9953800923981521,0.9953800923981521,0.9962168978562422,0.9966358284272498,0.9949622166246851,0.9945446915652539
pma_Latn,31148,head,1074,1571,0.9944444444444445,0.9944444444444445,0.9944444444444445,0.9944444444444445,0.9949050486336267,0.9949050486336267,0.993984266543267,0.9967517401392111,0.9944444444444445,0.993984266543267
pmf_Latn,13325,mid,817,1282,0.9944819129368486,0.9920098340503994,0.9975520195838433,0.9926108374384236,0.9944751381215469,0.9926108374384236,0.9944819129368486,0.9944819129368486,0.996328029375765,0.9944819129368486
pmq_Latn,315,flat_magnet,7,7,0.6666666666666666,0.7777777777777778,1.0,1.0,0.8235294117647058,1.0,0.8235294117647058,0.7000000000000001,0.9333333333333333,0.8235294117647058
pms_Latn,26149,head,1719,2668,0.7839219330855017,0.7839219330855017,0.7861972487759386,0.7861972487759386,0.7854816193578408,0.7854816193578408,0.8066985645933014,0.8412103025756438,0.7821047751506723,0.7819235225955966
pmx_Latn,30033,head,2062,2990,0.9929799080125877,0.9929799080125877,0.9929799080125877,0.9929799080125877,0.9929799080125877,0.9929799080125877,0.9927395934172313,0.9934608864131751,0.9927395934172313,0.9927395934172313
pnb_Arab,100000,twin,17883,26621,0.9501823953663224,0.9491300378966004,0.9493663850600267,0.9482896662157312,0.9440528141434485,0.9456621131092576,0.9507841776544067,0.9544703146451488,0.9501559367342393,0.9501294795756412
pne_Latn,17790,mid,604,915,0.9975186104218362,0.9975144987572493,0.9975186104218362,0.9975144987572493,0.9975186104218362,0.9975144987572493,0.9975186104218362,0.9975186104218362,0.9975186104218362,0.9975186104218362
pnt_Grek,846,flat_magnet,18,20,0.02403204272363151,0.08275862068965519,0.03171806167400881,0.1254355400696864,0.008761255779995133,0.125,0.044665012406947896,0.05815831987075929,0.08571428571428572,0.08411214953271028
pny_Latn,11061,mid,430,664,1.0,1.0,1.0,0.9988358556461001,1.0,1.0,1.0,1.0,1.0,1.0
poe_Latn,34622,head,1790,2703,0.9997207483943032,0.9997207483943032,0.9997207483943032,0.9997207483943032,0.9997207483943032,0.9997207483943032,0.9997207483943032,0.9997207483943032,0.9997207483943032,0.9997207483943032
poh_Latn,57259,head,3275,5200,0.9963280293757649,0.9963280293757649,0.9961744452945678,0.9961744452945678,0.9958671360783713,0.9958671360783713,0.9961744452945678,0.9961756157258681,0.9963280293757649,0.9963280293757649
poi_Latn,24578,head,549,840,0.9972752043596731,0.9972752043596731,0.9972752043596731,0.9972752043596731,0.9972752043596731,0.9972752043596731,0.9990900818926297,0.9990900818926297,0.9972752043596731,0.9972752043596731
pol_Latn,100000,head,276810,415506,0.9758174977940388,0.9796067608759962,0.9765955485072562,0.9796420737823269,0.9755015741997433,0.9794045549597756,0.9776429279363921,0.9841265795591707,0.9758291984169177,0.9758316243370909
pon_Latn,100000,head,26391,39570,0.9957993575488017,0.9958778944968941,0.9958372141648767,0.9956887546768466,0.9957990381508164,0.9956877718888318,0.9957810718358039,0.9960457777270827,0.995780430320079,0.995799517229582
por_Latn,100000,twin,337932,507199,0.9692599826880633,0.9713482799178927,0.9701677901468749,0.9714364016100058,0.9692412519848375,0.9712900859595401,0.9702689535232746,0.9793744736873318,0.969291587172829,0.9693055996132988
pos_Latn,4298,mid,228,322,0.9934640522875817,0.9978021978021978,0.9956331877729258,0.9775784753363228,0.9934640522875817,0.9955947136563876,1.0,0.9978118161925601,0.9934640522875817,0.9934640522875817
pot_Latn,3543,mid,162,259,0.9878048780487805,0.9813664596273292,0.9938650306748467,0.9685534591194969,0.9969230769230769,0.9812500000000001,0.9878048780487805,0.9878048780487805,0.9878048780487805,0.9878048780487805
pov_Latn,23414,head,1497,2306,0.8827915299731585,0.8827915299731585,0.890892696122633,0.890892696122633,0.9174937965260547,0.9174937965260547,0.8877581562406466,0.873305833824396,0.8814770696843359,0.8775570708568041
poy_Latn,11062,mid,710,1029,0.9840609840609841,0.995059985885674,0.9861111111111112,0.9936305732484078,0.9861111111111112,0.9936305732484078,0.9916201117318435,0.9874826147426982,0.9840609840609841,0.9840609840609841
ppk_Latn,13248,mid,869,1237,0.9954075774971296,0.9959700633275763,0.996551724137931,0.9948126801152737,0.997128087306146,0.9971214738054116,0.996551724137931,0.9959793222286042,0.9954075774971296,0.9954075774971296
ppo_Latn,23741,head,537,842,0.9990697674418605,0.9990697674418605,0.9990697674418605,0.9990697674418605,0.9990697674418605,0.9990697674418605,1.0,1.0,0.9990697674418605,0.9990697674418605
pps_Latn,11062,mid,690,1039,0.9971098265895955,0.99637943519189,0.9971098265895955,0.9963741841914431,0.9971098265895955,0.99637943519189,0.9971098265895955,0.9971098265895955,0.9971098265895955,0.9971098265895955
prf_Latn,17733,mid,744,1093,0.9802110817941952,0.9886892880904856,0.9808580858085808,0.9893475366178429,0.9808580858085808,0.9893475366178429,0.9841059602649007,0.9886892880904856,0.979564930784443,0.9802110817941952
prg_Latn,891,flat_magnet,20,20,0.2597402597402597,0.5806451612903225,0.7450980392156863,0.8717948717948718,0.2666666666666667,0.6666666666666667,0.5063291139240507,0.3278688524590164,0.6415094339622641,0.7058823529411764
pri_Latn,16474,mid,868,1184,0.9959839357429718,0.9994242947610823,0.9965556831228473,0.9994242947610823,0.9971280873061459,1.0,0.9965556831228473,0.9977011494252873,0.9959839357429718,0.9959839357429718
prq_Latn,4298,mid,213,342,0.9573033707865168,0.9616252821670429,0.9680365296803654,0.9724770642201834,0.9636363636363636,0.9680365296803654,0.9703872437357631,0.9573033707865168,0.9573033707865168,0.9573033707865168
pse_Latn,13493,mid,832,1322,0.9898628503279666,0.9945750452079566,0.9898628503279666,0.9945750452079566,0.9916367980884111,0.9945750452079566,0.9922295277943813,0.9940119760479041,0.9898628503279666,0.9898628503279666
pss_Latn,6762,mid,370,614,0.9946236559139785,0.9918256130790191,0.9946236559139785,0.9750692520775623,0.9946236559139785,0.9890710382513661,0.9986504723346828,0.9973045822102425,0.9946236559139785,0.9946236559139785
ptp_Latn,24490,head,458,610,0.9989094874591058,0.9989094874591058,0.9989094874591058,0.9989094874591058,0.9989094874591058,0.9989094874591058,0.9989094874591058,0.9989094874591058,0.9989094874591058,0.9989094874591058
ptu_Latn,17647,mid,661,957,0.9962321024868124,0.999244142101285,0.9962321024868124,0.999244142101285,0.9962321024868124,0.999244142101285,0.9954819277108433,0.9984894259818731,0.9962321024868124,0.9962321024868124
pua_Latn,6760,mid,385,600,0.5793829947328819,0.5938511326860841,0.5837755875663382,0.5920519059205189,0.5802562170308968,0.5919354838709677,0.5911559348332042,0.5861538461538461,0.5793829947328819,0.5793829947328819
pui_Latn,6760,mid,423,566,0.9929577464788732,0.9940828402366864,0.9952941176470588,0.9832134292565947,0.9941245593419507,0.9928909952606635,0.9952941176470588,0.9976415094339623,0.9929577464788732,0.9929577464788732
pwg_Latn,24474,head,720,995,0.9930747922437674,0.9930747922437674,0.9930651872399445,0.9930651872399445,0.9923664122137404,0.9923664122137404,0.9944598337950138,0.9930747922437674,0.9930747922437674,0.9930747922437674
pwn_Latn,561,flat_magnet,10,15,0.05373134328358209,0.09183673469387756,0.14400000000000002,0.3478260869565218,0.052478134110787174,0.09999999999999999,0.06666666666666667,0.054878048780487805,0.4444444444444444,0.19512195121951217
pww_Thai,37451,head,2559,3721,0.9976599063962558,0.9976599063962558,0.9978544958065144,0.9978544958065144,0.9978544958065144,0.9978544958065144,0.9974653928641061,0.9976599063962558,0.9976599063962558,0.9976599063962558
pxm_Latn,30440,head,1563,2284,0.9945704247844139,0.9945704247844139,0.9948881789137379,0.9948881789137379,0.9948881789137379,0.9948881789137379,0.9948881789137379,0.9948881789137379,0.9945704247844139,0.9945704247844139
qub_Latn,86392,head,4786,6996,0.9691799082862324,0.9691799082862324,0.9702380952380952,0.9702380952380952,0.9694453316299372,0.9694453316299372,0.9701095628124669,0.9704785249920069,0.9692898272552783,0.9692898272552783
quc_Latn,100000,head,13585,20204,0.9832680408596639,0.9834161309175921,0.983219390926041,0.982661069538237,0.9826179236652395,0.9824407695396634,0.9835357822332796,0.9832979268918028,0.9833052646994215,0.9832692659710782
quf_Latn,17558,mid,929,1410,0.9957081545064378,0.9978448275862069,0.9951690821256037,0.9983844911147012,0.995703544575725,0.9983844911147012,0.9967776584317938,0.9962426194310252,0.9957081545064378,0.9957081545064378
qug_Latn,100000,head,9769,14565,0.9639621087314663,0.9658596509187696,0.9633669479316732,0.9651466298172885,0.9629515123409079,0.9653407054727896,0.9654818163139511,0.9645790554414784,0.9639621087314663,0.9639621087314663
quh_Latn,50801,twin,2905,4394,0.8739587106120972,0.8739587106120972,0.8745247148288974,0.8745247148288974,0.8750000000000001,0.8750000000000001,0.8737337192474675,0.8744573082489145,0.8738004707586458,0.8738004707586458
qul_Latn,28854,twin,1352,2122,0.7819785759294267,0.7819785759294267,0.7815947053261897,0.7815947053261897,0.7826086956521738,0.7826086956521738,0.787878787878788,0.7881899871630296,0.7819785759294267,0.7819785759294267
qup_Latn,23884,head,434,616,0.9965556831228473,0.9965556831228473,0.9965556831228473,0.9965556831228473,0.9965556831228473,0.9965556831228473,0.9988492520138089,0.9988492520138089,0.9965556831228473,0.9965556831228473
qus_Latn,5732,flat_magnet,321,480,0.22330434782608696,0.5502645502645503,0.2793539938891314,0.67907995618839,0.2913063268092854,0.6392600205549845,0.24345847554038677,0.2693602693602694,0.2205427688079698,0.22330434782608696
quw_Latn,28537,head,1910,2839,0.9501084598698482,0.9501084598698482,0.943620178041543,0.943620178041543,0.9456609894566098,0.9456609894566098,0.9508819538670285,0.9511400651465797,0.9501084598698482,0.9501084598698482
quy_Latn,100000,twin,28248,42363,0.9717203315175378,0.9723772772143947,0.9715938695941212,0.9721544423711784,0.9714357619227382,0.9722182340272794,0.9728215991096112,0.973513852775038,0.9717213483146067,0.9717408499316891
quz_Latn,100000,head,22665,33552,0.9513063335348244,0.9542798519113252,0.9509825865079009,0.9538399785924537,0.9502240143369176,0.9538187088861634,0.95620616720472,0.959606042456911,0.9513063335348244,0.9513063335348244
qva_Latn,10970,mid,689,1021,0.9835125448028674,0.9842180774748923,0.9842180774748923,0.9849246231155778,0.9821045096635648,0.9828080229226361,0.9863407620416966,0.9849246231155778,0.9835125448028674,0.9835125448028674
qvc_Latn,17482,mid,859,1269,0.9918981481481481,0.9965075669383003,0.9918981481481481,0.9965075669383003,0.9918981481481481,0.9965075669383003,0.9947765525246663,0.994199535962877,0.9918981481481481,0.9918981481481481
qve_Latn,17832,mid,618,984,0.5577100646352724,0.6090909090909091,0.5581395348837209,0.6080325368581596,0.5461993627674101,0.6067985794013191,0.6356425171866736,0.7138607971445567,0.5577100646352724,0.5577100646352724
qvh_Latn,22988,head,412,682,0.9667458432304038,0.9667458432304038,0.9725864123957092,0.9725864123957092,0.9714285714285714,0.9714285714285714,0.970202622169249,0.9690476190476189,0.9667458432304038,0.9667458432304038
qvi_Latn,100000,head,13599,20592,0.9783970059658355,0.9779634696443096,0.9780659503519821,0.9773702115071734,0.9781005669396375,0.9780012570710246,0.9785169271797911,0.9784834545184745,0.9783970059658355,0.9783970059658355
qvm_Latn,16650,mid,560,776,0.9709251101321587,0.9709251101321587,0.9752212389380531,0.9752212389380531,0.9743589743589745,0.9752212389380531,0.9760850310008857,0.9726390114739629,0.9709251101321587,0.9709251101321587
qvn_Latn,17810,mid,589,970,0.9948805460750852,0.9948805460750852,0.9931623931623932,0.9923011120615911,0.9931623931623932,0.9923011120615911,0.9948805460750852,0.9940323955669224,0.9948805460750852,0.9948805460750852
qvo_Latn,13361,mid,860,1282,0.9924898902368574,0.9929906542056074,0.9930555555555555,0.9929906542056074,0.9930555555555555,0.9929906542056074,0.9947886508396061,0.9930635838150289,0.9924898902368574,0.9924898902368574
qvs_Latn,17666,mid,588,917,0.9974511469838572,0.9965928449744463,0.9974511469838572,0.9965928449744463,0.9966044142614601,0.9974468085106383,0.9974511469838572,0.9982993197278912,0.9974511469838572,0.9974511469838572
qvw_Latn,23613,head,429,614,0.9976744186046511,0.9976744186046511,0.9976744186046511,0.9976744186046511,0.9976744186046511,0.9976744186046511,0.9988358556461001,0.9988358556461001,0.9976744186046511,0.9976744186046511
qvz_Latn,17523,mid,597,888,0.9924812030075189,0.9958018471872376,0.9916387959866221,0.9958018471872376,0.9916387959866221,0.9949664429530202,0.9933110367892977,0.9933110367892977,0.9924812030075189,0.9924812030075189
qwh_Latn,17649,mid,632,873,0.9905956112852665,0.9968454258675079,0.9921507064364207,0.9968454258675079,0.992930086410055,0.9976322020520915,0.9921507064364207,0.9944925255704169,0.9905956112852665,0.9905956112852665
qxh_Latn,17446,mid,992,1568,0.9869346733668343,0.9874308697838109,0.9869346733668343,0.987927565392354,0.9864389753892516,0.9864389753892516,0.98842476094615,0.9874308697838109,0.9869346733668343,0.9869346733668343
qxl_Latn,10958,mid,672,1034,0.9955555555555555,0.9894894894894894,0.9970326409495549,0.9902475618904726,0.9970326409495549,0.9902475618904726,0.9955555555555555,0.9955555555555555,0.9948186528497409,0.9955555555555555
qxn_Latn,17805,twin,673,1047,0.9859363434492969,0.9859363434492969,0.9859154929577465,0.9859154929577465,0.9859154929577465,0.9859154929577465,0.9866666666666666,0.9866666666666666,0.9859363434492969,0.9859363434492969
qxo_Latn,23074,twin,415,634,0.9808153477218226,0.9808153477218226,0.9808153477218226,0.9808153477218226,0.9831730769230769,0.9831730769230769,0.9796407185628742,0.9808153477218226,0.9808153477218226,0.9808153477218226
qxr_Latn,12493,mid,822,1141,0.9287782281412854,0.9616555082166768,0.9297736506094022,0.9586877278250303,0.9191977077363898,0.9592705167173252,0.9489311163895487,0.9390386869871042,0.9287782281412854,0.9287782281412854
rad_Latn,30721,head,2049,3092,0.9987813794784305,0.9987813794784305,0.9985380116959064,0.9985380116959064,0.9987813794784305,0.9987813794784305,0.9985380116959064,0.9987813794784305,0.9987813794784305,0.9987813794784305
rai_Latn,24409,head,468,674,0.9968051118210862,0.9968051118210862,0.9968051118210862,0.9968051118210862,0.9968051118210862,0.9968051118210862,0.9978678038379531,0.9978678038379531,0.9968051118210862,0.9968051118210862
ram_Latn,8103,mid,496,724,0.9989929506545822,1.0,0.9989929506545822,0.9928934010152284,1.0,1.0,0.9989929506545822,0.9989929506545822,0.9989929506545822,0.9989929506545822
rap_Latn,10989,mid,663,1055,0.9910313901345292,0.995475113122172,0.9932584269662922,0.9908952959028832,0.9947486871717929,0.993939393939394,0.9910313901345292,0.9902912621359222,0.9910313901345292,0.9910313901345292
rar_Latn,100000,head,54183,81259,0.9953409101434778,0.9954631309951483,0.9953228181641367,0.9953614117603489,0.9951733785423789,0.9952862950649639,0.9954435162718331,0.9954060462359218,0.995387607668797,0.9954434318737497
rav_Deva,6754,mid,428,560,0.9941792782305006,0.991812865497076,0.9953379953379954,0.9882629107981221,0.9953379953379954,0.9882629107981221,0.9953379953379954,0.9953379953379954,0.9941792782305006,0.9941792782305006
raw_Latn,6734,mid,409,571,0.9975609756097561,0.9975609756097561,0.9975609756097561,0.9801488833746899,0.9975609756097561,0.9975609756097561,0.9987789987789988,0.9987789987789988,0.9951338199513382,0.9975609756097561
rcf_Latn,10707,mid,652,988,0.8813559322033897,0.940387481371088,0.9027777777777778,0.9596344249809596,0.9167842031029619,0.9531722054380665,0.889801505817933,0.8541392904073587,0.8795669824086604,0.8813559322033897
rej_Latn,9098,mid,571,824,0.964987190435525,0.9832893579595426,0.9658703071672355,0.9832599118942731,0.9675213675213675,0.982394366197183,0.9783549783549784,0.9783549783549784,0.964987190435525,0.964987190435525
rel_Latn,6750,mid,380,595,0.9768637532133677,0.9921052631578947,0.9806451612903226,0.9813829787234043,0.979381443298969,0.9907773386034255,0.9857328145265889,0.9819121447028424,0.9768637532133677,0.9768637532133677
rgu_Latn,12785,mid,262,373,0.9866666666666667,0.9866156787762905,0.9885496183206107,0.9904030710172744,0.9885496183206107,0.9904030710172744,0.9885496183206107,0.9885496183206107,0.9866666666666667,0.9866666666666667
rhg_Latn,3252,mid,146,223,0.7024390243902439,0.939189189189189,0.7912087912087913,0.9379310344827586,0.713216957605985,0.9292929292929293,0.8520710059171598,0.7977839335180055,0.6923076923076923,0.7024390243902439
ria_Latn,11043,mid,707,1033,0.995768688293371,0.9978768577494692,0.9971751412429379,0.9964513839602556,0.9971751412429379,0.9978738483345145,0.9964714184897671,0.9964714184897671,0.995768688293371,0.995768688293371
rim_Latn,17820,mid,601,917,0.9909315746084089,0.9975062344139651,0.9900990099009901,0.9966722129783694,0.9900990099009901,0.9966722129783694,0.9925681255161024,0.9942100909842845,0.9909315746084089,0.9909315746084089
rjs_Deva,6760,mid,367,619,0.9825970548862115,0.984869325997249,0.9825970548862115,0.9778393351800554,0.9825970548862115,0.9764868603042877,0.9865591397849462,0.9878869448183042,0.9825970548862115,0.9825970548862115
rkb_Latn,17397,mid,603,868,0.9975186104218362,0.9983388704318937,0.9983443708609271,0.9983388704318937,0.9991714995857498,0.9983388704318937,0.9983443708609271,0.9983443708609271,0.996694214876033,0.9975186104218362
rmc_Latn,39151,head,2156,3241,0.9649910233393179,0.9649910233393179,0.9645580978017049,0.9645580978017049,0.966726618705036,0.966726618705036,0.9682360892092813,0.9768287142208087,0.9647745120035898,0.9643417806683112
rme_Latn,366,flat_magnet,8,9,0.06083650190114069,0.5517241379310345,0.14545454545454545,1.0,0.015873015873015872,0.761904761904762,0.23529411764705882,0.17777777777777776,0.6956521739130436,0.6956521739130436
rml_Latn,1790,mid,32,81,0.39263803680981596,0.8767123287671234,0.6213592233009708,0.9846153846153847,0.5161290322580645,0.9142857142857143,0.6095238095238095,0.547008547008547,0.38095238095238093,0.39263803680981596
rmn_Cyrl,64930,head,4426,6642,0.8539128739888899,0.8539128739888899,0.8807247106190237,0.8807247106190237,0.9079015678538054,0.9079015678538054,0.8548843563969942,0.9211303247574861,0.8526664071623201,0.8526664071623201
rmn_Grek,79160,head,5457,8080,0.7599241200028103,0.7599241200028103,0.7619987314116569,0.7619987314116569,0.782217056516054,0.782217056516054,0.7557977088572227,0.8271470725267899,0.749048113534095,0.749048113534095
rmn_Latn,100000,head,9691,14649,0.9601649733427221,0.945754833605301,0.9582225788655399,0.9447489260850245,0.9602538914916124,0.9463525685439969,0.9567480977172607,0.9707138499084809,0.9597305313961088,0.9594934164237612
rmo_Latn,16689,mid,1050,1667,0.9810964083175804,0.9875478927203065,0.981060606060606,0.9885167464114832,0.9824893516327495,0.9880439980870397,0.9829383886255924,0.9871611982881597,0.9806329711856401,0.9810964083175804
rmq_Latn,3913,mid,204,266,0.6903553299492386,0.9556650246305418,0.7445255474452555,0.967741935483871,0.7022375215146299,0.9651741293532337,0.825910931174089,0.8160000000000001,0.6903553299492386,0.6903553299492386
rmy_Cyrl,30085,head,1995,3026,0.8741750989881215,0.8741750989881215,0.8777900552486189,0.8777900552486189,0.8851139919535091,0.8851139919535091,0.8908316520959426,0.9524723955832933,0.8718736287845547,0.8705366922234391
rmy_Latn,70602,head,4539,6701,0.8936122102882984,0.8936122102882984,0.8902877697841727,0.8902877697841727,0.8929498025944727,0.8929498025944727,0.8920505871725384,0.9020054694621696,0.8929055580659737,0.8925022583559168
rnd_Latn,24508,head,1604,2478,0.9900435594275047,0.9900435594275047,0.990357698289269,0.990357698289269,0.9903516962340492,0.9903516962340492,0.9909685456244162,0.9918952618453866,0.9900435594275047,0.9900435594275047
rng_Latn,65043,head,4496,6621,0.9442475024170158,0.9442475024170158,0.9371002132196162,0.9371002132196162,0.9488765874308042,0.9488765874308042,0.9408866995073891,0.9405463310123192,0.9426519455461464,0.9383400896095584
rnl_Latn,21989,head,1500,2152,0.9953426480372588,0.9953426480372588,0.9953426480372588,0.9953426480372588,0.9956709956709957,0.9956709956709957,0.9953426480372588,0.9956738768718802,0.9953426480372588,0.9953426480372588
roh_Latn,30545,head,2020,3144,0.8808152414709791,0.8808152414709791,0.8796460176991151,0.8796460176991151,0.8826666666666667,0.8826666666666667,0.9011786038077969,0.9367924528301886,0.8802302413106043,0.8794514487945145
ron_Cyrl,30637,head,2013,2814,0.9465253239104828,0.9465253239104828,0.9460795855898281,0.9460795855898281,0.9476168003775367,0.9476168003775367,0.9528324247452002,0.9762020398251579,0.9460795855898281,0.9460795855898281
ron_Latn,100000,head,98686,149054,0.9893960303608395,0.9895564266974605,0.9894229794138525,0.9893568542466255,0.9893610004819766,0.9894359421053165,0.9894872366740334,0.9899291082240544,0.98941707675917,0.9894123794497686
roo_Latn,24068,head,550,781,0.9972801450589301,0.9972801450589301,0.9972801450589301,0.9972801450589301,0.9972801450589301,0.9972801450589301,0.9990917347865577,0.9990917347865577,0.9972801450589301,0.9972801450589301
rop_Latn,54485,head,3298,4974,0.9859154929577465,0.9859154929577465,0.9859154929577465,0.9859154929577465,0.9859154929577465,0.9859154929577465,0.9860707178937701,0.9869731800766284,0.9859154929577465,0.9859154929577465
row_Latn,14225,mid,265,409,0.9814126394052045,0.9906191369606003,0.9814126394052045,0.9906191369606003,0.9832402234636872,0.9924812030075187,0.9850746268656716,0.9832402234636872,0.9814126394052045,0.9814126394052045
rro_Latn,24580,head,456,668,0.9956236323851203,0.9956236323851203,0.9956236323851203,0.9956236323851203,0.9956236323851203,0.9956236323851203,0.9967141292442497,0.9956236323851203,0.9956236323851203,0.9956236323851203
rtm_Latn,8987,mid,538,831,0.9917050691244239,0.9916279069767442,0.9962962962962962,0.9878163074039362,0.9981447124304267,0.9934762348555453,0.9962962962962962,0.992619926199262,0.9917050691244239,0.9917050691244239
rub_Latn,11018,mid,733,1001,0.98453261600538,0.9945130315500685,0.9871881321645314,0.9952021932830706,0.9871881321645314,0.9945130315500685,0.9918699186991871,0.9891891891891892,0.98453261600538,0.98453261600538
rue_Cyrl,8501,mid,527,767,0.07469668177167081,0.1593284764016471,0.08122069458793611,0.17659499471272472,0.06742016033644369,0.14810444018291782,0.10642086519325443,0.32345931222335716,0.07445723444557775,0.07469668177167081
ruf_Latn,17822,mid,600,915,0.9850993377483444,0.9933222036727879,0.9850993377483444,0.9941520467836258,0.9867330016583749,0.9941520467836258,0.9867330016583749,0.9883720930232558,0.9850993377483444,0.9850993377483444
rug_Latn,30060,head,1644,2361,0.9933373712901272,0.9933373712901272,0.9933373712901272,0.9933373712901272,0.9936382914268403,0.9936382914268403,0.9933373712901272,0.9945421467556095,0.9933373712901272,0.9930366333636088
run_Latn,100000,twin,81533,121606,0.8744580026063263,0.8739225349196301,0.8740152823448699,0.8734453195625328,0.8743822222222222,0.8738208803304495,0.8742053485811698,0.887367524365495,0.8744484129099513,0.8744328748948671
rup_Latn,5032,mid,267,418,0.7355371900826446,0.9646182495344506,0.7934621099554235,0.9700374531835205,0.7563739376770537,0.9608938547486034,0.8090909090909091,0.7994011976047904,0.7335164835164836,0.7355371900826446
rus_Cyrl,100000,head,550199,827081,0.9634073997471055,0.9681638198176619,0.9639530196991435,0.9683828515575676,0.9615716090116786,0.9675977277130831,0.966675037575385,0.9846066581674993,0.9634526384662461,0.9634692035797549
rwo_Latn,51384,head,953,1407,0.9984284965950759,0.9984284965950759,0.9984284965950759,0.9984284965950759,0.9984284965950759,0.9984284965950759,0.9973835688121403,0.9989517819706499,0.9984284965950759,0.9979057591623036
sab_Latn,16901,mid,561,827,1.0,0.9991079393398752,1.0,0.9964221824686941,1.0,0.9964221824686941,1.0,1.0,1.0,1.0
sag_Latn,100000,head,60270,91126,0.994990623046468,0.995251345452122,0.9951668277724075,0.9953524786780384,0.9949489897979596,0.9952601107917864,0.9950160021336178,0.9950743842980373,0.9950073764138126,0.9950074596387701
sah_Cyrl,100000,head,7302,11083,0.9825712528193563,0.9793807417488942,0.9823026990092245,0.9785092491838956,0.9825641025641026,0.9789724396053079,0.9805686234403764,0.9870914583905519,0.9825712528193563,0.9825712528193563
saj_Latn,6675,mid,394,574,0.9987325728770595,1.0,1.0,0.9974554707379135,1.0,0.9987293519695045,0.9987325728770595,0.9987325728770595,0.9987325728770595,0.9987325728770595
san_Deva,100000,head,9378,14271,0.947406563826483,0.938953190617638,0.9468019043676258,0.9385371850030733,0.9474284529240979,0.9386855326566185,0.9423007758310641,0.9678208605925217,0.947406563826483,0.947406563826483
san_Latn,36337,head,2358,3643,0.9949130987706656,0.9949130987706656,0.9949174078780177,0.9949174078780177,0.995124019503922,0.995124019503922,0.9942832945161975,0.995124019503922,0.9947022674295402,0.994704511755984
sas_Latn,13444,mid,845,1304,0.9923664122137404,0.9958456973293768,0.9947027663331371,0.9910554561717353,0.9947027663331371,0.9952437574316291,0.995875073659399,0.995875073659399,0.9923664122137404,0.9923664122137404
sat_Latn,10932,mid,708,1008,0.996481351161154,0.9964664310954064,0.9950738916256158,0.9921930447125622,0.995774647887324,0.9957567185289958,0.9971830985915493,0.996481351161154,0.996481351161154,0.996481351161154
sat_Olck,16858,mid,1059,1702,1.0,1.0,1.0,0.9995276334435522,1.0,1.0,1.0,1.0,1.0,1.0
say_Latn,693,flat_magnet,12,14,0.2926829268292683,0.41379310344827586,0.9600000000000001,0.9600000000000001,0.631578947368421,0.7058823529411764,0.3636363636363636,0.29629629629629634,0.888888888888889,0.7272727272727273
sba_Latn,37535,head,2392,3652,0.9985358711566619,0.9985358711566619,0.9983270598076118,0.9983270598076118,0.9985358711566619,0.9985358711566619,0.9985358711566619,0.998744769874477,0.9985358711566619,0.9985358711566619
sbd_Latn,13463,mid,846,1312,0.9994093325457768,0.9994093325457768,0.9994093325457768,0.9988179669030733,0.9994093325457768,0.9994093325457768,0.9994093325457768,0.9994093325457768,0.9994093325457768,0.9994093325457768
sbe_Latn,14275,mid,458,698,0.99457111834962,1.0,0.99457111834962,0.9967213114754099,0.99457111834962,0.9978165938864629,0.99457111834962,0.9978213507625272,0.99457111834962,0.99457111834962
sbl_Latn,17703,mid,1058,1574,0.995764705882353,0.9985842378480415,0.9967027790861989,0.9985842378480415,0.9967027790861989,0.9985842378480415,0.9962335216572504,0.9952963311382877,0.995764705882353,0.995764705882353
sbs_Latn,271,flat_magnet,4,8,0.0027522935779816515,0.002873563218390804,0.0019029495718363464,0.0027548209366391185,0.0006688963210702341,0.0006354249404289118,0.003701418877236274,0.0026052974381241857,0.004385964912280702,0.00408997955010225
sby_Latn,172,flat_magnet,4,4,0.15384615384615383,0.15384615384615383,0.0,0.0,0.10666666666666667,0.10666666666666667,0.0,0.18181818181818182,0.11111111111111112,0.15384615384615383
sck_Deva,6800,mid,411,582,0.9590643274853802,0.9927184466019418,0.9624413145539906,0.9902676399026764,0.9557109557109557,0.9890643985419197,0.9750297265160524,0.98676293622142,0.9579439252336449,0.9590643274853802
scn_Latn,62189,head,3428,5255,0.8679245283018867,0.8679245283018867,0.8635808334464503,0.8635808334464503,0.8674237241756739,0.8674237241756739,0.8636856368563686,0.9028328611898017,0.8670488670488671,0.8663757840196344
sco_Latn,87458,flat_magnet,6090,9057,0.2969276511397423,0.2969276511397423,0.2869523581517836,0.2869523581517836,0.29298833427083076,0.29298833427083076,0.29381910902983793,0.7230331998449814,0.2966005245187787,0.2963072816253893
sda_Latn,18554,head,636,1025,0.978328173374613,0.978328173374613,0.9782608695652174,0.9782608695652174,0.9797822706065318,0.9797822706065318,0.9828926905132193,0.9821289821289821,0.978328173374613,0.978328173374613
sdc_Latn,692,flat_magnet,8,23,0.12403100775193798,0.4210526315789474,0.21917808219178084,0.7000000000000001,0.06639004149377593,0.4210526315789474,0.3018867924528302,0.16842105263157897,0.631578947368421,0.631578947368421
sdh_Arab,100000,twin,8666,12793,0.942658307931213,0.941683424303361,0.9420964866885171,0.9411764705882353,0.941908713692946,0.9406014605255592,0.9421829247287135,0.9442302158273381,0.9426040947780078,0.9424956871765382
sdo_Latn,643,flat_magnet,9,17,0.6206896551724138,0.8571428571428571,0.9,0.9411764705882353,0.5806451612903226,0.9411764705882353,0.782608695652174,0.6428571428571429,1.0,0.9
sdq_Latn,12828,mid,841,1206,0.9905771495877503,0.9934406678592725,0.9894117647058824,0.9934249850567842,0.9905771495877503,0.9940334128878282,0.9929161747343566,0.993502658003544,0.9899941141848145,0.9905771495877503
seh_Latn,100000,head,18179,27354,0.9808857293020941,0.9831124824375327,0.9804073285986681,0.9824059032462347,0.980419270977377,0.9827595703662902,0.9820521316545173,0.9827428603085787,0.9808867867120294,0.9808867867120294
sel_Cyrl,111,flat_magnet,1,4,0.25,0.25,1.0,1.0,0.0392156862745098,0.0392156862745098,0.2857142857142857,0.25,0.2222222222222222,0.25
ses_Latn,22094,head,1010,1442,0.9965397923875433,0.9965397923875433,0.9970355731225296,0.9970355731225296,0.9970355731225296,0.9970355731225296,0.9970326409495549,0.998019801980198,0.9965397923875433,0.9960474308300395
sey_Latn,17722,mid,1152,1750,0.9995661605206074,0.9995661605206074,1.0,1.0,1.0,1.0,0.9995661605206074,0.9995661605206074,0.9995661605206074,0.9995661605206074
sfw_Latn,8107,mid,499,694,0.5604952166572875,0.7745571658615137,0.6,0.8248299319727892,0.6323809523809524,0.8127623845507976,0.5918003565062389,0.5989176187612748,0.5558035714285714,0.5604952166572875
sgb_Latn,17786,mid,613,873,0.9927007299270072,0.9951219512195122,0.9918962722852512,0.995114006514658,0.9935064935064936,0.995925020374898,0.9935064935064936,0.9927007299270072,0.9927007299270072,0.9927007299270072
sgc_Latn,11896,mid,214,293,0.9612756264236902,0.9791183294663575,0.9612756264236902,0.9789227166276346,0.9634703196347033,0.9791183294663575,0.965675057208238,0.9678899082568808,0.9590909090909092,0.9612756264236902
sgh_Cyrl,614,flat_magnet,15,11,0.6818181818181819,0.8275862068965518,0.9090909090909091,0.9285714285714286,0.47619047619047616,0.9655172413793104,0.7894736842105263,0.7692307692307693,0.8571428571428571,0.8571428571428571
sgs_Latn,8518,mid,536,762,0.3747368421052632,0.8341384863123993,0.39279146745126886,0.8564315352697096,0.36289500509684,0.8301282051282052,0.4603448275862069,0.6129032258064517,0.3713490959666203,0.3747368421052632
sgw_Ethi,13446,mid,429,596,0.9873417721518987,0.9953161592505855,0.9873417721518987,0.9964912280701755,0.9850746268656716,0.9953161592505855,0.9942062572421785,0.9907621247113163,0.9873417721518987,0.9873417721518987
sgz_Latn,28351,head,387,582,0.9910371318822023,0.9910371318822023,0.9923076923076923,0.9923076923076923,0.9923076923076923,0.9923076923076923,0.9910371318822023,0.9961389961389961,0.9910371318822023,0.9910371318822023
shi_Latn,8865,mid,544,799,0.9239653512993262,0.9229268292682926,0.9233753637245393,0.9223205506391348,0.925459825750242,0.9201970443349754,0.9194956353055287,0.9229287090558767,0.923076923076923,0.9239653512993262
shk_Latn,6733,mid,412,567,0.9975786924939467,1.0,1.0,0.9963459196102314,1.0,1.0,0.9975786924939467,0.9975786924939467,0.9975786924939467,0.9975786924939467
shn_Mymr,32679,head,2255,3281,0.9993346640053226,0.9993346640053226,0.9988915983152294,0.9988915983152294,0.9986702127659575,0.9986702127659575,0.9993346640053226,0.9993346640053226,0.9991130820399113,0.9991130820399113
shp_Latn,71688,head,2263,3358,0.992935982339956,0.992935982339956,0.9922788440326494,0.9922788440326494,0.9924977934686673,0.9924977934686673,0.992063492063492,0.9944726951138625,0.992935982339956,0.9931582432134186
shr_Latn,12550,twin,814,1184,0.9328621908127208,0.9547123623011016,0.925233644859813,0.9505796217205613,0.933649289099526,0.9545454545454546,0.9377593360995851,0.9158016147635525,0.9301233118027011,0.9328621908127208
shu_Arab,4298,mid,219,335,0.44602851323828924,0.9545454545454545,0.503448275862069,0.9610983981693363,0.48026315789473684,0.958904109589041,0.47608695652173916,0.349003984063745,0.44602851323828924,0.44602851323828924
sid_Latn,100000,head,7596,11481,0.9947389188478231,0.9929831464358319,0.9939592908732764,0.9917496071241488,0.995328025268145,0.9929840666185824,0.9943495400788437,0.9948070728981793,0.994608100999474,0.994608100999474
sig_Latn,17703,mid,714,1063,1.0,1.0,1.0,1.0,1.0,1.0,1.0,1.0,1.0,1.0
sil_Latn,13450,mid,869,1265,1.0,0.9994242947610823,0.9994249568717654,0.998847926267281,1.0,0.998847926267281,1.0,1.0,1.0,1.0
sim_Latn,24094,head,883,1284,0.9960518894529047,0.9960518894529047,0.9966139954853273,0.9966139954853273,0.9971767363071711,0.9971767363071711,0.9966139954853273,0.9971767363071711,0.9960518894529047,0.9960518894529047
sin_Sinh,100000,head,33175,50085,0.9999849281827909,0.9999849281827909,1.0,0.9998493068113321,1.0,1.0,1.0,1.0,0.9999849281827909,0.9999849281827909
sja_Latn,22053,head,1261,1786,1.0,1.0,1.0,1.0,1.0,1.0,1.0,1.0,1.0,1.0
sjo_Mong,688,isolated_tail,12,19,1.0,1.0,1.0,1.0,1.0,1.0,1.0,1.0,1.0,1.0
sju_Latn,102,flat_magnet,3,2,0.16,0.16,0.8,0.8,0.1621621621621622,0.1621621621621622,0.4444444444444444,0.18181818181818182,0.1212121212121212,0.16
skg_Latn,44788,head,3002,4563,0.9845898922949461,0.9845898922949461,0.9827757535607817,0.9827757535607817,0.9842218900514865,0.9842218900514865,0.9821310390469887,0.9839483700148932,0.9841006955945677,0.9836119847707333
skr_Arab,2026,mid,67,90,0.4545454545454545,0.5871559633027522,0.5241935483870969,0.6881720430107526,0.24029574861367836,0.3987730061349693,0.5818181818181819,0.5,0.45296167247386754,0.4545454545454545
sld_Latn,13475,mid,877,1282,0.9994301994301994,0.9988584474885844,1.0,0.9994295493439818,1.0,0.9982866933181039,0.9994301994301994,0.9994301994301994,0.9994301994301994,0.9994301994301994
slk_Latn,100000,head,208693,312407,0.9690928827084433,0.9693117363551568,0.9696287744357416,0.9694109744730457,0.9692504381794225,0.969312932111468,0.969360120537535,0.9730689753628309,0.9691164714596886,0.9691096660636581
sll_Latn,24338,head,497,615,0.9969909729187563,0.9969909729187563,0.9969909729187563,0.9969909729187563,0.9969909729187563,0.9969909729187563,0.9979919678714859,0.9969909729187563,0.9969909729187563,0.9969909729187563
slv_Latn,100000,twin,240754,360722,0.9581842399701637,0.9590118650982525,0.9584306776870769,0.959069816830369,0.9582145155859048,0.9591223694664792,0.9587223618598454,0.9611933200111806,0.9581730574563713,0.9581891334367595
sma_Latn,11624,mid,730,1109,0.9242520687460217,0.9756427604871447,0.9289827255278311,0.9782608695652174,0.93196405648267,0.9756427604871447,0.9373789541639768,0.9477806788511749,0.9242520687460217,0.9242520687460217
sme_Latn,100000,head,12521,18811,0.9708991566694382,0.9635013677217663,0.9694336940210094,0.9614409918515342,0.9714376262726301,0.9626533322915852,0.9671117413052898,0.9821271138895568,0.9706347949976254,0.9704474423388851
smj_Latn,7981,mid,456,746,0.822463768115942,0.9427027027027026,0.8520263901979265,0.9486338797814208,0.8373382624768946,0.9411764705882352,0.8705656759348035,0.8739172281039462,0.8202348690153568,0.822463768115942
smk_Latn,17697,mid,677,1033,0.9818445896877269,0.9970501474926253,0.9832727272727273,0.9970501474926253,0.9847050254916241,0.9963154016212232,0.9861415025528812,0.9839883551673945,0.9811320754716981,0.9818445896877269
sml_Latn,13435,mid,850,1304,0.9941520467836257,0.9958799293702177,0.9941520467836257,0.9935103244837759,0.9941520467836257,0.9941037735849058,0.9958992384299942,0.9958992384299942,0.9941520467836257,0.9941520467836257
smn_Latn,12132,mid,773,1156,0.9294755877034359,0.9787781350482315,0.9294755877034359,0.9806451612903225,0.9294755877034359,0.9781771501925545,0.9471744471744471,0.9643527204502814,0.9294755877034359,0.9294755877034359
smo_Latn,100000,head,97118,146450,0.9956992359940864,0.996151004613628,0.9958914091691343,0.9961769750573454,0.9954188210961737,0.9961977579170326,0.9958861773491684,0.9958601014042577,0.9957355746119373,0.995756338355775
sms_Latn,5951,mid,345,500,0.8778625954198473,0.9714285714285714,0.9102902374670184,0.9753265602322205,0.8949416342412452,0.9755395683453237,0.9224598930481284,0.918774966711052,0.8767471410419314,0.8778625954198473
smt_Latn,17824,mid,1161,1750,0.9838572642310961,0.9846938775510206,0.9859514687100894,0.9872122762148338,0.985100042571307,0.9863597612958226,0.9863713798977853,0.9842753931151722,0.9838572642310961,0.9838572642310961
sna_Latn,100000,head,127966,192632,0.9876267332048893,0.9877145416730797,0.9877922190690828,0.9878117589498149,0.9874509370335564,0.9875194392036439,0.9883637453750819,0.9907558926267427,0.9876627042562683,0.9876549058622419
snc_Latn,24563,head,417,656,0.996415770609319,0.996415770609319,0.9952267303102625,0.9952267303102625,0.9952153110047847,0.9952153110047847,0.9976076555023923,0.9976076555023923,0.996415770609319,0.996415770609319
snd_Arab,100000,head,8649,12896,0.9727868112014454,0.9693969396939693,0.9721955896452541,0.9687025903242119,0.974721483911101,0.9695742646645296,0.9690663667041619,0.9915937356057116,0.9726769786609462,0.9724573879670392
snd_Deva,2147,mid,68,108,0.37016574585635365,0.7719298245614036,0.4071856287425149,0.8627450980392157,0.28451882845188287,0.7586206896551724,0.5630252100840336,0.5903083700440528,0.37016574585635365,0.37016574585635365
snd_Latn,4155,mid,212,317,0.41421319796954315,0.6142208774583964,0.4833333333333332,0.6920415224913496,0.4229166666666666,0.6170212765957446,0.47775175644028095,0.4523281596452328,0.3972736124634859,0.41421319796954315
snf_Latn,11027,mid,724,1002,0.9979296066252588,0.9972299168975068,0.9979296066252588,0.9944444444444445,0.9979296066252588,0.9979238754325259,0.9986187845303868,0.9986187845303868,0.9979296066252588,0.9979296066252588
snn_Latn,17690,mid,616,895,1.0,1.0,1.0,1.0,1.0,1.0,1.0,1.0,1.0,1.0
snp_Latn,48512,head,1009,1445,0.9955599407992106,0.9955599407992106,0.9955599407992106,0.9955599407992106,0.9965432098765432,0.9965432098765432,0.995069033530572,0.9960513326752221,0.9955599407992106,0.9955599407992106
snw_Latn,17742,mid,810,1267,0.9956923076923078,0.9993823347745523,0.9956923076923078,0.9993823347745523,0.9956923076923078,0.9993823347745523,0.9963054187192119,0.9969192852741836,0.9956923076923078,0.9956923076923078
sny_Latn,24185,head,666,974,1.0,1.0,1.0,1.0,1.0,1.0,1.0,1.0,1.0,1.0
soe_Latn,945,flat_magnet,14,28,0.5957446808510638,0.896551724137931,0.8484848484848484,0.923076923076923,0.49122807017543857,0.9285714285714286,0.7567567567567568,0.6222222222222222,0.896551724137931,0.896551724137931
som_Latn,100000,head,17574,26719,0.9916369344940773,0.9894473362346047,0.9915889715735751,0.9892289766106801,0.9917237442922374,0.9897898239526748,0.9911332858161084,0.992147120134784,0.9915525114155251,0.9914110429447853
sop_Latn,100000,head,12352,18767,0.9867694805194805,0.9839861239966118,0.985456755114442,0.9817610822563112,0.9861889674222114,0.983589329021827,0.986463483829132,0.9873808074660175,0.9868581163300073,0.9862658509905602
soq_Latn,28667,head,758,1179,0.9967083607636603,0.9967083607636603,0.9967083607636603,0.9967083607636603,0.9960526315789475,0.9960526315789475,0.9967083607636603,0.9973649538866931,0.9967083607636603,0.9967083607636603
sot_Latn,73326,head,5003,7507,0.951913829582612,0.951913829582612,0.9503409854961099,0.9503409854961099,0.9509803921568628,0.9509803921568628,0.9525459620752719,0.9617592682689501,0.9518222906048659,0.9518222906048659
soy_Latn,17800,mid,1190,1681,1.0,1.0,1.0,1.0,1.0,1.0,1.0,1.0,1.0,1.0
spa_Latn,100000,twin,216549,324716,0.9466409183049261,0.9513710000572443,0.946902230470792,0.9510677684688639,0.9455065084778328,0.9505715765678672,0.9507932907538948,0.9690036866231548,0.9466661868950379,0.9466692254179959
spl_Latn,21813,head,348,570,0.9971346704871061,0.9971346704871061,0.9971346704871061,0.9971346704871061,0.9985652797704447,0.9985652797704447,1.0,1.0,0.9971346704871061,0.9971346704871061
spm_Latn,2755,mid,127,158,0.9883268482490272,0.9921259842519685,0.9921875,0.9841269841269842,0.9883268482490272,0.988235294117647,0.9921875,0.9883268482490272,0.9883268482490272,0.9883268482490272
spp_Latn,17708,mid,584,945,1.0,0.9991431019708655,1.0,0.9991431019708655,1.0,0.9991431019708655,1.0,1.0,1.0,1.0
sps_Latn,24920,head,477,727,0.9947862356621481,0.9947862356621481,0.9968652037617556,0.9968652037617556,0.9968652037617556,0.9968652037617556,0.9958246346555324,0.997907949790795,0.9947862356621481,0.9947862356621481
spy_Latn,19910,head,1290,1937,0.9992254066615027,0.9992254066615027,0.9992254066615027,0.9992254066615027,0.9992254066615027,0.9992254066615027,0.9992254066615027,0.9992254066615027,0.9992254066615027,0.9992254066615027
srd_Latn,48717,head,2966,4422,0.6140795138009623,0.6140795138009623,0.5878075384801843,0.5878075384801843,0.6044011002750688,0.6044011002750688,0.6152673694906642,0.7035928143712574,0.6128380085923679,0.6120852781632397
sri_Latn,17537,mid,610,977,0.9991809991809992,1.0,0.9991809991809992,1.0,0.9991809991809992,1.0,1.0,1.0,0.9991809991809992,0.9991809991809992
srm_Latn,65066,head,3981,5922,0.9960932577189666,0.9960932577189666,0.9959667254852533,0.9959667254852533,0.994571392500947,0.994571392500947,0.9959687578735198,0.9964726631393298,0.9962197580645161,0.996346226533955
srn_Latn,100000,head,66995,100970,0.9960615771661326,0.9960472532902123,0.995972028809727,0.9958977123008743,0.9960391443353774,0.9959798468299184,0.9960769046478198,0.9960912930182406,0.9960615771661326,0.9960615771661326
srp_Cyrl,100000,twin,80287,120711,0.9790558078164393,0.9784993472463696,0.97868070610096,0.9781952281952282,0.9788270285342504,0.9782747247987428,0.9786907465975131,0.9828970200866384,0.9790497429226289,0.9790436781039578
srp_Latn,79008,twin,5400,8099,0.35080765779240203,0.35080765779240203,0.35807227076735226,0.35807227076735226,0.3578891176694883,0.3578891176694883,0.3541288566243194,0.5044106411057859,0.35074208381621746,0.35067653435000373
srq_Latn,10959,mid,716,994,0.9979094076655053,0.9972027972027971,0.9972067039106145,0.9943899018232818,0.9972067039106145,0.9957983193277311,0.99860529986053,0.99860529986053,0.9979094076655053,0.9979094076655053
srr_Latn,2867,mid,109,185,0.9113924050632912,0.9585253456221199,0.9686098654708519,0.9716981132075472,0.9473684210526315,0.9719626168224299,0.9553571428571428,0.9391304347826087,0.8925619834710744,0.9113924050632912
ssd_Latn,29416,head,779,1122,0.9961538461538461,0.9961538461538461,0.9961538461538461,0.9961538461538461,0.9967969250480463,0.9967969250480463,0.9961538461538461,0.9955156950672645,0.9961538461538461,0.9961538461538461
ssg_Latn,24525,head,503,781,0.9950347567030784,0.9950347567030784,0.9950347567030784,0.9950347567030784,0.9970149253731343,0.9970149253731343,0.9960238568588469,0.9970149253731343,0.9950347567030784,0.9950347567030784
ssw_Latn,100000,head,25661,38574,0.9663790538530199,0.9660025770641293,0.9657346817370612,0.9652958081458726,0.9659084148107014,0.9656266106331524,0.9661736130388231,0.9659796669172039,0.9663407184084734,0.9663407184084734
ssx_Latn,22160,head,682,972,1.0,1.0,0.9992673992673992,0.9992673992673992,1.0,1.0,1.0,1.0,1.0,1.0
stn_Latn,13415,mid,897,1256,0.9972175848636616,0.9972051425377305,0.997772828507795,0.9955207166853304,0.997772828507795,0.9960828203693342,0.9972175848636616,0.997772828507795,0.9972175848636616,0.9972175848636616
stp_Latn,17750,mid,1150,1767,1.0,1.0,1.0,1.0,1.0,1.0,1.0,1.0,1.0,1.0
stq_Latn,8966,mid,529,832,0.9660861594867095,0.9817483189241114,0.9696412143514258,0.9827915869980879,0.9678604224058769,0.9817833173537873,0.9786443825441039,0.9786443825441039,0.9643183897529735,0.9660861594867095
sua_Latn,23474,head,403,637,0.9926108374384237,0.9926108374384237,0.9926108374384237,0.9926108374384237,0.9950617283950617,0.9950617283950617,0.9938347718865598,0.9950617283950617,0.991389913899139,0.991389913899139
suc_Latn,11025,mid,725,999,0.9951956074124915,0.9965541006202618,0.9951956074124915,0.9958563535911602,0.9951956074124915,0.9965541006202618,0.9958791208791209,0.9965635738831615,0.9951956074124915,0.9951956074124915
sue_Latn,24412,head,408,630,0.9927007299270074,0.9927007299270074,0.9939098660170523,0.9939098660170523,0.9939098660170523,0.9939098660170523,0.9927007299270074,0.9927007299270074,0.9927007299270074,0.9927007299270074
suk_Latn,22242,head,1184,1827,0.9886887306242146,0.9886887306242146,0.9895266024298283,0.9895266024298283,0.9895266024298283,0.9895266024298283,0.9911801763964719,0.9928481278923011,0.9886887306242146,0.9886887306242146
sun_Latn,100000,head,8485,12653,0.9560975609756097,0.9440101904927336,0.9528544688816099,0.9363166953528399,0.9555203008402373,0.9412375894712539,0.9523253096517877,0.9614499084951886,0.9558832168242966,0.9557761202795559
sur_Latn,13529,mid,871,1303,0.9982808022922637,0.9988505747126437,0.9988532110091743,0.9959654178674352,0.9988532110091743,0.9976985040276178,0.9994262765347103,1.0,0.9982808022922637,0.9982808022922637
sus_Arab,30707,head,1695,2503,0.9994103773584906,0.9994103773584906,0.9994103773584906,0.9994103773584906,0.9997051017398998,0.9997051017398998,0.9994103773584906,0.9991158267020336,0.9994103773584906,0.9994103773584906
sus_Latn,21057,head,852,1257,0.9941107184923439,0.9941107184923439,0.9923484402589758,0.9923484402589758,0.9923484402589758,0.9923484402589758,0.9941107184923439,0.9935256032960564,0.9941107184923439,0.9941107184923439
suz_Deva,57138,head,3599,5440,0.9955580233203776,0.9955580233203776,0.9955580233203776,0.9955580233203776,0.9955580233203776,0.9955580233203776,0.9950069348127601,0.9958344904193278,0.9954198473282443,0.9955592561754094
swb_Latn,1096,flat_magnet,19,28,0.49350649350649356,0.8095238095238095,0.7999999999999999,0.9444444444444444,0.5277777777777778,0.8717948717948718,0.6785714285714285,0.5428571428571428,0.475,0.49350649350649356
swc_Latn,100000,twin,26442,39930,0.9047266374219032,0.9048079658605974,0.9049020911283736,0.9049200235280724,0.9045449367809546,0.9047375305693,0.904791725970206,0.9055086904829306,0.9047130758421633,0.9047130758421633
swe_Latn,100000,head,244100,365129,0.9674841357934197,0.9686398784174224,0.9681276900104149,0.9686178016808688,0.9675127754042054,0.968558605573531,0.9678632457180625,0.9709826589595376,0.9675067118450977,0.9675119887755743
swg_Latn,8406,mid,542,731,0.7658227848101266,0.8677839851024208,0.7864077669902912,0.8766355140186917,0.7671665351223362,0.8772258669165887,0.8344947735191637,0.8438308886971526,0.764612954186414,0.7658227848101266
swh_Latn,100000,twin,38324,57013,0.9242320819112627,0.9224855861627161,0.9236682435211847,0.9216283294527032,0.9239485951222025,0.9218926119479455,0.9238302083199466,0.9257663456796532,0.9241466335320551,0.9240633449208188
swk_Latn,6577,mid,379,574,0.740234375,0.9547218628719274,0.767983789260385,0.9620915032679739,0.7445972495088409,0.9609375,0.8124330117899249,0.7838676318510859,0.740234375,0.740234375
swp_Latn,25881,head,887,1382,0.987709497206704,0.987709497206704,0.9899328859060402,0.9899328859060402,0.9904868494683828,0.9904868494683828,0.9882615986584684,0.987709497206704,0.987709497206704,0.987709497206704
sxb_Latn,17789,mid,918,1346,0.9918962722852513,0.99836867862969,0.9929691725256895,0.9994556341861731,0.9929691725256895,0.9994556341861731,0.9924324324324324,0.9929691725256895,0.9918962722852513,0.9918962722852513
sxn_Latn,49827,head,3314,5178,0.9941043083900226,0.9941043083900226,0.9944150943396227,0.9944150943396227,0.994106090373281,0.994106090373281,0.9938075819362634,0.9951603145795525,0.9938057108324521,0.9936555891238671
syb_Latn,10836,mid,654,1026,0.9977116704805492,0.996937212863706,0.9977116704805492,0.995398773006135,0.9977116704805492,0.996937212863706,1.0,0.998473282442748,0.9977116704805492,0.9977116704805492
syc_Syrc,7103,mid,429,610,0.9919075144508671,0.9919075144508671,0.9919075144508671,0.989399293286219,1.0,1.0,0.9919075144508671,0.9919075144508671,0.9919075144508671,0.9919075144508671
syl_Beng,4163,tight_lowres,216,313,0.5436156763590392,0.964871194379391,0.5756358768406962,0.9716981132075472,0.5295566502463054,0.9716981132075472,0.6574923547400612,0.707236842105263,0.5436156763590392,0.5436156763590392
syl_Latn,8549,mid,489,812,0.4875124875124875,0.8373702422145329,0.6392156862745099,0.93841642228739,0.6782487838776928,0.9210275927687916,0.5023160061760165,0.508598228243877,0.48173741362290223,0.4875124875124875
syl_Sylo,3570,mid,98,176,0.9655172413793104,1.0,0.98989898989899,0.9738219895287958,0.98989898989899,1.0,0.9702970297029703,0.9655172413793104,0.9655172413793104,0.9655172413793104
szb_Latn,6749,mid,396,589,0.9949748743718593,0.9949494949494949,0.9974811083123425,0.9768637532133677,0.9974811083123425,0.9936788874841972,0.9937264742785445,0.9962264150943396,0.9949748743718593,0.9949748743718593
szl_Latn,55404,head,3107,4624,0.5248657078495927,0.5248657078495927,0.514135325579421,0.514135325579421,0.5208189951823813,0.5208189951823813,0.5275528858709846,0.7951486072237771,0.5240937797387317,0.5233693304535637
szy_Latn,2536,mid,72,103,0.7236180904522613,0.9171974522292993,0.6990291262135923,0.9078947368421054,0.730964467005076,0.89171974522293,0.8674698795180723,0.7578947368421053,0.602510460251046,0.7236180904522613
tab_Cyrl,17650,mid,1065,1553,0.9879182156133829,0.9962406015037595,0.9879182156133829,0.9962406015037595,0.9878844361602983,0.9962406015037595,0.9934579439252336,0.98975791433892,0.9870009285051068,0.9879182156133829
tac_Latn,20618,head,826,1174,0.9897156684815488,0.9897156684815488,0.9878787878787878,0.9878787878787878,0.9872650090964221,0.9872650090964221,0.9915151515151516,0.9903147699757869,0.9897156684815488,0.9897156684815488
tah_Latn,100000,head,68705,103244,0.9966497573081274,0.9969064643221948,0.9968623673802957,0.9969944996425496,0.9965106432680234,0.9968112663723594,0.9967232735154385,0.9967377739503588,0.9967743818781564,0.9968622300058377
taj_Deva,17753,mid,581,878,0.9957155098543273,0.9982817869415808,0.9957155098543273,0.9982817869415808,0.9965694682675815,0.9982817869415808,0.9965694682675815,0.9965694682675815,0.9957155098543273,0.9957155098543273
tam_Latn,4081,mid,194,317,0.7667342799188642,0.8973747016706444,0.8050847457627119,0.9170731707317072,0.7707910750507099,0.912621359223301,0.841870824053452,0.8425720620842572,0.7575150300601202,0.7667342799188642
tam_Taml,100000,head,101378,151921,0.9999654752334121,0.9999753396956919,0.9999753399389417,0.9999654762550614,0.9999802718538539,0.9999802718538539,0.9999704074888782,0.9999654752334121,0.9999704074888782,0.9999704074888782
tap_Latn,6921,mid,393,614,0.9178403755868545,0.9792207792207791,0.9342891278375149,0.9765625,0.9265402843601895,0.9753566796368354,0.9466019417475728,0.9263657957244655,0.9156908665105385,0.9178403755868545
taq_Latn,27347,head,1777,2755,0.919141428991473,0.919141428991473,0.9206442166910688,0.9206442166910688,0.9211764705882353,0.9211764705882353,0.9209056159952955,0.921222810111699,0.9188712522045855,0.9180616740088106
taq_Tfng,4245,mid,219,326,0.9776785714285714,0.9909502262443438,0.9864864864864865,0.9977116704805492,0.9864864864864865,0.9909502262443438,0.9776785714285714,0.9820627802690582,0.9776785714285714,0.9776785714285714
tar_Latn,46732,head,2396,3643,0.9823083403538332,0.9823083403538332,0.9821615949632739,0.9821615949632739,0.9814892721918385,0.9814892721918385,0.983786060223205,0.9831294812315479,0.9823083403538332,0.9823083403538332
tat_Cyrl,100000,head,24054,36831,0.9740898108806132,0.972769601729442,0.9737198027424625,0.9723162551141202,0.97384532089459,0.9722049108812164,0.973622898984856,0.9758452096119837,0.9740716829456234,0.9740727628646995
tat_Latn,885,flat_magnet,20,19,0.12903225806451613,0.4285714285714286,0.25157232704402516,0.8181818181818182,0.08658008658008658,0.5714285714285715,0.27777777777777773,0.23121387283236997,0.5714285714285715,0.5142857142857143
tav_Latn,17136,mid,543,922,1.0,1.0,1.0,1.0,1.0,1.0,1.0,1.0,1.0,1.0
taw_Latn,17319,mid,591,912,0.9915966386554622,0.9915966386554622,0.9949409780775718,0.9949409780775718,0.9949409780775718,0.9949409780775718,0.9915966386554622,0.9915966386554622,0.9915966386554622,0.9915966386554622
tay_Latn,743,isolated_tail,10,23,0.2898550724637681,0.6060606060606061,0.4347826086956522,0.7826086956521738,0.29850746268656714,0.6,0.5555555555555556,0.29411764705882354,0.6428571428571429,0.7826086956521738
tbc_Latn,24280,head,441,672,0.9966101694915254,0.9966101694915254,0.9966101694915254,0.9966101694915254,0.9977375565610859,0.9977375565610859,0.9966101694915254,0.9977375565610859,0.9966101694915254,0.9966101694915254
tbg_Latn,44840,head,1953,2882,0.9969309462915602,0.9969309462915602,0.9964194373401535,0.9964194373401535,0.9964176049129989,0.9964176049129989,0.9971874200971618,0.997697620874904,0.9969309462915602,0.9969309462915602
tbk_Latn,10680,mid,632,1034,0.996059889676911,0.9952305246422893,0.996059889676911,0.987990392313851,0.996059889676911,0.9896083133493205,0.996059889676911,0.996059889676911,0.996059889676911,0.996059889676911
tbl_Latn,11846,mid,763,1110,0.9934895833333334,0.9973787680209698,0.9934895833333334,0.9967170059093895,0.9947848761408083,0.9973787680209698,0.9947848761408083,0.9967341606792945,0.9934895833333334,0.9934895833333334
tbo_Latn,24484,head,562,872,0.994661921708185,0.994661921708185,0.994661921708185,0.994661921708185,0.994661921708185,0.994661921708185,0.9937777777777778,0.994661921708185,0.994661921708185,0.994661921708185
tbw_Latn,4287,mid,222,328,0.9779735682819383,0.9932279909706545,0.9823008849557522,0.9840546697038726,0.9801324503311257,0.9886621315192743,0.9866666666666666,0.9823008849557522,0.9779735682819383,0.9779735682819383
tby_Latn,13422,mid,871,1277,0.9988532110091743,0.9988532110091743,1.0,0.9959654178674352,1.0,0.9988505747126437,0.9988532110091743,0.9988532110091743,0.9988532110091743,0.9988532110091743
tbz_Latn,52480,head,3487,5435,1.0,1.0,1.0,1.0,1.0,1.0,1.0,1.0,1.0,1.0
tca_Latn,17326,mid,1028,1543,1.0,1.0,1.0,0.9985387238188017,1.0,1.0,1.0,1.0,1.0,1.0
tcc_Latn,17823,mid,737,1136,0.9966193373901285,1.0,0.9972936400541271,1.0,0.9972936400541271,1.0,0.9972936400541271,0.997968855788761,0.9959459459459459,0.9966193373901285
tcf_Latn,100000,head,7359,10953,0.9973503634757795,0.9957943291276625,0.9967417865870214,0.9952555239257151,0.9975536830660507,0.9958624431933799,0.9972152414589418,0.9974184782608695,0.9972826086956522,0.9972826086956522
tcs_Latn,22712,head,934,1438,0.9834490122797651,0.9834490122797651,0.9834313201496526,0.9834313201496526,0.9834313201496526,0.9834313201496526,0.9866095340117835,0.9850267379679145,0.9834490122797651,0.9834490122797651
tcy_Knda,8457,mid,525,760,0.5012481278082876,0.5991458206223307,0.5296610169491525,0.631782945736434,0.4621004566210046,0.5850178359096314,0.5653669724770642,0.5931283905967449,0.5012481278082876,0.5012481278082876
tcz_Latn,68634,head,4755,7054,0.9900533975499949,0.9900533975499949,0.9898482469911041,0.9898482469911041,0.9899518526271719,0.9899518526271719,0.9893305439330543,0.9908833700094309,0.9900533975499949,0.9899497487437187
tdx_Latn,55963,head,3806,5736,0.9901250822909808,0.9901250822909808,0.9900026308866089,0.9900026308866089,0.9890659992095903,0.9890659992095903,0.9905288082083662,0.9917094354520333,0.9901250822909808,0.9901250822909808
ted_Latn,17646,mid,638,848,1.0,1.0,0.9984350547730829,1.0,0.9976507439310884,0.9992156862745099,1.0,1.0,1.0,1.0
tee_Latn,17807,mid,1189,1724,1.0,1.0,1.0,1.0,1.0,1.0,1.0,1.0,1.0,1.0
tel_Latn,4040,mid,217,290,0.6194144838212634,0.7665369649805447,0.6633499170812603,0.7967479674796748,0.6072507552870091,0.7509578544061303,0.7163636363636364,0.7008849557522124,0.6090909090909091,0.6194144838212634
tel_Telu,100000,head,40655,61656,0.9992615384615384,0.9996680477519456,0.9993846911149397,0.9996803383495623,0.9992615384615384,0.9997049204514717,0.9996185976697548,0.9992615384615384,0.9992615384615384,0.9992615384615384
tem_Latn,13526,mid,878,1298,0.9982944855031268,0.9977220956719818,0.9977272727272727,0.9982925441092771,0.9977272727272727,0.9977220956719818,0.9977272727272727,0.9988623435722412,0.9982944855031268,0.9982944855031268
teo_Latn,41825,head,2654,3889,0.9902034664657121,0.9902034664657121,0.9905873493975904,0.9905873493975904,0.9907703899039368,0.9907703899039368,0.9907703899039368,0.9915174363807729,0.9902034664657121,0.9903936711245056
ter_Latn,17895,mid,700,1067,0.9964412811387899,0.9985734664764622,0.9971509971509972,1.0,0.9971509971509972,1.0,0.9971509971509972,0.995732574679943,0.9964412811387899,0.9964412811387899
tet_Latn,100000,head,28738,43291,0.9953545232273839,0.9950783622465008,0.9952154781029544,0.9949390946214791,0.995249572112194,0.995025570314,0.9952333560316379,0.9954585152838428,0.9953545232273839,0.9953722298866633
tew_Latn,10834,mid,334,535,0.9970149253731343,1.0,0.9970149253731343,0.996996996996997,0.9970149253731343,1.0,0.9970149253731343,0.9985052316890882,0.9970149253731343,0.9970149253731343
tfr_Latn,17084,mid,1107,1638,0.997289972899729,0.9977385798281321,0.997289972899729,0.9981900452488688,0.997289972899729,0.9981916817359855,0.997289972899729,0.997289972899729,0.997289972899729,0.997289972899729
tgk_Cyrl,100000,head,15221,23224,0.9878550440744369,0.9840103997400065,0.9878582152882042,0.983882498212777,0.9882060831781502,0.983657688683843,0.9860916582521742,0.9913049184631033,0.9877268572920747,0.9877284595300262
tgo_Latn,24717,head,453,655,0.9955947136563877,0.9955947136563877,0.9966996699669968,0.9966996699669968,0.9966996699669968,0.9966996699669968,0.9955947136563877,0.9955947136563877,0.9955947136563877,0.9955947136563877
tgp_Latn,17765,mid,601,959,0.995857497928749,0.9983388704318937,0.9975103734439834,0.9991687448046551,0.9975103734439834,1.0,0.9966832504145937,0.9966832504145937,0.9950331125827814,0.995857497928749
tha_Thai,100000,head,78622,118166,0.9954321563416363,0.9978982498153008,0.9958876642699327,0.9982876603329196,0.996144024514811,0.9984215283170182,0.9957144590702101,0.9957144590702101,0.9954385740752573,0.9954514092965017
thk_Latn,13482,mid,879,1260,0.9965986394557823,0.9948659440958357,0.9965986394557823,0.9942857142857143,0.9977298524404087,0.9948600799543118,0.9971639251276234,0.9971639251276234,0.9965986394557823,0.9965986394557823
thl_Deva,6915,mid,411,597,0.9738095238095238,0.9853300733496332,0.974910394265233,0.9828009828009828,0.974910394265233,0.9828009828009828,0.9819927971188475,0.9867310012062727,0.9738095238095238,0.9738095238095238
thv_Latn,372,flat_magnet,2,15,0.05405405405405405,0.07407407407407407,0.28571428571428575,0.4,0.00881057268722467,0.04347826086956522,0.0,0.06666666666666667,0.06666666666666667,0.07692307692307693
tif_Latn,23726,head,406,646,0.9950980392156863,0.9950980392156863,0.9950980392156863,0.9950980392156863,0.9950980392156863,0.9950980392156863,0.996319018404908,0.9950980392156863,0.9950980392156863,0.9950980392156863
tig_Ethi,3064,flat_magnet,122,214,0.10161662817551963,0.10716510903426792,0.13191811978771797,0.14037985136251033,0.04863221884498481,0.05751142166084386,0.12601260126012603,0.1058965102286402,0.10161662817551963,0.10161662817551963
tih_Latn,40349,head,2189,3320,0.9940747493163172,0.9940747493163172,0.9943013448826077,0.9943013448826077,0.9945305378304468,0.9945305378304468,0.9931725079654073,0.9943013448826077,0.9940747493163172,0.9940747493163172
tik_Latn,13464,mid,836,1316,0.9994022713687986,0.9994022713687986,0.9994022713687986,0.9988038277511961,0.9994022713687986,0.9994022713687986,1.0,1.0,0.9994022713687986,0.9994022713687986
tim_Latn,30702,head,388,572,0.9974293059125964,0.9974293059125964,0.9974293059125964,0.9974293059125964,0.9974293059125964,0.9974293059125964,0.9974293059125964,0.9987129987129987,0.9974293059125964,0.9974293059125964
tir_Ethi,100000,head,53389,80658,0.9818988583235733,0.9830821168750892,0.9851278887676173,0.9861115061194695,0.953118877830891,0.9618615672982607,0.9873515990381155,0.9897047305394872,0.9818988583235733,0.9818988583235733
tiv_Latn,100000,head,27923,41651,0.9956146657081236,0.9962291255162508,0.9962459360911033,0.9964641478955397,0.9951991369234918,0.996553333572685,0.9956697511454495,0.9963172550076349,0.9956327168814364,0.9956688172815987
tiy_Latn,17716,mid,605,926,0.9991742361684558,1.0,0.9991742361684558,1.0,1.0,1.0,0.9991742361684558,0.9991742361684558,0.9991742361684558,0.9991742361684558
tke_Latn,14338,mid,917,1394,0.9578503688092729,0.9736983360171766,0.9608879492600423,0.9804560260586319,0.9603803486529319,0.9741379310344827,0.961864406779661,0.9578503688092729,0.9578503688092729,0.9578503688092729
tkl_Latn,505,flat_magnet,12,11,0.16666666666666666,0.303030303030303,0.5555555555555556,0.7407407407407408,0.08191126279863481,0.4347826086956522,0.29411764705882354,0.17094017094017092,0.3278688524590165,0.33333333333333337
tkr_Cyrl,777,isolated_tail,15,19,0.8823529411764706,0.9375,0.9375,1.0,0.8571428571428571,0.967741935483871,0.9375,0.8823529411764706,0.888888888888889,1.0
tku_Latn,17821,mid,612,934,0.995114006514658,0.9942950285248574,0.995114006514658,0.9942950285248574,0.995114006514658,0.9942950285248574,0.995114006514658,0.995114006514658,0.995114006514658,0.995114006514658
tlb_Latn,13436,mid,875,1286,0.9948834565093804,0.9977168949771691,0.9960159362549801,0.9959931310818546,0.9965831435079727,0.9960022844089091,0.9977194982896237,0.9971509971509972,0.9948834565093804,0.9948834565093804
tlf_Latn,23775,head,404,614,0.9975308641975309,0.9975308641975309,0.9987639060568604,0.9987639060568604,0.9987639060568604,0.9987639060568604,0.9975308641975309,0.9987639060568604,0.9975308641975309,0.9975308641975309
tlh_Latn,42807,head,2905,4328,0.9887525562372188,0.9887525562372188,0.9884038199181446,0.9884038199181446,0.9889135254988914,0.9889135254988914,0.9897680763983628,0.9941760877012675,0.9884156729131176,0.9884156729131176
tlj_Latn,17791,mid,609,923,0.9950980392156863,1.0,0.9959116925592805,1.0,0.9959116925592805,1.0,0.9967266775777415,0.9950980392156863,0.9950980392156863,0.9950980392156863
tll_Latn,100000,head,34358,51696,0.9972431699170033,0.9978730843190956,0.9977405577178176,0.9978591713391103,0.9969508191937908,0.9978440113043732,0.9973899476531399,0.9974186585774911,0.9973019090816283,0.9973313111574527
tly_Latn,3892,flat_magnet,190,286,0.02663097083274623,0.3856691253951528,0.03225531188667975,0.5020689655172415,0.029728666928824216,0.42975206611570244,0.0333480370533745,0.08113329040566644,0.026550537332303156,0.02663097083274623
tmc_Latn,6765,mid,379,608,0.9908496732026144,1.0,0.9934469200524246,0.9866310160427808,0.9921465968586387,1.0,0.9960578186596584,0.9973684210526316,0.9908496732026144,0.9908496732026144
tmd_Latn,17323,mid,574,935,0.9982578397212544,0.999128160418483,0.9982578397212544,0.999128160418483,0.9982578397212544,0.999128160418483,0.9982578397212544,0.9982578397212544,0.9982578397212544,0.9982578397212544
tna_Latn,23936,head,395,624,0.9949622166246851,0.9949622166246851,0.9949622166246851,0.9949622166246851,0.9949622166246851,0.9949622166246851,0.9962168978562421,0.9962168978562421,0.9937106918238994,0.9937106918238994
tnc_Latn,5146,mid,293,408,0.9982964224872232,1.0,1.0,0.9913941480206541,1.0,1.0,0.9982964224872232,0.9982964224872232,0.9982964224872232,0.9982964224872232
tnk_Latn,17717,mid,610,894,0.9991809991809992,0.9991796554552912,0.9991809991809992,0.9991796554552912,0.9991809991809992,0.9991796554552912,1.0,1.0,0.9991809991809992,0.9991809991809992
tnn_Latn,17665,mid,587,941,0.9982964224872232,0.9982964224872232,0.9991474850809888,0.9991474850809888,0.9991474850809888,0.9991474850809888,0.9982964224872232,0.9982964224872232,0.9982964224872232,0.9982964224872232
tnp_Latn,10970,mid,674,1044,0.9985185185185186,0.9985185185185186,0.9977794226498891,0.9955423476968797,0.9977794226498891,0.9962880475129918,0.9985185185185186,0.9985185185185186,0.9985185185185186,0.9985185185185186
tnr_Latn,6516,mid,388,553,0.9935979513444302,0.9974226804123711,0.9935979513444302,0.9935316946959898,0.9935979513444302,0.9974226804123711,0.9948717948717948,0.9948717948717948,0.9935979513444302,0.9935979513444302
tob_Latn,42001,head,2880,4220,0.9946002438599547,0.9946002438599547,0.9949503743687967,0.9949503743687967,0.9944250871080139,0.9944250871080139,0.9940807799442896,0.9946002438599547,0.9946002438599547,0.9946002438599547
toc_Latn,17742,mid,1219,1692,0.9987709954936501,1.0,0.9987709954936501,1.0,0.9987709954936501,1.0,0.9987709954936501,1.0,0.9987709954936501,0.9987709954936501
tod_Latn,19051,head,1220,1843,0.9967266775777414,0.9967266775777414,0.9971346704871059,0.9971346704871059,0.9971346704871059,0.9971346704871059,0.9971346704871059,0.9975429975429976,0.9963190184049081,0.9963190184049081
tog_Latn,100000,head,13530,20208,0.9762721871655781,0.9745628566169703,0.9751779589126988,0.9744061867059474,0.9756980351602896,0.9735788042479698,0.9757734429735611,0.9783171760526899,0.9762721871655781,0.9762379160209579
toh_Latn,89915,head,6097,9306,0.9880660454471147,0.9880660454471147,0.9863795775222249,0.9863795775222249,0.989068792635818,0.989068792635818,0.9847005208333334,0.9846278975193167,0.9875837281489953,0.986860360727985
toi_Latn,100000,head,44352,65746,0.9946827767218752,0.9951643882047226,0.9947178518510141,0.9950400524240472,0.9944890176419333,0.9950842458555108,0.9949224801818408,0.9948758554380409,0.994694270037898,0.9947056427892665
toj_Latn,100000,head,12124,17840,0.9940402284579091,0.9928645081460095,0.9935542517147343,0.9923324264160277,0.9925422605236991,0.9927013319038389,0.9937975521005623,0.9940431868950111,0.9940402284579091,0.9940402284579091
tok_Latn,48852,head,3273,5006,0.998776758409786,0.998776758409786,0.9984704802691954,0.9984704802691954,0.9983172709193819,0.9983172709193819,0.998624063598838,0.998624063598838,0.998776758409786,0.998776758409786
ton_Latn,100000,head,75198,112771,0.9985687372268118,0.9987358952522887,0.9987689400240888,0.9986894363245674,0.9984754981259945,0.998689418887004,0.9986156037431945,0.9986421182954591,0.9986553950609065,0.9986887210037607
too_Latn,17821,mid,607,924,0.9958711808422791,0.9958711808422791,0.995049504950495,0.995049504950495,0.9958711808422791,0.9958711808422791,0.9958711808422791,0.9958711808422791,0.9958711808422791,0.9958711808422791
top_Latn,100000,head,15304,22741,0.991870453872231,0.9965309595496792,0.9932630056853659,0.9964340628782673,0.992136347185207,0.9962360488331751,0.9921725975136487,0.9924678485675756,0.9918709889748231,0.9919041663924176
tos_Latn,17720,mid,1176,1728,0.9437751004016065,0.9940778341793571,0.9548963835839088,0.9953409572215164,0.9541209906617945,0.9949195596951735,0.9483454398708636,0.9479628882613957,0.9437751004016065,0.9437751004016065
tpa_Latn,1672,mid,9,20,0.6,0.6428571428571429,0.6428571428571429,0.6923076923076924,0.6,0.6428571428571429,0.6428571428571429,0.6206896551724138,0.6,0.6
tpi_Latn,100000,head,107878,162078,0.9953542068169333,0.9954854743975202,0.9953310399724425,0.9954154701121232,0.995316878788161,0.9954342149968118,0.9954291991323856,0.9955509638027159,0.9953588835252003,0.9953542933219129
tpm_Latn,56620,head,3849,5555,0.9960967993754879,0.9960967993754879,0.9962264150943396,0.9962264150943396,0.9960957834461218,0.9960957834461218,0.9959661678594666,0.996225432773656,0.9960967993754879,0.9960967993754879
tpn_Latn,493,flat_magnet,9,13,0.339622641509434,0.4,0.7499999999999999,0.782608695652174,0.36,0.45000000000000007,0.45000000000000007,0.375,0.48484848484848486,0.5333333333333333
tpp_Latn,17827,mid,1049,1553,0.9990476190476191,0.9995235826584088,0.9990476190476191,0.9995235826584088,0.9990476190476191,0.9995235826584088,0.9995235826584088,0.9990476190476191,0.9990476190476191,0.9990476190476191
tpt_Latn,17825,mid,1175,1706,0.9982993197278911,0.9987228607918264,0.9982993197278911,0.9987228607918264,0.9982993197278911,0.9987228607918264,0.9982993197278911,0.9982993197278911,0.9982993197278911,0.9982993197278911
tpw_Latn,360,flat_magnet,5,11,0.163265306122449,0.2857142857142857,0.888888888888889,0.888888888888889,0.15625,0.5555555555555556,0.32000000000000006,0.2380952380952381,0.38095238095238093,0.3636363636363636
tpz_Latn,24321,head,1041,1685,0.9985611510791367,0.9985611510791367,0.9985611510791367,0.9985611510791367,0.9985611510791367,0.9985611510791367,0.9985611510791367,0.9985611510791367,0.9985611510791367,0.9985611510791367
tqo_Latn,6765,mid,407,577,0.9890377588306942,0.9876237623762376,0.9914529914529915,0.9813200498132004,0.9902439024390244,0.9838909541511772,0.9926650366748166,0.9902439024390244,0.9878345498783455,0.9890377588306942
trc_Latn,10997,mid,676,1046,1.0,1.0,1.0,0.9932985852568876,1.0,0.999259807549963,1.0,1.0,1.0,1.0
trn_Latn,6686,mid,385,583,0.9948320413436693,0.9960988296488947,0.9948320413436693,0.9801849405548216,0.9948320413436693,0.9882044560943645,1.0,0.9974093264248705,0.9948320413436693,0.9948320413436693
tro_Latn,11062,mid,665,1069,0.9970014992503747,0.9984939759036144,0.9962490622655663,0.9977392614920875,0.9969969969969971,0.9984939759036144,0.9984984984984985,0.9984984984984985,0.9970014992503747,0.9970014992503747
trp_Latn,30617,head,2035,3107,0.9924000980632509,0.9924000980632509,0.9928869266617611,0.9928869266617611,0.9931305201177626,0.9931305201177626,0.9931305201177626,0.9936180657830143,0.9924000980632509,0.9924000980632509
trq_Latn,6754,mid,382,604,0.9960886571056062,0.9960886571056062,0.9934980494148244,0.996078431372549,0.9947916666666666,0.9947780678851176,0.9960886571056062,0.9960886571056062,0.9960886571056062,0.9960886571056062
trs_Latn,6763,mid,394,591,0.9961783439490446,0.9961783439490446,0.9948979591836734,0.9845360824742267,0.9948979591836734,0.9923273657289001,0.9961783439490446,0.9961783439490446,0.9961783439490446,0.9961783439490446
trv_Latn,5293,mid,293,427,0.6299892125134844,0.9407894736842105,0.6186440677966101,0.9459459459459459,0.6219382321618743,0.9315960912052117,0.7194066749072929,0.6994011976047905,0.620616365568544,0.6299892125134844
tsc_Latn,100000,head,17249,26068,0.9842210792433091,0.9692132269099202,0.9830616625094263,0.9663292003185077,0.9841121767775413,0.9698352055653761,0.983077368878586,0.9828670821858241,0.98397212543554,0.9829800806054104
tsg_Latn,10993,mid,721,1004,0.9944827586206897,0.9972260748959778,0.9965445749827229,0.9979152189020153,0.9965445749827229,0.9972183588317107,0.9972337482710927,0.9958563535911602,0.9944827586206897,0.9944827586206897
tsn_Latn,100000,head,51299,76940,0.9757844574068502,0.9756565930868604,0.9753124757394612,0.9751537133657894,0.9755647674429893,0.9754872003802538,0.9757749211739024,0.9771374577476452,0.9757754571217827,0.9757659869755525
tso_Latn,100000,head,52326,77809,0.9879460119866474,0.9878221085918051,0.9877207996384513,0.9875371147988354,0.987821770749163,0.9876111297996059,0.9881283103749916,0.9892619770256252,0.9879559796829306,0.9879369721222849
tsw_Latn,17700,mid,608,998,0.9950657894736842,0.9966996699669968,0.9950657894736842,0.9975267930750207,0.9950657894736842,0.9975267930750207,0.9958847736625513,0.9950657894736842,0.9950657894736842,0.9950657894736842
tsz_Latn,100000,head,8140,12068,0.9623409669211195,0.9639861242510249,0.9619803237067597,0.9627810315511054,0.962081689782415,0.9635515197376718,0.9642879797018713,0.9637575372897492,0.9622797531963616,0.9622797531963616
ttc_Latn,17827,mid,660,925,0.9954751131221719,0.9992429977289932,0.9962264150943396,1.0,0.9962264150943396,0.9992429977289932,0.9977324263038548,0.9962264150943396,0.9954751131221719,0.9954751131221719
tte_Latn,30509,head,379,573,0.9986789960369881,0.9986789960369881,0.9986789960369881,0.9986789960369881,0.9986789960369881,0.9986789960369881,0.9986789960369881,0.9986789960369881,0.9986789960369881,0.9986789960369881
ttj_Latn,89198,head,6097,9233,0.9501941025852813,0.9501941025852813,0.9501113218438196,0.9501113218438196,0.9493796526054591,0.9493796526054591,0.9525604260548955,0.9549089110543236,0.9501156260323753,0.9502890173410404
ttq_Latn,6630,mid,378,584,0.7858627858627859,0.8418657565415244,0.7941176470588235,0.8806682577565632,0.7924528301886793,0.8558246828143021,0.7924528301886793,0.7941176470588235,0.7850467289719627,0.7858627858627859
ttq_Tfng,4277,mid,225,326,1.0,1.0,1.0,0.9955357142857144,1.0,1.0,1.0,1.0,1.0,1.0
tuc_Latn,42199,head,2476,3538,0.9991925716592652,0.9991925716592652,0.9991925716592652,0.9991925716592652,0.9991925716592652,0.9991925716592652,0.9989909182643795,0.9991925716592652,0.9991925716592652,0.9991925716592652
tue_Latn,17632,mid,1150,1684,0.998697351280938,0.9995654063450673,0.9978308026030369,0.999131190269331,0.9978308026030369,0.999131190269331,0.999131190269331,0.999131190269331,0.9978308026030369,0.998697351280938
tuf_Latn,17688,mid,611,903,0.995925020374898,0.9983660130718954,0.995925020374898,0.9983660130718954,0.9967373572593801,0.9983660130718954,0.995925020374898,0.9967373572593801,0.995925020374898,0.995925020374898
tui_Latn,30782,head,2016,3154,0.9938011405901314,0.9938011405901314,0.9940476190476191,0.9940476190476191,0.9940476190476191,0.9940476190476191,0.9942942197965765,0.9938011405901314,0.9938011405901314,0.9938011405901314
tuk_Arab,4783,mid,239,391,0.9540918163672655,0.9873417721518987,0.9521912350597609,0.9915966386554622,0.9598393574297188,0.9873417721518987,0.9775051124744376,0.9795081967213114,0.9540918163672655,0.9540918163672655
tuk_Cyrl,100000,head,10191,15453,0.9921213604110595,0.9912482276438664,0.9920227083639211,0.9909073132577239,0.9916772740624695,0.9903681611499535,0.9913944846469783,0.9934339474715798,0.9921213604110595,0.9921213604110595
tuk_Latn,100000,head,34053,50980,0.994388624478524,0.9941899703629801,0.9945523692054683,0.9942054073085217,0.9944475454625576,0.9943215999295703,0.9941565115254736,0.9960867390472828,0.9942867214005611,0.9942868892185228
tul_Latn,4299,mid,211,341,0.9768518518518519,0.9812206572769953,0.9836829836829836,0.985781990521327,0.9791183294663574,0.990521327014218,0.9906103286384975,0.985981308411215,0.9745958429561201,0.9768518518518519
tum_Latn,100000,head,48265,72716,0.9891769705934436,0.989079855508479,0.9887853386786067,0.9887509495613805,0.9887923671437201,0.9888117565021909,0.9892018534909147,0.9897254926454514,0.9891879505020624,0.9891879505020624
tuo_Latn,28238,head,1876,2874,0.9992010652463381,0.9992010652463381,0.9992010652463381,0.9992010652463381,0.9992010652463381,0.9992010652463381,0.9992010652463381,0.9994672349493873,0.9992010652463381,0.9989350372736955
tur_Latn,100000,head,166331,249361,0.9821408966148216,0.9878010729724245,0.9825257632977021,0.987827962069519,0.9814440666792815,0.9877150621517878,0.9851562784930158,0.989062570794255,0.9824085365853659,0.9825051289633245
tuv_Latn,532,flat_magnet,5,11,0.17857142857142855,0.45454545454545453,0.7692307692307693,1.0,0.18867924528301885,0.7142857142857143,0.32258064516129037,0.20833333333333334,0.5882352941176471,0.5555555555555556
tvk_Latn,22714,head,1246,1826,0.9964014394242304,0.9964014394242304,0.9960031974420464,0.9960031974420464,0.9968,0.9968,0.9968,0.9964014394242304,0.9964014394242304,0.9964014394242304
tvl_Latn,100000,head,30094,45280,0.9931671221918538,0.9939293139293139,0.993703148425787,0.9941444588614965,0.9925411737222379,0.9943459606877972,0.9934366150258205,0.9933348885260106,0.9933353327335134,0.9933527696793003
twb_Latn,6753,mid,409,569,0.972520908004779,0.977025392986699,0.9724550898203592,0.9640644361833953,0.9702026221692492,0.971985383678441,0.9760191846522782,0.9760191846522782,0.972520908004779,0.972520908004779
twi_Latn,100000,head,117822,175833,0.9938659734405615,0.9947127397388775,0.9940077336087614,0.9946745688276802,0.9937370589365382,0.9946183368869936,0.9944156481303726,0.9952176766944855,0.9938917416859817,0.9938960362652278
twu_Latn,13437,mid,852,1305,0.9958992384299941,0.9970674486803518,0.9964830011723328,0.9964705882352942,0.9964830011723328,0.9976498237367802,0.9964830011723328,0.9958992384299941,0.9958992384299941,0.9958992384299941
twx_Latn,26573,head,1763,2634,0.7004551096400496,0.7004551096400496,0.6924335378323108,0.6924335378323108,0.7337973031752937,0.7337973031752937,0.7157671957671957,0.7448031844316674,0.6938524590163935,0.6811506739086702
txq_Latn,18350,head,792,1179,0.98989898989899,0.98989898989899,0.9905243209096652,0.9905243209096652,0.9905243209096652,0.9905243209096652,0.9905243209096652,0.9905243209096652,0.9892744479495269,0.9886506935687265
txu_Latn,17214,mid,1066,1624,1.0,1.0,1.0,1.0,1.0,1.0,1.0,1.0,1.0,1.0
tyv_Cyrl,100000,head,8882,13285,0.9879518072289156,0.98656624135799,0.987784970447509,0.9862320876650744,0.9879450202794051,0.9861704519901056,0.9872862286228623,0.9895081227436822,0.9878405764467463,0.9878405764467463
tzh_Latn,100000,head,13998,20838,0.9899341988262493,0.9864291772688719,0.9889587105478042,0.9866336633663366,0.9905542684013545,0.9870148250362665,0.9891342944393153,0.990360331519226,0.9898285795575787,0.9898285795575787
tzj_Latn,56692,head,955,1498,0.9695024077046549,0.9695024077046549,0.9683985002678093,0.9683985002678093,0.9694369973190349,0.9694369973190349,0.9689507494646681,0.9695024077046549,0.9695024077046549,0.9695024077046549
tzl_Latn,190,flat_magnet,6,3,0.4,0.4,0.923076923076923,0.923076923076923,0.034383954154727794,0.034383954154727794,0.8571428571428571,0.5217391304347826,0.35294117647058826,0.4
tzm_Tfng,1590,twin,38,52,0.7142857142857143,0.7142857142857143,0.7446808510638298,0.7865168539325842,0.7906976744186046,0.8,0.7446808510638298,0.7142857142857143,0.7142857142857143,0.7142857142857143
tzo_Latn,100000,head,33922,51333,0.9957393928634831,0.99630418071078,0.9960812149712377,0.9963935201608135,0.9956355136038821,0.996304399243141,0.9958287725941485,0.9960224164189919,0.99575424944894,0.99576910559484
ubr_Latn,27048,head,568,897,0.9912587412587412,0.9912587412587412,0.9938650306748466,0.9938650306748466,0.9938650306748466,0.9938650306748466,0.9929947460595445,0.9947368421052631,0.9912587412587412,0.9912587412587412
ubu_Latn,58489,head,1910,2852,0.9984309623430963,0.9984309623430963,0.997387669801463,0.997387669801463,0.9981699346405228,0.9981699346405228,0.9984309623430963,0.9984309623430963,0.9984309623430963,0.9984309623430963
udm_Cyrl,100000,head,8624,12918,0.9529286950695182,0.9431190633973934,0.9464166851564234,0.9376235449154403,0.9573033707865167,0.9314784506273868,0.947193254936765,0.9770826171651197,0.9519718859820383,0.9517595226144666
udu_Latn,17827,mid,607,934,0.9991769547325102,0.9991769547325102,0.9991769547325102,0.9991769547325102,0.9991769547325102,0.9991769547325102,0.9983552631578947,0.9983552631578947,0.9991769547325102,0.9991769547325102
uig_Arab,100000,head,9151,13440,0.9991254919108001,0.9990162859328888,0.9991254919108001,0.9990708859375854,0.9992347217666994,0.9990162859328888,0.9990708859375854,0.9993439755084189,0.9991254919108001,0.9991254919108001
uig_Cyrl,39412,head,2634,3997,0.990397288646206,0.990397288646206,0.9902071563088513,0.9902071563088513,0.9903900508762012,0.9903900508762012,0.991143772376107,0.9913305691669807,0.990397288646206,0.990397288646206
uig_Latn,59496,head,4014,6052,0.9847515986227251,0.9847515986227251,0.9842713197345785,0.9842713197345785,0.984997540580423,0.984997540580423,0.9846305176441658,0.991089108910891,0.9842674532940019,0.9840255591054313
ukr_Cyrl,100000,head,147042,220406,0.9659949238062642,0.9695083046214396,0.9667949381826059,0.9700089600622842,0.9645042340941348,0.9690858770421323,0.9678910363739882,0.9816824317868501,0.9659890685199807,0.9659827524863188
umb_Latn,100000,head,38276,57638,0.9935133147749357,0.9935172305188841,0.9935139961136495,0.9934383202099738,0.9934207934444313,0.9936222146400356,0.993528060387266,0.9936973134798708,0.9935133147749357,0.9935133147749357
upv_Latn,17741,mid,592,946,0.9882943143812709,0.995787700084246,0.9899497487437187,0.995787700084246,0.9899497487437187,0.995787700084246,0.9907795473595976,0.9932773109243698,0.9882943143812709,0.9882943143812709
ura_Latn,17359,mid,605,861,0.9983498349834983,0.9991742361684558,0.9975267930750207,0.9991742361684558,0.9983498349834983,0.9991742361684558,0.9991742361684558,0.9983498349834983,0.9983498349834983,0.9983498349834983
urb_Latn,17434,mid,605,891,0.996694214876033,0.9983443708609271,0.996694214876033,0.9983443708609271,0.9975186104218362,0.9983443708609271,0.996694214876033,0.9975186104218362,0.996694214876033,0.996694214876033
urd_Arab,100000,twin,44867,66932,0.9769594571823359,0.9779038987841536,0.9768016626411279,0.9776885369109448,0.976171466483745,0.9775478832624575,0.9773811528315653,0.978868897483325,0.9769824419505948,0.9769939339474275
urd_Latn,38376,head,2508,3889,0.9574028122415219,0.9574028122415219,0.9592424866200082,0.9592424866200082,0.956989247311828,0.956989247311828,0.9578860445912469,0.9580665151828135,0.95680925811118,0.9570602807597028
urh_Latn,100000,head,10483,15396,0.9912686673982537,0.9905624404194472,0.9906996709114322,0.9899942824471127,0.9909841148690549,0.9900905192949022,0.99103566660309,0.991510063913002,0.9911740852058585,0.9911740852058585
uri_Latn,4227,mid,226,316,0.9912280701754386,0.9934065934065934,0.9955947136563876,0.9843400447427293,0.9977924944812362,0.9977827050997783,0.9955947136563876,0.9934065934065934,0.9912280701754386,0.9912280701754386
urk_Thai,13466,mid,843,1321,0.999407231772377,0.9940334128878282,0.999407231772377,0.9916267942583732,1.0,0.9922295277943813,0.999407231772377,0.999407231772377,0.999407231772377,0.999407231772377
urt_Latn,17543,mid,599,926,0.9983333333333333,0.9991645781119466,0.9974979149291077,0.9974895397489539,0.998330550918197,0.9974895397489539,0.9991659716430359,0.9991659716430359,0.9983333333333333,0.9983333333333333
urw_Latn,1006,mid,20,24,0.888888888888889,1.0,0.9302325581395349,0.9743589743589743,0.9302325581395349,1.0,0.975609756097561,0.9523809523809523,0.888888888888889,0.888888888888889
ury_Latn,6598,mid,377,564,0.9894459102902374,0.9933422103861518,0.9907529722589168,0.9865591397849462,0.9907529722589168,0.9919786096256685,0.9920634920634921,0.9907529722589168,0.9894459102902374,0.9894459102902374
usa_Latn,24754,head,484,660,0.998965873836608,0.998965873836608,0.998965873836608,0.998965873836608,0.998965873836608,0.998965873836608,0.998965873836608,0.998965873836608,0.998965873836608,0.998965873836608
usp_Latn,17825,mid,605,906,0.9958779884583677,0.9983471074380166,0.9975227085053675,0.9983471074380166,0.9975227085053675,0.9983471074380166,0.9966996699669968,0.9966996699669968,0.9958779884583677,0.9958779884583677
uth_Latn,4272,mid,216,334,0.9953917050691244,1.0,0.997690531177829,1.0,0.9953917050691244,0.997690531177829,0.997690531177829,1.0,0.9953917050691244,0.9953917050691244
uvh_Latn,17225,mid,633,911,0.9992107340173638,0.9992094861660079,0.9992107340173638,0.9984177215189874,0.9992107340173638,0.9992094861660079,0.9992107340173638,0.9992107340173638,0.9992107340173638,0.9992107340173638
uvl_Latn,24441,head,457,653,0.9967213114754099,0.9967213114754099,0.9978165938864628,0.9978165938864628,0.9967213114754099,0.9967213114754099,0.9967213114754099,0.9967213114754099,0.9967213114754099,0.9967213114754099
uzn_Cyrl,37596,head,2467,3774,0.9895666131621187,0.9895666131621187,0.988962472406181,0.988962472406181,0.9891566265060241,0.9891566265060241,0.9899638699317542,0.9929534930541575,0.9895666131621187,0.9895666131621187
uzn_Latn,100000,head,101942,154129,0.9874519719392182,0.9888295240922133,0.988356486640418,0.9891413991574202,0.9873164152758357,0.9888305187031925,0.9882795672303236,0.9894987453816213,0.9876380434998117,0.987758945386064
uzs_Arab,100000,head,10871,15949,0.9907979673121824,0.990661906069761,0.9907517626590971,0.9906157015335317,0.9913824715804914,0.9904308410787052,0.9900727389176083,0.9952161913523458,0.9907979673121824,0.9907979673121824
vag_Latn,17828,mid,1172,1702,0.9995735607675906,1.0,0.9991474850809888,1.0,0.9991474850809888,1.0,0.9995735607675906,1.0,0.9991474850809888,0.9995735607675906
vap_Latn,30667,head,2085,3056,0.9856870229007635,0.9856870229007635,0.9852169766332857,0.9852169766332857,0.9856801909307876,0.9856801909307876,0.9861707200762995,0.9859289291676604,0.9856870229007635,0.9856870229007635
var_Latn,11058,mid,676,1065,0.9955686853766617,0.9970326409495549,0.9963099630996312,0.9947955390334573,0.9970457902511078,0.9962880475129918,0.9963045084996305,0.9963045084996305,0.9955686853766617,0.9955686853766617
vec_Latn,100000,twin,7584,11292,0.8548069830341776,0.832101120915812,0.8414759345371099,0.8223451848363551,0.851423324150597,0.826292746420542,0.8420734654422426,0.9042080501829587,0.8541769041769041,0.8538622129436326
ven_Latn,100000,head,47271,71135,0.9964884734938098,0.9969250344608207,0.9970524619364689,0.9972548146734925,0.9964458873081045,0.9970951805440705,0.9965843516632723,0.9967011402810927,0.9964991194755045,0.9965310560653476
vep_Latn,9947,flat_magnet,606,940,0.30603337612323495,0.6651634723788049,0.31766268260292163,0.7091681845780207,0.2906692721055203,0.6178176067474961,0.37460716530483973,0.5298072613177948,0.3031226199543031,0.30603337612323495
vid_Latn,17829,mid,631,888,0.9812792511700469,0.9874411302982732,0.9789555728760718,0.9850980392156863,0.9789555728760718,0.9858712715855573,0.9866666666666667,0.9812792511700469,0.9805144193296961,0.9812792511700469
vie_Latn,100000,head,128515,193803,0.9978144077668389,0.997733380067765,0.9979398305909843,0.9976136253041362,0.9978887503895295,0.9977493088275379,0.9978108103896913,0.9979353652455746,0.9978144247963442,0.9978183291517975
viv_Latn,23382,head,662,1104,0.999244142101285,0.999244142101285,0.999244142101285,0.999244142101285,0.999244142101285,0.999244142101285,0.999244142101285,0.999244142101285,0.999244142101285,0.999244142101285
vls_Latn,25500,flat_magnet,1713,2564,0.45751633986928103,0.45751633986928103,0.4543946932006634,0.4543946932006634,0.4587181640078365,0.4587181640078365,0.49570847763890985,0.7387551113130396,0.45707140872464574,0.4568809887515623
vmk_Latn,1646,flat_magnet,39,54,0.4,0.6153846153846155,0.5223880597014926,0.7291666666666667,0.22686567164179103,0.47682119205298024,0.5901639344262295,0.4390243902439024,0.4,0.4
vmw_Latn,100000,head,17869,27148,0.9838664184577198,0.9842887712580246,0.983823695186563,0.98396534263531,0.9801268259540256,0.9830393869386376,0.9844471993688718,0.9843212452766341,0.9837831739853908,0.9837831739853908
vmy_Latn,17829,mid,1152,1760,0.9995661605206074,1.0,1.0,0.9995657837603126,1.0,0.9995657837603126,0.9995661605206074,1.0,0.9995661605206074,0.9995661605206074
vol_Latn,88791,head,6168,9214,0.7522912260462731,0.7522912260462731,0.7682473419868242,0.7682473419868242,0.7634163793664216,0.7634163793664216,0.739762219286658,0.8485905260098808,0.7521948093559756,0.7523547126289486
vot_Latn,119,flat_magnet,3,3,0.28571428571428575,0.28571428571428575,0.5,0.5,0.04545454545454545,0.04545454545454545,0.4,0.2,0.18181818181818182,0.28571428571428575
vro_Latn,51151,head,3194,4729,0.6779916138049671,0.6779916138049671,0.6668779045204901,0.6668779045204901,0.6737876522110661,0.6737876522110661,0.6909847737977872,0.880326255097736,0.676751421521296,0.675447050005354
vun_Latn,17824,mid,601,921,0.9933554817275747,0.9941812136325852,0.9941812136325852,0.9950083194675541,0.9941812136325852,0.9941812136325852,0.9933554817275747,0.9933554817275747,0.9933554817275747,0.9933554817275747
vut_Latn,17776,mid,904,1220,0.9988950276243094,1.0,0.9994472084024323,1.0,0.9994472084024323,1.0,1.0,0.9994472084024323,0.9988950276243094,0.9988950276243094
waj_Latn,24407,head,390,632,1.0,1.0,1.0,1.0,1.0,1.0,1.0,1.0,1.0,1.0
wal_Ethi,6595,mid,357,595,0.9916666666666667,0.9915254237288135,0.9916666666666667,0.9857954545454545,0.9916666666666667,0.9857954545454545,0.9930458970792767,0.9902912621359222,0.9916666666666667,0.9916666666666667
wal_Latn,100000,head,20164,30171,0.9945959407296726,0.9945553539019963,0.9947977598008713,0.9947063647886274,0.9944462431200658,0.9945295404814004,0.9951231649664097,0.9951217083976306,0.9945959407296726,0.9945959407296726
wap_Latn,30027,head,1499,2257,0.9976627712854759,0.9976627712854759,0.9979973297730307,0.9979973297730307,0.9973279893119572,0.9973279893119572,0.9973297730307076,0.9976627712854759,0.9976627712854759,0.9976627712854759
war_Latn,100000,head,38014,57525,0.954571666559877,0.9469745970145469,0.9531997645914894,0.9465021619770996,0.9547045474941986,0.9468998490824466,0.9508481061089147,0.9650059080934388,0.9543294174918971,0.9542828595949634
wat_Latn,6617,mid,357,598,0.9944289693593314,0.9958041958041959,0.99581589958159,0.9929873772791025,0.99581589958159,0.9943977591036415,0.99581589958159,0.9944289693593314,0.9944289693593314,0.9944289693593314
way_Latn,13526,mid,837,1326,1.0,1.0,1.0,0.9951980792316926,1.0,0.9988038277511962,1.0,1.0,1.0,1.0
wba_Latn,7083,mid,427,605,0.9838709677419354,0.9929742388758782,0.9895712630359211,0.987012987012987,0.9861431870669746,0.9917936694021102,0.9907192575406032,0.9884259259259259,0.9838709677419354,0.9838709677419354
wbm_Latn,64634,head,3418,5125,0.9978060552874067,0.9978060552874067,0.9978060552874067,0.9978060552874067,0.9976594499707431,0.9976594499707431,0.9978060552874067,0.9982440737489024,0.9978060552874067,0.9978060552874067
wbp_Latn,20841,head,809,1277,1.0,1.0,1.0,1.0,1.0,1.0,1.0,1.0,1.0,1.0
wed_Latn,6267,mid,369,524,0.9768707482993196,0.9808743169398907,0.9795918367346939,0.9808219178082191,0.9782016348773842,0.9822161422708617,0.9822161422708617,0.9782016348773842,0.9768707482993196,0.9768707482993196
wer_Latn,24394,head,428,609,0.9976689976689977,0.9976689976689977,0.9976689976689977,0.9976689976689977,0.9988331388564761,0.9988331388564761,0.9976689976689977,0.9976689976689977,0.9976689976689977,0.9976689976689977
wes_Latn,65898,head,4471,6788,0.6415682780129205,0.6415682780129205,0.6428198822565019,0.6428198822565019,0.6426014319809069,0.6426014319809069,0.6493175341232937,0.8560751439248561,0.6409971066102828,0.6408069420752058
wew_Latn,727,flat_magnet,13,19,0.5098039215686275,0.7741935483870968,0.896551724137931,0.9600000000000001,0.4406779661016949,0.6857142857142856,0.7647058823529412,0.5531914893617021,0.8000000000000002,0.8275862068965517
whg_Latn,782,flat_magnet,13,22,0.5909090909090909,0.8571428571428571,0.896551724137931,0.9600000000000001,0.6842105263157895,0.9230769230769231,0.8387096774193548,0.65,0.7499999999999999,0.9600000000000001
whk_Latn,11051,mid,673,1066,0.9977695167286246,0.9970193740685545,0.9977695167286246,0.9925149700598803,0.9977695167286246,0.9925149700598803,0.9977695167286246,0.9977695167286246,0.9977695167286246,0.9977695167286246
wib_Latn,9431,mid,609,839,1.0,0.9991783073130649,1.0,0.9967051070840198,1.0,0.9991783073130649,1.0,1.0,1.0,1.0
wim_Latn,17245,mid,622,928,0.9983948635634029,1.0,0.9983948635634029,1.0,0.9983948635634029,1.0,0.9983948635634029,0.9983948635634029,0.9983948635634029,0.9983948635634029
wiu_Latn,29858,head,423,604,0.9976415094339623,0.9976415094339623,0.9976415094339623,0.9976415094339623,0.9976415094339623,0.9976415094339623,0.9976415094339623,1.0,0.9976415094339623,0.9976415094339623
wln_Latn,25529,head,1703,2581,0.9030010718113611,0.9030010718113611,0.90203426124197,0.90203426124197,0.9056705186777748,0.9056705186777748,0.9132791327913279,0.9431849986006158,0.9022757697456494,0.9022757697456494
wls_Latn,100000,head,51680,77107,0.9959701304124061,0.9967900540163116,0.9964972880665225,0.9969560665399976,0.9956289460903351,0.996916513138757,0.9962919821393904,0.9961458929975633,0.9961067583180421,0.9960876445290126
wlv_Latn,1486,flat_magnet,31,50,0.04599406528189911,0.14184397163120568,0.11742424242424242,0.34523809523809523,0.05424321959755031,0.15037593984962405,0.05799812909260992,0.04525547445255474,0.043508771929824566,0.04599406528189911
wlx_Latn,19671,head,1341,1874,0.9955456570155902,0.9955456570155902,0.9966555183946488,0.9966555183946488,0.9962852897473997,0.9962852897473997,0.9959153360564426,0.9959153360564426,0.9951762523191094,0.9951762523191094
wmt_Latn,1953,mid,55,89,1.0,1.0,1.0,0.9908256880733944,1.0,0.9908256880733944,1.0,0.9909909909909909,1.0,1.0
wmw_Latn,17797,mid,753,1129,0.9430181590482155,0.9804432855280313,0.94125,0.9830065359477124,0.9400749063670412,0.9817232375979112,0.9573520050922979,0.9543726235741445,0.9430181590482155,0.9430181590482155
wnc_Latn,28251,head,759,1035,0.997364953886693,0.997364953886693,0.997364953886693,0.997364953886693,0.997364953886693,0.997364953886693,0.997364953886693,0.997364953886693,0.997364953886693,0.997364953886693
wnu_Latn,23875,head,407,625,0.9926470588235293,0.9926470588235293,0.9938800489596082,0.9938800489596082,0.9926470588235293,0.9926470588235293,0.9938650306748467,0.995085995085995,0.9926470588235293,0.9926470588235293
wob_Latn,17751,mid,619,908,1.0,1.0,1.0,1.0,1.0,1.0,1.0,1.0,1.0,1.0
wol_Latn,69728,head,4712,6826,0.9732791791363831,0.9732791791363831,0.9713132171695708,0.9713132171695708,0.972183736544815,0.972183736544815,0.9726041999786803,0.9745454545454546,0.9730018141073525,0.9732209538034781
wos_Latn,19970,head,456,701,0.9967213114754099,0.9967213114754099,0.9967213114754099,0.9967213114754099,0.9967213114754099,0.9967213114754099,0.9978118161925601,0.9967213114754099,0.9967213114754099,0.9967213114754099
wrk_Latn,10995,mid,327,514,0.998473282442748,0.9984686064318529,1.0,0.9953917050691244,1.0,0.9984686064318529,1.0,1.0,0.998473282442748,0.998473282442748
wrs_Latn,25819,head,615,868,0.9951456310679612,0.9951456310679612,0.9951456310679612,0.9951456310679612,0.9959514170040485,0.9959514170040485,0.9951456310679612,0.9967585089141004,0.9951456310679612,0.9951456310679612
wsg_Telu,4001,mid,204,297,0.9107142857142857,0.9728395061728394,0.9466357308584687,0.98,0.9357798165137614,0.98,0.9510489510489509,0.9107142857142857,0.9107142857142857,0.9107142857142857
wsk_Latn,29455,head,1245,1859,0.9920191540303273,0.9920191540303273,0.992811501597444,0.992811501597444,0.9936051159072742,0.9936051159072742,0.992811501597444,0.992811501597444,0.9920191540303273,0.9920191540303273
wuu_Hani,74364,twin,5111,7739,0.42286468895910956,0.42286468895910956,0.4201790988794599,0.4201790988794599,0.4194469140423938,0.4194469140423938,0.4328554070473876,0.5819502074688797,0.42248609933088305,0.4220287126382678
wuv_Latn,24539,head,410,734,0.993939393939394,0.993939393939394,0.9927360774818402,0.9927360774818402,0.9927360774818402,0.9927360774818402,0.9927360774818402,0.993939393939394,0.993939393939394,0.993939393939394
wwa_Latn,13509,mid,922,1224,0.9989154013015185,0.998914223669924,0.9994579945799458,0.9978260869565216,0.9989154013015185,0.9983704508419337,0.9989154013015185,0.9989154013015185,0.9989154013015185,0.9989154013015185
xal_Cyrl,11611,mid,751,1083,0.9803921568627451,0.9872568745808182,0.9810333551340745,0.9872568745808182,0.9797517962116264,0.9872568745808182,0.986824769433465,0.9836065573770493,0.9803921568627451,0.9803921568627451
xav_Latn,30476,head,2088,3024,0.9148051948051947,0.9148051948051947,0.9165370658372214,0.9165370658372214,0.9148051948051947,0.9148051948051947,0.915606336016619,0.9158878504672897,0.9150869903921058,0.9150869903921058
xbi_Latn,8764,mid,199,322,0.9925187032418953,1.0,0.9900497512437811,0.9898989898989898,0.9900497512437811,0.9949748743718593,0.987593052109181,0.9900497512437811,0.987593052109181,0.9925187032418953
xbr_Latn,6415,mid,360,560,0.9889502762430938,0.99302649930265,0.9930843706777317,0.9859550561797753,0.9889502762430938,0.9887955182072828,0.9875862068965517,0.9889502762430938,0.9862258953168044,0.9889502762430938
xed_Latn,17807,mid,997,1510,0.9969909729187563,0.9984932194876946,0.9979919678714859,0.9984932194876946,0.9979919678714859,0.9984932194876946,0.9969909729187563,0.997491219267436,0.9969909729187563,0.9969909729187563
xho_Latn,100000,twin,61457,91940,0.9444775625103493,0.9444292770097541,0.9439225261763854,0.9438245001613051,0.9441356976618989,0.9440504464544318,0.9445308879030656,0.9457660941197813,0.9444706622620732,0.944489978392072
xla_Latn,27219,head,657,975,0.9992395437262357,0.9992395437262357,0.9992395437262357,0.9992395437262357,0.9992395437262357,0.9992395437262357,0.9992395437262357,0.9992395437262357,0.9992395437262357,0.9992395437262357
xmf_Geor,100000,twin,7268,10744,0.9679035752979415,0.9679035752979415,0.967007655307906,0.9667456823569253,0.9671431474832328,0.9671431474832328,0.9679035752979415,0.9735094804572523,0.9679035752979415,0.9679035752979415
xmm_Latn,6762,mid,397,580,0.9623329283110571,0.9859872611464967,0.9658536585365853,0.9833971902937421,0.9682151589242054,0.9859872611464967,0.9765721331689273,0.9717791411042944,0.9611650485436893,0.9623329283110571
xmv_Latn,56898,head,3870,5806,0.9878803506962353,0.9878803506962353,0.9867353509336768,0.9867353509336768,0.9877435169655528,0.9877435169655528,0.9862273136825845,0.9871167224942026,0.9877529972927679,0.9874983889676505
xnn_Latn,10778,mid,688,975,0.9920577617328519,0.9949164851125636,0.9927641099855282,0.9927113702623906,0.9927745664739884,0.9934450109249818,0.9942112879884226,0.9920577617328519,0.9920577617328519,0.9920577617328519
xog_Latn,26865,head,1758,2642,0.9535010940919038,0.9535010940919038,0.9537113119693235,0.9537113119693235,0.9539473684210525,0.9539473684210525,0.9594706368899917,0.9656128674431503,0.9532403609515996,0.9529797703663204
xon_Latn,24417,head,1014,1473,0.976878612716763,0.976878612716763,0.9816069699903195,0.9816069699903195,0.9820823244552058,0.9820823244552058,0.9778206364513018,0.9773493975903614,0.976878612716763,0.976878612716763
xrb_Latn,17749,mid,706,1152,0.9992922859164897,0.9985835694050992,1.0,0.9992912827781716,1.0,0.9992912827781716,0.9992922859164897,0.9992922859164897,0.9992922859164897,0.9992922859164897
xsb_Latn,17822,mid,593,939,0.9850498338870433,0.9941324392288349,0.9875104079933389,0.9932998324958124,0.9875104079933389,0.9941324392288349,0.9883333333333333,0.9875104079933389,0.9850498338870433,0.9850498338870433
xsi_Latn,28581,head,745,1060,0.9993293091884642,0.9993293091884642,0.9993293091884642,0.9993293091884642,0.9993293091884642,0.9993293091884642,0.9993293091884642,0.9993293091884642,0.9993293091884642,0.9993293091884642
xsm_Latn,24468,head,1072,1626,0.9985987856141989,0.9985987856141989,0.9985987856141989,0.9985987856141989,0.9981308411214954,0.9981308411214954,0.9985987856141989,0.9985987856141989,0.9985987856141989,0.9985987856141989
xsr_Deva,17795,mid,588,947,0.9974554707379135,0.9982993197278912,0.9966044142614601,0.9982993197278912,0.9974511469838572,0.9982993197278912,0.99830220713073,0.99830220713073,0.9974554707379135,0.9974554707379135
xsu_Latn,19885,head,1009,1517,0.9975284231339594,0.9975284231339594,0.9975284231339594,0.9975284231339594,0.9975284231339594,0.9975284231339594,0.9985155863433943,0.9980217606330367,0.9975284231339594,0.9975284231339594
xtd_Latn,17918,mid,1163,1738,0.9991394148020654,0.9991394148020654,0.9991394148020654,0.9991394148020654,0.9991394148020654,0.9991394148020654,0.9991394148020654,0.9991394148020654,0.9991394148020654,0.9991394148020654
xtm_Latn,22034,head,910,1342,0.9989010989010989,0.9989010989010989,0.9978046103183316,0.9978046103183316,0.9978046103183316,0.9978046103183316,0.99835255354201,0.9989010989010989,0.9989010989010989,0.9989010989010989
xtn_Latn,23830,head,1609,2334,0.9987569919204475,0.9987569919204475,0.9984457569163817,0.9984457569163817,0.9981343283582089,0.9981343283582089,0.9984467225846536,0.9987569919204475,0.9987569919204475,0.9987569919204475
xum_Latn,113,flat_magnet,2,2,0.6666666666666666,0.6666666666666666,1.0,1.0,0.33333333333333337,0.33333333333333337,0.8,0.6666666666666666,0.6666666666666666,0.6666666666666666
xuo_Latn,17719,mid,935,1423,1.0,1.0,1.0,0.9994649545211343,0.9994649545211343,0.9994649545211343,1.0,1.0,1.0,1.0
yaa_Latn,17141,mid,604,837,0.995850622406639,0.995850622406639,0.995850622406639,0.995850622406639,0.995850622406639,0.9950166112956811,0.995850622406639,0.995850622406639,0.995850622406639,0.995850622406639
yad_Latn,16726,mid,573,832,0.9947916666666666,0.999128160418483,0.9956559513466551,0.999128160418483,0.9956559513466551,0.999128160418483,0.9947916666666666,0.9965217391304347,0.9947916666666666,0.9947916666666666
yal_Latn,17818,mid,663,1013,0.9947486871717929,0.9962434259954921,0.993993993993994,0.9954887218045113,0.993993993993994,0.9954887218045113,0.9962434259954921,0.9954954954954954,0.9947486871717929,0.9947486871717929
yam_Latn,17769,mid,1198,1705,1.0,1.0,1.0,1.0,1.0,1.0,1.0,1.0,1.0,1.0
yan_Latn,30490,head,2043,3076,0.9897560975609757,0.9897560975609757,0.9892735251097026,0.9892735251097026,0.9895147524993904,0.9895147524993904,0.9899975603805805,0.990964590964591,0.9897560975609757,0.9895147524993904
yao_Latn,100000,head,12864,19024,0.9937582897713972,0.9937704407413175,0.9941926179989866,0.9937714107754594,0.9928551907234607,0.9934584533914804,0.9936459673332554,0.9943842133998909,0.9938760385380505,0.9939162311832149
yap_Latn,100000,head,18773,28342,0.9970090263312504,0.9974125743551441,0.9968755841589447,0.9972254828726923,0.9964998530472654,0.9972516476772421,0.997036918395131,0.9974375400384369,0.9969557786797694,0.9969557786797694
yaq_Latn,17776,mid,581,951,0.999140154772141,0.999140154772141,0.999140154772141,0.999140154772141,0.999140154772141,0.999140154772141,0.999140154772141,0.999140154772141,0.999140154772141,0.999140154772141
yas_Latn,6565,mid,368,577,0.9879194630872484,1.0,0.997289972899729,0.994535519125683,0.9919137466307278,0.994535519125683,0.9919137466307278,0.9879194630872484,0.9879194630872484,0.9879194630872484
yat_Latn,6733,mid,415,559,0.9987966305655837,0.9987966305655837,0.9975961538461539,0.9975903614457832,0.9975961538461539,0.9975903614457832,0.9987966305655837,0.9987966305655837,0.9987966305655837,0.9987966305655837
yaz_Latn,6764,mid,422,561,0.9952830188679246,0.9988165680473373,0.9964580873671782,0.992857142857143,0.9964580873671782,0.9976303317535545,0.9952830188679246,0.9952830188679246,0.9952830188679246,0.9952830188679246
ybb_Latn,12240,mid,769,1130,0.9908256880733943,0.9881578947368421,0.9901768172888016,0.9841479524438572,0.9901768172888016,0.9881578947368421,0.9908256880733943,0.9914754098360655,0.9901768172888016,0.9908256880733943
yby_Latn,24355,head,478,720,0.9968717413972888,0.9968717413972888,0.9968717413972888,0.9968717413972888,0.9979123173277662,0.9979123173277662,0.9968717413972888,0.9968717413972888,0.9968717413972888,0.9968717413972888
ycn_Latn,17642,mid,1204,1676,0.9979278905926232,0.9991701244813278,0.9983416252072967,0.9991701244813278,0.9983416252072967,0.9987557030277893,0.9979278905926232,0.9983416252072967,0.9979278905926232,0.9979278905926232
ydd_Hebr,38324,head,2540,3834,0.9283339490210565,0.9283339490210565,0.9297077321494636,0.9297077321494636,0.9299221357063403,0.9299221357063403,0.9382485029940121,0.9634358676726639,0.9283339490210565,0.9283339490210565
yim_Latn,30719,head,2067,3072,0.9918190567853705,0.9918190567853705,0.9915804666827038,0.9915804666827038,0.9918190567853705,0.9918190567853705,0.9915804666827038,0.9913419913419913,0.9918190567853705,0.9918190567853705
yka_Latn,24931,head,1134,1647,0.9956063268892794,0.9956063268892794,0.9960439560439561,0.9960439560439561,0.9960439560439561,0.9960439560439561,0.9964819700967459,0.9973591549295774,0.9951690821256038,0.9951690821256038
yle_Latn,30413,head,745,1125,0.9993293091884642,0.9993293091884642,0.9993293091884642,0.9993293091884642,0.9993293091884642,0.9993293091884642,1.0,0.9993293091884642,0.9993293091884642,0.9993293091884642
yli_Latn,13447,mid,846,1285,0.9940968122786304,0.9952550415183867,0.9940968122786304,0.9910661107802264,0.9946839929119905,0.9928656361474435,0.9946839929119905,0.9952718676122931,0.9940968122786304,0.9940968122786304
yml_Latn,22780,head,1001,1485,0.9970089730807578,0.9970089730807578,0.9970119521912352,0.9970119521912352,0.9975087194818136,0.9975087194818136,0.9975062344139651,0.9985022466300548,0.9970089730807578,0.9970089730807578
yom_Latn,70854,head,4897,7160,0.9695503125630167,0.9695503125630167,0.9669247009148486,0.9669247009148486,0.9685420447670902,0.9685420447670902,0.9687877567458719,0.9694648795727099,0.9693548387096774,0.9684761808842783
yon_Latn,21011,head,845,1263,0.9970431697220579,0.9970431697220579,0.9970431697220579,0.9970431697220579,0.9970431697220579,0.9970431697220579,0.9964539007092199,0.9976331360946745,0.9970431697220579,0.9970431697220579
yor_Latn,100000,head,108645,162489,0.9962169677541538,0.9966485089096113,0.9965786788436766,0.9965897396850009,0.9964117981186185,0.9966584204113281,0.9963561126326047,0.9963422744402571,0.9962447863500524,0.9962633312240478
yrb_Latn,15989,mid,509,841,0.9960861056751468,0.9980392156862744,0.9970617042115573,0.9970501474926254,0.9960861056751468,0.9970559371933267,0.9980392156862744,0.9990186457311089,0.9960861056751468,0.9960861056751468
yre_Latn,28067,head,1346,1957,0.9992576095025985,0.9992576095025985,0.998886827458256,0.998886827458256,0.9992576095025985,0.9992576095025985,0.9992576095025985,0.9992576095025985,0.9992576095025985,0.9992576095025985
yrk_Cyrl,1902,mid,62,71,0.8211920529801325,0.9538461538461539,0.8493150684931507,0.9538461538461539,0.7948717948717948,0.9323308270676691,0.8732394366197184,0.9051094890510949,0.8104575163398693,0.8211920529801325
yrl_Latn,6918,mid,442,551,0.8305785123966943,0.9422850412249706,0.8571428571428571,0.9408983451536643,0.8254620123203285,0.9372781065088759,0.881578947368421,0.8943270300333704,0.8305785123966943,0.8305785123966943
yss_Latn,37876,head,1154,1812,0.996976241900648,0.996976241900648,0.996976241900648,0.996976241900648,0.9969736273238219,0.9969736273238219,0.996976241900648,0.9982698961937717,0.996976241900648,0.996976241900648
yua_Latn,100000,head,36539,55125,0.9959090659491516,0.9961166380789022,0.9959649748840274,0.9959796374813047,0.9957716701902749,0.9960344141498689,0.9959508612998421,0.9959779818528737,0.9959090659491516,0.9959090659491516
yue_Hani,100000,twin,7392,11183,0.7585956416464892,0.758503813097688,0.7583575581395349,0.7568449682683591,0.7567731011127238,0.7566815818115855,0.7592860588519056,0.8000812402680928,0.7585956416464892,0.7585956416464892
yuj_Latn,24252,head,650,938,0.9992313604919293,0.9992313604919293,0.9992313604919293,0.9992313604919293,0.9992313604919293,0.9992313604919293,0.9984639016897081,0.9992313604919293,0.9992313604919293,0.9992313604919293
yup_Latn,270,flat_magnet,5,7,0.3448275862068966,0.5000000000000001,1.0,0.888888888888889,0.16129032258064516,0.38095238095238093,0.5,0.3846153846153846,0.6666666666666666,0.5333333333333333
yut_Latn,28424,head,729,1119,0.997946611909651,0.997946611909651,0.997946611909651,0.997946611909651,0.9986301369863014,0.9986301369863014,0.9972640218878249,0.997946611909651,0.997946611909651,0.997946611909651
yuw_Latn,20046,head,443,721,0.9955056179775281,0.9955056179775281,0.9966254218222722,0.9966254218222722,0.9966254218222722,0.9966254218222722,0.9977477477477478,0.9955056179775281,0.9955056179775281,0.9955056179775281
yuz_Latn,6670,mid,386,579,0.9974160206718347,0.9947916666666666,0.9961190168175937,0.9895287958115184,0.9961190168175937,0.9947916666666666,0.9974160206718347,0.9974160206718347,0.9974160206718347,0.9974160206718347
yva_Latn,17493,mid,711,1061,0.9944055944055943,0.9978947368421053,0.9937106918238994,0.9964912280701755,0.995798319327731,0.9992962702322309,0.9951014695591323,0.995798319327731,0.9944055944055943,0.9944055944055943
zaa_Latn,17673,mid,567,936,0.9973614775725593,0.9991173874669019,0.9973614775725593,0.9991173874669019,0.9982394366197184,0.9991173874669019,0.9991189427312775,0.9991189427312775,0.9973614775725593,0.9973614775725593
zab_Latn,19384,head,696,1068,0.9877433309300648,0.9877433309300648,0.987725631768953,0.987725631768953,0.9877078814172089,0.9877078814172089,0.9884559884559885,0.9913169319826339,0.9870317002881845,0.9870317002881845
zac_Latn,17805,mid,643,910,0.9992229992229993,0.9992217898832686,0.9992229992229993,0.9992217898832686,0.9992229992229993,0.9992217898832686,0.998447204968944,1.0,0.9992229992229993,0.9992229992229993
zad_Latn,17817,mid,623,944,0.9975980784627703,0.9991980753809142,0.9975980784627703,0.9991980753809142,0.998397435897436,0.9991980753809142,0.9975980784627703,0.9975980784627703,0.9975980784627703,0.9975980784627703
zae_Latn,17778,mid,656,934,0.9954476479514416,0.9984756097560976,0.9962034927866363,0.9984756097560976,0.9969604863221885,0.9984756097560976,0.9969604863221885,0.9984779299847794,0.9954476479514416,0.9954476479514416
zai_Latn,100000,head,16803,25346,0.9936884927163411,0.9933074394980579,0.9937806482478172,0.9932497013142175,0.9937787880600586,0.9933387101592138,0.993451544418862,0.9938070306656694,0.9936587700406796,0.9936587700406796
zam_Latn,17797,mid,612,946,0.9975550122249389,0.9991836734693879,0.9975550122249389,1.0,0.9967426710097721,1.0,0.9975550122249389,0.9975550122249389,0.9975550122249389,0.9975550122249389
zao_Latn,17796,mid,608,974,0.9934426229508198,0.9967051070840198,0.9942575881870387,0.9958779884583677,0.9934426229508198,0.9950576606260296,0.9942575881870387,0.9934426229508198,0.9934426229508198,0.9934426229508198
zar_Latn,17756,mid,667,972,0.9992498124531133,0.9992498124531133,0.9992498124531133,0.9992498124531133,0.9992498124531133,0.9992498124531133,0.9992498124531133,0.9992498124531133,0.9992498124531133,0.9992498124531133
zas_Latn,17799,mid,1098,1594,0.9977283053157655,0.9981801637852593,0.9990900818926297,0.9995448338643604,0.9990900818926297,0.9995448338643604,0.9981818181818182,0.9986357435197818,0.9977283053157655,0.9977283053157655
zat_Latn,17798,mid,634,898,0.9976396538158929,0.9992119779353822,0.9976396538158929,0.9992119779353822,0.9976396538158929,0.9992119779353822,0.9976396538158929,0.9984251968503937,0.9976396538158929,0.9976396538158929
zav_Latn,17587,mid,628,926,1.0,1.0,1.0,0.999203187250996,1.0,0.999203187250996,1.0,1.0,1.0,1.0
zaw_Latn,17823,mid,626,910,0.9928286852589641,0.9943955164131305,0.9960159362549801,0.9952,0.9968102073365231,0.9959967974379504,0.9928286852589641,0.9936204146730463,0.9928286852589641,0.9928286852589641
zca_Latn,17802,mid,617,916,0.9927594529364441,0.9975747776879547,0.9927594529364441,0.9967689822294022,0.9935587761674718,0.9959644874899112,0.9927594529364441,0.9951612903225807,0.9919614147909968,0.9927594529364441
zdj_Latn,1573,flat_magnet,30,57,0.5504587155963303,0.8169014084507042,0.8450704225352113,0.9180327868852459,0.625,0.8615384615384616,0.7407407407407407,0.5769230769230769,0.5309734513274336,0.5504587155963303
zea_Latn,8505,flat_magnet,524,771,0.09695057833859096,0.12954414310444318,0.1047216188407454,0.14373187238156623,0.08890168970814132,0.12702893436838392,0.13800522514215458,0.37058823529411766,0.09685891375144448,0.09695057833859096
zgh_Tfng,2897,twin,126,184,0.9113924050632912,0.9113924050632912,0.9159663865546218,0.9152542372881356,0.9473684210526316,0.9473684210526316,0.9205020920502092,0.9113924050632912,0.9113924050632912,0.9113924050632912
zia_Latn,24412,head,412,640,0.9963636363636362,0.9963636363636362,0.9963636363636362,0.9963636363636362,0.9963636363636362,0.9963636363636362,0.993939393939394,0.9963636363636362,0.9963636363636362,0.9963636363636362
ziw_Latn,17829,twin,584,928,0.946843853820598,0.9546979865771812,0.9492089925062448,0.9554995801847187,0.95,0.9554995801847187,0.9547738693467337,0.9563758389261745,0.946843853820598,0.946843853820598
zne_Latn,100000,head,18265,27512,0.9954932673811486,0.9957745705975964,0.9954942579262598,0.9954468155137418,0.9952174152053211,0.9954723815273167,0.9954398109993956,0.9959614275117448,0.9954932673811486,0.9955211166982662
zoc_Latn,4297,mid,221,331,0.9977426636568849,0.9908675799086757,1.0,0.9815668202764977,1.0,0.9885583524027459,1.0,0.9977426636568849,0.9977426636568849,0.9977426636568849
zom_Latn,48432,twin,2124,3049,0.8238270469181233,0.8238270469181233,0.8234754699679047,0.8234754699679047,0.8220242175005712,0.8220242175005712,0.826530612244898,0.8248243559718971,0.8238270469181233,0.8238270469181233
zos_Latn,17816,mid,604,916,0.994238683127572,0.9983471074380166,0.993421052631579,0.9983471074380166,0.994238683127572,0.9991728701406121,0.9975227085053675,0.9983471074380166,0.994238683127572,0.994238683127572
zpa_Latn,50169,head,3375,5047,0.9399970942902804,0.9399970942902804,0.9313570297884588,0.9313570297884588,0.9421535771528488,0.9421535771528488,0.9364596902590824,0.9427364126475304,0.9395875689805402,0.9393147502903602
zpc_Latn,17745,mid,1146,1765,0.999128160418483,1.0,0.9995638901003052,1.0,0.9995638901003052,1.0,0.999128160418483,1.0,0.999128160418483,0.999128160418483
zpg_Latn,833,flat_magnet,15,20,0.47619047619047616,0.7692307692307693,0.9375,1.0,0.7499999999999999,0.9375,0.625,0.5,0.8235294117647058,0.8333333333333333
zpi_Latn,17812,mid,591,912,0.9865996649916248,0.9924178601516428,0.9865996649916248,0.9924178601516428,0.9882550335570469,0.9915824915824916,0.9899159663865547,0.9907485281749369,0.9865996649916248,0.9865996649916248
zpj_Latn,90,flat_magnet,1,4,0.13333333333333333,0.13333333333333333,1.0,1.0,0.013422818791946308,0.013422818791946308,0.18181818181818182,0.14285714285714288,0.1,0.13333333333333333
zpl_Latn,17820,mid,1176,1747,0.9995750106247344,0.9995750106247344,0.9995750106247344,0.9987239472564866,0.9995750106247344,0.9987239472564866,1.0,1.0,0.9995750106247344,0.9995750106247344
zpm_Latn,17300,mid,615,942,0.9919354838709677,0.9983739837398374,0.9927360774818402,0.9983739837398374,0.9927360774818402,0.9983739837398374,0.9951456310679612,0.9983766233766234,0.9919354838709677,0.9919354838709677
zpo_Latn,17782,mid,628,879,0.9936608557844692,0.9960285941223193,0.9936608557844692,0.9952305246422894,0.994440031771247,0.9960159362549801,0.9952380952380951,0.9952380952380951,0.9936608557844692,0.9936608557844692
zpq_Latn,17691,mid,571,950,0.9982517482517482,0.9991251093613298,0.9982517482517482,0.9991251093613298,0.9982517482517482,0.9991251093613298,0.9982517482517482,0.9982517482517482,0.9982517482517482,0.9982517482517482
zpt_Latn,17827,mid,1163,1744,0.9982817869415808,0.9987107864202837,0.999140154772141,0.9995698924731183,0.999140154772141,0.999140154772141,0.9982817869415808,0.9982817869415808,0.9982817869415808,0.9982817869415808
zpu_Latn,17841,mid,1146,1766,0.999128160418483,0.9995635093845482,0.9991273996509599,0.9995635093845482,0.9991273996509599,0.9995635093845482,0.9995638901003052,0.999128160418483,0.999128160418483,0.999128160418483
zpv_Latn,17800,mid,574,909,0.9982608695652174,1.0,0.9982608695652174,1.0,0.999129677980853,1.0,0.9982608695652174,0.999129677980853,0.9982608695652174,0.9982608695652174
zpz_Latn,17804,mid,1113,1715,0.9995509654243376,1.0,0.9995505617977527,0.9995505617977527,0.9995505617977527,0.9995505617977527,0.9995509654243376,0.9995509654243376,0.9995509654243376,0.9995509654243376
zsm_Arab,281,flat_magnet,6,7,0.0,0.0,0.0,0.0,0.026373626373626374,0.04411764705882353,0.0,0.0,0.0,0.0
zsm_Latn,100000,twin,48597,72734,0.7312151647008382,0.7268733219428851,0.7295463833265222,0.725481358621187,0.7312398563014024,0.7263724746105751,0.7286782318356682,0.7547699920325408,0.7310347343175787,0.7309529888033846
zsr_Latn,17753,mid,618,878,0.9983844911147012,1.0,0.996774193548387,0.9991915925626517,0.996774193548387,0.9991915925626517,0.9983844911147012,0.9983844911147012,0.9983844911147012,0.9983844911147012
ztq_Latn,17742,mid,600,932,0.9966777408637874,1.0,0.9975062344139651,1.0,0.9975062344139651,1.0,0.9966777408637874,0.9983361064891847,0.9966777408637874,0.9966777408637874
zty_Latn,17738,mid,628,921,1.0,0.999203187250996,1.0,0.999203187250996,0.999203187250996,0.999203187250996,1.0,1.0,1.0,1.0
zul_Latn,100000,twin,59457,88795,0.9103690084234832,0.9103214890016921,0.9093768698179332,0.9092555727382244,0.9094190811028133,0.909260303947211,0.9103001393412493,0.9173810141085362,0.9103549713953428,0.9103766727949035
zyb_Latn,13305,mid,824,1305,0.9981829194427619,0.9975728155339806,0.9987878787878788,0.9951278928136419,0.9987878787878788,0.9963547995139732,0.9981829194427619,0.9981829194427619,0.9981829194427619,0.9981829194427619
zyp_Latn,17810,mid,609,909,0.9967266775777415,0.9991796554552912,0.9967266775777415,0.9983579638752053,0.9967266775777415,0.9991796554552912,0.9975429975429976,0.9975429975429976,0.9967266775777415,0.9967266775777415
