lang,T,n1,n_types,plateau_size,plateau_mass,floor,plateau_types_used,corpus_lines,empty_lines
aai_Latn,1002861,142,4241,90652,1.72779264e-03,-17.775694,167,24580,0
aak_Latn,1889427,106,2826,94906,9.55214354e-04,-18.414217,215,24062,0
aau_Latn,1374638,130,3227,93046,1.30776114e-03,-18.080288,231,24485,0
aaz_Latn,1275045,284,4302,91172,1.36780272e-03,-18.015053,296,20777,0
aba_Latn,475054,1198,4413,91078,3.64789945e-03,-17.033075,77,18107,0
abi_Latn,353653,708,3538,92849,4.95351583e-03,-16.746387,94,6735,0
abk_Cyrl,3431447,106,1792,97300,5.29864088e-04,-19.028444,41,100000,0
abn_Latn,1277826,1310,6173,88579,1.32963918e-03,-18.014498,164,47050,0
abq_Cyrl,5521,276,695,98792,1.26673706e-01,-13.566913,10,141,0
abs_Latn,50344,2074,5132,88829,2.89113019e-02,-14.937991,27,1335,0
abt_Latn,3106229,86,3244,92475,5.79009379e-04,-18.888885,220,46820,0
abx_Latn,790955,245,4782,90418,2.19949345e-03,-17.531727,168,17721,0
aby_Latn,1137744,58,2350,94277,1.59144986e-03,-17.897102,107,21889,0
abz_Latn,267386,1360,5726,87772,6.13672625e-03,-16.475962,70,13333,0
aca_Latn,357192,252,2704,94075,4.95768906e-03,-16.758663,68,7493,0
acd_Latn,989981,167,2744,93469,1.82642111e-03,-17.750782,130,17727,0
ace_Arab,345038,260,1640,98117,5.12138805e-03,-16.768246,244,6107,0
ace_Latn,2208185,2357,12507,79644,6.92249305e-04,-18.560886,834,47937,0
acf_Latn,1311935,665,3845,91785,1.35963087e-03,-18.027746,212,34818,0
ach_Latn,1099703,814,6376,87829,1.52086936e-03,-17.871620,266,42880,0
acm_Arab,97146,280,1651,98011,1.72929059e-02,-15.550294,115,4566,0
acn_Latn,833791,135,2587,94176,2.18495942e-03,-17.579079,138,17803,0
acr_Latn,3515624,437,6686,86461,4.74343035e-04,-19.021029,276,67975,0
acu_Latn,1166857,394,3929,91205,1.49179189e-03,-17.928642,218,24513,0
ada_Latn,2307797,1143,5920,88374,7.44859451e-04,-18.591648,330,100000,0
ade_Latn,679154,277,2961,93445,2.65395912e-03,-17.376831,122,13525,0
adh_Latn,771321,428,5441,88689,2.19230338e-03,-17.515694,138,23111,0
adi_Latn,1213064,931,6237,87406,1.38443941e-03,-17.960779,190,30503,0
adj_Latn,862247,234,2984,93629,2.06118655e-03,-17.631569,153,17702,0
adl_Latn,515691,580,3667,91209,3.38228967e-03,-17.110111,119,11055,0
ady_Cyrl,328380,642,2524,96316,5.40789116e-03,-16.695286,317,5894,0
adz_Latn,153782,97,2254,95066,1.13052828e-02,-15.944812,51,3796,0
aeb_Arab,994815,328,2385,97440,1.83265360e-03,-17.788982,369,25840,0
aer_Latn,881596,466,2867,94608,2.03092515e-03,-17.656761,249,12314,0
aeu_Latn,1106082,100,1545,97347,1.70475899e-03,-17.860369,153,17719,0
aey_Latn,1226156,180,4077,91070,1.43653536e-03,-17.964905,129,25992,0
afr_Latn,3502185,2056,10721,82026,4.48243594e-04,-19.024965,744,100000,0
agd_Latn,1537884,97,3276,93331,1.16419543e-03,-18.199633,193,31162,0
agg_Latn,1552136,147,2948,93472,1.16460957e-03,-18.200787,244,24084,0
agm_Latn,2104499,103,3175,93466,8.45068207e-04,-18.521446,258,24380,0
agn_Latn,738373,237,4360,90891,2.34720399e-03,-17.471947,180,17794,0
agr_Latn,1463818,605,4904,89637,1.16608014e-03,-18.157631,215,32209,0
agt_Latn,779085,180,4251,90631,2.21168323e-03,-17.528553,141,16997,0
agu_Latn,1209260,163,3651,92103,1.46192511e-03,-17.958664,160,22058,0
agw_Latn,1637326,377,4051,91377,1.06931623e-03,-18.263485,244,39173,0
agx_Cyrl,81574,77,1265,98057,2.07209537e-02,-15.369914,26,1958,0
aha_Latn,397340,810,3229,93496,4.49125348e-03,-16.851297,132,15133,0
ahk_Latn,4469566,215,2653,94825,4.13169107e-04,-19.251442,364,100000,0
aia_Latn,885969,215,3173,92843,1.95758041e-03,-17.674711,151,17546,0
aii_Syrc,1411569,44,425,99546,1.35589121e-03,-18.111671,84,24440,0
aim_Latn,381006,671,4021,90308,4.45746759e-03,-16.824156,141,11048,0
ain_Latn,179720,759,3074,92818,9.55166579e-03,-16.089436,89,4507,0
ajg_Latn,714240,1069,4537,90235,2.43706483e-03,-17.427134,96,29217,0
aji_Latn,560734,610,3124,93715,3.21062742e-03,-17.189302,144,12641,0
ajz_Latn,408437,576,3779,90842,4.22708533e-03,-16.883120,110,11064,0
akb_Latn,548125,354,4699,89613,3.10973446e-03,-17.176474,123,13505,0
ake_Latn,823712,132,2620,94172,2.19299544e-03,-17.575365,127,17791,0
akh_Latn,1790984,41,2722,92516,9.98750029e-04,-18.344143,117,24012,0
akp_Latn,730370,196,2953,93164,2.43396570e-03,-17.460350,81,17785,0
ald_Latn,550772,319,2485,95148,3.32237183e-03,-17.170265,98,11035,0
alj_Latn,494699,203,2983,92952,3.58493918e-03,-17.070852,72,13407,0
aln_Latn,2690719,695,6606,86334,6.14894652e-04,-18.760038,137,62542,0
alp_Latn,765926,225,3487,91751,2.29880142e-03,-17.502201,157,17561,0
alq_Latn,1037305,339,3518,92965,1.70597194e-03,-17.813599,227,17867,0
als_Latn,4295442,1400,9858,82532,3.68043608e-04,-19.228251,529,100000,0
alt_Cyrl,2650160,133,2537,96636,7.03577591e-04,-18.738039,255,84843,0
aly_Latn,307785,454,2252,95091,5.80638186e-03,-16.611387,107,6317,0
alz_Latn,2106287,1169,7843,84800,7.69927273e-04,-18.517265,280,92770,0
ame_Latn,1841735,718,4874,90636,9.42689765e-04,-18.381380,352,34032,0
amf_Latn,567975,327,3782,91695,3.05729513e-03,-17.216448,107,13325,0
amh_Ethi,6631058,1044,2883,98187,3.83579834e-04,-19.360592,1540,100000,0
ami_Latn,1890726,639,4677,90117,9.20691145e-04,-18.399250,168,87543,0
amk_Latn,872737,207,4096,91219,1.96868266e-03,-17.651409,166,17696,0
amm_Latn,1277771,40,2015,95420,1.41849765e-03,-18.024200,105,24436,0
amn_Latn,1726045,94,4357,90561,1.00513538e-03,-18.316412,226,37915,0
amp_Latn,1922321,100,4163,90853,9.01483605e-04,-18.428467,218,30724,0
amr_Latn,1450865,155,3281,92249,1.21953667e-03,-18.141531,192,23701,0
amu_Latn,1004205,185,2753,94447,1.78627875e-03,-17.783415,212,17900,0
amx_Latn,83272,300,1315,96507,2.02543083e-02,-15.376759,51,1656,0
ang_Latn,14524,1137,2457,94826,7.62283956e-02,-14.033820,15,490,0
anm_Latn,1326347,678,5070,88951,1.27673288e-03,-18.059292,96,30734,0
ann_Latn,1128910,191,3097,93152,1.58931762e-03,-17.886438,154,22124,0
anp_Deva,480965,607,3157,96774,5.29206873e-03,-16.721680,627,4499,0
anv_Latn,915929,289,3575,93153,1.93205853e-03,-17.691168,196,17797,0
any_Latn,573734,328,2785,93767,3.13299386e-03,-17.214334,118,11974,0
aoi_Latn,236726,286,2182,96134,7.51925386e-03,-16.363787,87,3242,0
aoj_Latn,2986115,136,4640,90173,5.78066567e-04,-18.865307,185,55040,0
aom_Latn,1122668,77,2750,94099,1.61122989e-03,-17.882860,137,17715,0
aoz_Latn,480640,321,3738,92028,3.62730232e-03,-17.049114,137,13501,0
apb_Latn,595819,367,3255,92533,2.96225274e-03,-17.257126,174,10888,0
apc_Arab,2133964,346,1995,98279,8.41489277e-04,-18.575903,686,79058,0
ape_Latn,3836563,107,5500,87989,4.47216423e-04,-19.097435,108,59332,0
apn_Latn,1286197,95,2040,96022,1.43958124e-03,-18.015736,182,16297,0
apr_Latn,1353594,85,3512,91689,1.31296567e-03,-18.061625,158,24377,0
apt_Latn,431001,577,3812,90008,3.97245183e-03,-16.936026,79,11049,0
apu_Latn,576547,310,2443,94848,3.08936537e-03,-17.239820,160,11186,0
apw_Latn,616812,325,2758,94383,2.90976881e-03,-17.294798,115,11058,0
apy_Latn,1852907,312,3530,92808,9.56353776e-04,-18.390671,205,36974,0
apz_Latn,1655056,78,2388,94094,1.10102933e-03,-18.263559,114,24230,0
aqz_Latn,1860,241,501,98552,1.66103511e-01,-13.293484,2,271,0
arb_Arab,6432346,1224,4296,96808,2.91166318e-04,-19.622101,1932,100000,0
arb_Latn,42844,1565,4055,92553,3.40890824e-02,-14.814315,37,847,0
arc_Syrc,27438,1,278,99697,5.18084062e-02,-14.470094,1,410,0
are_Latn,290888,522,2546,94104,6.02612737e-03,-16.563807,103,6673,0
arg_Latn,804685,2430,10696,82699,1.93606826e-03,-17.570059,409,25914,0
arl_Latn,1511248,111,2656,94447,1.19506992e-03,-18.185345,218,24447,0
arn_Latn,2828702,1248,7925,84864,5.78696664e-04,-18.803537,226,100000,0
arp_Latn,79402,116,995,97616,2.09737752e-02,-15.353279,26,1963,0
arq_Arab,53432,261,1520,97945,2.96902751e-02,-15.009097,51,2712,0
arr_Latn,4075,305,700,98419,1.39422231e-01,-13.467237,3,572,0
ars_Arab,520084,273,1896,97952,3.59011031e-03,-17.121805,277,18539,0
ary_Arab,3609885,625,3109,97264,4.97731799e-04,-19.090633,940,100000,0
arz_Arab,4388349,1998,8325,89252,3.89550255e-04,-19.249737,1037,100000,0
asg_Latn,784777,202,3670,91806,2.22387229e-03,-17.535938,161,17719,0
asm_Beng,4949766,2165,4943,95202,3.68923626e-04,-19.368677,2197,100000,0
asm_Latn,15960,1693,3497,92487,7.03804518e-02,-14.088663,16,455,0
aso_Latn,1604364,76,2759,93214,1.11405382e-03,-18.242403,178,23837,0
ast_Latn,3814656,2765,14153,78275,3.92281999e-04,-19.111513,1142,100000,0
ata_Latn,1388571,213,3045,93148,1.28371347e-03,-18.099943,248,27005,0
atb_Latn,1360806,264,3666,92690,1.31936415e-03,-18.067621,129,25098,0
atd_Latn,899600,196,3802,91890,1.96525176e-03,-17.660482,150,17597,0
atg_Latn,784750,184,2996,93653,2.27907849e-03,-17.531336,180,17802,0
ati_Latn,294589,1197,3598,92689,5.89503376e-03,-16.570650,120,10154,0
atj_Latn,155582,1532,5132,90496,1.05833064e-02,-15.961538,97,1662,0
atq_Latn,312963,635,3539,91599,5.47803210e-03,-16.632185,75,6661,0
att_Latn,959673,192,3754,92221,1.85275210e-03,-17.723026,179,17829,0
auc_Latn,1296783,72,1774,96583,1.42744468e-03,-18.030027,104,17817,0
aui_Latn,196273,759,3526,91715,8.58207546e-03,-16.184521,91,4581,0
auy_Latn,1308251,30,2183,95335,1.40847059e-03,-18.030403,101,24037,0
ava_Cyrl,927701,17,1450,97684,2.01884043e-03,-17.694725,62,17634,0
avk_Latn,31007,1422,3447,92389,4.43459698e-02,-14.549497,29,3056,0
avn_Latn,491088,440,3738,91931,3.55711066e-03,-17.067600,121,11063,0
avt_Latn,1206782,116,3091,93162,1.49696442e-03,-17.946411,149,24340,0
avu_Latn,1482379,79,1426,98287,1.28430219e-03,-18.153187,249,17019,0
awa_Deva,909530,737,3359,96642,2.10143861e-03,-17.643902,761,18700,0
awb_Latn,1320950,77,2582,94494,1.37856335e-03,-18.043005,183,24529,0
awi_Latn,258161,771,3138,92658,6.71068161e-03,-16.440725,110,6621,0
awx_Latn,181684,167,2656,94134,9.58516053e-03,-16.100014,62,4174,0
ayo_Latn,409623,566,3063,93088,4.31400184e-03,-16.887190,141,6717,0
ayp_Arab,297401,64,1111,98195,6.09960344e-03,-16.594242,36,6764,0
ayr_Latn,2969492,1739,10276,82020,5.29130676e-04,-18.858994,199,100000,0
azb_Arab,6208116,1595,5096,96258,2.97935761e-04,-19.593420,2368,100000,0
azg_Latn,1092941,170,2829,94152,1.63979084e-03,-17.865852,154,17785,0
azj_Cyrl,1226967,86,1777,97604,1.51916869e-03,-17.978266,163,26412,0
azj_Latn,3903929,2642,12154,81470,4.02514098e-04,-19.125771,1189,100000,0
azz_Latn,1101295,127,3036,92836,1.62094985e-03,-17.863333,122,17799,0
bak_Cyrl,3216933,1728,5777,93835,5.56811296e-04,-18.942577,1706,100000,0
bal_Arab,2852609,871,4236,96054,7.51372359e-04,-18.666275,1229,39095,0
bam_Latn,611676,2932,11257,80479,2.51566509e-03,-17.280970,322,18697,0
ban_Latn,1627588,1839,12519,79248,9.26679482e-04,-18.264240,490,41792,0
bao_Latn,858604,251,2979,93783,2.10024741e-03,-17.614439,229,17847,0
bar_Latn,3832045,2281,12379,79594,3.85030110e-04,-19.146883,975,100000,0
bas_Latn,2290824,1283,6667,87400,7.33522097e-04,-18.595903,370,100000,0
bav_Latn,855756,182,2481,94911,2.13746934e-03,-17.608828,134,17825,0
bba_Latn,3249443,363,4790,90337,5.34542271e-04,-18.945402,413,84918,0
bbb_Latn,1173500,177,2730,93696,1.52913716e-03,-17.930862,227,21471,0
bbc_Latn,2214163,1254,8891,83753,7.24216340e-04,-18.566048,447,100000,0
bbj_Latn,440731,410,2835,94217,4.05390897e-03,-16.961430,97,11052,0
bbk_Latn,226528,484,2083,95673,7.78836058e-03,-16.323816,118,4286,0
bbo_Latn,227065,596,2659,93368,7.66262708e-03,-16.315704,74,6704,0
bbr_Latn,1156222,114,3167,92948,1.54552721e-03,-17.912186,139,23818,0
bch_Latn,1009621,216,3587,92175,1.74872002e-03,-17.780315,148,22386,0
bci_Latn,2425071,1233,5830,88179,7.07813993e-04,-18.640453,271,100000,0
bcl_Latn,1964290,1984,10949,81805,7.97513088e-04,-18.446106,698,100000,0
bco_Latn,213180,119,2243,94887,8.23127937e-03,-16.260256,80,3937,0
bcw_Latn,1076360,183,2755,94074,1.67953399e-03,-17.841076,120,17698,0
bdd_Latn,1358699,101,2997,93285,1.30466425e-03,-18.085224,173,30992,0
bdh_Latn,717968,351,2662,94593,2.54403386e-03,-17.431343,102,12360,0
bdq_Latn,230430,354,1763,96055,7.83057684e-03,-16.322395,56,4240,0
bea_Latn,42033,310,2108,94847,3.55847863e-02,-14.795857,21,1152,0
bef_Latn,1331849,73,2829,92704,1.34465047e-03,-18.048788,102,24278,0
bel_Cyrl,3512177,2083,6070,92075,4.99356563e-04,-19.032549,1328,100000,0
bem_Latn,2232708,1661,8892,83746,7.16634359e-04,-18.576488,373,100000,0
ben_Beng,4999491,1900,4213,97871,3.74454834e-04,-19.381445,2902,100000,0
ben_Latn,118668,2487,7725,86336,1.29098834e-02,-15.715764,77,3910,0
beq_Latn,394727,375,3546,92190,4.40582864e-03,-16.856434,56,11039,0
bew_Latn,2129405,1869,12502,78896,7.11243416e-04,-18.524382,277,16291,0
bex_Latn,1021437,232,3400,92538,1.76027078e-03,-17.777662,134,22281,0
bfd_Latn,1022593,357,3777,92760,1.73311673e-03,-17.795605,199,17820,0
bfo_Latn,565728,301,2856,94197,3.16776566e-03,-17.207872,97,13446,0
bgr_Latn,654120,213,3358,92704,2.70969171e-03,-17.348087,113,17611,0
bgs_Latn,829218,384,4131,91337,2.12876627e-03,-17.574524,181,19527,0
bgt_Latn,506245,336,3028,92721,3.48501250e-03,-17.096634,118,10924,0
bgz_Latn,569989,742,5388,88678,2.96141500e-03,-17.214855,152,13364,0
bhg_Latn,308367,128,2808,92838,5.67231501e-03,-16.610769,76,7106,0
bhl_Latn,1643002,157,3679,92411,1.08865974e-03,-18.256809,205,27070,0
bho_Deva,2464092,1509,5347,93950,7.37517460e-04,-18.662739,1483,55844,0
bhp_Latn,339484,2249,7148,85748,4.75558571e-03,-16.707603,135,8035,0
bhw_Latn,2390139,1377,7835,85111,6.88925067e-04,-18.632090,306,96876,0
bhz_Latn,300142,613,3381,92165,5.76004218e-03,-16.588146,83,6727,0
bib_Latn,787899,150,2592,94146,2.28744732e-03,-17.532921,78,17804,0
big_Latn,1374570,47,2254,93672,1.32647554e-03,-18.072784,164,24303,0
bim_Latn,2257315,430,5248,89253,7.53895523e-04,-18.589487,212,60084,0
bin_Latn,2426407,1186,6109,88022,7.03585752e-04,-18.644663,295,100000,0
bis_Latn,2009358,1313,6258,88336,8.55008302e-04,-18.453302,417,100000,0
biu_Latn,411316,507,3889,91693,4.17053448e-03,-16.905912,104,11038,0
biv_Latn,659863,288,3231,93688,2.69227223e-03,-17.365095,205,17791,0
bjn_Arab,344761,241,1609,98153,5.13172676e-03,-16.766596,223,6110,0
bjn_Latn,922291,2171,12403,79630,1.64050563e-03,-17.697897,516,27655,0
bjp_Latn,133759,296,2365,93956,1.27399814e-02,-15.813592,57,3587,0
bjr_Latn,1940903,92,2396,94582,9.35865676e-04,-18.431261,209,26849,0
bjv_Latn,1342090,115,2562,94203,1.35460953e-03,-18.057449,123,28868,0
bkd_Latn,659792,167,3623,91733,2.67517985e-03,-17.350376,128,17628,0
bkl_Latn,434624,735,3505,91882,4.03249904e-03,-16.941629,157,6670,0
bkq_Latn,1143171,229,3506,92117,1.56390507e-03,-17.891384,120,17510,0
bku_Latn,564703,208,3129,93220,3.14202152e-03,-17.205606,94,13480,0
bkv_Latn,596955,262,3145,92903,2.99329874e-03,-17.250690,154,13494,0
bla_Latn,46986,680,2159,95867,3.21024756e-02,-14.909539,48,1048,0
blh_Latn,355678,431,2230,95574,5.13775929e-03,-16.738794,71,6716,0
blk_Mymr,2918168,884,2124,99152,7.71361702e-04,-18.671762,1420,26251,0
blt_Latn,387204,210,1461,97152,4.75754260e-03,-16.832056,62,6684,0
blw_Latn,881079,233,4266,91114,1.97742161e-03,-17.645828,152,17130,0
blz_Latn,751420,242,4724,89588,2.26746552e-03,-17.492069,162,17821,0
bmh_Latn,1191865,125,3258,92873,1.50650567e-03,-17.936951,172,23801,0
bmk_Latn,61570,141,2201,94111,2.56134467e-02,-15.116868,29,1657,0
bmq_Latn,463085,332,3316,92266,3.77562070e-03,-17.011621,123,13524,0
bmr_Latn,820269,158,2799,93275,2.18530071e-03,-17.569309,105,17771,0
bmu_Latn,1663429,191,4596,90243,1.05240437e-03,-18.266939,176,27341,0
bmv_Latn,556486,221,2218,94531,3.22010475e-03,-17.195024,85,11017,0
bnj_Latn,601419,217,2875,92990,2.97400532e-03,-17.258093,87,13502,0
bno_Latn,207608,888,3940,91424,8.20886944e-03,-16.225803,85,4263,0
bnp_Latn,1331223,184,4171,91350,1.31768460e-03,-18.054333,220,35503,0
boa_Latn,1005402,128,2238,95781,1.83205485e-03,-17.772137,144,17164,0
bod_Tibt,3148942,501,1622,99176,6.79557928e-04,-18.798719,877,45476,0
boj_Latn,2197246,50,3220,92453,8.18194834e-04,-18.542866,173,41261,0
bom_Latn,505501,430,3789,91755,3.46598160e-03,-17.091637,132,11082,0
bon_Latn,1309205,100,3636,91810,1.34914479e-03,-18.035761,139,24452,0
bor_Latn,1068,168,355,98877,1.78611268e-01,-13.224175,1,156,0
bov_Latn,753605,282,3532,92270,2.32676126e-03,-17.495752,102,17729,0
box_Latn,974024,217,2894,94308,1.85234432e-03,-17.745625,131,17668,0
bpr_Latn,644689,143,3174,92615,2.75124213e-03,-17.331909,126,17724,0
bps_Latn,697977,161,3111,92623,2.53736985e-03,-17.412920,97,17697,0
bpy_Beng,783014,332,1183,99088,2.46459609e-03,-17.509491,421,25498,0
bqc_Latn,1937931,223,4147,91617,8.98994546e-04,-18.439606,198,56840,0
bqj_Latn,475062,509,4388,90476,3.61576521e-03,-17.035292,98,11034,0
bqp_Latn,465759,342,3016,92887,3.81257022e-03,-17.008591,118,13480,0
bre_Latn,1058026,1083,6439,87413,1.55662047e-03,-17.843637,247,33378,0
brh_Arab,2134183,494,2876,97367,1.45928920e-03,-18.016048,774,11614,0
bru_Latn,953911,206,2336,95539,1.93519302e-03,-17.714838,65,17733,0
brx_Deva,152097,278,1698,97569,1.17447291e-02,-15.932666,97,3440,0
brx_Latn,15564,1288,2546,94191,7.27625936e-02,-14.073633,18,374,0
bsc_Latn,512308,460,3788,92367,3.42207105e-03,-17.111034,113,11055,0
bsn_Latn,1056285,229,3097,93674,1.69931232e-03,-17.825108,159,16998,0
bsp_Latn,320345,392,3559,92724,5.46780186e-03,-16.646261,102,7698,0
bsq_Latn,90770,500,1628,96602,1.89166625e-02,-15.446067,55,3179,0
bss_Latn,1040623,338,3666,93682,1.71742517e-03,-17.814590,195,17773,0
btd_Latn,582053,605,5447,88703,2.90707767e-03,-17.233656,183,14730,0
bth_Latn,395651,449,3703,91436,4.39120861e-03,-16.851545,94,10993,0
bts_Latn,1717961,716,6463,87261,9.78966842e-04,-18.305672,247,40284,0
btt_Latn,634728,263,2991,93183,2.82081157e-03,-17.313051,109,13406,0
btx_Latn,2169849,1147,8466,83996,7.44793597e-04,-18.540928,425,100000,0
bud_Latn,604186,264,3132,93146,2.96637324e-03,-17.262339,116,13483,0
bug_Latn,797419,2436,11808,79995,1.89263708e-03,-17.559504,265,14761,0
buk_Latn,1172234,127,2748,94046,1.54161490e-03,-17.926464,159,24072,0
bul_Cyrl,4367840,2329,7934,90134,3.90113602e-04,-19.258125,1563,100000,0
bum_Latn,2682881,1212,7191,86816,6.22170061e-04,-18.753843,304,100000,0
bus_Latn,787938,444,3495,92120,2.24234116e-03,-17.531082,105,23216,0
bvc_Latn,306288,480,2599,93664,5.72986035e-03,-16.609533,88,6694,0
bvd_Latn,211121,500,2450,93877,8.16984737e-03,-16.257046,89,4273,0
bvr_Latn,1152949,306,3198,94080,1.56567531e-03,-17.911339,279,17732,0
bvz_Latn,1215219,233,3162,92803,1.47342941e-03,-17.958397,211,12855,0
bwd_Latn,158256,129,2473,94000,1.07971237e-02,-15.979526,55,3872,0
bwi_Latn,4423,315,715,97879,1.35359652e-01,-13.491307,7,221,0
bwq_Latn,461774,212,2757,92945,3.84000551e-03,-17.002045,87,13507,0
bwu_Latn,781510,247,3458,91872,2.23542596e-03,-17.531475,147,17557,0
bxh_Latn,276055,317,3475,92050,6.21005338e-03,-16.511673,104,7138,0
bxr_Cyrl,1379209,1068,3787,96247,1.31300583e-03,-18.110109,1100,28040,0
byr_Latn,1281007,203,3100,93039,1.39924287e-03,-18.012598,173,18296,0
byv_Latn,44044,481,1535,96538,3.52342339e-02,-14.823429,35,1735,0
byx_Latn,1108085,162,3130,93355,1.62279626e-03,-17.867769,219,17508,0
bzd_Latn,1059134,840,4829,90333,1.64140696e-03,-17.823460,237,25300,0
bzh_Latn,1248205,133,3298,92471,1.43773903e-03,-17.979334,143,24550,0
bzi_Thai,779683,33,752,99185,2.53355978e-03,-17.482872,122,11019,0
bzj_Latn,2543013,1050,6647,86804,6.62797676e-04,-18.690449,200,100000,0
caa_Latn,1057631,212,3367,92584,1.68593561e-03,-17.821306,186,17822,0
cab_Latn,2680699,1456,7925,85320,6.10245376e-04,-18.755814,280,100000,0
cac_Latn,2948627,534,5196,89481,5.85783854e-04,-18.844341,350,54632,0
caf_Latn,897087,242,3745,92172,1.95945596e-03,-17.666500,177,17803,0
cag_Latn,592301,504,3278,93257,2.99256784e-03,-17.254738,162,12070,0
cak_Latn,4955907,894,8096,84279,3.29033668e-04,-19.361238,360,100000,0
cao_Latn,835764,219,3152,92954,2.13066578e-03,-17.591181,149,17717,0
cap_Latn,1587958,420,4941,89824,1.08505158e-03,-18.231735,230,28831,0
caq_Latn,1524365,750,3976,92443,1.16189672e-03,-18.192049,312,31638,0
car_Latn,800043,431,3691,91820,2.19241122e-03,-17.550339,205,18987,0
cas_Latn,382885,599,2665,94138,4.65185783e-03,-16.823006,157,6696,0
cat_Latn,2874826,2574,12552,80574,5.31645024e-04,-18.836466,887,100000,0
cav_Latn,1072208,210,3110,92727,1.65743493e-03,-17.839899,154,17546,0
cax_Latn,1398171,326,4359,90323,1.23897997e-03,-18.104614,157,28858,0
cbc_Latn,1242404,211,3505,92720,1.43751931e-03,-17.982176,213,17534,0
cbi_Latn,528215,377,3268,91690,3.29475515e-03,-17.141592,174,10976,0
cbk_Latn,2541708,1789,10047,82865,6.33249989e-04,-18.689613,596,100000,0
cbr_Latn,1394135,274,3139,93357,1.28015109e-03,-18.104963,265,24284,0
cbs_Latn,1472958,317,3914,90793,1.18293335e-03,-18.156096,163,27312,0
cbt_Latn,596475,226,2051,95747,3.03859301e-03,-17.265825,120,10883,0
cbu_Latn,1075826,139,3288,92601,1.64201387e-03,-17.847887,176,16983,0
cbv_Latn,1849981,109,2906,94325,9.90814514e-04,-18.371485,226,27955,0
cce_Latn,2155223,1326,8060,83988,7.49004785e-04,-18.535194,294,100000,0
cco_Latn,1404377,144,2425,95182,1.30084688e-03,-18.108286,165,17689,0
ccp_Latn,252264,873,4140,91452,6.70244725e-03,-16.428852,83,6763,0
cdf_Latn,250485,765,3474,91813,6.83728167e-03,-16.412874,89,6763,0
cdo_Latn,563419,1719,5285,90298,3.03859230e-03,-17.207232,211,9577,0
ceb_Latn,2705129,2257,13883,78403,5.55627509e-04,-18.765030,664,100000,0
ceg_Latn,672145,322,3357,92356,2.62386074e-03,-17.376514,153,13524,0
cek_Latn,2130722,582,4780,89803,8.15002885e-04,-18.517693,155,44097,0
ces_Latn,4118315,2231,12209,80780,3.73414375e-04,-19.192307,908,100000,0
cfm_Latn,3260303,528,6969,86027,5.06913394e-04,-18.949587,184,80737,0
cgc_Latn,876928,821,5796,88645,1.95112064e-03,-17.631746,294,17863,0
cgg_Latn,686713,920,5007,89128,2.47944195e-03,-17.397551,122,34573,0
cha_Latn,720291,818,6282,86825,2.28847612e-03,-17.451519,154,19311,0
chd_Latn,1050696,446,3998,91653,1.68357444e-03,-17.812601,249,18037,0
che_Cyrl,2394532,857,3777,96053,7.62892629e-04,-18.651049,1007,56243,0
chf_Latn,882626,381,3812,91562,1.99329021e-03,-17.642740,194,18010,0
chj_Latn,229406,353,1400,97458,7.89999706e-03,-16.328070,116,4286,0
chk_Latn,2525184,1195,7523,86274,6.49077392e-04,-18.705242,482,100000,0
cho_Latn,52387,747,2382,95115,2.98607472e-02,-14.974052,58,1031,0
chq_Latn,619130,428,2959,94175,2.88374183e-03,-17.301577,134,10965,0
chr_Cher,829310,4,253,99727,2.30816684e-03,-17.581493,28,11732,0
chr_Latn,298595,433,2181,94720,5.87155993e-03,-16.596315,46,6768,0
chu_Cyrl,989162,635,2606,96329,1.83620423e-03,-17.775579,500,27598,0
chv_Cyrl,1968414,1383,4523,95224,9.21115203e-04,-18.453913,1337,47817,0
chw_Latn,2069875,1435,8103,83996,7.72836668e-04,-18.503967,301,99872,0
chz_Latn,1049207,162,2228,95948,1.76569608e-03,-17.810772,170,17827,0
cjk_Latn,2120846,1559,7613,85049,7.68060440e-04,-18.522625,412,100000,0
cjo_Latn,881730,113,2568,94607,2.03196146e-03,-17.656240,125,17378,0
cjp_Latn,559222,332,3370,92253,3.13915816e-03,-17.196091,134,13518,0
cjs_Cyrl,58934,158,1184,98114,2.79344957e-02,-15.071778,32,1320,0
cjv_Latn,1242284,64,2558,93639,1.46201276e-03,-17.975143,127,24274,0
ckb_Arab,4402572,2338,6924,91468,3.92705405e-04,-19.266195,1549,100000,0
cko_Latn,756585,171,3006,92666,2.34445259e-03,-17.492460,87,17723,0
ckt_Cyrl,88214,266,1372,97934,1.91196067e-02,-15.449090,47,2269,0
cle_Latn,1076346,136,2339,95895,1.70354971e-03,-17.846050,181,17829,0
clu_Latn,425730,512,4346,90851,4.05101423e-03,-16.925764,159,10945,0
cly_Latn,513247,256,2653,94558,3.48854858e-03,-17.115238,119,13513,0
cme_Latn,814713,139,3144,92865,2.18618602e-03,-17.564499,95,17736,0
cmn_Hani,6936347,2285,5716,92661,2.60285238e-04,-19.690435,890,100000,0
cmo_Khmr,779394,47,549,99519,2.51800659e-03,-17.492392,143,11062,0
cmo_Latn,953406,223,2742,94501,1.90893578e-03,-17.717575,187,17989,0
cmr_Latn,302898,409,2432,94729,5.89003178e-03,-16.593269,91,6689,0
cnh_Latn,2470734,1295,7318,86421,6.69080690e-04,-18.676592,392,100000,0
cni_Latn,1193798,843,4739,91115,1.43372690e-03,-17.967356,432,32688,0
cnk_Latn,465262,860,4535,90619,3.68153527e-03,-17.018845,171,11067,0
cnl_Latn,1048766,111,2170,96134,1.75317668e-03,-17.819824,111,17804,0
cnt_Latn,1041734,160,2112,95838,1.77371472e-03,-17.805094,203,17808,0
cnw_Latn,257318,791,3494,91253,6.62733004e-03,-16.437944,54,6740,0
coe_Latn,931760,191,2891,93544,1.94056414e-03,-17.690964,191,17384,0
cof_Latn,866992,202,3269,92177,2.03414693e-03,-17.629145,150,16915,0
cok_Latn,1914416,390,3994,92091,9.17576712e-04,-18.424307,230,28590,0
con_Latn,830258,221,3205,92752,2.14808721e-03,-17.580862,142,17696,0
cop_Copt,1891407,13,318,99696,1.00334459e-03,-18.414297,40,27503,0
cor_Latn,1581224,748,5404,88812,1.07222545e-03,-18.232296,125,41440,0
cos_Latn,285895,2118,8106,86676,5.63132341e-03,-16.549343,251,9423,0
cot_Latn,1038368,112,2376,94792,1.71901647e-03,-17.825443,154,17733,0
cou_Latn,285171,718,3417,92701,6.11301566e-03,-16.534470,61,6745,0
cpa_Latn,922285,133,2174,95987,1.98874650e-03,-17.692219,166,17827,0
cpb_Latn,680506,177,3464,93023,2.57760933e-03,-17.401495,125,17824,0
cpc_Latn,697106,144,3074,93942,2.53323278e-03,-17.428692,120,17825,0
cpu_Latn,729423,167,3312,93352,2.42274731e-03,-17.466986,126,17825,0
cpy_Latn,646112,146,3011,93884,2.74260228e-03,-17.348663,144,14716,0
crh_Cyrl,1673772,125,2235,97026,1.12043398e-03,-18.276773,262,38964,0
crh_Latn,635920,2472,9954,83389,2.49134485e-03,-17.326204,376,17238,0
cri_Latn,43023,952,2868,93417,3.46734667e-02,-14.806609,25,2059,0
crj_Cans,291021,27,656,99093,6.42525865e-03,-16.551332,16,4295,0
crk_Cans,249202,95,583,99229,7.47497167e-03,-16.401381,95,4454,0
crk_Latn,296237,626,2472,94854,5.97628962e-03,-16.580050,138,6188,0
crl_Cans,292661,26,595,99212,6.36360913e-03,-16.562174,30,4295,0
crm_Cans,613717,17,610,99153,3.08992732e-03,-17.284027,24,11058,0
crn_Latn,2980762,249,3836,91993,5.87782216e-04,-18.868622,271,37171,0
crs_Latn,2287319,1156,6533,88233,7.42045861e-04,-18.593836,418,100000,0
crt_Latn,640050,417,3420,92979,2.74806679e-03,-17.336987,200,10872,0
crx_Latn,566881,499,3722,92217,3.08877143e-03,-17.211882,137,11044,0
csb_Latn,318263,2222,7268,88214,5.16640546e-03,-16.653099,195,9336,0
csk_Latn,829147,168,3870,91813,2.12648242e-03,-17.580795,132,17816,0
cso_Latn,1125487,149,2084,96533,1.63579479e-03,-17.893267,194,17825,0
csw_Cans,10291,68,455,99401,1.32965650e-01,-13.524582,50,124,0
csw_Latn,6650,357,915,97884,1.17003063e-01,-13.637094,8,247,0
csy_Latn,1332324,836,5355,88797,1.27892524e-03,-18.055843,258,36704,0
cta_Latn,1094041,145,2479,94845,1.67041101e-03,-17.854685,180,17725,0
ctd_Latn,2338999,459,5749,88397,7.26677556e-04,-18.616621,329,66425,0
cto_Latn,382552,1421,5188,89679,4.43945895e-03,-16.821215,157,16604,0
ctp_Latn,1662363,542,3735,92657,1.08272034e-03,-18.264938,325,25169,0
ctu_Latn,3285078,1228,7101,87519,5.13699348e-04,-18.953484,398,100000,0
cub_Latn,1134327,303,3299,93535,1.58704638e-03,-17.891972,216,17667,0
cuc_Latn,980680,92,1761,96622,1.88405691e-03,-17.752890,145,17804,0
cui_Latn,1221457,182,3401,92484,1.44663963e-03,-17.973303,172,17685,0
cuk_Latn,1804122,717,5301,89384,9.47644222e-04,-18.362228,273,44245,0
cul_Latn,1173562,94,2392,94431,1.53566891e-03,-17.934414,141,17610,0
cut_Latn,786360,149,2387,94373,2.30171319e-03,-17.529112,150,17581,0
cux_Latn,647826,367,3029,93845,2.77715591e-03,-17.335728,201,11059,0
cwd_Cans,9239,56,365,99417,1.02777072e-01,-13.782271,12,231,0
cwe_Latn,605240,207,4367,90215,2.82395547e-03,-17.279568,91,17817,0
cwt_Latn,572110,350,4336,90945,3.02321037e-03,-17.219446,96,13447,0
cya_Latn,699439,113,2328,95122,2.60112639e-03,-17.414726,126,17827,0
cym_Latn,4076048,2139,11578,81447,3.74869635e-04,-19.196640,940,100000,0
czt_Latn,799612,692,4034,90395,2.18154291e-03,-17.539667,153,19062,0
daa_Latn,772891,154,3771,91198,2.27306185e-03,-17.507416,81,17721,0
dad_Latn,938291,128,3867,91264,1.87545332e-03,-17.700417,122,24369,0
daf_Latn,287117,501,1853,96464,6.38160093e-03,-16.531261,138,10483,0
dag_Latn,1176229,2424,11566,80342,1.30817464e-03,-17.933170,494,11906,0
dah_Latn,1322909,154,3410,92023,1.34623482e-03,-18.040237,226,23848,0
dak_Latn,81127,715,2467,94174,2.00854192e-02,-15.360661,29,2019,0
dan_Latn,4279436,2086,10963,82189,3.65528970e-04,-19.230942,845,100000,0
dar_Cyrl,84293,154,1222,97966,2.02068816e-02,-15.394108,31,1870,0
dbq_Latn,335814,566,2985,92799,5.24222997e-03,-16.689199,79,6656,0
ddg_Latn,27230,805,2134,94410,4.99498078e-02,-14.452139,25,1354,0
ddn_Latn,266235,275,1662,96442,6.82717737e-03,-16.463541,65,6765,0
ded_Latn,1497854,151,3677,91432,1.18850589e-03,-18.158409,268,34664,0
des_Latn,925990,195,3016,93435,1.93179605e-03,-17.694326,159,17332,0
deu_Latn,3467784,1482,8845,84308,4.62208454e-04,-19.021727,392,100000,0
dga_Latn,476126,1022,4488,90708,3.58639332e-03,-17.046009,196,17138,0
dgc_Latn,702391,247,4696,89925,2.44795560e-03,-17.419233,104,17586,0
dgi_Latn,576107,270,2883,94233,3.10014629e-03,-17.229832,97,13517,0
dgr_Latn,1020261,214,2464,95555,1.80217436e-03,-17.786219,161,18978,0
dgz_Latn,1012897,95,3524,91933,1.73249788e-03,-17.787006,139,24281,0
dhg_Latn,111194,138,1516,96811,1.56213561e-02,-15.639632,41,1607,0
dhm_Latn,400754,385,4242,90968,4.25849775e-03,-16.877102,98,11061,0
dhv_Latn,2188535,1298,6490,87252,7.66366732e-04,-18.550406,221,100000,0
did_Latn,342412,539,2944,93726,5.08861790e-03,-16.728880,57,6278,0
dig_Latn,475555,384,4896,88645,3.51129046e-03,-17.044167,82,13447,0
dik_Latn,1609281,1931,8529,85276,1.01604762e-03,-18.245483,495,40448,0
dip_Latn,238874,651,2921,93005,7.23160151e-03,-16.369703,56,6750,0
diq_Latn,707186,2849,11728,81802,2.17111684e-03,-17.444571,481,28046,0
dis_Latn,431084,358,2843,93059,4.11698829e-03,-16.933622,105,11060,0
diu_Latn,3073,493,974,97199,1.48482095e-01,-13.391807,5,166,0
div_Thaa,2190579,765,1777,98656,8.50530928e-04,-18.569044,931,33933,0
dje_Latn,225047,686,3335,91885,7.62009357e-03,-16.305260,45,6801,0
djk_Latn,2389444,915,5670,88110,7.15446965e-04,-18.628944,284,92008,0
djr_Latn,839829,450,2646,94765,2.17714197e-03,-17.588898,348,10796,0
dks_Latn,468007,423,3463,92400,3.73621905e-03,-17.023563,69,15265,0
dln_Latn,1008320,778,5045,90003,1.70033746e-03,-17.784527,189,26435,0
dng_Cyrl,24230,133,643,98591,5.65720498e-02,-14.370975,12,804,0
dnj_Latn,1425137,215,2451,95004,1.28105685e-03,-18.121744,85,21454,0
dnw_Latn,369239,467,2933,93360,4.80381014e-03,-16.782564,88,6439,0
dob_Latn,1372424,144,3296,92905,1.28759645e-03,-18.094311,165,31031,0
doi_Deva,160192,213,2141,97240,1.10347541e-02,-15.991643,88,3674,0
dop_Latn,1561580,304,3167,93930,1.16613587e-03,-18.204365,190,33651,0
dos_Latn,311202,633,2926,93768,5.66129996e-03,-16.622681,64,6742,0
dow_Latn,453263,446,3215,93004,3.89808722e-03,-16.987667,74,11019,0
drg_Latn,3992,537,1104,96669,1.38004834e-01,-13.459515,7,201,0
dru_Latn,1380042,455,4261,90391,1.24734430e-03,-18.098639,186,29903,0
dsb_Latn,317834,2187,7572,87084,5.10285227e-03,-16.652584,203,9265,0
dsh_Latn,345358,594,3312,93085,5.11519383e-03,-16.716808,93,6743,0
dtb_Latn,325761,607,3763,92022,5.29991482e-03,-16.669847,70,6615,0
dtp_Latn,2393569,1004,7243,86731,6.96164321e-04,-18.640491,483,52534,0
dts_Latn,575862,255,3155,92807,3.06591944e-03,-17.225685,86,13356,0
dty_Deva,569722,1275,3944,94063,3.16006325e-03,-17.208883,541,11466,0
dua_Latn,934511,1267,5750,88654,1.81872499e-03,-17.702116,263,43871,0
due_Latn,749467,206,3895,91053,2.31112972e-03,-17.489216,128,17710,0
dug_Latn,552390,602,4971,89335,3.07056943e-03,-17.186041,379,13397,0
duo_Latn,785690,220,4743,89961,2.17489449e-03,-17.537907,147,17496,0
dur_Latn,483647,325,2604,94589,3.75685501e-03,-17.041470,98,11023,0
dwr_Ethi,125461,154,676,98943,1.42630898e-02,-15.752379,152,1693,0
dwr_Latn,1172840,149,3779,91769,1.49123187e-03,-17.935183,116,28305,0
dww_Latn,1335287,99,3753,91580,1.31479596e-03,-18.059042,180,31055,0
dyi_Latn,778595,192,2932,92886,2.29683744e-03,-17.515350,105,17802,0
dyo_Latn,604623,719,5384,88797,2.80373163e-03,-17.270912,173,14804,0
dyu_Latn,2831483,1410,7710,84595,5.76180555e-04,-18.804720,300,100000,0
dzo_Tibt,967942,1378,3657,95461,2.00561808e-03,-17.678276,881,13407,0
ebk_Latn,785072,202,4284,90522,2.20709861e-03,-17.529425,124,17799,0
efi_Latn,2507909,1404,6721,88124,6.78521507e-04,-18.682095,466,100000,0
eka_Latn,718385,200,3635,92274,2.45346438e-03,-17.442772,100,17820,0
ekk_Latn,4563372,2203,11264,81429,3.36689281e-04,-19.303837,1079,100000,0
eko_Latn,100707,771,3313,92629,1.62767413e-02,-15.554376,43,2700,0
ell_Grek,7228658,2605,8015,90244,2.39262794e-04,-19.748220,1497,100000,0
eme_Latn,5374,391,908,97518,1.26393126e-01,-13.556150,7,645,0
emi_Latn,775780,347,3422,92204,2.24280250e-03,-17.531788,138,18149,0
eml_Latn,1005123,2159,10061,84385,1.58970220e-03,-17.787354,393,25500,0
emp_Latn,813720,307,2886,93824,2.21323676e-03,-17.562475,192,18016,0
enb_Latn,627294,207,2446,94549,2.87297039e-03,-17.309282,75,13439,0
eng_Latn,3338608,1766,10617,82112,4.72731615e-04,-18.972822,571,100000,0
enl_Latn,550777,360,2644,94157,3.26538851e-03,-17.177095,110,11016,0
enm_Latn,1248244,772,5357,89168,1.35967003e-03,-17.998791,177,34177,0
enq_Latn,723612,178,2971,92861,2.46227638e-03,-17.445528,125,16127,0
enx_Latn,1522799,579,4082,92160,1.16715087e-03,-18.184471,193,26138,0
epo_Latn,1995776,2363,11538,81547,7.75501221e-04,-18.470936,795,100000,0
eri_Latn,880014,197,3675,90713,1.98195455e-03,-17.639128,152,17713,0
ese_Latn,1661139,460,3155,93353,1.06658208e-03,-18.287439,343,24273,0
esi_Latn,556494,294,2947,94024,3.16220716e-03,-17.207790,131,11038,0
esk_Latn,882583,185,3234,93590,2.00319467e-03,-17.659691,156,17756,0
ess_Latn,316576,724,3624,92770,5.46237139e-03,-16.647751,102,6942,0
esu_Latn,430754,412,3596,92611,4.03179405e-03,-16.949707,100,11057,0
eto_Latn,2786,384,732,97877,1.52904062e-01,-13.369411,4,153,0
etr_Latn,482926,110,2095,95549,3.72998206e-03,-17.058746,124,9965,0
etu_Latn,558297,305,2778,94485,3.23210253e-03,-17.190819,118,11024,0
eus_Latn,3268574,2373,12537,79865,4.59995282e-04,-18.972387,863,100000,0
eve_Cyrl,84801,69,1207,98085,2.00317401e-02,-15.404027,30,1953,0
ewe_Latn,2784660,1658,8275,84846,5.82813738e-04,-18.796236,328,100000,0
ewo_Latn,374197,923,4617,90522,4.53217194e-03,-16.809902,184,11283,0
ext_Latn,293968,2443,9217,84868,5.33669706e-03,-16.582001,180,8692,0
eza_Latn,1628414,623,4693,89608,1.05816857e-03,-18.254416,137,30724,0
faa_Latn,1380713,124,3110,93733,1.30762104e-03,-18.087751,244,24288,0
fad_Latn,75676,356,2291,94065,2.15282078e-02,-15.290133,39,1949,0
fai_Latn,1433686,85,3331,92428,1.24963962e-03,-18.119085,157,28850,0
fal_Latn,493771,268,3273,92421,3.57845844e-03,-17.066933,52,13515,0
fan_Latn,373811,1401,5393,89132,4.51693937e-03,-16.797794,101,17431,0
fao_Latn,3572088,1978,11076,82325,4.40222063e-04,-19.046661,1015,94618,0
far_Latn,467474,202,2615,93538,3.76367507e-03,-17.028482,78,10940,0
fas_Arab,4897666,2457,7366,91471,5.20907645e-04,-18.983715,1659,100000,0
fat_Latn,1083815,1324,6382,88053,1.54492992e-03,-17.858471,195,39870,0
ffm_Latn,852083,125,4542,90196,2.03908631e-03,-17.604994,53,24480,0
fij_Latn,2421880,1480,7716,85781,6.78754258e-04,-18.654804,377,100000,0
fil_Latn,3158460,1950,12749,79470,4.81223461e-04,-18.922314,769,100000,0
fin_Latn,4485213,2226,11854,81010,3.43655015e-04,-19.278200,1008,100000,0
fit_Latn,113550,1625,5320,90630,1.40722100e-02,-15.678094,67,3881,0
fkv_Latn,45622,1254,3705,92912,3.25468777e-02,-14.864482,36,1884,0
fmu_Deva,47825,166,991,98468,3.34738752e-02,-14.894477,47,974,0
fon_Latn,3267832,1569,7436,86594,5.14958210e-04,-18.940411,282,100000,0
for_Latn,1355578,56,2547,93641,1.31811604e-03,-18.078775,116,31149,0
fra_Latn,3405833,2057,11173,82076,4.73497827e-04,-18.970764,828,100000,0
frd_Latn,512716,312,3442,91988,3.42991459e-03,-17.104633,122,10934,0
fro_Latn,254602,1247,4978,90379,6.52177453e-03,-16.444376,91,15794,0
frp_Latn,364360,2171,8614,86166,4.39999812e-03,-16.790182,213,5176,0
frr_Latn,236669,2092,7387,87288,6.77119806e-03,-16.372046,178,10794,0
fry_Latn,3467038,2071,11354,81004,4.43840632e-04,-19.022299,846,100000,0
fub_Latn,1283984,744,6403,87245,1.31299882e-03,-18.011917,232,38248,0
fud_Latn,205928,501,2314,95080,8.55249068e-03,-16.224007,149,9316,0
fue_Latn,344770,638,4578,90638,4.95621071e-03,-16.721743,82,10730,0
fuf_Latn,744288,477,4991,89588,2.29877975e-03,-17.478354,226,21670,0
fuh_Latn,880846,461,5364,88967,1.93775450e-03,-17.642246,73,24509,0
fuq_Latn,633965,268,4713,90304,2.72691538e-03,-17.315521,133,17770,0
fur_Latn,1279143,2152,11082,82241,1.20636843e-03,-18.037550,460,46173,0
fuv_Arab,366595,28,546,99232,5.16455326e-03,-16.771152,51,6753,0
fuv_Latn,1039218,2306,10407,81483,1.50204672e-03,-17.809076,275,30578,0
gaa_Latn,2334136,1766,7843,85665,7.08535600e-04,-18.610510,385,100000,0
gag_Cyrl,593481,98,1790,97532,3.09046283e-03,-17.267370,136,14070,0
gag_Latn,602054,622,4269,91954,2.90137550e-03,-17.271614,156,14325,0
gah_Latn,1280935,29,2525,93869,1.40823207e-03,-18.015076,113,24357,0
gai_Latn,1017550,196,3053,93281,1.74739118e-03,-17.793003,176,17631,0
gam_Latn,1001123,85,3015,92557,1.78716808e-03,-17.762703,133,24151,0
gaw_Latn,1297426,96,3210,92537,1.37449332e-03,-18.025034,148,24230,0
gaz_Latn,3048674,1567,8726,83389,5.40854486e-04,-18.853632,220,100000,0
gbi_Latn,711589,250,3711,90595,2.43490212e-03,-17.432003,136,13298,0
gbo_Latn,369275,365,2223,95448,4.88903149e-03,-16.787098,60,6764,0
gbr_Latn,408560,721,4105,90910,4.18361402e-03,-16.894205,143,10708,0
gcf_Latn,1604056,988,4773,89932,1.08894936e-03,-18.229351,258,67389,0
gcr_Latn,596086,888,3762,92100,2.98034773e-03,-17.246346,163,26871,0
gde_Latn,855589,160,2701,93700,2.10047090e-03,-17.613447,145,17787,0
gdg_Latn,460070,480,4467,90312,3.69840403e-03,-17.010880,128,10967,0
gdn_Latn,1405063,81,2753,93265,1.27364367e-03,-18.109074,145,23906,0
gdr_Latn,1459501,111,3644,91379,1.21565593e-03,-18.135242,158,24452,0
geb_Latn,1028135,213,2821,93759,1.75445028e-03,-17.794083,130,17527,0
gej_Latn,301518,462,2157,94864,5.97897204e-03,-16.579706,65,6763,0
gfk_Latn,1126386,82,3634,91477,1.56534558e-03,-17.883492,140,23745,0
ghe_Deva,522860,72,1319,97913,3.59899722e-03,-17.118935,59,11062,0
ghs_Latn,1371697,76,2681,93325,1.31420676e-03,-18.078365,139,29407,0
gid_Latn,423953,623,4314,90934,4.05722942e-03,-16.925144,116,11033,0
gil_Latn,2117712,1076,5412,90152,8.02053130e-04,-18.537588,604,100000,0
giz_Latn,1421380,766,5832,88025,1.19233026e-03,-18.117222,130,34343,0
gjn_Latn,1282580,676,4543,90055,1.34647870e-03,-18.018438,112,30192,0
gkn_Latn,2451585,1129,5329,90359,7.11908401e-04,-18.659107,306,77520,0
gla_Latn,4530840,2304,10303,82819,3.48084038e-04,-19.287479,1305,100000,0
gle_Latn,5465689,2090,9391,83368,2.90609964e-04,-19.474548,1133,100000,0
glg_Latn,3493821,2710,13461,79429,4.30895098e-04,-19.032265,1139,100000,0
glk_Arab,932699,828,3690,95373,1.88108925e-03,-17.741455,579,22263,0
glv_Latn,2684400,1419,7113,86841,6.22444195e-04,-18.753691,606,60970,0
gmh_Latn,85270,1306,3885,92202,1.86823366e-02,-15.411914,58,3042,0
gmv_Ethi,465725,19,524,99064,4.06373425e-03,-17.009174,13,10916,0
gmv_Latn,1120235,751,5114,89100,1.52466477e-03,-17.883495,141,30907,0
gna_Latn,523751,176,2411,95440,3.47561543e-03,-17.128237,104,10888,0
gnb_Latn,422775,477,3908,91679,4.06567215e-03,-16.931225,94,11064,0
gnd_Latn,814512,249,3235,93546,2.18903041e-03,-17.570505,122,13375,0
gng_Latn,772210,206,3149,92920,2.30885868e-03,-17.510496,119,17738,0
gnn_Latn,1166255,280,2109,95432,1.57985468e-03,-17.916592,164,15289,0
gnw_Latn,1842223,283,4134,90931,9.48529230e-04,-18.378454,179,36657,0
goa_Latn,35107,560,1686,95837,4.18330739e-02,-14.644472,28,1598,0
gof_Ethi,416290,8,526,99076,4.54644235e-03,-16.897053,19,11001,0
gof_Latn,613257,269,4042,91413,2.83598378e-03,-17.288509,128,17756,0
gog_Latn,554618,399,4148,90516,3.09795128e-03,-17.190296,139,14102,0
goh_Latn,9441,1240,2353,94935,9.67355138e-02,-13.796722,9,306,0
gom_Deva,145371,263,2037,97374,1.21518042e-02,-15.896592,78,3496,0
gom_Latn,2196617,1935,10263,81807,6.99656103e-04,-18.577040,321,77660,0
gor_Latn,654088,722,4579,89548,2.57113921e-03,-17.365936,89,13438,0
gos_Latn,38519,891,2559,94521,3.80529418e-02,-14.725354,31,3946,0
got_Goth,2798990,97,1192,98695,7.37995549e-03,-16.408777,230,7413,0
got_Latn,104051,761,2707,93992,1.58868527e-02,-15.593228,59,4657,0
gqr_Latn,794834,180,2817,93185,2.26068048e-03,-17.534431,128,17816,0
grc_Grek,6041329,71,715,99306,3.14154000e-04,-19.571589,202,100000,0
grt_Beng,754611,28,660,99169,2.52810708e-03,-17.484865,84,13469,0
gso_Latn,733891,426,3786,91232,2.37388171e-03,-17.464390,162,18608,0
gsw_Latn,3394424,2643,13190,79311,4.38294337e-04,-19.013752,895,93517,0
gub_Latn,3104942,155,2835,93930,5.90554237e-04,-18.884754,260,56520,0
guc_Latn,2692450,1194,6390,87709,6.31400747e-04,-18.749350,378,100000,0
gud_Latn,524588,359,2870,94176,3.36305803e-03,-17.147825,100,11042,0
gug_Latn,2711127,1902,11249,80778,5.74853811e-04,-18.760855,423,100000,0
guh_Latn,1272105,168,2961,92934,1.39713334e-03,-18.012978,193,17659,0
gui_Latn,1009725,563,4130,91397,1.72782269e-03,-17.783861,224,28148,0
guj_Gujr,5996640,1091,2414,98966,3.17213272e-04,-19.558468,1636,100000,0
guj_Latn,151734,2397,7618,86302,1.01625520e-02,-15.954654,85,4070,0
guk_Ethi,723510,17,621,98880,2.64588776e-03,-17.436411,25,13514,0
gul_Latn,753196,200,3235,92578,2.37677053e-03,-17.477819,148,17812,0
gum_Latn,1041563,439,4118,90824,1.67008488e-03,-17.811560,159,19118,0
gun_Latn,670255,239,3104,93294,2.65836220e-03,-17.373556,140,17907,0
guo_Latn,1013671,195,3638,91974,1.74403494e-03,-17.780815,146,17493,0
guq_Latn,550856,302,2392,93982,3.29039454e-03,-17.167606,123,13503,0
gur_Latn,2805667,967,7392,85648,5.85381142e-04,-18.801249,478,77453,0
guu_Latn,422779,284,1934,95498,4.29681280e-03,-16.916742,82,6743,0
guw_Latn,2593496,1243,6466,87703,6.54809707e-04,-18.712877,297,100000,0
gux_Latn,970909,1259,5467,87910,1.72937122e-03,-17.744066,246,27027,0
guz_Latn,244167,964,3925,90987,6.87984763e-03,-16.397631,111,7508,0
gvc_Latn,1285297,134,3024,93368,1.39460329e-03,-18.019449,141,24005,0
gvf_Latn,1133407,57,2883,92585,1.57721115e-03,-17.887980,76,24429,0
gvl_Latn,861245,165,3393,92141,2.06518011e-03,-17.613613,77,17827,0
gvn_Latn,599963,448,2978,92765,2.97081847e-03,-17.256742,143,11212,0
gwi_Latn,970568,223,3107,93572,1.85385459e-03,-17.736975,180,17620,0
gwr_Latn,300326,776,4217,91138,5.68084176e-03,-16.590786,85,6749,0
gya_Latn,1573230,874,5219,89423,1.10458237e-03,-18.209421,244,38815,0
gym_Latn,2543079,1441,6807,87131,6.63967243e-04,-18.692446,274,100000,0
gyr_Latn,2062234,73,3536,91921,8.58024249e-04,-18.489563,123,46436,0
hac_Arab,3404198,1019,3868,96187,6.05308692e-04,-18.883821,1351,28717,0
hae_Latn,582318,305,4213,91014,2.94565992e-03,-17.246191,92,13526,0
hag_Latn,470446,345,2885,92443,3.71031215e-03,-17.030987,97,14200,0
hak_Hani,2005988,1,263,99663,9.67310741e-04,-18.450541,8,29565,0
hak_Latn,664672,543,2690,94494,2.72299061e-03,-17.362316,199,13696,0
hat_Latn,3243489,1948,10208,82409,4.90795759e-04,-18.938932,588,100000,0
hau_Latn,3689995,2149,12135,79644,4.43920083e-04,-19.005188,598,100000,0
hav_Latn,155505,1223,4294,90540,1.06550038e-02,-15.955273,80,7393,0
haw_Latn,225127,599,2653,94121,7.63972050e-03,-16.326731,138,6448,0
hay_Latn,356922,1290,6517,86592,4.54617351e-03,-16.762432,118,13828,0
hbo_Hebr,6584206,26,452,99543,2.92245538e-04,-19.646261,70,100000,0
hbs_Latn,3964012,2295,12891,79509,3.78718804e-04,-19.162342,1100,100000,0
hch_Latn,1199018,1164,5404,89412,1.40864539e-03,-17.966137,298,30840,0
heb_Hebr,4616149,2091,4911,94515,3.84884053e-04,-19.319082,1461,100000,0
heg_Latn,982929,342,4284,90369,1.76834003e-03,-17.749371,155,18356,0
heh_Latn,678516,361,4467,89779,2.51514414e-03,-17.390532,160,18364,0
her_Latn,2206707,1182,6763,86066,7.49707802e-04,-18.558697,268,100000,0
hif_Latn,737743,2178,9115,83875,2.16998158e-03,-17.470119,380,21900,0
hig_Latn,675945,344,2959,93919,2.68461187e-03,-17.370407,146,13520,0
hil_Latn,1856485,1613,9706,83309,8.62765716e-04,-18.385679,492,100000,0
hin_Deva,3474768,2056,6596,92780,5.16304774e-04,-19.006800,1803,100000,0
hin_Latn,1373879,1953,8827,83825,1.16089032e-03,-18.095055,517,34642,0
hix_Latn,1289663,43,2254,95352,1.41661917e-03,-18.024813,127,17476,0
hla_Latn,1096549,111,3919,91594,1.59310815e-03,-17.867189,121,23887,0
hlt_Latn,274296,667,3310,92221,6.26726551e-03,-16.504358,90,6729,0
hmo_Latn,2161488,1507,7229,87313,7.73466015e-04,-18.541883,517,100000,0
hmr_Latn,2430794,217,5173,88916,6.96301988e-04,-18.665174,120,61468,0
hne_Deva,1537462,757,3967,94222,1.18418432e-03,-18.192110,357,50507,0
hnj_Latn,3107857,342,3047,93876,5.93699023e-04,-18.878868,210,61097,0
hnn_Latn,528974,260,3722,92226,3.33401840e-03,-17.135574,73,13501,0
hns_Latn,827450,473,3576,92070,2.12999988e-03,-17.581938,161,19168,0
hoc_Latn,3195,307,704,97948,1.48318659e-01,-13.400584,3,380,0
hoc_Wara,18956,34,188,99810,7.36846657e-02,-14.118984,26,499,0
hop_Latn,523598,394,3302,93206,3.39661128e-03,-17.127544,123,11019,0
hot_Latn,1008917,123,3023,93655,1.78167823e-03,-17.777573,193,23745,0
hra_Latn,1106932,781,5079,89116,1.53339684e-03,-17.877964,216,30616,0
hrx_Latn,860323,1406,6679,87735,1.93353464e-03,-17.630482,190,38051,0
hsb_Latn,985261,2301,9399,84521,1.63175948e-03,-17.762852,525,28261,0
hto_Latn,1043866,272,3332,93104,1.70552076e-03,-17.815357,161,17753,0
hub_Latn,1068564,215,3730,91801,1.62848341e-03,-17.847485,158,23928,0
hui_Latn,3430931,142,3463,90795,5.13658879e-04,-18.990311,218,64883,0
hun_Hung,855480,197,655,99629,2.67048986e-03,-17.434702,339,11832,0
hun_Latn,5247279,2163,11230,81627,2.96028868e-04,-19.434969,943,100000,0
hus_Latn,2524432,1085,7082,86186,6.58914125e-04,-18.689180,344,57511,0
huu_Latn,1100134,75,2919,93709,1.62698434e-03,-17.868977,141,24119,0
huv_Latn,918777,521,4090,91350,1.91995337e-03,-17.677908,243,20043,0
hvn_Latn,700030,524,4404,90623,2.46960722e-03,-17.418159,105,13972,0
hwc_Latn,466355,376,3021,92670,3.83309377e-03,-17.000883,73,10591,0
hye_Armn,6064388,2893,7233,90793,2.87770979e-04,-19.569683,1355,100000,0
hyw_Armn,4467127,307,1022,99331,4.25260344e-04,-19.269022,465,100000,0
ian_Latn,1493406,81,3066,92698,1.19541426e-03,-18.166365,141,30210,0
iba_Latn,2084288,1167,7107,86008,7.99139089e-04,-18.494171,327,100000,0
ibg_Latn,1840913,1185,8327,84585,8.77661008e-04,-18.383762,311,97484,0
ibo_Latn,3771907,2083,11008,80863,4.28303352e-04,-19.056190,531,100000,0
icr_Latn,764322,187,3612,91662,2.31387753e-03,-17.494694,96,17695,0
ido_Latn,834193,2392,9670,84526,1.94231749e-03,-17.588688,544,33665,0
idu_Latn,1658102,1345,5845,88744,1.04331279e-03,-18.258865,203,59832,0
ifa_Latn,2323032,193,5346,89245,7.35228772e-04,-18.614470,230,57138,0
ifb_Latn,1427639,641,5731,88837,1.19251494e-03,-18.126249,169,33099,0
ife_Latn,1059244,100,1845,96609,1.76485270e-03,-17.818115,144,17731,0
ifk_Latn,710490,300,4644,90350,2.41590391e-03,-17.437128,136,17387,0
ifu_Latn,840194,238,3950,91328,2.08873662e-03,-17.593409,141,17672,0
ify_Latn,2483001,317,5754,88356,6.84944244e-04,-18.675303,264,55082,0
ige_Latn,1763941,1238,5199,90077,9.89553048e-04,-18.326677,194,63586,0
ign_Latn,1675970,270,3833,90977,1.03936826e-03,-18.287504,224,28193,0
ike_Cans,2115530,39,740,99213,9.06001723e-04,-18.511494,197,30725,0
ikk_Latn,1995260,555,4390,90729,8.67975689e-04,-18.464979,213,44245,0
ikt_Latn,55307,603,2205,95306,2.82920730e-02,-15.030022,43,1601,0
ikw_Latn,688432,172,3020,93339,2.59887144e-03,-17.396671,144,17829,0
ilb_Latn,361280,379,3956,91332,4.73189385e-03,-16.775686,91,10085,0
ile_Latn,253919,2046,7600,87207,6.39301695e-03,-16.428589,188,14414,0
ilo_Latn,3166262,1755,11781,80232,4.85117276e-04,-18.923798,809,100000,0
imo_Latn,1308280,128,3190,91653,1.36307511e-03,-18.023777,173,23862,0
ina_Latn,1245911,2214,10331,83403,1.27422500e-03,-17.996857,586,56283,0
inb_Latn,882905,287,3147,92847,2.01528995e-03,-17.645700,149,17919,0
ind_Latn,3196576,2470,14711,77307,4.64487056e-04,-18.930117,1114,100000,0
inh_Cyrl,211983,316,2813,96541,8.50474611e-03,-16.244854,137,2521,0
ino_Latn,1367200,106,2421,94758,1.32978503e-03,-18.081820,218,23125,0
iou_Latn,1778138,183,3346,92621,1.00932040e-03,-18.334749,174,32094,0
ipi_Latn,1389011,50,2761,93239,1.28800290e-03,-18.097584,99,19056,0
iqw_Latn,601157,396,3421,92283,2.92799049e-03,-17.266054,105,11059,0
iri_Latn,725677,211,3214,92939,2.45834017e-03,-17.447968,102,17827,0
irk_Latn,663769,377,4551,90783,2.59021928e-03,-17.372240,133,13515,0
iry_Latn,514218,298,3708,91663,3.38433023e-03,-17.114473,92,13449,0
isd_Latn,501685,460,4392,90834,3.45130903e-03,-17.085791,186,10971,0
ish_Latn,2165335,1320,6403,87658,7.85761033e-04,-18.530056,204,88944,0
isl_Latn,3892113,2338,10684,82853,4.04263249e-04,-19.138268,889,100000,0
iso_Latn,2477379,1262,6358,87903,6.87404826e-04,-18.666576,282,100000,0
ita_Latn,2921735,2228,12049,81064,5.27795294e-04,-18.849796,926,100000,0
itl_Cyrl,49566,145,918,98544,3.21658562e-02,-14.935108,19,978,0
itv_Latn,560510,342,4489,90248,3.06519193e-03,-17.197962,159,13512,0
ium_Latn,2352355,261,3228,94169,7.76321210e-04,-18.613791,195,42126,0
ivb_Latn,527687,414,4520,90982,3.26718844e-03,-17.142242,107,11038,0
ivv_Latn,443375,435,4051,91140,3.87809694e-03,-16.972563,137,11031,0
iws_Latn,1738795,73,2810,93721,1.03849142e-03,-18.318064,230,24587,0
ixl_Latn,3521653,367,5409,89082,4.84679627e-04,-19.029335,299,54068,0
izr_Latn,682352,310,3293,92623,2.57971782e-03,-17.396368,184,17843,0
izz_Latn,1913140,550,4615,89819,9.02491507e-04,-18.415903,117,37494,0
jaa_Latn,179605,390,2069,94988,9.72671262e-03,-16.094385,68,4307,0
jac_Latn,1262710,509,4413,90298,1.38232668e-03,-17.994858,240,24475,0
jae_Latn,920573,572,3627,92426,1.91992566e-03,-17.689632,233,21891,0
jam_Latn,1065123,1186,6579,86985,1.57363207e-03,-17.827860,236,32289,0
jav_Java,724553,242,1068,99213,3.39239918e-03,-17.191242,366,6597,0
jav_Latn,4015089,2342,17026,74617,3.54785213e-04,-19.164122,1189,100000,0
jbo_Latn,149827,962,3234,92954,1.13442499e-02,-15.918904,102,12439,0
jbu_Latn,558842,440,3943,90863,3.10982751e-03,-17.190296,152,13500,0
jic_Latn,1080619,198,3309,92999,1.66739334e-03,-17.836838,124,17740,0
jiv_Latn,773310,315,3310,93249,2.29152055e-03,-17.521568,147,17510,0
jmc_Latn,480492,409,4637,89968,3.54497765e-03,-17.049433,145,13528,0
jpn_Jpan,7340738,1699,3802,95774,2.55594986e-04,-19.741663,1055,100000,0
jra_Latn,998275,499,2988,94220,1.86220140e-03,-17.739384,209,19753,0
jun_Orya,431167,10,375,99582,4.35812363e-03,-16.944450,41,6741,0
jvn_Latn,1073820,111,4392,90137,1.62355372e-03,-17.832224,89,23937,0
kaa_Cyrl,1773579,80,2013,97372,1.06256593e-03,-18.333363,173,38209,0
kaa_Latn,952456,585,4313,90988,1.82961664e-03,-17.722132,163,20305,0
kab_Latn,1366551,1685,6996,87299,1.21519289e-03,-18.089947,351,100000,0
kac_Latn,3213976,1135,6534,87620,5.24858969e-04,-18.933146,395,100000,0
kak_Latn,20502,1213,2987,93179,6.00699463e-02,-14.254523,17,165,0
kal_Latn,2556929,1448,7756,86558,6.40102540e-04,-18.722452,305,100000,0
kam_Latn,2608589,1609,7790,85850,6.29316196e-04,-18.731234,562,100000,0
kan_Knda,5736717,1158,2717,98707,3.30638302e-04,-19.514397,1744,100000,0
kan_Latn,146194,2345,7313,86814,1.06678129e-02,-15.912047,83,4121,0
kao_Latn,490628,271,3196,92049,3.57408232e-03,-17.064123,56,13507,0
kap_Cyrl,32622,144,868,98383,4.52776463e-02,-14.591565,18,776,0
kaq_Latn,1074681,84,2909,93531,1.66434190e-03,-17.844374,176,24486,0
kas_Arab,598993,1009,3534,94945,2.90794676e-03,-17.301361,417,10408,0
kas_Deva,396410,1034,3634,94830,4.45276500e-03,-16.874071,382,7226,0
kas_Latn,13870,1690,3331,92574,7.67449899e-02,-14.003031,18,405,0
kat_Geor,5049996,2265,5178,95307,3.64304321e-04,-19.382380,2305,100000,0
kaz_Cyrl,4243082,2091,6952,92404,4.15420738e-04,-19.220144,1867,100000,0
kbc_Latn,1074453,207,3262,93157,1.64074452e-03,-17.854647,190,17609,0
kbd_Cyrl,1428487,257,2353,96626,1.28255945e-03,-18.137501,153,46268,0
kbh_Latn,1120626,192,3622,92926,1.58424954e-03,-17.887203,200,17713,0
kbm_Latn,1280242,117,3255,91951,1.39758339e-03,-18.002022,156,24119,0
kbo_Latn,251843,183,1360,97552,7.28710311e-03,-16.409790,76,4300,0
kbp_Latn,3248906,2057,9523,83964,5.02599281e-04,-18.933861,566,100000,0
kbq_Latn,1309907,199,4218,91145,1.32989283e-03,-18.042864,190,28955,0
kbr_Latn,580781,253,3071,92861,3.05156161e-03,-17.230961,81,12888,0
kby_Latn,56603,932,3124,93130,3.03694871e-02,-14.936069,129,1099,0
kca_Cyrl,40275,399,1611,97564,3.75260171e-02,-14.770985,34,951,0
kcg_Latn,598866,192,2455,94479,3.01953516e-03,-17.258785,110,11045,0
kck_Latn,714953,1121,7095,85421,2.26762758e-03,-17.444368,208,26283,0
kdc_Latn,581373,202,4493,90155,2.93412111e-03,-17.240633,110,17827,0
kde_Latn,878274,880,6386,87182,1.87726193e-03,-17.653694,278,26927,0
kdh_Latn,90175,308,2134,95806,1.85033571e-02,-15.459884,48,1820,0
kdi_Latn,623125,277,4664,89806,2.74165728e-03,-17.304600,76,17817,0
kdj_Latn,526001,311,3872,91477,3.27656638e-03,-17.144802,84,13519,0
kdl_Latn,747479,225,3718,91871,2.31540098e-03,-17.496313,167,17708,0
kdr_Latn,2928,463,849,97953,1.51356173e-01,-13.380363,3,85,0
kea_Latn,2233638,1744,9526,82917,7.15224078e-04,-18.568510,196,100000,0
kei_Latn,4386,447,943,97052,1.34575101e-01,-13.488635,6,226,0
kek_Latn,3619870,1148,7899,84938,4.52111725e-04,-19.051258,277,100000,0
ken_Latn,915639,311,3351,94288,1.94903054e-03,-17.694532,197,17805,0
keo_Latn,274359,640,3222,91882,6.27965227e-03,-16.498701,104,6847,0
ker_Latn,331983,714,3459,92570,5.24349612e-03,-16.686487,105,6741,0
kew_Latn,1138555,167,3464,91704,1.53368012e-03,-17.906406,139,26979,0
kex_Deva,21710,228,1037,98297,6.12054676e-02,-14.289268,34,739,0
kez_Latn,607605,358,3556,92312,2.87894080e-03,-17.283262,169,13488,0
kff_Telu,394845,16,469,99431,4.77872142e-03,-16.850801,33,6762,0
kgf_Latn,1274688,123,3368,92076,1.39186191e-03,-18.007483,114,28674,0
kgk_Latn,1109189,274,3538,92432,1.61930418e-03,-17.859987,173,17217,0
kgp_Latn,1102050,280,2708,94538,1.66175216e-03,-17.856640,196,19199,0
kgr_Latn,353454,494,2477,93461,5.06003283e-03,-16.731682,68,6735,0
kha_Latn,1420901,937,5053,89880,1.22073083e-03,-18.114536,420,34095,0
khk_Cyrl,3843962,1942,6898,90802,4.49529816e-04,-19.123745,1119,100000,0
khm_Khmr,8267362,1579,3592,99294,2.50939108e-04,-19.796141,3052,100000,0
khq_Latn,212888,602,2818,92714,8.11631390e-03,-16.251154,74,6762,0
khs_Latn,1041684,143,2687,93751,1.71764797e-03,-17.815197,162,17585,0
khy_Latn,401349,348,3710,92034,4.30394890e-03,-16.878136,77,11021,0
khz_Latn,1069390,137,3684,92031,1.62633827e-03,-17.851305,193,24568,0
kia_Latn,1677385,767,5560,88644,1.01653697e-03,-18.283737,227,41825,0
kij_Latn,1379899,459,4437,90888,1.25373861e-03,-18.099009,241,32364,0
kik_Latn,2972528,1426,8125,85127,5.44710805e-04,-18.867155,316,100000,0
kin_Latn,2115934,2268,10545,81055,7.32043088e-04,-18.522554,566,100000,0
kir_Cyrl,3776920,1603,6118,93039,4.77861501e-04,-19.086964,1486,100000,0
kiu_Latn,8818367,1515,10080,81542,1.78704218e-04,-19.938652,721,100000,0
kix_Latn,413272,446,3082,92283,4.26607995e-03,-16.889675,150,11038,0
kjb_Latn,1804510,759,5149,88801,9.68769307e-04,-18.333637,313,37135,0
kje_Latn,835114,258,4028,90839,2.08729194e-03,-17.588732,140,17575,0
kjh_Cyrl,1435547,169,2703,96639,1.28925900e-03,-18.132425,232,39529,0
kjs_Latn,1031222,65,3053,92490,1.72374322e-03,-17.798113,139,24469,0
kkc_Latn,691018,140,2854,93320,2.60286617e-03,-17.394932,105,14662,0
kki_Latn,573020,215,4788,89518,2.95090459e-03,-17.227839,78,17827,0
kkj_Latn,941546,276,3312,93012,1.91486272e-03,-17.698593,128,17797,0
kkl_Latn,192316,731,3391,91449,8.83486667e-03,-16.152586,93,2995,0
kle_Deva,337855,116,1107,98073,5.48843345e-03,-16.698580,64,6765,0
klt_Latn,173766,459,2469,93903,9.97126521e-03,-16.058065,81,3724,0
klv_Latn,1048517,131,3306,92577,1.70115080e-03,-17.812246,146,21999,0
kma_Latn,281805,521,2516,93924,6.22987180e-03,-16.528641,78,6754,0
kmb_Latn,2296505,1679,8479,83865,7.00376060e-04,-18.600857,220,100000,0
kmd_Latn,290876,826,4214,91244,5.89463000e-03,-16.555006,109,6703,0
kmg_Latn,458409,765,3973,91289,3.79881353e-03,-16.994852,152,10497,0
kmh_Latn,2400759,156,3885,91905,7.44009443e-04,-18.631968,198,46615,0
kmk_Latn,738979,207,4767,90596,2.33682965e-03,-17.473125,150,17725,0
kmm_Latn,1233451,784,5192,88980,1.37863523e-03,-17.982828,161,29927,0
kmo_Latn,1021507,148,3863,90757,1.71038484e-03,-17.786978,131,24242,0
kmr_Cyrl,327125,93,1248,98036,5.59582026e-03,-16.678825,33,6748,0
kmr_Latn,2623706,1276,7220,86625,6.36030017e-04,-18.729609,344,100000,0
kms_Latn,1121745,132,3129,92518,1.60774364e-03,-17.868082,153,24321,0
kmu_Latn,1302507,161,3053,93232,1.35314753e-03,-18.048168,218,23350,0
kmy_Latn,464839,276,2704,93866,3.82569611e-03,-17.015638,82,11048,0
knc_Arab,389943,602,2269,97186,4.68545866e-03,-16.847673,333,6113,0
knc_Latn,340734,2618,9264,83420,4.55325394e-03,-16.723557,194,9356,0
kne_Latn,709646,223,4465,90588,2.42984746e-03,-17.434004,171,17520,0
knf_Latn,779152,328,3965,91962,2.23542746e-03,-17.532454,150,19074,0
kng_Latn,2073348,1592,7638,85860,7.92341177e-04,-18.500992,462,100000,0
knj_Latn,1267525,137,3274,92115,1.41521321e-03,-17.991268,137,24479,0
knk_Latn,505952,269,3128,92854,3.48586015e-03,-17.097824,123,13427,0
kno_Latn,665547,203,2178,94933,2.70421343e-03,-17.373871,104,13390,0
knv_Latn,3790930,46,3581,91549,4.64471795e-04,-19.099239,121,54786,0
knx_Latn,7247,514,1194,96172,1.11103730e-01,-13.671185,8,351,0
kny_Latn,77210,754,2575,94139,2.11609898e-02,-15.308124,36,3507,0
kog_Latn,1128455,169,2959,93914,1.58767341e-03,-17.895620,161,17787,0
koi_Cyrl,456534,1284,4840,92343,3.79590638e-03,-17.007097,351,13537,0
koo_Latn,2166386,1157,6487,86874,7.71258170e-04,-18.539701,419,100000,0
kor_Hang,8826786,2011,5124,93642,2.06501348e-04,-19.932438,1066,100000,0
kos_Latn,1889108,1197,6798,86579,8.80249636e-04,-18.404118,212,72165,0
kpe_Latn,3668936,922,7182,87337,4.56878480e-04,-19.068623,531,78345,0
kpf_Latn,1511602,503,4963,89641,1.14861807e-03,-18.172764,172,35264,0
kpg_Latn,3037346,350,5137,90548,5.74280454e-04,-18.876028,351,66707,0
kpj_Latn,771661,184,2871,93049,2.31525462e-03,-17.509117,155,17134,0
kpq_Latn,297116,730,3136,92683,5.87589475e-03,-16.573837,97,6764,0
kpr_Latn,1569817,151,3991,91119,1.11781932e-03,-18.216297,166,27728,0
kpv_Cyrl,1440587,1153,4320,94984,1.25191743e-03,-18.144543,1060,37519,0
kpw_Latn,1267251,131,2652,94358,1.44580776e-03,-17.993938,146,23907,0
kpx_Latn,1054949,83,2595,93872,1.70343694e-03,-17.824795,96,24157,0
kpz_Latn,549787,365,3674,92532,3.20735645e-03,-17.177618,142,13549,0
kqa_Latn,43108,316,1219,96550,3.56282648e-02,-14.812432,38,889,0
kqc_Latn,803938,170,3426,91956,2.20074851e-03,-17.548023,106,22286,0
kqe_Latn,772103,170,3813,91664,2.27578690e-03,-17.511314,117,17772,0
kqf_Latn,178772,689,3390,92365,9.48002680e-03,-16.092072,116,4591,0
kql_Latn,48929,222,1591,95977,3.20396372e-02,-14.912645,37,1133,0
kqn_Latn,1982886,1340,7014,86126,8.31903763e-04,-18.455360,350,100000,0
kqo_Latn,721922,147,1642,96400,2.51951713e-03,-17.459949,51,11062,0
kqp_Latn,798901,142,2919,93694,2.25188840e-03,-17.543776,107,17793,0
kqs_Latn,444750,395,3598,92020,3.92024967e-03,-16.971361,65,11046,0
kqw_Latn,549070,164,3068,92549,3.23241534e-03,-17.170019,129,13948,0
kqy_Ethi,668703,19,614,98911,2.84869716e-03,-17.362869,55,13330,0
krc_Cyrl,945800,856,3838,95751,1.93728367e-03,-17.715975,901,23418,0
kri_Latn,2483140,1256,6039,87874,6.90944763e-04,-18.661110,231,100000,0
krj_Latn,705315,281,4736,89870,2.44187575e-03,-17.421108,156,17825,0
krl_Latn,375437,1472,5873,89774,4.45347034e-03,-16.819122,166,9341,0
kru_Deva,928754,36,1265,98060,2.03442676e-03,-17.690876,49,17760,0
krx_Latn,36068,726,2435,94510,4.03593434e-02,-14.666393,20,970,0
ksb_Latn,357130,427,4159,90352,4.73238979e-03,-16.764793,59,11038,0
ksc_Latn,459305,448,4168,91515,3.74781869e-03,-17.010839,143,10977,0
ksd_Latn,2188025,155,4302,91012,8.00161038e-04,-18.549444,189,59612,0
ksf_Latn,584449,538,3284,93311,3.00038353e-03,-17.252708,174,11299,0
ksh_Latn,328785,2003,7579,87330,4.90109739e-03,-16.695745,185,11430,0
ksj_Latn,469099,152,2910,93350,3.77349520e-03,-17.023865,111,10732,0
ksp_Latn,317319,309,3060,92700,5.45383734e-03,-16.648560,76,8240,0
ksr_Latn,1555214,212,4729,89739,1.10472448e-03,-18.212820,157,27341,0
kss_Latn,3274422,762,4596,90324,5.30998408e-04,-18.951910,452,100000,0
ksw_Mymr,4047076,343,942,99467,4.75314614e-04,-19.159115,561,100000,0
ktb_Ethi,617428,5,611,98818,3.05320423e-03,-17.292599,23,13238,0
ktj_Latn,1138068,136,2369,95331,1.60796562e-03,-17.897896,155,17646,0
ktm_Latn,264268,216,3315,92315,6.56348104e-03,-16.459196,99,6181,0
kto_Latn,1667290,75,3863,90976,1.05148209e-03,-18.275906,177,30763,0
ktu_Latn,543935,1341,5683,88712,3.09084112e-03,-17.172462,269,21343,0
ktz_Latn,21885,498,1397,96741,5.97858033e-02,-14.296780,19,357,0
kua_Latn,2203489,1218,7552,85320,7.43454788e-04,-18.558367,329,100000,0
kub_Latn,937249,512,3487,92621,1.90874167e-03,-17.697582,206,17771,0
kud_Latn,1259330,95,3376,92386,1.40079240e-03,-18.004448,127,31123,0
kue_Latn,1081342,83,3469,91401,1.63647177e-03,-17.838224,119,24594,0
kuj_Latn,476384,406,4295,91416,3.60488500e-03,-17.048641,71,11061,0
kum_Cyrl,563900,153,1880,97234,3.31391753e-03,-17.194500,96,13281,0
kup_Latn,1463925,74,3224,93278,1.22855280e-03,-18.145258,154,23283,0
kus_Latn,453601,372,3862,91439,3.80300941e-03,-16.995390,106,13488,0
kvg_Latn,668130,237,3013,93233,2.67430092e-03,-17.366924,136,11146,0
kvj_Latn,463314,284,2501,94284,3.87059696e-03,-17.008413,93,11057,0
kvn_Latn,971895,186,3529,91825,1.82289347e-03,-17.734970,152,17773,0
kwd_Latn,874660,252,2894,93202,2.03844200e-03,-17.638094,131,17670,0
kwf_Latn,912824,483,3738,91772,1.91647548e-03,-17.684330,192,18620,0
kwi_Latn,799214,281,3266,92721,2.22329777e-03,-17.546114,151,17740,0
kwj_Latn,1218340,98,3114,91503,1.45332148e-03,-17.958031,161,24528,0
kwn_Latn,2086163,1084,6602,86160,7.94486607e-04,-18.501776,310,100000,0
kwy_Latn,2016935,1466,8031,85260,8.12162580e-04,-18.469271,472,100000,0
kxc_Ethi,706543,10,469,99025,2.65777024e-03,-17.433395,25,13467,0
kxm_Thai,730125,5,524,99347,2.64714633e-03,-17.440647,16,13492,0
kxw_Latn,560102,269,2704,93490,3.18779212e-03,-17.194036,156,11040,0
kyc_Latn,1216813,329,3444,91656,1.46056583e-03,-17.954729,265,27920,0
kyf_Latn,847038,149,2602,94692,2.11760113e-03,-17.615856,76,17627,0
kyg_Latn,1499220,84,2322,94186,1.20748416e-03,-18.172243,82,27081,0
kyq_Latn,1285882,101,2737,93590,1.41052879e-03,-18.010469,117,24514,0
kyu_Kali,355372,10,399,99600,5.33827695e-03,-16.741770,19,4280,0
kyu_Latn,301004,611,2221,95324,5.98447303e-03,-16.583624,141,4306,0
kyu_Mymr,1030550,9,438,99497,1.86447984e-03,-17.792656,34,13476,0
kyz_Latn,1232306,212,3532,92924,1.42440561e-03,-17.993538,182,16966,0
kze_Latn,1322341,16,1966,95641,1.39330757e-03,-18.044432,85,24039,0
kzf_Latn,523343,387,3757,90740,3.30068977e-03,-17.129377,124,12488,0
kzj_Latn,69451,1279,3839,91846,2.24367386e-02,-15.224924,50,4996,0
kzn_Latn,48113,1209,3644,91500,3.09256145e-02,-14.900265,20,2125,0
lac_Latn,1138180,171,3045,93351,1.57387800e-03,-17.898335,124,17753,0
lad_Hebr,3187,48,210,99706,1.50766915e-01,-13.402001,4,171,0
lad_Latn,309094,2737,10013,83456,5.02419644e-03,-16.625565,278,10070,0
lai_Latn,428879,348,3486,91759,4.04584778e-03,-16.936985,106,11021,0
laj_Latn,723373,357,4655,90447,2.38035751e-03,-17.453024,194,22156,0
lam_Latn,1270961,870,6743,86475,1.29705171e-03,-18.015272,270,43564,0
lao_Laoo,2450372,1310,3075,97963,7.94292812e-04,-18.630404,1795,33981,0
lap_Latn,150691,568,2150,94593,1.15132930e-02,-15.921592,62,4299,0
las_Latn,287136,387,2254,94988,6.20579579e-03,-16.543777,86,6746,0
lat_Latn,2940380,2419,11860,81581,5.24195745e-04,-18.862997,1208,100000,0
law_Latn,452443,647,3725,91743,3.84124705e-03,-16.988705,97,6540,0
lbb_Latn,60579,151,1830,94771,2.61685662e-02,-15.102415,45,1700,0
lbe_Cyrl,4746,209,609,98829,1.33369323e-01,-13.515779,8,182,0
lbj_Tibt,695100,55,679,99410,2.76884837e-03,-17.396332,125,10380,0
lbk_Latn,720438,376,4444,90603,2.40247720e-03,-17.445498,102,17600,0
lcm_Latn,1075366,182,3980,91555,1.62628323e-03,-17.846153,239,27324,0
lcp_Thai,258282,18,503,99352,7.30274010e-03,-16.425930,18,4281,0
ldi_Latn,1145277,1413,7192,86013,1.43330153e-03,-17.910028,280,51424,0
ldn_Latn,977,129,267,99121,1.80571177e-01,-13.215727,1,106,0
lea_Latn,59378,907,3022,92998,2.62022327e-02,-15.082244,63,3217,0
led_Latn,76230,750,2350,94245,2.14023248e-02,-15.297909,39,3688,0
lee_Latn,925478,144,2471,95547,2.00104090e-03,-17.681461,125,17731,0
lef_Latn,600391,296,2922,93038,2.95289147e-03,-17.265734,69,13442,0
leh_Latn,1813651,813,6113,87470,9.24515780e-04,-18.365292,285,55845,0
lem_Latn,1140375,194,3310,93401,1.56162623e-03,-17.906685,90,17770,0
leu_Latn,1559694,115,3510,92492,1.14626561e-03,-18.206123,189,35286,0
lew_Latn,554334,386,4242,90267,3.10681396e-03,-17.184685,211,13383,0
lex_Latn,1145685,402,5214,89635,1.48615831e-03,-17.915062,202,19181,0
lez_Cyrl,9091,322,1014,98186,1.01966877e-01,-13.777726,15,337,0
lfn_Cyrl,89162,299,1367,97899,1.89310415e-02,-15.458644,106,5655,0
lfn_Latn,138327,1146,4312,91410,1.19595002e-02,-15.849339,117,12192,0
lgg_Latn,314503,1216,4735,89654,5.35724517e-03,-16.633018,100,9264,0
lgl_Latn,493555,251,2519,93817,3.59641343e-03,-17.076920,76,10951,0
lgm_Latn,344428,396,3598,91952,4.99537960e-03,-16.728264,58,11059,0
lhi_Latn,592406,182,1723,96437,3.13085179e-03,-17.243095,105,10945,0
lhu_Latn,2628482,227,2012,96549,7.18864986e-04,-18.715643,297,72409,0
lia_Latn,619351,307,3328,92519,2.83371423e-03,-17.301336,88,13468,0
lid_Latn,1289981,160,3783,91514,1.37334474e-03,-18.014753,204,27185,0
lif_Deva,1605537,34,895,98467,1.19901457e-03,-18.223732,96,24326,0
lif_Limb,769269,6,402,99577,2.51586293e-03,-17.493826,28,10950,0
lij_Latn,1620287,1994,11743,81444,9.49695353e-04,-18.267040,581,35338,0
lim_Latn,3372400,2261,12730,79586,4.43086901e-04,-19.006338,948,100000,0
lin_Latn,2323264,2021,9749,82970,6.83036778e-04,-18.615196,356,100000,0
lip_Latn,834371,228,3572,92366,2.13793621e-03,-17.581429,95,17701,0
lis_Lisu,370248,4,255,99712,5.13475230e-03,-16.781765,14,6732,0
lit_Latn,5035277,1719,9381,83502,3.17264971e-04,-19.388399,648,100000,0
liv_Latn,29844,976,2429,95301,4.68758942e-02,-14.525047,28,625,0
ljp_Latn,514970,387,4515,89834,3.34806640e-03,-17.105091,81,13436,0
lki_Arab,6772,288,1017,98387,1.16267217e-01,-13.648528,7,211,0
llb_Latn,533242,1609,6559,86065,3.06180885e-03,-17.151608,142,25228,0
lld_Latn,17059,762,2003,95380,6.96762180e-02,-14.129520,16,814,0
llg_Latn,712943,370,3853,91152,2.45656835e-03,-17.429274,195,14230,0
lln_Latn,374002,1035,4050,90950,4.60965034e-03,-16.797668,189,8245,0
lmk_Latn,803056,726,4917,89391,2.13506072e-03,-17.550035,166,17821,0
lmo_Latn,2262415,2488,13833,79035,6.59424282e-04,-18.601789,768,58536,0
lmp_Latn,558498,515,2831,94525,3.24084923e-03,-17.188540,183,11043,0
lnd_Latn,942916,720,4469,90438,1.86427329e-03,-17.697304,161,25726,0
lob_Latn,551755,322,3255,93322,3.20930949e-03,-17.185511,98,13529,0
loe_Latn,304177,980,4403,90082,5.55797037e-03,-16.600998,103,6830,0
log_Latn,672793,239,2163,95738,2.73112640e-03,-17.372412,81,11018,0
lok_Latn,309138,431,2586,93880,5.65914999e-03,-16.624254,43,6752,0
lol_Latn,373717,392,3647,92500,4.62840530e-03,-16.810507,85,11060,0
lom_Latn,513303,375,3024,93745,3.45448006e-03,-17.116417,121,11043,0
loq_Latn,270494,886,4009,91338,6.28435705e-03,-16.492014,87,7481,0
loz_Latn,2132685,1459,8473,83589,7.46200453e-04,-18.534184,333,100000,0
lrc_Arab,5693,274,886,98587,1.24769040e-01,-13.579986,6,168,0
lsi_Latn,713996,387,2768,93400,2.49259547e-03,-17.439077,126,10998,0
lsm_Latn,563705,391,4566,89833,3.02611180e-03,-17.206184,112,13528,0
ltg_Latn,560060,2006,8667,85901,2.85438782e-03,-17.219849,327,14559,0
ltz_Latn,3559590,2360,11592,81489,4.31038236e-04,-19.057537,1045,100000,0
lua_Latn,2219293,1726,8083,85060,7.29435146e-04,-18.574352,363,100000,0
lub_Latn,2059084,1397,7357,85743,7.92688958e-04,-18.499189,421,100000,0
luc_Latn,372647,308,1952,96434,4.94183568e-03,-16.786633,79,7040,0
lud_Latn,15402,1016,2322,94973,7.39067202e-02,-14.066299,13,554,0
lue_Latn,2053052,1296,6469,87002,8.11028038e-04,-18.490894,352,100000,0
lug_Latn,3014212,1628,9710,81992,5.22858389e-04,-18.870577,372,100000,0
lun_Latn,2181710,1272,6884,86260,7.56953074e-04,-18.551331,248,100000,0
luo_Latn,2395458,1647,10364,81359,6.47113081e-04,-18.649616,263,100000,0
lus_Latn,2513203,1415,7543,86115,6.54076922e-04,-18.695724,406,100000,0
lvs_Latn,5049054,1916,9587,83623,3.16868359e-04,-19.391098,791,100000,0
lwg_Latn,25723,922,2450,93762,5.15867749e-02,-14.413005,28,1392,0
lwo_Latn,910197,215,3679,92786,1.93597739e-03,-17.685194,148,17490,0
lww_Latn,1121514,181,3429,92344,1.57334270e-03,-17.887829,226,17549,0
lzh_Hani,2228458,8,247,99657,8.74336641e-04,-18.551535,16,97818,0
maa_Latn,2263833,297,3747,92072,7.91685548e-04,-18.571672,149,38068,0
mad_Latn,2649039,1868,12922,78353,5.62528389e-04,-18.752048,324,44560,0
maf_Latn,398808,508,3750,92082,4.36497209e-03,-16.864578,140,11056,0
mag_Deva,592182,248,2580,97002,3.12554577e-03,-17.250633,295,12847,0
mah_Latn,2814800,1236,7171,86920,5.92946286e-04,-18.803150,355,100000,0
mai_Deva,2368270,1532,5003,95604,8.10134007e-04,-18.586281,1839,43579,0
maj_Latn,835163,151,2872,93713,2.14962903e-03,-17.590452,134,17827,0
mak_Latn,1853300,1964,12920,78343,7.95395248e-04,-18.405523,246,26049,0
mal_Latn,397183,2104,7420,86090,4.05241969e-03,-16.871590,236,10693,0
mal_Mlym,6127754,2151,4575,97003,3.04902901e-04,-19.578014,2825,100000,0
mam_Latn,3674137,1220,8373,84689,4.47233077e-04,-19.059172,429,100000,0
maq_Latn,930977,166,2830,93725,1.94504969e-03,-17.690588,174,17793,0
mar_Deva,3208416,1272,4445,96095,5.76398041e-04,-18.931805,1755,100000,0
mar_Latn,98676,2287,6707,87795,1.55598358e-02,-15.545822,48,3924,0
mas_Latn,1204952,1051,6833,86448,1.35254148e-03,-17.973068,220,31948,0
mau_Latn,2846256,1038,5864,88308,5.98105466e-04,-18.810329,276,100000,0
mav_Latn,1767445,851,5403,89685,9.79445793e-04,-18.332582,427,23723,0
maw_Latn,802029,211,3114,93074,2.22192948e-03,-17.550529,71,17707,0
max_Latn,2948,401,806,97017,1.49724990e-01,-13.381597,5,333,0
maz_Latn,1014374,143,3104,92924,1.77455188e-03,-17.773745,109,17588,0
mbb_Latn,2685880,182,5664,88632,6.40755108e-04,-18.745111,203,55597,0
mbc_Latn,1459192,606,4818,90448,1.19259782e-03,-18.144152,306,25471,0
mbd_Latn,527825,395,3846,91933,3.32679398e-03,-17.134562,96,10885,0
mbf_Latn,240605,597,3090,92256,7.24036054e-03,-16.360407,68,6748,0
mbh_Latn,1164605,108,3379,92180,1.51008503e-03,-17.927088,179,24424,0
mbi_Latn,580392,401,3882,91567,3.01602576e-03,-17.228642,102,11002,0
mbj_Latn,990848,143,3048,94192,1.83199944e-03,-17.755438,154,17676,0
mbl_Latn,887053,66,1342,97146,2.11087543e-03,-17.644623,104,17712,0
mbs_Latn,817143,280,3777,91538,2.16186678e-03,-17.561293,154,18964,0
mbt_Latn,736861,170,3999,91446,2.37659255e-03,-17.465591,113,17750,0
mca_Latn,1480323,154,3978,92147,1.19610832e-03,-18.159822,221,24591,0
mcb_Latn,939572,111,2742,94005,1.89600672e-03,-17.719109,133,17596,0
mcd_Latn,1429441,359,3318,92610,1.24370778e-03,-18.125811,249,26561,0
mcf_Latn,1026868,118,2382,94960,1.78483824e-03,-17.789639,112,17567,0
mck_Latn,2454775,1169,7329,85146,6.63922444e-04,-18.669468,295,100000,0
mcn_Latn,1141940,793,5333,88423,1.49012490e-03,-17.898783,111,30781,0
mco_Latn,3094672,1459,7913,85896,5.30787959e-04,-18.902040,261,100000,0
mcp_Latn,1042257,584,4651,91410,1.69275475e-03,-17.804508,211,22044,0
mcq_Latn,1344107,58,2665,93872,1.32236103e-03,-18.078024,120,31265,0
mcu_Latn,722567,447,3243,93584,2.49944072e-03,-17.438303,110,13492,0
mda_Latn,987892,134,2311,95636,1.85737613e-03,-17.756895,185,17774,0
mdf_Cyrl,597279,1071,3808,94733,3.00396552e-03,-17.266640,598,16365,0
mdy_Ethi,3789499,7,536,99074,5.09428160e-04,-19.085844,23,67085,0
med_Latn,1291928,124,2954,93790,1.39107081e-03,-18.026495,129,23245,0
mee_Latn,1229289,88,3220,92273,1.43769840e-03,-17.977219,111,24514,0
mej_Latn,753742,258,2982,93446,2.39718863e-03,-17.478598,158,13341,0
mek_Latn,1283180,121,2816,93871,1.39934589e-03,-18.021427,214,24096,0
men_Latn,601771,505,4180,90933,2.85678653e-03,-17.275936,179,16422,0
meq_Latn,898985,167,3034,93239,1.99468865e-03,-17.660189,94,17804,0
mer_Latn,78103,1090,3427,92439,2.04053680e-02,-15.326262,26,3326,0
met_Latn,260730,596,2980,92998,6.64449451e-03,-16.454300,69,6728,0
meu_Latn,2803905,1158,7439,86418,5.90299258e-04,-18.801832,447,100000,0
mev_Latn,5125,319,807,98129,1.29278256e-01,-13.539826,8,277,0
mfe_Latn,2215982,1029,7447,86019,7.43644584e-04,-18.566271,275,100000,0
mfg_Latn,57570,550,2079,94330,2.73266566e-02,-15.054447,17,1598,0
mfh_Latn,655994,308,3151,93412,2.71670326e-03,-17.353111,133,13516,0
mfi_Latn,940837,228,3852,91542,1.87238525e-03,-17.705095,133,17796,0
mfk_Latn,749947,169,3066,93170,2.34908902e-03,-17.495909,77,17787,0
mfq_Latn,925669,520,3465,92708,1.88742278e-03,-17.709753,209,21554,0
mfy_Latn,869209,656,5594,88807,1.94982328e-03,-17.634237,190,19912,0
mfz_Latn,670551,257,3285,93275,2.65911888e-03,-17.373068,138,13402,0
mgc_Latn,182581,470,2731,93393,9.51645832e-03,-16.099304,50,5026,0
mgh_Latn,2114622,924,7584,85857,7.74204660e-04,-18.524113,407,78930,0
mgm_Latn,4089,678,1232,96535,1.36712766e-01,-13.467534,7,179,0
mgo_Latn,548581,360,2310,95372,3.31031459e-03,-17.176252,155,11133,0
mgr_Latn,2360733,1071,7281,85957,6.94774380e-04,-18.633526,305,100000,0
mhi_Latn,469636,395,3670,91155,3.66362354e-03,-17.029619,106,13542,0
mhl_Latn,800819,215,3205,92698,2.22971427e-03,-17.542984,186,17037,0
mhr_Cyrl,2679203,1300,4760,95195,6.75921145e-04,-18.763117,1510,100000,0
mhw_Latn,9969,555,1428,96153,9.57201325e-02,-13.820023,12,524,0
mhx_Latn,1080572,207,2498,94372,1.70995775e-03,-17.826286,161,17532,0
mhy_Latn,505118,391,4783,89171,3.35132007e-03,-17.096712,104,13427,0
mib_Latn,1162896,66,2622,94458,1.57611807e-03,-17.908701,136,24577,0
mic_Latn,1017544,119,2773,94468,1.75665932e-03,-17.800358,108,17716,0
mie_Latn,853964,97,2212,95131,2.16319269e-03,-17.599180,131,17822,0
mif_Latn,896561,150,2685,94240,2.01578034e-03,-17.660349,112,17711,0
mig_Latn,777847,127,2592,93964,2.33880227e-03,-17.508783,115,17825,0
mih_Latn,729382,105,2425,94662,2.49195197e-03,-17.452757,125,17758,0
mil_Latn,1213541,71,1948,96274,1.55027159e-03,-17.944279,118,17720,0
mim_Latn,417801,402,2208,95120,4.34642294e-03,-16.901297,126,6759,0
min_Arab,42941,156,1120,98536,3.56429465e-02,-14.832381,34,847,0
min_Latn,3644800,2148,15409,75682,3.98682155e-04,-19.061642,651,100000,0
mio_Latn,740692,209,2163,94750,2.45949373e-03,-17.466797,141,17742,0
mip_Latn,239144,734,2932,93048,7.25412414e-03,-16.367056,99,6764,0
miq_Latn,2705329,1223,6794,87230,6.21602170e-04,-18.759514,327,86132,0
mir_Latn,1147374,160,3134,93697,1.56431196e-03,-17.908131,170,16801,0
mit_Latn,1012501,157,3171,93184,1.78545654e-03,-17.770412,156,17430,0
miy_Latn,1015433,147,2536,94904,1.77640778e-03,-17.793783,220,17828,0
miz_Latn,912833,146,2840,94426,1.99823932e-03,-17.671061,120,17822,0
mjc_Latn,810755,116,2388,94805,2.25742004e-03,-17.553110,141,17745,0
mjw_Latn,452339,550,3615,90970,3.82772246e-03,-16.983770,99,11088,0
mkd_Cyrl,4356875,2197,6979,91195,3.96895060e-04,-19.252594,1333,100000,0
mkl_Latn,780475,106,1879,96277,2.34269761e-03,-17.531437,139,17702,0
mkn_Latn,877684,411,4425,89645,1.98891765e-03,-17.623777,148,18360,0
mks_Latn,966571,106,2285,95019,1.90664331e-03,-17.724243,122,17827,0
mkz_Latn,27831,727,1962,94540,4.93568530e-02,-14.465457,27,1446,0
mlh_Latn,1761374,120,3792,91010,9.95149055e-04,-18.331343,136,31269,0
mlp_Latn,1371864,115,3141,92504,1.30000943e-03,-18.080391,230,24038,0
mlt_Latn,5386529,1696,10272,81941,2.90745317e-04,-19.456818,720,100000,0
mlu_Latn,18177,570,1631,95815,6.69534587e-02,-14.173932,19,815,0
mmn_Latn,501446,270,3452,92056,3.49984868e-03,-17.085188,76,11023,0
mmo_Latn,1265163,91,3148,92459,1.41867061e-03,-17.992556,75,24576,0
mmx_Latn,1312481,204,4033,91266,1.33802078e-03,-18.038097,216,28734,0
mna_Latn,1519749,233,4320,90800,1.15059644e-03,-18.183889,244,33077,0
mnb_Latn,558829,317,4094,90356,3.05409831e-03,-17.202784,94,13514,0
mnf_Latn,674939,254,2821,94903,2.69014487e-03,-17.378771,172,13467,0
mni_Beng,2820060,244,1486,98930,6.74412232e-04,-18.803837,649,41766,0
mni_Latn,24695,1315,3079,92712,5.26384183e-02,-14.381562,19,889,0
mni_Mtei,217281,32,337,99692,8.41405033e-03,-16.287693,57,3424,0
mnk_Latn,520943,419,3343,92178,3.36800875e-03,-17.124910,167,13537,0
mns_Cyrl,40871,473,1869,97226,3.70663373e-02,-14.779840,55,971,0
mnw_Mymr,25183,20,372,99565,5.57172546e-02,-14.396031,9,291,0
mnx_Latn,453070,532,2870,93183,3.92919311e-03,-16.981642,80,6272,0
mny_Latn,868603,1523,8214,84566,1.84621023e-03,-17.639908,156,41872,0
moa_Latn,1141409,161,2396,94686,1.57471776e-03,-17.912001,107,17800,0
moc_Latn,966123,440,3614,92413,1.82042504e-03,-17.742708,168,18050,0
mog_Latn,654874,336,4129,90522,2.64782127e-03,-17.347366,90,13436,0
moh_Latn,70263,339,2131,95061,2.30051971e-02,-15.234309,30,1569,0
mop_Latn,986286,431,4041,91401,1.76600204e-03,-17.762049,245,18531,0
mor_Latn,601245,175,2722,94115,2.94882926e-03,-17.278620,25,13526,0
mos_Latn,2840499,1345,6577,87255,5.90419234e-04,-18.811268,299,100000,0
mox_Latn,1554636,85,3204,93022,1.14734335e-03,-18.210897,165,30851,0
mpg_Latn,663782,184,3449,91151,2.63004581e-03,-17.361027,90,17806,0
mph_Latn,63712,256,1816,95679,2.56828780e-02,-15.130685,48,1016,0
mpm_Latn,889429,166,2890,93375,2.02636005e-03,-17.645893,88,17709,0
mpp_Latn,619105,90,2820,92541,2.85907679e-03,-17.292664,87,13388,0
mps_Latn,3730925,247,4421,90118,4.68632071e-04,-19.074568,235,62082,0
mpt_Latn,1721817,42,3093,92497,1.02827505e-03,-18.314804,125,30449,0
mpx_Latn,1164016,244,4359,90683,1.48911022e-03,-17.924702,181,28162,0
mqb_Latn,892409,209,3665,92141,1.98477297e-03,-17.653326,159,17749,0
mqj_Latn,950505,366,4785,89850,1.81421991e-03,-17.717997,316,24541,0
mqy_Latn,424170,678,4564,90005,4.00835711e-03,-16.926994,123,11063,0
mrg_Latn,461943,665,3540,92335,3.79920625e-03,-17.006142,78,9720,0
mri_Latn,2604375,2016,8279,86626,6.33967470e-04,-18.732868,896,73030,0
mrj_Cyrl,912836,1798,6456,90367,1.86736670e-03,-17.694860,449,32843,0
mrq_Latn,16290,397,1108,97270,7.30110563e-02,-14.102390,19,827,0
mrv_Latn,2750,325,671,98005,1.53520430e-01,-13.366695,4,137,0
mrw_Latn,1353944,456,5081,89946,1.26747904e-03,-18.077690,96,32855,0
msb_Latn,642666,267,4858,89606,2.67548732e-03,-17.326801,163,17760,0
msc_Latn,145377,428,2571,93577,1.17244011e-02,-15.892623,43,4006,0
mse_Latn,371235,445,3506,91688,4.66173812e-03,-16.794514,58,11044,0
msk_Latn,785172,200,4138,90941,2.22293387e-03,-17.526894,127,17461,0
msm_Latn,694797,213,4384,90430,2.49919591e-03,-17.404118,187,17525,0
msy_Latn,1220221,128,3095,93021,1.46436354e-03,-17.966915,159,23880,0
mta_Latn,871803,198,3546,92003,2.03248076e-03,-17.628075,84,17707,0
mtg_Latn,834907,398,3618,91720,2.12458373e-03,-17.580675,184,10910,0
mti_Latn,1328972,88,3736,91575,1.32360600e-03,-18.052309,126,37906,0
mtj_Latn,751534,253,2752,93743,2.41237398e-03,-17.475456,160,13341,0
mto_Latn,1553331,120,3384,92948,1.14584257e-03,-18.211411,198,24568,0
mtp_Latn,1056480,131,2299,95196,1.72635932e-03,-17.825434,104,17826,0
mua_Latn,412211,359,2846,93536,4.32019531e-03,-16.890556,112,11045,0
mug_Latn,1241559,1037,5766,88115,1.35982758e-03,-17.986795,234,30584,0
muh_Latn,1122129,333,3179,93079,1.60435416e-03,-17.876238,159,17927,0
mui_Latn,317111,2328,9036,83548,4.94694172e-03,-16.642162,115,2590,0
mup_Deva,305759,74,1275,98097,6.04840268e-03,-16.601673,37,6754,0
mur_Latn,588941,361,4312,90860,2.93448442e-03,-17.248299,88,13305,0
mus_Latn,6059,458,1013,97808,1.21248864e-01,-13.600672,5,406,0
mux_Latn,2173959,113,3542,91923,8.22582111e-04,-18.531769,203,30379,0
muy_Latn,948976,196,3724,92108,1.87038164e-03,-17.712330,113,17784,0
mva_Latn,1473916,107,3858,91201,1.19061081e-03,-18.154110,166,31340,0
mvn_Latn,949157,183,3391,92533,1.83444162e-03,-17.736336,150,17532,0
mvp_Latn,513640,364,4354,89945,3.31165794e-03,-17.117260,123,13386,0
mwc_Latn,198024,754,3712,91328,8.47161479e-03,-16.193247,103,5701,0
mwf_Latn,20074,258,895,96839,6.39299141e-02,-14.230773,17,268,0
mwl_Latn,1159738,2163,10429,83142,1.35531083e-03,-17.932030,555,29497,0
mwm_Latn,1907262,531,3890,92105,9.38168452e-04,-18.402266,212,34765,0
mwn_Latn,912907,1174,5734,88097,1.85255118e-03,-17.677385,104,45676,0
mwp_Latn,249327,418,2469,93608,7.04217060e-03,-16.402710,90,4930,0
mwq_Latn,599362,403,3628,92188,2.94326524e-03,-17.259821,147,13480,0
mwv_Latn,547952,828,4908,89219,3.08523883e-03,-17.179976,130,13480,0
mww_Latn,2783028,830,4219,92064,6.47138463e-04,-18.773190,199,100000,0
mxb_Latn,923373,165,2648,94135,1.97053706e-03,-17.681934,188,17827,0
mxp_Latn,1100966,251,3490,93223,1.59892711e-03,-17.881172,180,17765,0
mxq_Latn,962748,180,3391,93582,1.83641660e-03,-17.746532,135,17822,0
mxt_Latn,769284,143,2728,94203,2.35623704e-03,-17.503897,138,17738,0
mxv_Latn,2753631,1321,6807,87543,6.19588583e-04,-18.766340,273,100000,0
mya_Mymr,5885845,1437,3627,98845,3.92045140e-04,-19.345442,2843,100000,0
myb_Latn,725805,192,3302,92218,2.42602202e-03,-17.453413,68,17794,0
myk_Latn,868237,329,3724,91932,2.05453850e-03,-17.616508,185,17969,0
myu_Latn,1133730,215,3592,92242,1.57162283e-03,-17.887817,184,17307,0
myv_Cyrl,1852309,1103,4026,95814,9.88535521e-04,-18.389450,1237,46588,0
myw_Latn,973924,110,3855,92569,1.82450697e-03,-17.742155,97,20830,0
myx_Latn,984361,574,4862,89325,1.73749716e-03,-17.755346,218,24108,0
myy_Latn,945313,172,2828,93781,1.90109163e-03,-17.714045,117,17572,0
mza_Latn,940927,149,2683,93538,1.90807634e-03,-17.707783,128,17806,0
mzh_Latn,1410838,628,4822,90434,1.23229592e-03,-18.111252,221,30095,0
mzk_Latn,605642,287,2965,93241,2.95729744e-03,-17.266422,107,13518,0
mzl_Latn,677993,404,3198,93310,2.61131374e-03,-17.391584,164,11046,0
mzm_Latn,768605,292,2844,93390,2.36621990e-03,-17.491001,183,17809,0
mzn_Arab,794153,1276,4007,94975,2.25388047e-03,-17.556471,735,25413,0
mzw_Latn,700354,315,3881,91516,2.48792314e-03,-17.420576,144,17739,0
mzz_Latn,69356,142,1970,94884,2.33760747e-02,-15.216453,32,1662,0
nab_Latn,1668111,67,1454,98155,1.12863257e-03,-18.281052,211,17051,0
naf_Latn,1644303,86,3781,91710,1.07548355e-03,-18.261372,159,30339,0
nah_Latn,622285,1687,7062,86140,2.70316925e-03,-17.277060,157,14383,0
nak_Latn,1298495,76,2762,93447,1.38665250e-03,-18.026012,100,24401,0
nan_Latn,1452702,2148,7957,87968,1.15907078e-03,-18.144865,330,41646,0
nap_Latn,876521,2096,9741,83857,1.80972050e-03,-17.651451,414,26109,0
naq_Latn,2763209,1218,5871,88953,6.26169228e-04,-18.771753,356,92558,0
nas_Latn,1236795,147,3634,92906,1.43396121e-03,-17.986658,208,24606,0
nav_Latn,3552091,1232,6267,88660,4.79582776e-04,-19.035158,328,81124,0
naw_Latn,804230,183,2714,93739,2.24584788e-03,-17.546942,134,17827,0
nba_Latn,2017672,1249,6253,87735,8.33268428e-04,-18.472231,427,100000,0
nbc_Latn,399699,476,3348,91464,4.34629993e-03,-16.862131,111,10982,0
nbe_Latn,418569,508,3169,92334,4.19637457e-03,-16.906702,139,11062,0
nbl_Latn,2393256,1227,7674,84604,6.78273402e-04,-18.641697,248,100000,0
nbq_Latn,174209,748,3303,92326,9.78146968e-03,-16.060347,98,3157,0
nbu_Latn,1300958,686,4532,90451,1.34667493e-03,-18.022680,177,30552,0
nca_Latn,1104450,107,2962,92700,1.61882841e-03,-17.863176,116,24465,0
nch_Latn,2297140,1233,6781,87091,7.30690394e-04,-18.596230,307,100000,0
ncj_Latn,2268273,1140,6900,86786,7.38361733e-04,-18.582277,321,100000,0
ncl_Latn,1062874,204,3248,93107,1.68280752e-03,-17.828796,140,17768,0
ncq_Laoo,269832,12,376,99590,7.02851687e-03,-16.466597,18,4269,0
nct_Latn,411542,801,4767,88959,4.07587161e-03,-16.898602,108,11027,0
ncu_Latn,971642,192,2600,93890,1.85605790e-03,-17.739180,139,17218,0
ncx_Latn,1881840,1417,7094,86508,8.91286582e-04,-18.390837,210,100000,0
ndc_Latn,2404025,1225,7895,83498,6.65609973e-04,-18.647385,282,100000,0
nde_Latn,2482273,1178,7174,85443,6.58070833e-04,-18.681803,236,100000,0
ndh_Latn,12617,662,1538,95678,8.39776208e-02,-13.945949,18,625,0
ndi_Latn,622463,320,2566,94780,2.91497748e-03,-17.297207,93,11030,0
ndj_Latn,629396,210,3856,91185,2.74804144e-03,-17.317513,125,17827,0
ndo_Latn,2122184,1213,7742,84763,7.62916648e-04,-18.525976,338,100000,0
ndp_Latn,471724,268,3106,91735,3.67958598e-03,-17.031614,102,13523,0
nds_Latn,3081975,2045,10985,81777,4.99978466e-04,-18.912697,770,100000,0
ndy_Latn,252283,593,2731,93223,6.93914638e-03,-16.413326,47,6763,0
ndz_Latn,1016152,107,2031,96259,1.84780481e-03,-17.768555,117,17783,0
neb_Latn,819036,217,2873,93994,2.19871272e-03,-17.570869,88,13396,0
new_Deva,690511,1362,4370,94426,2.64953539e-03,-17.388943,818,25626,0
nfa_Latn,948127,222,3781,91561,1.85880599e-03,-17.712582,143,17143,0
nfr_Latn,503147,275,3131,93086,3.50067386e-03,-17.096079,118,13480,0
ngb_Latn,69080,776,2338,94015,2.33019855e-02,-15.210426,58,3303,0
ngc_Latn,358841,511,4060,91170,4.73435137e-03,-16.773392,83,11049,0
ngl_Latn,2114092,1674,8733,84520,7.63896305e-04,-18.521822,388,100000,0
ngp_Latn,617756,243,4749,89636,2.73430221e-03,-17.305391,102,17827,0
ngu_Latn,2636445,965,6653,87194,6.39170714e-04,-18.731230,326,100000,0
nhd_Latn,562848,767,4089,90938,3.08646000e-03,-17.198664,107,13486,0
nhe_Latn,1334379,131,3124,93243,1.34630699e-03,-18.053354,213,28871,0
nhg_Latn,831108,215,3710,92169,2.11990967e-03,-17.587761,124,16904,0
nhi_Latn,836592,636,4053,91285,2.07579752e-03,-17.599152,158,18600,0
nhk_Latn,65478,1086,3105,92676,2.41229117e-02,-15.161458,31,3218,0
nho_Latn,1198229,183,3326,93205,1.49121630e-03,-17.950720,155,24502,0
nhr_Latn,1003059,172,2857,94089,1.79107864e-03,-17.776934,160,17751,0
nhu_Latn,865048,172,2926,94208,2.09447711e-03,-17.621712,151,17806,0
nhw_Latn,821328,199,3017,93361,2.17804844e-03,-17.573555,173,17816,0
nhx_Latn,1564094,30,3955,91322,1.11906245e-03,-18.217411,128,35642,0
nhy_Latn,802695,173,3578,91980,2.18887552e-03,-17.553694,121,17810,0
nia_Latn,2764975,1280,7632,84710,5.91091290e-04,-18.780529,286,100000,0
nif_Latn,503306,146,2633,93963,3.57388374e-03,-17.084759,106,10209,0
nii_Latn,1725781,77,2397,94329,1.06320827e-03,-18.301008,161,30695,0
nij_Latn,508493,446,4578,89423,3.35594199e-03,-17.098156,89,13418,0
nim_Latn,685129,236,4089,91855,2.53451920e-03,-17.405718,166,17845,0
nin_Latn,1002245,174,3281,92770,1.77325397e-03,-17.772818,164,24556,0
nio_Cyrl,6858,220,685,98824,1.24127525e-01,-13.587542,25,90,0
niq_Latn,1093241,963,5770,87552,1.53265110e-03,-17.860744,90,30088,0
niu_Latn,1896105,1186,5679,89727,9.10428490e-04,-18.406122,500,100000,0
niy_Latn,732147,190,2180,95741,2.51086564e-03,-17.456530,108,11062,0
njb_Latn,506248,503,3588,91463,3.42417664e-03,-17.100584,96,10983,0
njm_Latn,1171802,686,4148,90241,1.48324619e-03,-17.923761,122,30730,0
njn_Latn,1213427,687,4672,89257,1.41166946e-03,-17.962257,247,29912,0
njo_Latn,1110004,777,4604,89221,1.53874779e-03,-17.875658,131,30731,0
njz_Latn,531741,518,3518,91893,3.28706268e-03,-17.146141,115,11038,0
nkf_Latn,248837,696,3200,92449,6.97622255e-03,-16.399660,93,6762,0
nki_Latn,370666,567,4036,90813,4.57831339e-03,-16.802982,102,11061,0
nko_Latn,809791,217,3374,93107,2.17082642e-03,-17.574152,145,17654,0
nla_Latn,6354,463,1032,97954,1.28501574e-01,-13.544067,180,233,0
nlc_Latn,718843,480,3892,91434,2.43676556e-03,-17.440456,176,13403,0
nld_Latn,4254087,2147,11019,81858,3.67219561e-04,-19.222292,910,100000,0
nlg_Latn,685888,869,4712,89951,2.49039047e-03,-17.402336,178,16692,0
nma_Latn,478984,535,3164,92003,3.66703390e-03,-17.037949,106,11038,0
nmf_Latn,1174865,734,4964,88914,1.44220366e-03,-17.937008,117,30733,0
nmh_Latn,428407,737,4124,90461,3.97111901e-03,-16.941381,173,11056,0
nmo_Latn,443169,450,3515,91571,3.89932105e-03,-16.971823,84,11055,0
nmw_Latn,123189,159,2461,93728,1.37160620e-02,-15.737340,52,3113,0
nmz_Latn,599904,222,3168,93185,2.93609758e-03,-17.273016,109,13452,0
nnb_Latn,2717666,1700,9148,82016,5.78771837e-04,-18.769272,486,83880,0
nng_Latn,539279,517,3511,91260,3.23688532e-03,-17.154612,126,11050,0
nnh_Latn,609802,346,2702,94747,2.99312452e-03,-17.270403,110,10903,0
nnl_Latn,1127309,737,4526,89756,1.53321492e-03,-17.885239,235,29935,0
nno_Latn,3165583,2713,13358,79433,4.75969007e-04,-18.932827,989,100000,0
nnp_Latn,476527,502,3495,91782,3.65630005e-03,-17.038475,103,11050,0
nnq_Latn,625599,221,4608,89636,2.70428741e-03,-17.316429,87,17827,0
nnw_Latn,1004170,341,2813,94775,1.79855075e-03,-17.780035,149,17675,0
noa_Latn,2640336,80,3873,91567,6.67789108e-04,-18.736364,226,35324,0
nob_Latn,3491667,2253,11634,81806,4.44300817e-04,-19.031115,952,100000,0
nod_Thai,737012,24,716,99161,2.59406750e-03,-17.459028,49,11038,0
nog_Cyrl,779009,105,1885,97392,2.40864078e-03,-17.515192,178,19172,0
non_Latn,18024,770,2064,95919,6.72599785e-02,-14.170449,18,502,0
nop_Latn,1397820,266,4263,90458,1.24533668e-03,-18.100990,162,31774,0
not_Latn,1188468,82,2584,94450,1.50853500e-03,-17.952442,143,24235,0
nou_Latn,1376471,69,3214,92288,1.29422593e-03,-18.082512,148,30588,0
nov_Latn,97849,2221,6932,87667,1.57234161e-02,-15.533905,104,1813,0
nph_Latn,419763,464,2921,92772,4.19752855e-03,-16.911160,79,11061,0
npi_Deva,6588931,1629,4996,96593,4.18406570e-04,-19.257318,2586,100000,0
npi_Latn,13369,1544,2998,93270,7.90449560e-02,-13.980992,12,359,0
npl_Latn,974568,271,3800,91674,1.80459709e-03,-17.743412,202,24576,0
npo_Latn,451855,399,2395,93552,3.93835477e-03,-16.983265,106,11061,0
npy_Latn,556245,310,3865,90967,3.10458104e-03,-17.193129,131,13254,0
nqo_Nkoo,1303244,952,2083,97962,1.94893496e-03,-17.732807,825,8471,0
nre_Latn,1149977,821,4539,89987,1.50562495e-03,-17.905968,237,30002,0
nrf_Latn,478795,1792,7777,87119,3.40057268e-03,-17.058842,269,6460,0
nri_Latn,380842,623,3726,91219,4.54254365e-03,-16.815287,102,11054,0
nsa_Latn,403306,468,2843,92483,4.37371614e-03,-16.866922,103,11044,0
nse_Latn,2126324,1023,7327,84519,7.62322598e-04,-18.523872,234,93386,0
nsm_Latn,1216452,884,4955,88894,1.39990767e-03,-17.966549,252,29995,0
nsn_Latn,1163014,176,4093,90915,1.50292816e-03,-17.918020,209,24366,0
nso_Latn,2613803,1708,9274,83537,6.06111624e-04,-18.741491,405,100000,0
nss_Latn,232879,219,3068,92708,7.44668507e-03,-16.337196,96,5620,0
nst_Latn,1745260,864,5685,87711,9.62739868e-04,-18.327530,315,30606,0
nsu_Latn,749083,191,3437,92222,2.35866128e-03,-17.481615,126,17790,0
ntp_Latn,974399,144,2676,94437,1.81457982e-03,-17.767590,176,17357,0
ntr_Latn,830895,202,2942,93158,2.15823903e-03,-17.580515,155,17764,0
ntu_Latn,763535,324,2610,94258,2.36489976e-03,-17.500811,111,12626,0
nuj_Latn,315611,1125,4976,89430,5.33314825e-03,-16.635025,129,8313,0
nus_Latn,648012,1979,6929,87967,2.58329969e-03,-17.343405,266,14391,0
nuy_Latn,756938,408,2949,94302,2.38597541e-03,-17.492405,231,11270,0
nuz_Latn,64683,689,2361,94588,2.46738551e-02,-15.159297,36,1598,0
nvm_Latn,1250408,50,2677,93881,1.43662067e-03,-17.995245,122,22498,0
nwb_Latn,888348,198,2521,94740,2.03033253e-03,-17.658447,94,13165,0
nwi_Latn,926976,254,3397,92961,1.93703711e-03,-17.686531,187,17294,0
nwx_Deva,719317,43,1263,97935,2.60738360e-03,-17.441467,46,16773,0
nxd_Latn,399926,422,3555,92117,4.32466600e-03,-16.874235,84,11061,0
nya_Latn,2421218,1772,9745,81408,6.46709190e-04,-18.650843,324,100000,0
nyf_Latn,530449,441,5051,88627,3.15786445e-03,-17.150051,164,13672,0
nyk_Latn,2087282,1490,8224,84466,7.77856597e-04,-18.503073,374,100000,0
nyn_Latn,2195356,1208,7379,85687,7.52167271e-04,-18.551008,373,100000,0
nyo_Latn,462012,391,4613,90313,3.71207764e-03,-17.007200,102,13528,0
nyu_Latn,2041083,1188,6962,85709,8.13103080e-04,-18.473366,264,100000,0
nyy_Latn,2394643,1049,7289,85221,6.85875645e-04,-18.637817,217,99263,0
nza_Latn,211037,430,1924,95397,8.43084174e-03,-16.241661,72,4301,0
nzi_Latn,2475012,1185,5851,88684,6.86152038e-04,-18.677246,363,100000,0
nzm_Latn,1413109,592,4186,90684,1.24011311e-03,-18.107689,83,30721,0
obo_Latn,870155,167,3832,91613,2.02159656e-03,-17.629196,136,17566,0
oci_Latn,3380052,2760,13784,79035,4.37822522e-04,-19.011343,1184,100000,0
ogo_Latn,1160114,1122,5089,89671,1.49280480e-03,-17.911001,130,49629,0
ojb_Cans,2248444,372,2233,96621,8.29470324e-04,-18.573275,472,33721,0
ojb_Latn,1594974,1007,6044,88123,1.05453101e-03,-18.241148,336,26541,0
oke_Latn,1197047,1229,5609,89048,1.43246192e-03,-17.945292,155,51037,0
oku_Latn,295031,494,2485,94768,6.05542047e-03,-16.565989,78,6760,0
okv_Latn,896052,104,3435,91899,1.97088375e-03,-17.657719,135,24041,0
old_Latn,487716,458,4932,88681,3.42715182e-03,-17.068827,115,13531,0
olo_Latn,258399,1645,6513,88553,6.28307549e-03,-16.461252,130,8012,0
omb_Latn,197248,602,2728,93481,8.76447738e-03,-16.182562,66,4266,0
omw_Latn,1673971,143,2396,94661,1.07770444e-03,-18.290979,215,27268,0
ong_Latn,1546252,102,3241,92427,1.15272558e-03,-18.199800,160,31080,0
ons_Latn,1250421,198,4121,90261,1.38789347e-03,-17.990429,159,24539,0
ood_Latn,900926,285,3203,93369,1.98995564e-03,-17.663958,238,16954,0
opm_Latn,1513694,29,2954,92992,1.18789597e-03,-18.175840,75,23755,0
orv_Cyrl,775418,146,2256,96892,2.35306202e-03,-17.533390,138,27832,0
ory_Latn,12977,1382,2811,93434,8.06097535e-02,-13.963146,14,435,0
ory_Orya,6286206,2005,5071,94470,2.88170458e-04,-19.607996,1885,100000,0
oss_Cyrl,3472670,356,2714,96625,5.24254824e-04,-19.032125,433,100000,0
ota_Arab,9251,365,1190,98196,1.00997795e-01,-13.787377,12,674,0
otd_Latn,281910,1048,4483,89705,5.96225418e-03,-16.526588,70,6719,0
ote_Latn,1871066,988,6914,86824,9.02798967e-04,-18.381649,250,56504,0
otm_Latn,890707,143,2927,93603,2.00796035e-03,-17.657454,120,17662,0
otn_Latn,992912,149,2748,93966,1.80403915e-03,-17.768415,110,17786,0
oto_Latn,108000,1582,4661,90121,1.48978189e-02,-15.615449,56,4664,0
otq_Latn,722759,202,2846,93358,2.48886231e-03,-17.440126,117,17800,0
ots_Latn,1328697,763,4897,90163,1.32020473e-03,-18.039343,259,21473,0
otw_Latn,2308,279,610,98484,1.59940675e-01,-13.330602,2,85,0
oym_Latn,734807,285,2819,94079,2.46571210e-03,-17.457165,105,10692,0
ozm_Latn,834162,378,3163,95074,2.17355198e-03,-17.593803,206,13451,0
pab_Latn,826634,184,3142,93196,2.14062600e-03,-17.589117,154,17824,0
pad_Latn,1557613,77,3181,93256,1.13059697e-03,-18.228113,191,24093,0
pag_Latn,2236800,1550,10373,81651,6.94699130e-04,-18.582241,399,100000,0
pah_Latn,1161477,137,3441,92252,1.52313495e-03,-17.919264,145,17258,0
pam_Latn,1184857,2065,11181,81121,1.30853158e-03,-17.942547,437,34170,0
pan_Guru,6004830,2026,4006,97503,3.12602052e-04,-19.558218,2541,100000,0
pan_Latn,134196,2661,8188,85540,1.13604537e-02,-15.834356,78,4064,0
pao_Latn,715577,216,2891,93109,2.50335353e-03,-17.431650,153,15679,0
pap_Latn,2297252,1575,10294,81736,6.84804050e-04,-18.597628,340,100000,0
pau_Latn,2305907,962,5470,89700,7.44875363e-04,-18.606520,350,100000,0
pbb_Latn,911335,359,3549,92010,1.92553998e-03,-17.682201,137,17747,0
pbc_Latn,621256,296,3114,93054,2.88018404e-03,-17.290836,130,13500,0
pbi_Latn,701221,244,2852,94116,2.56730240e-03,-17.417183,153,13371,0
pbt_Arab,12724581,2199,7245,91972,4.39758829e-04,-19.158524,1859,80648,0
pcd_Latn,42350,1155,3429,93113,3.46584949e-02,-14.803782,28,2213,0
pck_Latn,1260031,813,5633,88366,1.33144549e-03,-18.010733,233,37494,0
pcm_Latn,1878786,1694,10218,82998,1.03931769e-03,-18.195763,639,33265,0
pdc_Latn,528614,809,4332,91032,3.27814364e-03,-17.139444,167,13498,0
pdt_Latn,2858106,842,5530,88975,5.93370753e-04,-18.825802,434,100000,0
pem_Latn,168313,934,3513,91835,9.97561595e-03,-16.035360,88,8343,0
pfe_Latn,598095,416,2714,94352,3.03768390e-03,-17.251448,128,15290,0
pfl_Latn,308695,1877,7173,87742,5.21202538e-03,-16.638943,137,8500,0
phm_Latn,751945,1088,5574,87828,2.23778795e-03,-17.485403,228,38316,0
pib_Latn,898526,552,4145,92015,1.92626911e-03,-17.681877,195,25109,0
pio_Latn,1273645,169,2693,94485,1.42777353e-03,-18.007835,152,17469,0
pir_Latn,900043,172,2925,93624,1.99580149e-03,-17.663752,180,17355,0
pis_Latn,2212070,1190,7229,86209,7.60469485e-04,-18.546104,266,100000,0
pjt_Latn,1253532,181,1916,95298,1.48077502e-03,-17.979954,179,19780,0
pkb_Latn,564905,573,5073,89820,3.02130838e-03,-17.207628,394,13429,0
plg_Latn,969463,443,3588,92720,1.82056331e-03,-17.745949,196,15999,0
pls_Latn,1689248,357,5062,89414,1.01645850e-03,-18.292463,230,36929,0
plt_Latn,3569071,1846,9665,84553,4.54587471e-04,-19.041254,831,100000,0
plu_Latn,1315199,379,4347,90838,1.32760448e-03,-18.041212,237,22814,0
plw_Latn,797899,290,5022,89788,2.15805904e-03,-17.543753,197,18070,0
pma_Latn,1477692,234,4226,91129,1.19107401e-03,-18.152931,172,31148,0
pmf_Latn,751920,522,4075,90220,2.31865546e-03,-17.476774,197,13325,0
pmq_Latn,18495,519,1444,96673,6.69397288e-02,-14.183052,20,315,0
pms_Latn,748640,2162,9436,85243,2.15698369e-03,-17.492306,443,26149,0
pmx_Latn,1327425,783,4382,89671,1.30562610e-03,-18.044975,227,30033,0
pnb_Arab,3602815,2127,6289,92838,4.84668012e-04,-19.070658,1778,100000,0
pne_Latn,781098,163,2977,92733,2.30212110e-03,-17.511404,100,17790,0
pnt_Grek,39477,57,492,99343,3.89170743e-02,-14.752656,35,846,0
pny_Latn,606459,177,2000,96395,3.05367783e-03,-17.267618,123,11061,0
poe_Latn,1691052,203,3229,93244,1.06976340e-03,-18.283293,192,34622,0
poh_Latn,3937327,715,6302,87669,4.31238571e-04,-19.130173,447,57259,0
poi_Latn,1241144,115,3562,92569,1.43970203e-03,-17.979029,183,24578,0
pol_Latn,5276750,2190,10816,81714,2.96649200e-04,-19.433941,849,100000,0
pon_Latn,2526012,1199,7341,86256,6.55894305e-04,-18.694586,481,100000,0
por_Latn,4365877,2083,11622,81273,3.54895564e-04,-19.249256,719,100000,0
pos_Latn,194974,738,3010,93327,8.87070974e-03,-16.168865,96,4298,0
pot_Latn,169159,334,2039,95647,1.01411241e-02,-16.059576,122,3543,0
pov_Latn,462737,1114,5190,89690,3.66814357e-03,-17.012184,165,23414,0
poy_Latn,415149,443,4140,90667,4.10831577e-03,-16.909691,105,11062,0
ppk_Latn,623554,336,4060,90653,2.75466516e-03,-17.309254,86,13248,0
ppo_Latn,1380046,111,2880,93318,1.31428615e-03,-18.078230,165,23741,0
pps_Latn,488133,377,2965,93260,3.63449917e-03,-17.060431,122,11062,0
prf_Latn,677367,306,4990,89376,2.51961088e-03,-17.384258,107,17733,0
prg_Latn,13296,697,1681,96383,8.16469627e-02,-13.981436,16,891,0
pri_Latn,907000,213,2601,94496,2.01581218e-03,-17.663046,148,16474,0
prq_Latn,187187,527,2549,94946,9.19660604e-03,-16.149984,119,4298,0
pse_Latn,479160,289,3870,91519,3.59963156e-03,-17.051226,75,13493,0
pss_Latn,324362,553,2592,93373,5.47059597e-03,-16.652725,76,6762,0
ptp_Latn,1182413,81,2382,94639,1.56238182e-03,-17.919369,130,24490,0
ptu_Latn,790369,183,3906,90868,2.20224239e-03,-17.535442,119,17647,0
pua_Latn,284168,552,2327,93845,6.20638677e-03,-16.531576,84,6760,0
pui_Latn,305473,1026,3592,92060,5.63716341e-03,-16.608570,122,6760,0
pwg_Latn,987162,138,3681,91388,1.76393986e-03,-17.763075,151,24474,0
pwn_Latn,59629,1813,4836,90246,2.51685670e-02,-15.092454,49,561,0
pww_Thai,2455377,37,572,99267,7.88782042e-04,-18.650589,60,37451,0
pxm_Latn,1707417,597,3749,92640,1.03048371e-03,-18.314203,201,30440,0
qub_Latn,2804859,1018,8639,84837,5.84678007e-04,-18.792936,311,86392,0
quc_Latn,3802901,1265,8979,83123,4.24159696e-04,-19.093477,378,100000,0
quf_Latn,815150,320,3569,92247,2.17007220e-03,-17.565220,178,17558,0
qug_Latn,2033278,1218,7140,87284,8.31864574e-04,-18.468763,363,100000,0
quh_Latn,2124328,673,5739,87946,7.98315723e-04,-18.517485,163,50801,0
qul_Latn,1191025,394,4493,90354,1.46185883e-03,-17.939537,128,28854,0
qup_Latn,1124154,70,2616,93496,1.60153709e-03,-17.882465,150,23884,0
qus_Latn,120899,986,3561,92492,1.38587153e-02,-15.713718,43,5732,0
quw_Latn,713359,1184,6326,88178,2.36942568e-03,-17.432220,176,28537,0
quy_Latn,2367298,1504,8428,84674,6.89265645e-04,-18.626448,274,100000,0
quz_Latn,2207704,1370,8207,85265,7.40086005e-04,-18.562263,240,100000,0
qva_Latn,387699,487,3774,91994,4.51050044e-03,-16.830826,125,10970,0
qvc_Latn,839598,216,3233,92790,2.12572643e-03,-17.591736,114,17482,0
qve_Latn,880380,389,4251,91092,1.98849734e-03,-17.640001,301,17832,0
qvh_Latn,914823,198,3973,91645,1.93353002e-03,-17.674086,190,22988,0
qvi_Latn,2228190,1267,7136,86961,7.55270722e-04,-18.561649,399,100000,0
qvm_Latn,665743,218,3831,92119,2.65678004e-03,-17.361477,148,16650,0
qvn_Latn,744882,226,3563,92380,2.37542671e-03,-17.476244,146,17810,0
qvo_Latn,423791,510,3172,93124,4.17560524e-03,-16.920183,217,13361,0
qvs_Latn,732592,167,2905,92968,2.43137583e-03,-17.459309,111,17666,0
qvw_Latn,989772,118,3359,93256,1.81441049e-03,-17.755098,93,23613,0
qvz_Latn,706967,155,2577,93482,2.54374643e-03,-17.419641,143,17523,0
qwh_Latn,732927,258,4234,90949,2.38639843e-03,-17.456024,130,17649,0
qxh_Latn,697154,161,3000,93733,2.57520360e-03,-17.410032,141,17446,0
qxl_Latn,422850,549,3304,92041,4.12513200e-03,-16.920647,147,10958,0
qxn_Latn,790060,274,4016,91263,2.22448663e-03,-17.529730,177,17805,0
qxo_Latn,963597,149,3814,92110,1.84543235e-03,-17.725780,148,23074,0
qxr_Latn,399324,558,3146,92976,4.42747062e-03,-16.860023,188,12493,0
rad_Latn,1409640,392,2790,94295,1.29313173e-03,-18.104872,74,30721,0
rai_Latn,1047824,100,3034,93092,1.69625352e-03,-17.820677,150,24409,0
ram_Latn,339681,217,1340,96325,5.36114162e-03,-16.704062,4,8103,0
rap_Latn,552248,100,2004,95761,3.32463451e-03,-17.176006,75,10989,0
rar_Latn,2051317,1602,7082,87867,8.13567220e-04,-18.497662,562,100000,0
rav_Deva,328221,89,844,98496,5.67390375e-03,-16.669649,40,6754,0
raw_Latn,369617,678,2847,94227,4.84255267e-03,-16.783775,106,6734,0
rcf_Latn,242092,698,3105,93049,7.16957869e-03,-16.378790,93,10707,0
rej_Latn,530942,1776,7953,84810,3.02313516e-03,-17.149630,211,9098,0
rel_Latn,280603,845,4348,91401,6.11133182e-03,-16.520622,234,6750,0
rgu_Latn,656749,459,4200,90849,2.63086389e-03,-17.357397,201,12785,0
rhg_Latn,64730,1515,4105,91122,2.36698566e-02,-15.163507,51,3252,0
ria_Latn,468101,429,3245,92316,3.75789681e-03,-17.016869,113,11043,0
rim_Latn,707853,283,5055,89512,2.39631928e-03,-17.435949,120,17820,0
rjs_Deva,310581,98,1270,98152,5.96107262e-03,-16.616777,39,6760,0
rkb_Latn,1110257,141,2704,93672,1.62702142e-03,-17.868559,106,17397,0
rmc_Latn,1606575,561,5733,89074,1.06184677e-03,-18.244968,209,39151,0
rme_Latn,14699,474,1676,95386,7.67283817e-02,-14.033171,11,366,0
rml_Latn,58815,512,2587,94195,2.67968656e-02,-15.072593,41,1790,0
rmn_Cyrl,1725259,132,2163,97155,1.08112496e-03,-18.313816,204,64930,0
rmn_Grek,2950726,53,854,99140,6.41845259e-04,-18.855452,249,79160,0
rmn_Latn,2349368,883,7397,86179,7.03450134e-04,-18.623695,232,100000,0
rmo_Latn,658738,876,4529,90548,2.62533012e-03,-17.356184,289,16689,0
rmq_Latn,140363,248,3123,92777,1.20612331e-02,-15.855713,52,3913,0
rmy_Cyrl,884094,183,2208,96834,2.08641214e-03,-17.653063,167,30085,0
rmy_Latn,2045977,1251,10436,81697,7.58940323e-04,-18.494360,275,70602,0
rnd_Latn,501104,950,4757,89870,3.41137410e-03,-17.086760,145,24508,0
rng_Latn,1357649,1246,6327,87308,1.23375284e-03,-18.074892,330,65043,0
rnl_Latn,740839,578,5090,89590,2.27390875e-03,-17.489254,84,21989,0
roh_Latn,1082010,1993,9555,84652,1.46470417e-03,-17.872406,489,30545,0
ron_Cyrl,1481369,55,1698,97381,1.24782576e-03,-18.172739,41,30637,0
ron_Latn,4058122,2498,13160,79976,3.69942563e-04,-19.191645,1168,100000,0
roo_Latn,1476594,111,2558,94481,1.22078949e-03,-18.164412,191,24068,0
rop_Latn,2597800,1380,6361,88285,6.64708905e-04,-18.704487,802,54485,0
row_Latn,703177,439,4174,90615,2.47459923e-03,-17.416052,173,14225,0
rro_Latn,972768,99,3395,92876,1.79077772e-03,-17.764126,180,24580,0
rtm_Latn,226226,754,2984,94003,7.66946477e-03,-16.321590,125,8987,0
rub_Latn,578744,423,4116,90952,3.00097891e-03,-17.226904,107,11018,0
rue_Cyrl,337123,1389,4484,93064,5.13294920e-03,-16.713118,320,8501,0
ruf_Latn,623169,198,4073,90532,2.76054412e-03,-17.305786,115,17822,0
rug_Latn,1357422,336,3903,91162,1.28405095e-03,-18.078129,147,30060,0
run_Latn,2736174,1675,10116,81722,5.83245814e-04,-18.757980,476,100000,0
rup_Latn,200470,1064,5384,90093,8.24725676e-03,-16.206472,54,5032,0
rus_Cyrl,5880953,1627,5751,94227,3.06983345e-04,-19.542179,2004,100000,0
rwo_Latn,3237190,44,3037,92140,5.50862860e-04,-18.935089,239,51384,0
sab_Latn,1162594,133,2763,93144,1.55099158e-03,-17.910763,160,16901,0
sag_Latn,2281686,1353,7710,85572,7.22535723e-04,-18.589857,234,100000,0
sah_Cyrl,4079029,1748,6109,93935,4.34925208e-04,-19.190695,2050,100000,0
saj_Latn,333117,685,3570,91383,5.18800254e-03,-16.684221,94,6675,0
san_Deva,3446181,1579,4753,95974,5.39011486e-04,-18.997606,2220,100000,0
san_Latn,1850628,768,5860,89410,9.13792120e-04,-18.398895,219,36337,0
sas_Latn,556131,314,4260,90448,3.11955215e-03,-17.182596,92,13444,0
sat_Latn,538506,567,4025,91375,3.23118112e-03,-17.157635,145,10932,0
sat_Olck,1598147,904,1808,98872,1.26143601e-03,-18.177086,1083,16858,0
say_Latn,13331,324,939,97964,8.35397787e-02,-13.974788,12,693,0
sba_Latn,1800710,497,4415,90828,9.78196099e-04,-18.346523,182,37535,0
sbd_Latn,604900,283,2821,93825,2.94684449e-03,-17.276207,136,13463,0
sbe_Latn,557379,135,3111,92715,3.17595599e-03,-17.189432,149,14275,0
sbl_Latn,844764,191,4022,91733,2.08106511e-03,-17.601513,133,17703,0
sbs_Latn,4957,492,1118,96961,1.29449154e-01,-13.526531,5,271,0
sby_Latn,3182,453,915,97182,1.47237770e-01,-13.400047,5,172,0
sck_Deva,277744,142,1424,97898,6.65861762e-03,-16.503525,37,6800,0
scn_Latn,2250905,2358,12651,79968,6.71516315e-04,-18.595354,756,62189,0
sco_Latn,3086951,3198,15579,76157,4.68365166e-04,-18.906815,1088,87458,0
sda_Latn,680301,305,4280,90296,2.52792520e-03,-17.391205,153,18554,0
sdc_Latn,17609,785,2064,95069,6.80483708e-02,-14.149895,17,692,0
sdh_Arab,6559534,1252,4444,96627,3.07001261e-04,-19.567272,2149,100000,0
sdo_Latn,11210,511,1300,95832,8.98464708e-02,-13.880005,16,643,0
sdq_Latn,992925,810,5841,87299,1.70638080e-03,-17.750475,212,12828,0
seh_Latn,2107973,1478,8121,84394,7.71804593e-04,-18.510031,404,100000,0
sel_Cyrl,4541,181,556,99039,1.35669820e-01,-13.500800,7,111,0
ses_Latn,759871,401,3915,91038,2.30384850e-03,-17.492207,176,22094,0
sey_Latn,824823,183,2604,93900,2.18820923e-03,-17.574657,157,17722,0
sfw_Latn,185760,878,3543,92564,9.16842360e-03,-16.127645,81,8107,0
sgb_Latn,769720,169,4370,90870,2.24122555e-03,-17.517918,164,17786,0
sgc_Latn,361550,632,4496,90207,4.70126092e-03,-16.769787,155,11896,0
sgh_Cyrl,16457,287,1019,98230,7.29165003e-02,-14.113507,19,614,0
sgs_Latn,247095,2062,6616,88801,6.54339466e-03,-16.423452,172,8518,0
sgw_Ethi,666416,18,649,98881,2.83114681e-03,-17.368746,37,13446,0
sgz_Latn,1600004,83,3348,92176,1.11199024e-03,-18.233059,183,28351,0
shi_Latn,349026,596,2895,94615,4.97062154e-03,-16.761782,151,8865,0
shk_Latn,300624,381,2116,96183,5.97846512e-03,-16.593599,56,6733,0
shn_Mymr,2810295,1810,5912,92639,6.43615883e-04,-18.784874,1268,32679,0
shp_Latn,1630611,899,6420,87120,1.00796247e-03,-18.274866,274,71688,0
shr_Latn,270628,1098,4674,90108,6.26404562e-03,-16.481693,96,12550,0
shu_Arab,252791,44,664,98908,7.35917014e-03,-16.413754,10,4298,0
sid_Latn,2297290,747,5667,88333,7.42409512e-04,-18.594479,214,100000,0
sig_Latn,853221,205,2838,93656,2.11758213e-03,-17.604864,135,17703,0
sil_Latn,575193,267,2937,93493,3.12073016e-03,-17.215330,129,13450,0
sim_Latn,1254411,140,3539,91423,1.40831042e-03,-17.988617,174,24094,0
sin_Sinh,7045064,1872,4386,96619,2.97511896e-04,-19.598587,2323,100000,0
sja_Latn,1172451,153,3298,93049,1.52701556e-03,-17.925322,156,22053,0
sjo_Mong,42151,53,306,99665,3.74461152e-02,-14.794422,42,688,0
sju_Latn,4406,420,909,98043,1.35751416e-01,-13.490091,6,102,0
skg_Latn,1007249,848,5099,90250,1.71788801e-03,-17.776999,204,44788,0
skr_Arab,36844,247,1246,98225,4.06404445e-02,-14.698008,27,2026,0
sld_Latn,610047,429,3354,93597,2.91686233e-03,-17.284000,133,13475,0
slk_Latn,5307788,1777,10121,82042,2.97515183e-04,-19.435032,613,100000,0
sll_Latn,1115259,114,3810,91161,1.57502730e-03,-17.873865,189,24338,0
slv_Latn,4610147,2184,11583,80984,3.36626975e-04,-19.298542,1096,100000,0
sma_Latn,476206,1144,5020,91013,3.55763499e-03,-17.057417,156,11624,0
sme_Latn,3708775,1913,10267,81964,4.18597507e-04,-19.092636,605,100000,0
smj_Latn,298975,1200,4630,91252,5.67443514e-03,-16.593164,131,7981,0
smk_Latn,827941,257,5243,89493,2.04884679e-03,-17.592394,160,17697,0
sml_Latn,620688,384,4688,90266,2.77510559e-03,-17.297583,125,13435,0
smn_Latn,491367,1261,5598,89902,3.42005626e-03,-17.084574,157,12132,0
smo_Latn,2463061,1510,7021,88136,6.79817423e-04,-18.680323,539,100000,0
sms_Latn,280014,1070,4217,92248,6.08799517e-03,-16.533672,71,5951,0
smt_Latn,616581,517,4320,90648,2.76630168e-03,-17.304983,148,17824,0
sna_Latn,2531236,1883,9639,81736,6.18065028e-04,-18.700167,456,100000,0
snc_Latn,1201296,123,3288,92420,1.46276855e-03,-17.961523,186,24563,0
snd_Arab,5177152,2074,6707,92220,3.37050581e-04,-19.427210,1599,100000,0
snd_Deva,93893,276,1912,97428,1.82853945e-02,-15.488522,76,2147,0
snd_Latn,149868,2334,7597,86375,1.02217327e-02,-15.949693,74,4155,0
snf_Latn,504252,491,3779,91396,3.46704380e-03,-17.087410,136,11027,0
snn_Latn,992759,169,2716,93831,1.82772311e-03,-17.753935,180,17690,0
snp_Latn,2436022,46,3263,92235,7.25268084e-04,-18.661064,183,48512,0
snw_Latn,787284,198,3290,92847,2.26354906e-03,-17.529530,162,17742,0
sny_Latn,1453157,97,2861,93556,1.24193079e-03,-18.137403,108,24185,0
soe_Latn,20322,590,1649,95714,6.24495243e-02,-14.242517,26,945,0
som_Latn,5063712,2336,11931,80315,3.25917968e-04,-19.322577,1466,100000,0
sop_Latn,2128525,1551,8312,84499,7.57604327e-04,-18.529844,392,100000,0
soq_Latn,1365368,167,3804,91583,1.27579384e-03,-18.089188,149,28667,0
sot_Latn,3052385,1364,8654,84145,5.26143161e-04,-18.890234,441,73326,0
soy_Latn,891364,130,2087,96260,2.05153966e-03,-17.663973,162,17800,0
spa_Latn,3333666,2149,12634,80238,4.60956941e-04,-18.974958,729,100000,0
spl_Latn,1405980,81,2965,93073,1.28674260e-03,-18.096781,113,21813,0
spm_Latn,147388,248,2214,94875,1.16632963e-02,-15.911624,54,2755,0
spp_Latn,897013,160,3303,93005,2.00329235e-03,-17.653372,139,17708,0
sps_Latn,1368631,138,3655,91863,1.29445799e-03,-18.077717,191,24920,0
spy_Latn,972740,257,2828,93869,1.85536672e-03,-17.739328,115,19910,0
srd_Latn,1667730,2595,13100,79887,9.02915322e-04,-18.298250,781,48717,0
sri_Latn,876839,156,2857,93884,2.07214474e-03,-17.628986,138,17537,0
srm_Latn,2041982,889,5264,89997,8.48027387e-04,-18.480129,511,65066,0
srn_Latn,2200835,1436,7540,85568,7.49286834e-04,-18.553455,442,100000,0
srp_Cyrl,4386407,2353,7098,91312,3.92007226e-04,-19.266268,1579,100000,0
srp_Latn,2620735,851,7757,86121,6.22820657e-04,-18.744761,389,79008,0
srq_Latn,509548,413,3274,93114,3.47337629e-03,-17.104208,128,10959,0
srr_Latn,63069,976,3051,93003,2.47943025e-02,-15.137528,43,2867,0
ssd_Latn,1213965,192,3652,91588,1.46207899e-03,-17.952951,173,29416,0
ssg_Latn,974957,110,3631,92004,1.80283529e-03,-17.747982,172,24525,0
ssw_Latn,2631915,1526,9451,82018,5.96484688e-04,-18.739151,294,100000,0
ssx_Latn,1110748,94,2506,93755,1.63105247e-03,-17.866970,162,22160,0
stn_Latn,599912,292,3273,92773,2.90398296e-03,-17.279583,101,13415,0
stp_Latn,1385455,146,2813,93996,1.30221510e-03,-18.094696,107,17750,0
stq_Latn,341768,574,3010,92999,5.13824542e-03,-16.711388,63,8966,0
sua_Latn,1811167,90,3454,92344,9.87504744e-04,-18.353605,188,23474,0
suc_Latn,538683,308,3590,92247,3.26913585e-03,-17.155455,119,11025,0
sue_Latn,1017690,93,3512,91322,1.72750501e-03,-17.783224,108,24412,0
suk_Latn,919158,351,5014,89361,1.85311993e-03,-17.691324,172,22242,0
sun_Latn,4692764,2355,16656,74748,3.02466863e-04,-19.325417,1394,100000,0
sur_Latn,614116,301,2999,93065,2.89780031e-03,-17.284857,106,13529,0
sus_Arab,1561590,15,380,99364,1.22586083e-03,-18.210657,29,30707,0
sus_Latn,724988,580,3875,91084,2.40495303e-03,-17.449762,253,21057,0
suz_Deva,2902604,19,1211,97978,6.59824891e-04,-18.816034,56,57138,0
swb_Latn,21260,859,2247,93964,5.92122312e-02,-14.277294,24,1096,0
swc_Latn,1919198,1766,9017,83074,8.27778873e-04,-18.424252,373,100000,0
swe_Latn,4355396,2370,12005,80899,3.54420541e-04,-19.245983,895,100000,0
swg_Latn,298824,1137,4473,90700,5.63859282e-03,-16.593433,92,8406,0
swh_Latn,3625178,2234,13932,77157,4.33255792e-04,-18.997780,945,100000,0
swk_Latn,253968,783,3896,90548,6.66790047e-03,-16.424086,76,6577,0
swp_Latn,934431,259,4377,90707,1.84014151e-03,-17.713303,180,25881,0
sxb_Latn,761858,296,4229,91241,2.28161081e-03,-17.504133,252,17789,0
sxn_Latn,1728661,985,7759,85463,9.45739969e-04,-18.319382,346,49827,0
syb_Latn,504211,432,4125,91404,3.43964242e-03,-17.095432,107,10836,0
syc_Syrc,291239,118,536,99547,6.24179158e-03,-16.584873,151,7103,0
syl_Beng,234827,42,595,99244,7.86240225e-03,-16.351000,43,4163,0
syl_Latn,497275,808,4221,91945,3.49391551e-03,-17.085678,69,8549,0
syl_Sylo,304444,119,653,99421,6.68788686e-03,-16.514576,158,3570,0
szb_Latn,280050,762,3252,92003,6.13371611e-03,-16.523531,108,6749,0
szl_Latn,1841067,2197,11891,80810,8.28747865e-04,-18.395451,575,55404,0
szy_Latn,228276,1730,6380,88065,7.37488429e-03,-16.295506,101,2536,0
tab_Cyrl,883697,18,1514,97646,2.09941808e-03,-17.655199,63,17650,0
tac_Latn,1136511,414,3858,91694,1.56491938e-03,-17.886133,317,20618,0
tah_Latn,2076187,1512,6606,88696,8.09280682e-04,-18.512335,490,100000,0
taj_Deva,905501,25,1153,98119,2.10020521e-03,-17.659657,35,17753,0
tam_Latn,128888,2106,5816,88782,1.22333664e-02,-15.797527,61,4081,0
tam_Taml,5480618,2161,5052,94940,3.36348042e-04,-19.458364,2059,100000,0
tap_Latn,235950,882,4382,91057,7.10354936e-03,-16.366402,124,6921,0
taq_Latn,1515880,2000,9690,83890,1.04567977e-03,-18.200350,273,27347,0
taq_Tfng,266280,333,1264,98551,6.72264727e-03,-16.500603,285,4245,0
tar_Latn,1188057,1152,6951,85622,1.38129091e-03,-17.942434,230,46732,0
tat_Cyrl,3382230,1663,5570,93556,5.30770966e-04,-18.987495,1416,100000,0
tat_Latn,24842,1070,2526,94840,5.34361914e-02,-14.389214,31,885,0
tav_Latn,1000295,185,3307,93076,1.78653640e-03,-17.768648,201,17136,0
taw_Latn,885336,102,2194,95030,2.08350307e-03,-17.635653,101,17319,0
tay_Latn,92310,1481,4259,91286,1.85510375e-02,-15.408982,103,743,0
tbc_Latn,1191685,86,3943,91347,1.46980336e-03,-17.945047,174,24280,0
tbg_Latn,2483003,246,3474,92369,7.13465875e-04,-18.678923,228,44840,0
tbk_Latn,727592,444,4889,90067,2.35137676e-03,-17.461063,191,10680,0
tbl_Latn,567398,342,3658,92121,3.09190085e-03,-17.209827,88,11846,0
tbo_Latn,971434,129,3303,92338,1.80413510e-03,-17.750885,127,24484,0
tbw_Latn,232774,807,3855,91898,7.33260693e-03,-16.343859,124,4287,0
tby_Latn,621551,274,3661,91188,2.79063673e-03,-17.302164,107,13422,0
tbz_Latn,2382538,127,2546,95582,7.73833858e-04,-18.631893,198,52480,0
tca_Latn,1125114,138,2228,95138,1.61523377e-03,-17.891359,207,17326,0
tcc_Latn,766635,250,4074,91512,2.24889949e-03,-17.521540,132,17823,0
tcf_Latn,2484311,1328,6894,87658,6.84401967e-04,-18.668163,248,100000,0
tcs_Latn,945430,452,3775,91839,1.88808313e-03,-17.699986,304,22712,0
tcy_Knda,382140,564,1302,98217,4.84945315e-03,-16.823824,336,8457,0
tcz_Latn,2580765,1089,7475,84594,6.29384517e-04,-18.716387,289,68634,0
tdx_Latn,1261341,1084,5765,89277,1.35876656e-03,-18.000677,277,55963,0
ted_Latn,1052398,121,2570,95014,1.72166589e-03,-17.826242,149,17646,0
tee_Latn,1062068,123,2651,94128,1.69424703e-03,-17.832928,179,17807,0
tel_Latn,115509,2443,7237,86888,1.32895507e-02,-15.693152,78,4040,0
tel_Telu,5313679,1527,3520,97809,3.52201301e-04,-19.442080,2137,100000,0
tem_Latn,520787,280,3240,93035,3.40205263e-03,-17.124107,81,13526,0
teo_Latn,1121817,817,6045,88186,1.49007052e-03,-17.896135,261,41825,0
ter_Latn,1111978,233,3710,92852,1.59152534e-03,-17.881824,215,17895,0
tet_Latn,2292008,1390,8249,84615,7.12396382e-04,-18.592743,264,100000,0
tew_Latn,704364,200,2612,94565,2.59547144e-03,-17.411030,123,10834,0
tfr_Latn,900725,222,2977,93790,2.01181068e-03,-17.657534,127,17084,0
tgk_Cyrl,4313659,1854,5825,93694,4.12044587e-04,-19.242168,1911,100000,0
tgo_Latn,1124184,123,3457,91607,1.56929026e-03,-17.882395,109,24717,0
tgp_Latn,703086,186,3355,92055,2.49194489e-03,-17.424833,122,17765,0
tha_Thai,6001780,1468,3613,98485,3.16118605e-04,-19.557053,2399,100000,0
thk_Latn,586249,261,3563,92671,2.98401332e-03,-17.251297,141,13482,0
thl_Deva,338123,98,1639,97687,5.79914631e-03,-16.639568,40,6915,0
thv_Latn,3580,423,899,97849,1.43897424e-01,-13.429835,3,372,0
tif_Latn,1788012,103,3654,91972,9.96784240e-04,-18.340216,214,23726,0
tig_Ethi,91217,145,785,98806,1.88201539e-02,-15.473741,74,3064,0
tih_Latn,1643643,545,5588,89060,1.04586219e-03,-18.259979,254,40349,0
tik_Latn,757795,166,2056,96224,2.45454684e-03,-17.484247,103,13464,0
tim_Latn,1563401,56,2745,93262,1.16119548e-03,-18.201473,146,30702,0
tir_Ethi,6083312,519,2030,98257,3.79099168e-04,-19.373055,801,100000,0
tiv_Latn,2232513,1434,7217,85596,7.35747302e-04,-18.572018,249,100000,0
tiy_Latn,839217,192,3745,91830,2.10011357e-03,-17.593458,94,17716,0
tke_Latn,541905,571,4829,89644,3.11672550e-03,-17.174574,152,14338,0
tkl_Latn,11173,429,1254,96896,9.06538757e-02,-13.882100,16,505,0
tkr_Cyrl,28230,258,1208,97940,5.01855968e-02,-14.484138,17,777,0
tku_Latn,836672,181,2776,93948,2.15192257e-03,-17.591890,157,17821,0
tlb_Latn,621069,376,4421,89633,2.74076348e-03,-17.302998,144,13436,0
tlf_Latn,1682516,61,3203,92429,1.06544100e-03,-18.278563,160,23775,0
tlh_Latn,1423996,848,5565,89097,1.20967629e-03,-18.114883,185,42807,0
tlj_Latn,801945,212,3885,91654,2.18904040e-03,-17.550068,135,17791,0
tll_Latn,2145553,1512,7433,85359,7.58212982e-04,-18.539167,309,100000,0
tly_Latn,279208,2014,7288,88192,5.88298475e-03,-16.522963,206,3892,0
tmc_Latn,361074,576,2683,94396,4.90420237e-03,-16.772917,127,6765,0
tmd_Latn,1012470,198,2640,94493,1.79872115e-03,-17.776960,137,17323,0
tna_Latn,1071119,99,3064,93023,1.67205033e-03,-17.834307,158,23936,0
tnc_Latn,345940,328,2604,94330,5.11431392e-03,-16.730267,132,5146,0
tnk_Latn,932418,135,2885,94011,1.94240789e-03,-17.694994,146,17717,0
tnn_Latn,896145,198,2906,94026,2.02174895e-03,-17.655119,143,17665,0
tnp_Latn,611684,330,2730,94792,2.95631293e-03,-17.283253,144,10970,0
tnr_Latn,425789,625,3343,92700,4.14317703e-03,-16.923416,92,6516,0
tob_Latn,2199870,709,4676,90645,7.92287623e-04,-18.555292,340,42001,0
toc_Latn,1440836,258,3362,93025,1.23849794e-03,-18.134480,200,17742,0
tod_Latn,870758,233,3502,92940,2.03295213e-03,-17.637976,169,19051,0
tog_Latn,2071830,1086,6704,85681,7.99334021e-04,-18.490118,229,100000,0
toh_Latn,2032178,1290,7052,86034,8.18812070e-04,-18.470154,361,89915,0
toi_Latn,2108156,1410,8346,84162,7.62470585e-04,-18.519445,326,100000,0
toj_Latn,2776247,1305,8230,84320,5.86776296e-04,-18.783241,247,100000,0
tok_Latn,593367,456,1369,96632,3.14684909e-03,-17.240019,222,48852,0
ton_Latn,2585473,1302,5996,89275,6.72017884e-04,-18.704702,666,100000,0
too_Latn,892848,175,2870,93536,2.00355159e-03,-17.658936,159,17821,0
top_Latn,2558406,1255,7464,86107,6.47698663e-04,-18.705431,278,100000,0
tos_Latn,1309057,221,3266,93164,1.35063209e-03,-18.049299,243,17720,0
tpa_Latn,62404,163,2039,94674,2.53892715e-02,-15.131623,41,1672,0
tpi_Latn,2235242,1597,7300,86978,7.61572663e-04,-18.553535,390,100000,0
tpm_Latn,2080488,336,4885,89760,8.29876535e-04,-18.499128,276,56620,0
tpn_Latn,8831,557,1342,96899,1.01991446e-01,-13.764291,11,493,0
tpp_Latn,832813,286,3436,92485,2.11479867e-03,-17.593597,147,17827,0
tpt_Latn,874403,184,3091,93179,2.03365992e-03,-17.640196,128,17825,0
tpw_Latn,3740,358,784,97949,1.42342286e-01,-13.441723,4,360,0
tpz_Latn,1444148,94,2808,94215,1.24855518e-03,-18.139103,200,24321,0
tqo_Latn,286256,509,2468,94436,6.14476454e-03,-16.547832,101,6765,0
trc_Latn,730988,293,2758,94664,2.46404321e-03,-17.464041,146,10997,0
trn_Latn,319259,543,3020,93295,5.44494451e-03,-16.656590,101,6686,0
tro_Latn,405173,554,3760,91078,4.20746883e-03,-16.890366,94,11062,0
trp_Latn,1245580,787,5036,89455,1.38254655e-03,-17.985319,212,30617,0
trq_Latn,339688,533,2381,94819,5.23785224e-03,-16.711569,125,6754,0
trs_Latn,368257,548,2459,94778,4.90055937e-03,-16.777699,132,6763,0
trv_Latn,686695,2453,9188,82977,2.29235732e-03,-17.404493,339,5293,0
tsc_Latn,2044923,1275,7188,85716,8.04163455e-04,-18.484503,345,100000,0
tsg_Latn,591817,318,3828,92066,2.97417737e-03,-17.248049,109,10993,0
tsn_Latn,3521980,1738,9366,83500,4.49696599e-04,-19.039539,581,100000,0
tso_Latn,3314281,1619,9331,82661,4.79129191e-04,-18.966043,396,100000,0
tsw_Latn,776778,236,3638,91584,2.25705274e-03,-17.518707,177,17700,0
tsz_Latn,2385017,1357,6920,87269,7.08228956e-04,-18.629494,451,100000,0
ttc_Latn,911288,207,3145,93135,1.96496610e-03,-17.674086,163,17827,0
tte_Latn,1338510,92,3393,92158,1.31308578e-03,-18.066635,173,30509,0
ttj_Latn,1841409,1230,7015,85641,8.95642334e-04,-18.375889,319,89198,0
ttq_Latn,330481,768,4133,92457,5.18039751e-03,-16.697372,99,6630,0
ttq_Tfng,198550,4,265,99655,8.89917661e-03,-16.231266,7,4277,0
tuc_Latn,2324910,173,4567,89919,7.44302280e-04,-18.609728,111,42199,0
tue_Latn,877022,188,2973,93728,2.06015706e-03,-17.633125,184,17632,0
tuf_Latn,1020510,165,3284,93297,1.75180923e-03,-17.790649,147,17688,0
tui_Latn,1431197,791,4597,89970,1.21942701e-03,-18.116606,104,30782,0
tuk_Arab,221998,72,1068,98378,8.15397377e-03,-16.305822,51,4783,0
tuk_Cyrl,2820316,172,2631,96622,6.59485503e-04,-18.802612,291,100000,0
tuk_Latn,3338749,1675,8656,85421,4.90673642e-04,-18.975079,838,100000,0
tul_Latn,167883,824,3088,93129,1.00942048e-02,-16.037535,84,4299,0
tum_Latn,2298940,1311,7723,84217,7.06481957e-04,-18.596365,223,100000,0
tuo_Latn,1672914,313,4119,91818,1.06383415e-03,-18.273439,212,28238,0
tur_Latn,3095724,2400,12351,80617,4.96508625e-04,-18.905375,1002,100000,0
tuv_Latn,12940,636,2020,95024,8.19899629e-02,-13.963043,16,532,0
tvk_Latn,1137572,317,4068,91156,1.53740143e-03,-17.897989,155,22714,0
tvl_Latn,2032334,1125,5269,90920,8.58887639e-04,-18.477608,666,100000,0
twb_Latn,252107,618,2928,93019,6.91184856e-03,-16.415077,51,6753,0
twi_Latn,2562788,1724,8874,84550,6.25578896e-04,-18.721931,414,100000,0
twu_Latn,591480,376,3996,90894,2.92982661e-03,-17.250261,140,13437,0
twx_Latn,538788,1455,6027,87345,3.07084514e-03,-17.163424,240,26573,0
txq_Latn,985244,354,4429,90032,1.75834831e-03,-17.751301,198,18350,0
txu_Latn,1287652,129,2356,94974,1.41750693e-03,-18.020214,147,17214,0
tyv_Cyrl,3421084,522,3434,96210,5.42898885e-04,-18.992876,688,100000,0
tzh_Latn,2608185,1345,8006,85133,6.30767712e-04,-18.720543,239,100000,0
tzj_Latn,3282972,291,5161,88797,5.24068585e-04,-18.947996,243,56692,0
tzl_Latn,1699,328,589,98348,1.68051265e-01,-13.279754,2,190,0
tzm_Tfng,134079,559,1545,97740,1.29534146e-02,-15.836462,195,1590,0
tzo_Latn,2973995,1363,7851,85319,5.54635044e-04,-18.851353,284,100000,0
ubr_Latn,1222676,219,4080,90785,1.42114491e-03,-17.972542,203,27048,0
ubu_Latn,3811584,115,3465,91631,4.68537555e-04,-19.091419,149,58489,0
udm_Cyrl,3171696,1004,4101,95757,5.80993742e-04,-18.920340,1357,100000,0
udu_Latn,941370,137,3171,92810,1.88872109e-03,-17.710165,138,17827,0
uig_Arab,6227470,1205,3418,97607,3.20839002e-04,-19.533276,1788,100000,0
uig_Cyrl,2117966,47,1799,97442,8.88824971e-04,-18.512623,92,39412,0
uig_Latn,3125774,631,6582,86955,5.34566812e-04,-18.907200,190,59496,0
ukr_Cyrl,4031556,2177,6654,92238,4.33318664e-04,-19.176165,1764,100000,0
umb_Latn,2297544,1499,7239,85853,7.19260233e-04,-18.597679,380,100000,0
upv_Latn,828003,217,3488,92182,2.14141959e-03,-17.577806,131,17741,0
ura_Latn,976762,167,2993,93543,1.81752449e-03,-17.756456,108,17359,0
urb_Latn,1041038,124,2444,94545,1.75430936e-03,-17.802511,155,17434,0
urd_Arab,3761786,2032,5981,93748,4.76204786e-04,-19.098028,1944,100000,0
urd_Latn,1927138,1818,8397,84919,8.50875944e-04,-18.418697,455,38376,0
urh_Latn,2425612,1327,6638,87042,6.96013800e-04,-18.644287,261,100000,0
uri_Latn,227671,239,2169,94692,7.73626591e-03,-16.320221,80,4227,0
urk_Thai,833546,40,567,99382,2.32124437e-03,-17.572378,83,13466,0
urt_Latn,857864,207,3461,92101,2.07643034e-03,-17.607746,176,17543,0
urw_Latn,43276,548,1859,95113,3.50767774e-02,-14.813037,40,1006,0
ury_Latn,394723,679,3545,91967,4.42124440e-03,-16.850519,142,6598,0
usa_Latn,1504097,166,2504,94850,1.20937233e-03,-18.177706,240,24754,0
usp_Latn,950044,215,3303,92845,1.87400393e-03,-17.718365,129,17825,0
uth_Latn,225234,648,2831,93973,7.72707662e-03,-16.313787,71,4272,0
uvh_Latn,1141472,133,3178,91873,1.54692499e-03,-17.899649,96,17225,0
uvl_Latn,1090803,119,3343,92526,1.63290100e-03,-17.852642,160,24441,0
uzn_Cyrl,1871788,164,2051,97364,1.00957701e-03,-18.384436,286,37596,0
uzn_Latn,4808881,1571,9599,82066,3.27969296e-04,-19.337870,306,100000,0
uzs_Arab,5086685,782,3822,97117,3.71789084e-04,-19.380856,1709,100000,0
vag_Latn,705465,343,3690,91918,2.47818575e-03,-17.428881,138,17828,0
vap_Latn,1150645,723,5098,89209,1.48595232e-03,-17.910437,125,30667,0
var_Latn,690486,304,2766,93326,2.57039708e-03,-17.407549,91,11058,0
vec_Latn,3064011,2322,13429,79079,4.89159849e-04,-18.901024,852,100000,0
ven_Latn,2452641,1474,8056,85521,6.68031690e-04,-18.667692,338,100000,0
vep_Latn,277895,2448,8119,86109,5.72802888e-03,-16.525753,191,9947,0
vid_Latn,638769,204,4303,90338,2.67594439e-03,-17.334766,107,17829,0
vie_Latn,4885228,2801,11837,82387,3.24679704e-04,-19.351854,687,100000,0
viv_Latn,1298678,102,3044,92432,1.36939000e-03,-18.027618,143,23382,0
vls_Latn,843118,1915,9157,84404,1.86124282e-03,-17.629881,369,25500,0
vmk_Latn,33265,836,2459,94459,4.27807257e-02,-14.607589,38,1646,0
vmw_Latn,2157683,1612,8195,85057,7.52251943e-04,-18.543516,343,100000,0
vmy_Latn,765803,223,3420,92222,2.29420448e-03,-17.509323,120,17829,0
vol_Latn,2520397,2281,9142,86895,6.71951509e-04,-18.677780,646,88791,0
vot_Latn,1678,346,633,98309,1.68294581e-01,-13.277910,2,119,0
vro_Latn,1542432,1986,11083,82087,1.00036128e-03,-18.222929,624,51151,0
vun_Latn,662860,213,3719,91394,2.61943170e-03,-17.367733,100,17824,0
vut_Latn,904519,132,2543,95134,2.03248628e-03,-17.661537,71,17776,0
waj_Latn,1438342,46,2174,94532,1.25196069e-03,-18.139738,140,24407,0
wal_Ethi,295428,21,586,98799,6.28329506e-03,-16.570704,10,6595,0
wal_Latn,2608175,1045,6910,86971,6.40584515e-04,-18.726460,292,100000,0
wap_Latn,1497492,391,4185,91241,1.16020743e-03,-18.180416,196,30027,0
war_Latn,2821442,2092,13714,77830,5.30535732e-04,-18.803905,528,100000,0
wat_Latn,293197,164,2690,94046,5.95277226e-03,-16.575438,81,6617,0
way_Latn,651977,139,2477,94376,2.75155346e-03,-17.350632,74,13526,0
wba_Latn,262584,758,3264,92975,6.62866306e-03,-16.456438,89,7083,0
wbm_Latn,2879172,317,4076,91125,6.12960335e-04,-18.817198,250,64634,0
wbp_Latn,1616743,124,1965,95945,1.14789712e-03,-18.241354,163,20841,0
wed_Latn,223569,715,4141,90946,7.44355414e-03,-16.318428,95,6267,0
wer_Latn,1161693,64,2669,93919,1.54982428e-03,-17.919802,93,24394,0
wes_Latn,1503526,1068,6134,87438,1.13362043e-03,-18.161024,193,65898,0
wew_Latn,13533,699,1699,95284,8.01806287e-02,-13.988091,12,727,0
whg_Latn,15589,511,1398,95914,7.42528411e-02,-14.071486,15,782,0
whk_Latn,492948,702,3938,91052,3.49967841e-03,-17.074270,150,11051,0
wib_Latn,514818,331,2381,95218,3.55036367e-03,-17.104630,71,9431,0
wim_Latn,1185893,136,3064,93087,1.49749203e-03,-17.945253,171,17245,0
wiu_Latn,1447699,48,2707,93207,1.22533449e-03,-18.147120,143,29858,0
wln_Latn,691623,2155,8554,85606,2.34290205e-03,-17.413876,411,25529,0
wls_Latn,2260191,1476,6030,89397,7.67724702e-04,-18.572922,598,100000,0
wlv_Latn,29382,507,1601,96002,4.80974717e-02,-14.506650,25,1486,0
wlx_Latn,825573,731,4558,89650,2.06754857e-03,-17.585060,149,19671,0
wmt_Latn,202755,142,1642,96340,1.08978753e-02,-15.994826,83,1953,0
wmw_Latn,604981,297,5467,87961,2.75045500e-03,-17.280638,131,17797,0
wnc_Latn,1505416,152,3502,92121,1.17766332e-03,-18.175081,226,28251,0
wnu_Latn,1096524,117,3288,92503,1.62069021e-03,-17.859900,140,23875,0
wob_Latn,990253,92,2314,95471,1.81225992e-03,-17.779758,129,17751,0
wol_Latn,2062912,2489,12199,79409,7.43909546e-04,-18.485958,679,69728,0
wos_Latn,1016295,143,2637,93637,1.78320207e-03,-17.776525,175,19970,0
wrk_Latn,928869,60,1730,96087,2.00153622e-03,-17.686850,93,10995,0
wrs_Latn,1496621,149,4131,90465,1.15096322e-03,-18.179874,190,25819,0
wsg_Telu,266512,11,488,99420,6.95159297e-03,-16.475893,34,4001,0
wsk_Latn,1192850,330,4373,89601,1.45518597e-03,-17.935743,181,29455,0
wuu_Hani,4917702,4282,10276,85786,3.40458113e-04,-19.344830,870,74364,0
wuv_Latn,902453,123,3601,92490,1.91775869e-03,-17.691454,158,24539,0
wwa_Latn,560850,206,2575,93922,3.21523448e-03,-17.190075,51,13509,0
xal_Cyrl,535618,190,1543,97646,3.45315866e-03,-17.157570,138,11611,0
xav_Latn,1785648,809,5349,90128,9.78085517e-04,-18.338900,392,30476,0
xbi_Latn,519886,236,2602,93616,3.42154888e-03,-17.124619,126,8764,0
xbr_Latn,280351,683,3058,92606,6.11500319e-03,-16.533119,129,6415,0
xed_Latn,806279,200,3313,92794,2.20668025e-03,-17.554403,80,17807,0
xho_Latn,3309515,1648,9953,81406,4.71521937e-04,-18.966749,414,100000,0
xla_Latn,1394963,125,3167,93107,1.28313130e-03,-18.099957,180,27219,0
xmf_Geor,4215173,1637,3484,97829,4.48949976e-04,-19.199575,2108,100000,0
xmm_Latn,295046,777,3754,91171,5.90198054e-03,-16.552959,225,6762,0
xmv_Latn,1268690,1040,5717,89170,1.35551860e-03,-18.001871,242,56898,0
xnn_Latn,463697,457,4098,91252,3.73610728e-03,-17.011091,129,10778,0
xog_Latn,1111348,825,5943,87483,1.50045382e-03,-17.881187,247,26865,0
xon_Latn,941121,227,3025,92470,1.88215373e-03,-17.709978,127,24417,0
xrb_Latn,854457,115,2472,94247,2.12249530e-03,-17.608837,77,17749,0
xsb_Latn,798699,176,4548,90639,2.15778631e-03,-17.553312,144,17822,0
xsi_Latn,1499300,113,3012,92691,1.20010993e-03,-18.162369,187,28581,0
xsm_Latn,1242987,509,4375,90945,1.40381189e-03,-17.986574,212,24468,0
xsr_Deva,946312,13,986,98346,2.00851676e-03,-17.706606,56,17795,0
xsu_Latn,1376595,112,2720,94230,1.31247501e-03,-18.089334,134,19885,0
xtd_Latn,828956,328,3328,92548,2.15716351e-03,-17.574444,179,17918,0
xtm_Latn,1030430,607,3650,91899,1.70910317e-03,-17.800232,210,22034,0
xtn_Latn,988208,383,3269,92568,1.79099784e-03,-17.760681,221,23830,0
xum_Latn,1355,196,407,98875,1.74116998e-01,-13.249640,0,113,0
xuo_Latn,947213,190,3002,93551,1.90624248e-03,-17.708883,124,17719,0
yaa_Latn,952981,171,2898,93251,1.87564045e-03,-17.721855,149,17141,0
yad_Latn,923376,104,2128,95203,1.97516458e-03,-17.690870,121,16726,0
yal_Latn,642110,156,3071,92554,2.71913509e-03,-17.342989,106,17818,0
yam_Latn,970407,369,3268,93791,1.85167643e-03,-17.740488,190,17769,0
yan_Latn,1296422,760,4659,90184,1.33405104e-03,-18.029142,267,30490,0
yao_Latn,2652937,1140,6955,85843,6.22985627e-04,-18.741262,436,100000,0
yap_Latn,2238573,1238,6513,87206,7.57216587e-04,-18.561890,350,100000,0
yaq_Latn,1015713,185,3295,92506,1.73749033e-03,-17.790342,148,17776,0
yas_Latn,356869,512,2975,94438,5.03892364e-03,-16.746262,114,6565,0
yat_Latn,388686,346,2691,95447,4.60652819e-03,-16.846607,87,6733,0
yaz_Latn,349681,630,2747,94152,5.02745941e-03,-16.745506,84,6764,0
ybb_Latn,565173,925,3919,92588,3.12781096e-03,-17.203337,204,12240,0
yby_Latn,1233540,71,3193,92119,1.43138403e-03,-17.979950,93,24355,0
ycn_Latn,1117480,456,3789,91643,1.58449095e-03,-17.873148,221,17642,0
ydd_Hebr,1627365,945,2114,97830,1.13546896e-03,-18.271696,825,38324,0
yim_Latn,1171416,586,3972,90774,1.49546848e-03,-17.921444,165,30719,0
yka_Latn,1198707,226,4440,90095,1.45556803e-03,-17.940979,168,24931,0
yle_Latn,1895585,65,2235,95080,9.69818934e-04,-18.400875,142,30413,0
yli_Latn,610700,306,3411,91935,2.89376890e-03,-17.274033,112,13447,0
yml_Latn,1295224,76,2986,93148,1.36718370e-03,-18.036947,66,22780,0
yom_Latn,1645210,1328,7163,86439,1.00390955e-03,-18.271048,452,70854,0
yon_Latn,995355,379,3779,91765,1.77842027e-03,-17.759016,232,21011,0
yor_Latn,3680553,2440,11144,82288,4.36438392e-04,-19.054844,620,100000,0
yrb_Latn,685251,142,2623,93579,2.60366108e-03,-17.397398,91,15989,0
yre_Latn,1507783,264,2678,94253,1.19925533e-03,-18.179792,148,28067,0
yrk_Cyrl,87929,250,1315,97867,1.94409950e-02,-15.431736,56,1902,0
yrl_Latn,148081,1182,4271,91244,1.12439580e-02,-15.909217,71,6918,0
yss_Latn,1773974,111,3543,92098,1.00143549e-03,-18.336929,195,37876,0
yua_Latn,2682421,1486,7968,85050,6.12888865e-04,-18.748322,258,100000,0
yue_Hani,5086792,1375,3215,96417,3.67354142e-04,-19.385622,875,100000,0
yuj_Latn,1350195,110,2896,93555,1.33911922e-03,-18.062048,117,24252,0
yup_Latn,6050,435,977,97234,1.20736677e-01,-13.599019,5,270,0
yut_Latn,1282189,139,2883,93506,1.41468135e-03,-18.006632,122,28424,0
yuw_Latn,1126532,133,3918,91182,1.55562032e-03,-17.886494,154,20046,0
yuz_Latn,303194,814,3534,92186,5.67510639e-03,-16.603230,169,6670,0
yva_Latn,929590,241,4010,91381,1.88614249e-03,-17.696014,149,17493,0
zaa_Latn,972824,168,4077,91423,1.80166191e-03,-17.742298,138,17673,0
zab_Latn,803556,501,4258,91086,2.17971925e-03,-17.548119,177,19384,0
zac_Latn,937009,184,3479,92839,1.90513922e-03,-17.701822,110,17805,0
zad_Latn,770529,168,3358,92566,2.28371348e-03,-17.517630,120,17817,0
zae_Latn,902967,201,3569,91722,1.93260576e-03,-17.675404,145,17778,0
zai_Latn,2400363,1364,7414,86456,6.96317021e-04,-18.637096,315,100000,0
zam_Latn,1292870,179,3632,92412,1.37822453e-03,-18.020971,167,17797,0
zao_Latn,705205,198,3270,92497,2.51652589e-03,-17.419807,172,17796,0
zar_Latn,972010,177,3048,93707,1.85732259e-03,-17.736547,98,17756,0
zas_Latn,749773,161,3140,92992,2.38473230e-03,-17.478937,128,17799,0
zat_Latn,847291,267,2787,93839,2.13426966e-03,-17.598967,127,17798,0
zav_Latn,1003216,141,2886,93807,1.79806219e-03,-17.770041,101,17587,0
zaw_Latn,807042,216,3529,92390,2.19973559e-03,-17.553192,101,17823,0
zca_Latn,751036,222,3613,92058,2.35357334e-03,-17.481995,124,17802,0
zdj_Latn,30639,839,2594,93625,4.52176862e-02,-14.543320,33,1573,0
zea_Latn,244631,2156,7529,87248,6.56180238e-03,-16.403000,186,8505,0
zgh_Tfng,80846,148,777,99125,2.05920588e-02,-15.386987,91,2897,0
zia_Latn,1066505,89,3669,91302,1.64670667e-03,-17.830906,111,24412,0
ziw_Latn,593048,217,4456,89997,2.87254653e-03,-17.260088,78,17829,0
zne_Latn,2040439,1491,7099,86060,8.09318032e-04,-18.482119,374,100000,0
zoc_Latn,220261,719,2804,93662,7.92637367e-03,-16.285007,90,4297,0
zom_Latn,1594255,849,6459,87015,1.04359236e-03,-18.238922,241,48432,0
zos_Latn,947497,243,3974,91482,1.85580349e-03,-17.713335,113,17816,0
zpa_Latn,1189459,1229,6226,88429,1.44294748e-03,-17.931023,155,50169,0
zpc_Latn,889119,187,3660,91929,1.97693069e-03,-17.654982,100,17745,0
zpg_Latn,20016,491,1378,96829,6.39562404e-02,-14.230258,20,833,0
zpi_Latn,746744,166,3127,92749,2.40454184e-03,-17.468048,80,17812,0
zpj_Latn,2169,332,627,98232,1.61354057e-01,-13.319242,3,90,0
zpl_Latn,803955,224,3218,92771,2.18662404e-03,-17.563286,115,17820,0
zpm_Latn,902016,142,3158,93212,1.98783380e-03,-17.663342,120,17300,0
zpo_Latn,692615,192,3240,92606,2.55151070e-03,-17.407179,141,17782,0
zpq_Latn,874725,165,2867,93715,2.05668353e-03,-17.634674,123,17691,0
zpt_Latn,741823,219,2907,93064,2.42717377e-03,-17.462070,124,17827,0
zpu_Latn,835932,281,3434,92688,2.10291484e-03,-17.601425,136,17841,0
zpv_Latn,1026114,226,3189,92950,1.73519657e-03,-17.796452,131,17800,0
zpz_Latn,866051,184,3152,93340,2.06851275e-03,-17.624929,148,17804,0
zsm_Arab,4233,189,617,99001,1.38562820e-01,-13.479317,5,281,0
zsm_Latn,3490892,2555,14968,77133,4.24261142e-04,-19.018448,1187,100000,0
zsr_Latn,891134,171,2961,94034,2.02687493e-03,-17.652672,99,17753,0
ztq_Latn,661112,186,3262,92788,2.68710695e-03,-17.357363,112,17742,0
zty_Latn,880572,178,2677,94293,2.04450677e-03,-17.646761,157,17738,0
zul_Latn,3272679,1590,9232,82278,4.83275999e-04,-18.952782,434,100000,0
zyb_Latn,764552,223,2204,95556,2.41455587e-03,-17.493708,111,13305,0
zyp_Latn,739386,202,2920,93000,2.40736832e-03,-17.469576,140,17810,0
