lang,script,N,logN,H,zH,peak,k_close,d_nn,nn_lang,d_up,target_lang,up_resratio,support_val,fp_val,magnet_ratio,category
aai_Latn,Latn,24580,4.391,2.8632,0.172,0.2,44,0.875,ubr_Latn,0.875,ubr_Latn,0.9088,7,0,0.0,head
aak_Latn,Latn,24062,4.381,2.7374,-1.589,0.2,0,1.0136,tpn_Latn,1.2836,agm_Latn,0.987,20,0,0.0,head
aau_Latn,Latn,24485,4.389,2.811,-0.56,0.2,5,0.968,mgm_Latn,1.2171,diq_Latn,0.873,5,0,0.0,head
aaz_Latn,Latn,20777,4.318,2.87,0.266,0.2,35,0.6453,aoz_Latn,1.0935,bjn_Latn,0.7513,13,0,0.0,head
aba_Latn,Latn,18107,4.258,2.8095,-0.58,0.2,43,0.839,mev_Latn,1.0908,ajg_Latn,0.6197,16,2,0.118,head
abi_Latn,Latn,6735,3.828,2.8745,0.329,0.2,57,0.8351,mev_Latn,0.9132,aha_Latn,0.4451,8,0,0.0,mid
abk_Cyrl,Cyrl,100000,5.0,2.6875,-2.402,0.2,8,0.8949,abq_Cyrl,,,,1228,0,0.0,head
abn_Latn,Latn,47050,4.673,2.7961,-0.768,0.2,32,0.9465,kdr_Latn,1.0607,oke_Latn,0.9219,50,2,0.039,head
abq_Cyrl,Cyrl,141,2.152,3.6079,9.733,0.2,319,0.228,ldn_Latn,0.252,lbe_Cyrl,0.7747,0,0,0.0,flat_magnet
abs_Latn,Latn,1335,3.126,3.2228,5.203,0.2,639,0.3601,max_Latn,0.4233,mui_Latn,0.5154,2,43,14.333,flat_magnet
abt_Latn,Latn,46820,4.67,2.783,-0.952,0.2,1,0.9934,wos_Latn,1.1797,jav_Latn,0.4682,16,0,0.0,head
abx_Latn,Latn,17721,4.249,2.9316,1.129,0.2,79,0.7889,hil_Latn,0.7889,hil_Latn,0.1772,13,0,0.0,mid
aby_Latn,Latn,21889,4.34,2.8044,-0.651,0.2,5,0.631,yrb_Latn,1.2013,kqc_Latn,0.9822,4,0,0.0,head
abz_Latn,Latn,13333,4.125,2.95,1.386,0.2,208,0.6449,ind_Latn,0.6449,ind_Latn,0.1333,12,14,1.077,mid
aca_Latn,Latn,7493,3.875,2.8401,-0.153,0.2,46,0.8483,tzl_Latn,0.9338,pio_Latn,0.4289,9,0,0.0,mid
acd_Latn,Latn,17727,4.249,2.7708,-1.121,0.2,1,0.9272,mev_Latn,1.0588,bam_Latn,0.9481,14,0,0.0,mid
ace_Arab,Arab,6107,3.786,2.8393,-0.017,0.2,45,0.1031,bjn_Arab,0.1031,bjn_Arab,0.9995,8,5,0.556,twin
ace_Latn,Latn,47937,4.681,2.9268,1.061,0.2,129,0.6291,sun_Latn,0.6291,sun_Latn,0.4794,46,2,0.043,head
acf_Latn,Latn,34818,4.542,2.7991,-0.726,0.2,18,0.3139,gcf_Latn,0.3139,gcf_Latn,0.5167,18,0,0.0,head
ach_Latn,Latn,42880,4.632,2.9048,0.753,0.2,79,0.3864,laj_Latn,0.6958,alz_Latn,0.4622,28,1,0.034,head
acm_Arab,Arab,4566,3.66,2.9701,2.721,0.2,84,0.0583,ars_Arab,0.0583,ars_Arab,0.2463,7,46,5.75,flat_magnet
acn_Latn,Latn,17803,4.251,2.7833,-0.946,0.2,15,0.9356,kas_Latn,1.2264,bjn_Latn,0.6438,6,0,0.0,mid
acr_Latn,Latn,67975,4.832,2.9188,0.95,0.2,18,0.3172,quc_Latn,0.3172,quc_Latn,0.6797,40,0,0.0,head
acu_Latn,Latn,24513,4.389,2.8681,0.24,0.2,36,0.3428,hub_Latn,0.6744,agr_Latn,0.7611,12,0,0.0,head
ada_Latn,Latn,100000,5.0,2.7501,-1.411,0.2,13,0.6903,gaa_Latn,,,,183,1,0.005,head
ade_Latn,Latn,13525,4.131,2.7963,-0.765,0.2,22,0.9242,eto_Latn,1.1255,bam_Latn,0.7234,10,0,0.0,mid
adh_Latn,Latn,23111,4.364,2.9204,0.972,0.2,91,0.6125,luo_Latn,0.6125,luo_Latn,0.2311,17,0,0.0,head
adi_Latn,Latn,30503,4.484,2.883,0.448,0.2,52,0.8899,asm_Latn,0.9862,jav_Latn,0.305,31,0,0.0,head
adj_Latn,Latn,17702,4.248,2.7811,-0.978,0.2,23,0.9022,kdr_Latn,1.1755,bam_Latn,0.9468,17,0,0.0,mid
adl_Latn,Latn,11055,4.044,2.8246,-0.369,0.2,37,0.8998,kdr_Latn,1.0335,adi_Latn,0.3624,12,0,0.0,mid
ady_Cyrl,Cyrl,5894,3.77,2.837,-0.431,0.2,62,0.3315,kbd_Cyrl,0.3315,kbd_Cyrl,0.1274,8,0,0.0,mid
adz_Latn,Latn,3796,3.579,2.9012,0.703,0.2,81,0.7519,kdr_Latn,0.9926,tel_Latn,0.9396,3,0,0.0,mid
aeb_Arab,Arab,25840,4.412,2.8422,0.043,0.2,22,0.2391,ary_Arab,0.2391,ary_Arab,0.2584,27,9,0.321,head
aer_Latn,Latn,12314,4.09,2.7866,-0.9,0.2,9,0.8028,aly_Latn,1.2698,sco_Latn,0.1408,17,0,0.0,mid
aeu_Latn,Latn,17719,4.248,2.7104,-1.968,0.2,0,1.0364,kas_Latn,1.284,vro_Latn,0.3464,8,0,0.0,mid
aey_Latn,Latn,25992,4.415,2.8101,-0.572,0.2,14,0.9591,tzl_Latn,1.1088,sun_Latn,0.2599,11,0,0.0,head
afr_Latn,Latn,100000,5.0,2.908,0.798,0.2,159,0.3108,nld_Latn,,,,1223,21,0.017,head
agd_Latn,Latn,31162,4.494,2.8439,-0.099,0.2,9,0.9785,goh_Latn,1.1092,pap_Latn,0.3116,10,1,0.091,head
agg_Latn,Latn,24084,4.382,2.7454,-1.477,0.2,0,1.0267,kqa_Latn,1.1762,agm_Latn,0.9879,6,0,0.0,head
agm_Latn,Latn,24380,4.387,2.7581,-1.3,0.2,1,0.9815,kqa_Latn,1.2986,cax_Latn,0.8448,9,0,0.0,head
agn_Latn,Latn,17794,4.25,2.9021,0.715,0.2,75,0.7347,tbk_Latn,0.8237,fil_Latn,0.1779,7,2,0.25,mid
agr_Latn,Latn,32209,4.508,2.8761,0.351,0.2,35,0.4973,hub_Latn,1.0963,sun_Latn,0.3221,19,0,0.0,head
agt_Latn,Latn,16997,4.23,2.8841,0.464,0.2,79,0.7443,itv_Latn,0.7717,ibg_Latn,0.1744,12,0,0.0,mid
agu_Latn,Latn,22058,4.344,2.8148,-0.506,0.2,11,0.8486,mam_Latn,0.8486,mam_Latn,0.2206,9,0,0.0,head
agw_Latn,Latn,39173,4.593,2.8764,0.356,0.2,15,0.7978,stn_Latn,1.0024,mri_Latn,0.5364,25,0,0.0,head
agx_Cyrl,Cyrl,1958,3.292,2.9935,1.633,0.2,125,0.411,lez_Cyrl,0.4939,tab_Cyrl,0.1109,1,0,0.0,mid
aha_Latn,Latn,15133,4.18,2.8277,-0.325,0.2,54,0.7701,mev_Latn,0.8193,nzi_Latn,0.1513,13,0,0.0,mid
ahk_Latn,Latn,100000,5.0,2.6196,-3.238,0.2,1,0.7876,lhu_Latn,,,,132,0,0.0,head
aia_Latn,Latn,17546,4.244,2.8191,-0.446,0.2,36,0.9092,tzl_Latn,1.022,kwd_Latn,0.993,12,0,0.0,mid
aii_Syrc,Syrc,24440,4.388,2.6312,-0.674,0.2,2,0.7515,arc_Syrc,,,,16,0,0.0,head
aim_Latn,Latn,11048,4.043,2.8685,0.246,0.2,103,0.4432,rnl_Latn,0.4432,rnl_Latn,0.5024,10,0,0.0,mid
ain_Latn,Latn,4507,3.654,2.9163,0.914,0.2,102,0.726,mrv_Latn,0.9715,lad_Latn,0.4476,4,0,0.0,mid
ajg_Latn,Latn,29217,4.466,2.7985,-0.734,0.2,47,0.575,ewe_Latn,0.575,ewe_Latn,0.2922,29,3,0.1,head
aji_Latn,Latn,12641,4.102,2.7876,-0.887,0.2,27,0.9144,eto_Latn,1.1146,lij_Latn,0.3577,20,0,0.0,mid
ajz_Latn,Latn,11064,4.044,2.8783,0.383,0.2,71,0.584,mjw_Latn,0.584,mjw_Latn,0.9978,12,0,0.0,mid
akb_Latn,Latn,13505,4.131,2.9159,0.908,0.2,112,0.32,bbc_Latn,0.32,bbc_Latn,0.1351,14,2,0.133,mid
ake_Latn,Latn,17791,4.25,2.786,-0.909,0.2,20,0.9487,aqz_Latn,0.9961,mbc_Latn,0.6985,10,0,0.0,mid
akh_Latn,Latn,24012,4.38,2.7842,-0.934,0.2,0,1.0206,kdr_Latn,1.1902,jav_Latn,0.2401,8,0,0.0,head
akp_Latn,Latn,17785,4.25,2.7536,-1.362,0.2,20,0.9016,mev_Latn,1.0437,ewe_Latn,0.1779,18,0,0.0,mid
ald_Latn,Latn,11035,4.043,2.8114,-0.554,0.2,25,0.9137,mev_Latn,1.1653,bam_Latn,0.5902,9,0,0.0,mid
alj_Latn,Latn,13407,4.127,2.8517,0.01,0.2,57,0.7044,iry_Latn,0.7044,iry_Latn,0.9969,10,0,0.0,mid
aln_Latn,Latn,62542,4.796,2.8944,0.608,0.2,21,0.228,als_Latn,0.228,als_Latn,0.6254,58,16,0.271,twin
alp_Latn,Latn,17561,4.245,2.8064,-0.624,0.2,30,0.9033,mrv_Latn,1.1168,mas_Latn,0.5497,8,0,0.0,mid
alq_Latn,Latn,17867,4.252,2.8078,-0.604,0.2,24,0.9355,atj_Latn,1.1438,ojb_Latn,0.6732,11,1,0.083,mid
als_Latn,Latn,100000,5.0,2.9596,1.521,0.2,135,0.228,aln_Latn,,,,463,12,0.026,twin
alt_Cyrl,Cyrl,84843,4.929,2.8494,-0.267,0.2,49,0.5788,tyv_Cyrl,0.5788,tyv_Cyrl,0.8484,71,0,0.0,head
aly_Latn,Latn,6317,3.801,2.826,-0.349,0.2,40,0.5654,amx_Latn,0.8028,aer_Latn,0.513,6,0,0.0,mid
alz_Latn,Latn,92770,4.967,2.899,0.672,0.2,82,0.6663,luo_Latn,0.6663,luo_Latn,0.9277,84,0,0.0,head
ame_Latn,Latn,34032,4.532,2.8082,-0.599,0.2,1,0.9817,hoc_Latn,1.1649,ast_Latn,0.3403,33,1,0.029,head
amf_Latn,Latn,13325,4.125,2.8744,0.328,0.2,78,0.8042,npi_Latn,0.8561,gmv_Latn,0.4311,13,0,0.0,mid
amh_Ethi,Ethi,100000,5.0,2.7011,0.0,0.2,12,0.2915,tir_Ethi,,,,571,3,0.005,head
ami_Latn,Latn,87543,4.942,2.8707,0.276,0.2,22,0.809,szy_Latn,0.9575,pag_Latn,0.8754,85,0,0.0,head
amk_Latn,Latn,17696,4.248,2.8649,0.195,0.2,48,0.8973,mrv_Latn,1.0301,jav_Latn,0.177,8,0,0.0,mid
amm_Latn,Latn,24436,4.388,2.7719,-1.106,0.2,3,0.9803,drg_Latn,1.1825,swh_Latn,0.2444,7,0,0.0,head
amn_Latn,Latn,37915,4.579,2.8024,-0.679,0.2,1,0.9938,mgm_Latn,1.1589,swh_Latn,0.3791,22,0,0.0,head
amp_Latn,Latn,30724,4.487,2.8075,-0.608,0.2,12,0.9265,kas_Latn,1.1131,jav_Latn,0.3072,5,0,0.0,head
amr_Latn,Latn,23701,4.375,2.7651,-1.202,0.2,0,1.0253,otw_Latn,1.3452,bjn_Latn,0.857,5,0,0.0,head
amu_Latn,Latn,17900,4.253,2.7919,-0.826,0.2,5,0.8809,azg_Latn,1.3194,mto_Latn,0.7286,18,0,0.0,mid
amx_Latn,Latn,1656,3.219,2.9264,1.055,0.2,75,0.5654,aly_Latn,0.5654,aly_Latn,0.2621,1,0,0.0,mid
ang_Latn,Latn,490,2.691,3.4505,8.39,0.2,777,0.254,goh_Latn,0.3451,non_Latn,0.9761,0,2,2.0,flat_magnet
anm_Latn,Latn,30734,4.488,2.8476,-0.047,0.2,32,0.928,ory_Latn,0.9471,tcz_Latn,0.4478,33,1,0.029,head
ann_Latn,Latn,22124,4.345,2.8059,-0.63,0.2,10,0.9635,eto_Latn,1.0148,efi_Latn,0.2212,7,0,0.0,head
anp_Deva,Deva,4499,3.653,2.9713,1.454,0.2,70,0.0848,hin_Deva,0.0848,hin_Deva,0.045,4,209,41.8,tight_lowres
anv_Latn,Latn,17797,4.25,2.8127,-0.535,0.2,18,0.9225,lem_Latn,0.9336,ken_Latn,0.9996,6,0,0.0,mid
any_Latn,Latn,11974,4.078,2.8169,-0.477,0.2,29,0.8872,mev_Latn,0.9042,aha_Latn,0.7913,10,0,0.0,mid
aoi_Latn,Latn,3242,3.511,2.9308,1.117,0.2,69,0.7814,sby_Latn,1.0245,tel_Latn,0.8025,3,0,0.0,mid
aoj_Latn,Latn,55040,4.741,2.8691,0.254,0.2,0,1.0206,thv_Latn,1.211,swh_Latn,0.5504,24,0,0.0,head
aom_Latn,Latn,17715,4.248,2.8073,-0.611,0.2,4,0.9772,diu_Latn,1.1252,mcq_Latn,0.5666,14,0,0.0,mid
aoz_Latn,Latn,13501,4.13,2.8709,0.279,0.2,78,0.6453,aaz_Latn,0.6453,aaz_Latn,0.6498,10,0,0.0,mid
apb_Latn,Latn,10888,4.037,2.8505,-0.006,0.2,45,0.8633,mrv_Latn,1.0476,aia_Latn,0.6205,10,0,0.0,mid
apc_Arab,Arab,79058,4.898,2.7696,-1.477,0.2,24,0.0705,ars_Arab,0.1901,ary_Arab,0.7906,75,39,0.513,head
ape_Latn,Latn,59332,4.773,2.8745,0.329,0.2,2,0.9842,kas_Latn,1.1275,swh_Latn,0.5933,18,0,0.0,head
apn_Latn,Latn,16297,4.212,2.7956,-0.775,0.2,3,0.9808,txu_Latn,0.9808,txu_Latn,0.9467,11,0,0.0,mid
apr_Latn,Latn,24377,4.387,2.8169,-0.476,0.2,6,0.9532,eto_Latn,1.1513,sun_Latn,0.2438,9,0,0.0,head
apt_Latn,Latn,11049,4.043,2.8234,-0.385,0.2,62,0.8622,sby_Latn,0.9994,fuv_Latn,0.3613,13,0,0.0,mid
apu_Latn,Latn,11186,4.049,2.7773,-1.03,0.2,29,0.8869,aqz_Latn,1.0794,apy_Latn,0.3025,10,0,0.0,mid
apw_Latn,Latn,11058,4.044,2.7744,-1.071,0.2,23,0.6936,nav_Latn,0.6936,nav_Latn,0.1363,8,0,0.0,mid
apy_Latn,Latn,36974,4.568,2.8246,-0.369,0.2,5,0.9231,tpn_Latn,1.202,gug_Latn,0.3697,37,0,0.0,head
apz_Latn,Latn,24230,4.384,2.7991,-0.726,0.2,0,1.0286,diu_Latn,1.2836,kck_Latn,0.9219,16,0,0.0,head
aqz_Latn,Latn,271,2.435,3.8054,13.357,0.2,1304,0.097,bor_Latn,0.1583,max_Latn,0.8138,0,0,0.0,flat_magnet
arb_Arab,Arab,100000,5.0,2.8319,-0.174,0.2,23,0.1522,ars_Arab,,,,5756,15,0.003,head
arb_Latn,Latn,847,2.928,3.1921,4.774,0.2,514,0.4423,kas_Latn,0.522,snd_Latn,0.2039,1,1,0.5,isolated_tail
arc_Syrc,Syrc,410,2.614,3.0708,7.376,0.2,84,0.0804,syc_Syrc,0.0804,syc_Syrc,0.0577,0,0,0.0,flat_magnet
are_Latn,Latn,6673,3.824,2.8189,-0.449,0.2,45,0.8339,aqz_Latn,1.1109,dhm_Latn,0.6033,5,0,0.0,mid
arg_Latn,Latn,25914,4.414,3.0334,2.552,0.2,295,0.2054,ast_Latn,0.2054,ast_Latn,0.2591,27,67,2.393,flat_magnet
arl_Latn,Latn,24447,4.388,2.7979,-0.743,0.2,0,1.0208,diu_Latn,1.2354,cni_Latn,0.7479,10,0,0.0,head
arn_Latn,Latn,100000,5.0,2.8372,-0.192,0.2,20,0.8863,ext_Latn,,,,127,0,0.0,head
arp_Latn,Latn,1963,3.293,2.8314,-0.273,0.2,78,0.7259,ldn_Latn,0.9599,guj_Latn,0.4823,3,0,0.0,mid
arq_Arab,Arab,2712,3.433,3.0322,4.023,0.2,99,0.2507,ary_Arab,0.2507,ary_Arab,0.0271,3,2,0.5,tight_lowres
arr_Latn,Latn,572,2.758,3.6707,11.472,0.2,998,0.1744,bor_Latn,0.2023,eme_Latn,0.8868,0,0,0.0,flat_magnet
ars_Arab,Arab,18539,4.268,2.8443,0.087,0.2,40,0.0583,acm_Arab,0.0705,apc_Arab,0.2345,19,272,13.6,head
ary_Arab,Arab,100000,5.0,2.8424,0.046,0.2,26,0.1254,ars_Arab,,,,157,97,0.614,head
arz_Arab,Arab,100000,5.0,2.8905,1.054,0.2,26,0.26,arb_Arab,,,,168,170,1.006,head
asg_Latn,Latn,17719,4.248,2.8455,-0.077,0.2,44,0.4927,kdl_Latn,1.0655,hau_Latn,0.1772,11,0,0.0,mid
asm_Beng,Beng,100000,5.0,2.6578,-0.96,0.2,5,0.2994,ben_Beng,,,,239,4,0.017,head
asm_Latn,Latn,455,2.659,3.4908,8.954,0.2,1159,0.2767,ben_Latn,0.2767,ben_Latn,0.1164,0,3,3.0,flat_magnet
aso_Latn,Latn,23837,4.377,2.7985,-0.734,0.2,1,0.9926,gah_Latn,0.9926,gah_Latn,0.9787,17,0,0.0,head
ast_Latn,Latn,100000,5.0,3.0344,2.566,0.2,245,0.2054,arg_Latn,,,,862,96,0.111,head
ata_Latn,Latn,27005,4.431,2.781,-0.979,0.2,0,1.0003,diu_Latn,1.177,leu_Latn,0.7653,15,0,0.0,head
atb_Latn,Latn,25098,4.4,2.8138,-0.521,0.2,5,0.9602,goh_Latn,1.2155,kac_Latn,0.251,9,0,0.0,head
atd_Latn,Latn,17597,4.245,2.8679,0.237,0.2,41,0.5055,mbd_Latn,0.9971,pag_Latn,0.176,9,0,0.0,mid
atg_Latn,Latn,17802,4.25,2.7928,-0.814,0.2,34,0.8231,iso_Latn,0.8231,iso_Latn,0.178,13,0,0.0,mid
ati_Latn,Latn,10154,4.007,2.7274,-1.729,0.2,42,0.8786,mev_Latn,0.999,daf_Latn,0.9686,12,1,0.077,mid
atj_Latn,Latn,1662,3.221,3.0052,2.158,0.2,218,0.5868,csw_Latn,0.7444,avk_Latn,0.5438,1,0,0.0,mid
atq_Latn,Latn,6661,3.824,2.9074,0.79,0.2,85,0.5363,ptu_Latn,0.5363,ptu_Latn,0.3775,9,0,0.0,mid
att_Latn,Latn,17829,4.251,2.8861,0.492,0.2,37,0.7984,ibg_Latn,0.7984,ibg_Latn,0.1829,8,0,0.0,mid
auc_Latn,Latn,17817,4.251,2.7716,-1.111,0.2,0,1.0201,eto_Latn,1.2684,lij_Latn,0.5042,8,0,0.0,mid
aui_Latn,Latn,4581,3.661,2.9567,1.48,0.2,118,0.5889,bmk_Latn,0.6106,pwg_Latn,0.1872,3,0,0.0,mid
auy_Latn,Latn,24037,4.381,2.8407,-0.144,0.2,4,0.4007,kze_Latn,0.4007,kze_Latn,0.9999,8,0,0.0,head
ava_Cyrl,Cyrl,17634,4.246,2.8178,-0.684,0.2,31,0.6031,dar_Cyrl,0.6672,tab_Cyrl,0.9991,15,1,0.062,mid
avk_Latn,Latn,3056,3.485,3.253,5.626,0.2,751,0.4067,tzl_Latn,0.5433,gos_Latn,0.7745,5,2,0.333,flat_magnet
avn_Latn,Latn,11063,4.044,2.8573,0.089,0.2,69,0.7558,mev_Latn,0.8047,bov_Latn,0.624,8,0,0.0,mid
avt_Latn,Latn,24340,4.386,2.8067,-0.619,0.2,3,0.9758,aqz_Latn,1.2542,bjn_Latn,0.8801,8,0,0.0,head
avu_Latn,Latn,17019,4.231,2.7847,-0.927,0.2,2,0.9403,kbo_Latn,1.4586,bss_Latn,0.9576,14,0,0.0,mid
awa_Deva,Deva,18700,4.272,2.8884,0.31,0.2,34,0.2531,bho_Deva,0.2531,bho_Deva,0.3349,19,3,0.15,head
awb_Latn,Latn,24529,4.39,2.8273,-0.331,0.2,1,0.9682,tpw_Latn,1.015,usa_Latn,0.9909,9,0,0.0,head
awi_Latn,Latn,6621,3.821,2.8529,0.028,0.2,68,0.8205,aqz_Latn,1.0312,jav_Latn,0.0662,6,0,0.0,mid
awx_Latn,Latn,4174,3.621,2.9006,0.695,0.2,78,0.7438,vot_Latn,0.9389,iou_Latn,0.1301,1,0,0.0,mid
ayo_Latn,Latn,6717,3.827,2.849,-0.028,0.2,44,0.856,tpw_Latn,0.9763,ext_Latn,0.7728,9,0,0.0,mid
ayp_Arab,Arab,6764,3.83,2.7969,-0.907,0.2,36,0.4431,aeb_Arab,0.4431,aeb_Arab,0.2618,3,0,0.0,mid
ayr_Latn,Latn,100000,5.0,2.8804,0.412,0.2,62,0.8565,kas_Latn,,,,487,1,0.002,head
azb_Arab,Arab,100000,5.0,2.854,0.29,0.2,30,0.3336,glk_Arab,,,,255,10,0.039,head
azg_Latn,Latn,17785,4.25,2.8047,-0.648,0.2,3,0.8809,amu_Latn,0.8809,amu_Latn,0.9936,18,0,0.0,mid
azj_Cyrl,Cyrl,26412,4.422,2.836,-0.444,0.2,26,0.7123,uig_Cyrl,0.7123,uig_Cyrl,0.6702,29,1,0.033,head
azj_Latn,Latn,100000,5.0,2.922,0.995,0.2,80,0.4586,tly_Latn,,,,1234,5,0.004,head
azz_Latn,Latn,17799,4.25,2.8642,0.185,0.2,27,0.6127,nuz_Latn,0.6149,nhw_Latn,0.999,10,0,0.0,mid
bak_Cyrl,Cyrl,100000,5.0,2.8446,-0.331,0.2,58,0.3039,tat_Cyrl,,,,266,7,0.026,head
bal_Arab,Arab,39095,4.592,2.8393,-0.018,0.2,30,0.4246,brh_Arab,0.4461,urd_Arab,0.391,35,4,0.111,head
bam_Latn,Latn,18697,4.272,2.9881,1.919,0.2,337,0.1732,dyu_Latn,0.1732,dyu_Latn,0.187,20,8,0.381,head
ban_Latn,Latn,41792,4.621,3.0252,2.439,0.2,263,0.4084,jav_Latn,0.4084,jav_Latn,0.4179,25,1,0.038,head
bao_Latn,Latn,17847,4.252,2.7947,-0.787,0.2,19,0.703,tav_Latn,0.989,tuo_Latn,0.632,14,0,0.0,mid
bar_Latn,Latn,100000,5.0,2.9279,1.076,0.2,231,0.2472,pfl_Latn,,,,115,27,0.233,head
bas_Latn,Latn,100000,5.0,2.8364,-0.204,0.2,25,0.8163,bum_Latn,,,,96,1,0.01,head
bav_Latn,Latn,17825,4.251,2.746,-1.469,0.2,0,1.0056,kdr_Latn,1.218,mcp_Latn,0.8086,18,0,0.0,mid
bba_Latn,Latn,84918,4.929,2.8592,0.116,0.2,8,0.9267,bam_Latn,1.0798,dyu_Latn,0.8492,65,0,0.0,head
bbb_Latn,Latn,21471,4.332,2.7897,-0.857,0.2,6,0.7333,nvm_Latn,0.7333,nvm_Latn,0.9544,19,0,0.0,head
bbc_Latn,Latn,100000,5.0,2.9391,1.234,0.2,125,0.32,akb_Latn,,,,248,2,0.008,head
bbj_Latn,Latn,11052,4.043,2.7689,-1.149,0.2,26,0.9182,kdr_Latn,1.0511,nnw_Latn,0.6253,8,0,0.0,mid
bbk_Latn,Latn,4286,3.632,2.7827,-0.955,0.2,50,0.8406,eto_Latn,0.9204,bmv_Latn,0.389,3,0,0.0,mid
bbo_Latn,Latn,6704,3.826,2.8488,-0.031,0.2,85,0.6107,bwq_Latn,0.6107,bwq_Latn,0.4963,6,0,0.0,mid
bbr_Latn,Latn,23818,4.377,2.818,-0.462,0.2,22,0.9586,mgm_Latn,1.1915,teo_Latn,0.5695,8,0,0.0,head
bch_Latn,Latn,22386,4.35,2.8131,-0.53,0.2,27,0.9412,mrv_Latn,1.0951,mak_Latn,0.8594,12,0,0.0,head
bci_Latn,Latn,100000,5.0,2.7603,-1.268,0.2,5,0.9081,bam_Latn,,,,308,0,0.0,head
bcl_Latn,Latn,100000,5.0,2.9666,1.619,0.2,194,0.4759,fil_Latn,,,,1009,3,0.003,head
bco_Latn,Latn,3937,3.595,2.8491,-0.026,0.2,65,0.8121,zpj_Latn,1.0129,gos_Latn,0.9977,3,0,0.0,mid
bcw_Latn,Latn,17698,4.248,2.7638,-1.219,0.2,11,0.9097,hig_Latn,0.9155,gde_Latn,0.995,14,0,0.0,mid
bdd_Latn,Latn,30992,4.491,2.8275,-0.328,0.2,8,0.5237,dob_Latn,0.5237,dob_Latn,0.9987,14,0,0.0,head
bdh_Latn,Latn,12360,4.092,2.8055,-0.636,0.2,22,0.9273,zpj_Latn,1.2308,tar_Latn,0.2645,11,0,0.0,mid
bdq_Latn,Latn,4240,3.627,2.8156,-0.495,0.2,49,0.7161,jra_Latn,0.7161,jra_Latn,0.2147,4,0,0.0,mid
bea_Latn,Latn,1152,3.062,3.1231,3.808,0.2,255,0.5478,vot_Latn,0.7021,lwg_Latn,0.8276,2,0,0.0,mid
bef_Latn,Latn,24278,4.385,2.8323,-0.262,0.2,3,0.97,tkl_Latn,1.0335,kyg_Latn,0.8965,16,0,0.0,head
bel_Cyrl,Cyrl,100000,5.0,2.7884,-1.071,0.2,47,0.3941,rue_Cyrl,,,,652,15,0.023,head
bem_Latn,Latn,100000,5.0,2.9213,0.984,0.2,160,0.4337,lam_Latn,,,,1223,6,0.005,head
ben_Beng,Beng,100000,5.0,2.6946,0.389,0.2,5,0.2994,asm_Beng,,,,1582,2,0.001,head
ben_Latn,Latn,3910,3.592,3.1485,4.164,0.2,623,0.2767,asm_Latn,0.3824,mar_Latn,0.9964,6,8,1.143,mid
beq_Latn,Latn,11039,4.043,2.9393,1.237,0.2,137,0.6345,ldi_Latn,0.6345,ldi_Latn,0.2147,8,0,0.0,mid
bew_Latn,Latn,16291,4.212,3.0542,2.845,0.2,226,0.3107,ind_Latn,0.3107,ind_Latn,0.1629,17,16,0.889,mid
bex_Latn,Latn,22281,4.348,2.8264,-0.343,0.2,17,0.6683,mgc_Latn,1.2088,kck_Latn,0.8477,26,0,0.0,head
bfd_Latn,Latn,17820,4.251,2.8235,-0.384,0.2,17,0.8774,pny_Latn,1.0212,bav_Latn,0.9997,9,0,0.0,mid
bfo_Latn,Latn,13446,4.129,2.7991,-0.725,0.2,39,0.4885,dgi_Latn,0.4885,dgi_Latn,0.9947,14,0,0.0,mid
bgr_Latn,Latn,17611,4.246,2.8423,-0.122,0.2,66,0.5631,cfm_Latn,0.5631,cfm_Latn,0.2181,9,2,0.2,mid
bgs_Latn,Latn,19527,4.291,2.8661,0.212,0.2,34,0.9149,zpj_Latn,1.0059,pam_Latn,0.5715,10,0,0.0,head
bgt_Latn,Latn,10924,4.038,2.8555,0.063,0.2,60,0.7411,nlg_Latn,0.7411,nlg_Latn,0.6544,9,0,0.0,mid
bgz_Latn,Latn,13364,4.126,2.9235,1.014,0.2,90,0.7999,drg_Latn,0.8683,blz_Latn,0.7499,14,0,0.0,mid
bhg_Latn,Latn,7106,3.852,2.8769,0.363,0.2,72,0.5692,nou_Latn,0.5692,nou_Latn,0.2323,3,1,0.25,mid
bhl_Latn,Latn,27070,4.433,2.872,0.295,0.2,13,0.9616,eto_Latn,0.9997,fai_Latn,0.9383,16,0,0.0,head
bho_Deva,Deva,55844,4.747,2.9049,0.537,0.2,30,0.1478,anp_Deva,0.1661,hin_Deva,0.5584,36,37,1.0,head
bhp_Latn,Latn,8035,3.905,2.9209,0.979,0.2,134,0.7521,ory_Latn,0.874,bug_Latn,0.5443,6,0,0.0,mid
bhw_Latn,Latn,96876,4.986,2.8264,-0.344,0.2,32,0.8542,ind_Latn,0.8542,ind_Latn,0.9688,85,0,0.0,head
bhz_Latn,Latn,6727,3.828,2.8994,0.678,0.2,80,0.7407,npy_Latn,0.7407,npy_Latn,0.5075,9,0,0.0,mid
bib_Latn,Latn,17804,4.251,2.7768,-1.037,0.2,26,0.8721,biv_Latn,0.965,xsm_Latn,0.7276,17,0,0.0,mid
big_Latn,Latn,24303,4.386,2.7926,-0.817,0.2,0,1.0226,sby_Latn,1.2354,jav_Latn,0.243,7,0,0.0,head
bim_Latn,Latn,60084,4.779,2.8392,-0.164,0.2,15,0.7375,xon_Latn,1.0919,gur_Latn,0.7757,54,1,0.018,head
bin_Latn,Latn,100000,5.0,2.7888,-0.871,0.2,8,0.6974,oke_Latn,,,,95,5,0.052,head
bis_Latn,Latn,100000,5.0,2.7668,-1.177,0.2,8,0.535,pis_Latn,,,,820,1,0.001,head
biu_Latn,Latn,11038,4.043,2.9002,0.689,0.2,102,0.387,hra_Latn,0.387,hra_Latn,0.3605,9,1,0.1,mid
biv_Latn,Latn,17791,4.25,2.8261,-0.348,0.2,43,0.5904,bfo_Latn,0.8721,bib_Latn,0.9993,16,0,0.0,mid
bjn_Arab,Arab,6110,3.786,2.8396,-0.012,0.2,46,0.1031,ace_Arab,0.5728,ars_Arab,0.3296,8,5,0.556,twin
bjn_Latn,Latn,27655,4.442,3.0816,3.228,0.2,398,0.2137,ind_Latn,0.2137,ind_Latn,0.2766,20,74,3.524,flat_magnet
bjp_Latn,Latn,3587,3.555,2.9485,1.365,0.2,129,0.7032,mgm_Latn,0.9121,ben_Latn,0.9174,1,0,0.0,mid
bjr_Latn,Latn,26849,4.429,2.7542,-1.354,0.2,0,1.0665,thv_Latn,1.327,tar_Latn,0.5745,11,0,0.0,head
bjv_Latn,Latn,28868,4.46,2.744,-1.497,0.2,1,0.7447,gqr_Latn,1.0725,sba_Latn,0.7691,13,0,0.0,head
bkd_Latn,Latn,17628,4.246,2.8638,0.18,0.2,58,0.8695,kak_Latn,0.8811,hil_Latn,0.1763,7,0,0.0,mid
bkl_Latn,Latn,6670,3.824,2.8568,0.082,0.2,60,0.851,thv_Latn,1.0327,knc_Latn,0.7129,7,0,0.0,mid
bkq_Latn,Latn,17510,4.243,2.8035,-0.665,0.2,13,0.9434,tpw_Latn,1.1438,lij_Latn,0.4955,13,0,0.0,mid
bku_Latn,Latn,13480,4.13,2.879,0.392,0.2,59,0.8305,kak_Latn,0.9272,bnj_Latn,0.9984,11,0,0.0,mid
bkv_Latn,Latn,13494,4.13,2.8563,0.075,0.2,44,0.8737,eto_Latn,1.0998,bam_Latn,0.7217,13,0,0.0,mid
bla_Latn,Latn,1048,3.021,3.059,2.912,0.2,163,0.5677,tzl_Latn,0.7561,pcd_Latn,0.4736,0,0,0.0,mid
blh_Latn,Latn,6716,3.827,2.8154,-0.498,0.2,28,0.9035,ldn_Latn,0.9423,gej_Latn,0.9931,6,0,0.0,mid
blk_Mymr,Mymr,26251,4.419,2.7402,0.702,0.2,2,0.6926,mya_Mymr,0.6926,mya_Mymr,0.2625,25,1,0.038,head
blt_Latn,Latn,6684,3.825,2.7746,-1.069,0.2,29,0.8138,vie_Latn,0.8138,vie_Latn,0.0668,4,0,0.0,mid
blw_Latn,Latn,17130,4.234,2.8518,0.012,0.2,36,0.7867,ksc_Latn,0.8271,ebk_Latn,0.9624,7,0,0.0,mid
blz_Latn,Latn,17821,4.251,2.8999,0.685,0.2,66,0.7604,loe_Latn,0.8843,mak_Latn,0.6841,10,0,0.0,mid
bmh_Latn,Latn,23801,4.377,2.8275,-0.329,0.2,14,0.9637,mgm_Latn,1.1643,eus_Latn,0.238,9,0,0.0,head
bmk_Latn,Latn,1657,3.22,3.1002,3.488,0.2,220,0.3429,pwg_Latn,0.3429,pwg_Latn,0.0677,1,0,0.0,mid
bmq_Latn,Latn,13524,4.131,2.8518,0.012,0.2,79,0.8132,mev_Latn,0.8748,bam_Latn,0.7233,12,0,0.0,mid
bmr_Latn,Latn,17771,4.25,2.7918,-0.828,0.2,12,0.9506,bor_Latn,1.1815,huu_Latn,0.7368,12,0,0.0,mid
bmu_Latn,Latn,27341,4.437,2.8436,-0.103,0.2,4,0.9735,kdr_Latn,1.2268,bjn_Latn,0.9886,11,0,0.0,head
bmv_Latn,Latn,11017,4.042,2.7296,-1.698,0.2,21,0.9204,bbk_Latn,1.0584,bfd_Latn,0.6182,5,0,0.0,mid
bnj_Latn,Latn,13502,4.13,2.8602,0.129,0.2,44,0.2557,twb_Latn,1.0217,sun_Latn,0.135,10,0,0.0,mid
bno_Latn,Latn,4263,3.63,2.9522,1.417,0.2,137,0.6438,hil_Latn,0.6438,hil_Latn,0.0426,5,2,0.333,mid
bnp_Latn,Latn,35503,4.55,2.8677,0.234,0.2,38,0.9045,mrv_Latn,1.0099,agw_Latn,0.9063,24,0,0.0,head
boa_Latn,Latn,17164,4.235,2.7935,-0.804,0.2,6,0.9618,tpw_Latn,1.1753,gug_Latn,0.1716,12,0,0.0,mid
bod_Tibt,Tibt,45476,4.658,2.7497,-0.674,0.2,1,0.2171,dzo_Tibt,,,,38,0,0.0,head
boj_Latn,Latn,41261,4.616,2.8121,-0.545,0.2,0,1.0258,kdr_Latn,1.3005,fur_Latn,0.8936,15,0,0.0,head
bom_Latn,Latn,11082,4.045,2.8809,0.42,0.2,57,0.8487,eto_Latn,0.9648,bam_Latn,0.5927,12,0,0.0,mid
bon_Latn,Latn,24452,4.388,2.8519,0.014,0.2,22,0.9459,sby_Latn,1.1295,vro_Latn,0.478,5,0,0.0,head
bor_Latn,Latn,156,2.196,3.8538,14.034,0.2,1264,0.0758,ldn_Latn,0.0949,tzl_Latn,0.8211,0,0,0.0,flat_magnet
bov_Latn,Latn,17729,4.249,2.7983,-0.737,0.2,37,0.8047,avn_Latn,0.8461,snw_Latn,0.9993,17,0,0.0,mid
box_Latn,Latn,17668,4.247,2.8126,-0.538,0.2,19,0.8762,mev_Latn,0.998,bqc_Latn,0.3108,14,0,0.0,mid
bpr_Latn,Latn,17724,4.249,2.8571,0.086,0.2,50,0.1149,bps_Latn,0.9965,bjn_Latn,0.6409,10,0,0.0,twin
bps_Latn,Latn,17697,4.248,2.8478,-0.045,0.2,45,0.1149,bpr_Latn,0.1149,bpr_Latn,0.9985,12,0,0.0,twin
bpy_Beng,Beng,25498,4.407,2.6892,0.193,0.2,5,0.481,ben_Beng,0.481,ben_Beng,0.255,21,16,0.727,head
bqc_Latn,Latn,56840,4.755,2.7978,-0.744,0.2,3,0.4089,bus_Latn,1.0331,kpe_Latn,0.7255,69,0,0.0,head
bqj_Latn,Latn,11034,4.043,2.9223,0.998,0.2,85,0.7917,goh_Latn,0.8338,dyo_Latn,0.7453,12,0,0.0,mid
bqp_Latn,Latn,13480,4.13,2.8302,-0.29,0.2,42,0.3024,bus_Latn,0.3024,bus_Latn,0.5806,14,0,0.0,mid
bre_Latn,Latn,33378,4.523,2.8931,0.59,0.2,179,0.6903,vls_Latn,0.7575,sco_Latn,0.3816,35,1,0.028,head
brh_Arab,Arab,11614,4.065,2.8881,1.004,0.2,21,0.3733,pnb_Arab,0.3733,pnb_Arab,0.1161,10,2,0.182,mid
bru_Latn,Latn,17733,4.249,2.7651,-1.202,0.2,4,0.9611,tzl_Latn,1.1201,vie_Latn,0.1773,17,0,0.0,mid
brx_Deva,Deva,3440,3.537,2.8616,-0.06,0.2,73,0.4496,doi_Deva,0.4496,doi_Deva,0.9363,4,0,0.0,mid
brx_Latn,Latn,374,2.574,3.3942,7.602,0.2,745,0.3344,kdr_Latn,0.3711,kas_Latn,0.9235,1,2,1.0,flat_magnet
bsc_Latn,Latn,11055,4.044,2.8874,0.51,0.2,58,0.7882,tnr_Latn,1.065,fuv_Latn,0.3615,9,0,0.0,mid
bsn_Latn,Latn,16998,4.23,2.8236,-0.383,0.2,14,0.5225,myy_Latn,0.5225,myy_Latn,0.9673,16,0,0.0,mid
bsp_Latn,Latn,7698,3.886,2.8913,0.565,0.2,68,0.6861,tem_Latn,0.6861,tem_Latn,0.5691,6,0,0.0,mid
bsq_Latn,Latn,3179,3.502,2.8956,0.624,0.2,69,0.6829,mev_Latn,0.9382,ife_Latn,0.1793,4,2,0.4,mid
bss_Latn,Latn,17773,4.25,2.851,-0.0,0.2,28,0.8892,eto_Latn,0.9926,anv_Latn,0.9987,17,0,0.0,mid
btd_Latn,Latn,14730,4.168,2.9239,1.02,0.2,103,0.6388,btx_Latn,0.6388,btx_Latn,0.1473,14,0,0.0,mid
bth_Latn,Latn,10993,4.041,2.8764,0.355,0.2,64,0.7763,sdo_Latn,0.9255,bjn_Latn,0.3975,11,0,0.0,mid
bts_Latn,Latn,40284,4.605,2.9323,1.138,0.2,81,0.5146,bbc_Latn,0.5146,bbc_Latn,0.4028,40,3,0.073,head
btt_Latn,Latn,13406,4.127,2.8278,-0.325,0.2,36,0.8772,eto_Latn,1.0007,bkv_Latn,0.9935,16,0,0.0,mid
btx_Latn,Latn,100000,5.0,2.9331,1.15,0.2,117,0.5616,ind_Latn,,,,161,2,0.012,head
bud_Latn,Latn,13483,4.13,2.8633,0.172,0.2,35,0.8806,kdr_Latn,0.9878,xon_Latn,0.5522,15,0,0.0,mid
bug_Latn,Latn,14761,4.169,3.0137,2.277,0.2,317,0.4616,mak_Latn,0.4616,mak_Latn,0.5667,22,2,0.087,mid
buk_Latn,Latn,24072,4.382,2.7444,-1.492,0.2,1,0.6627,jae_Latn,1.2847,ldi_Latn,0.4681,5,0,0.0,head
bul_Cyrl,Cyrl,100000,5.0,2.8757,0.08,0.2,58,0.2711,mkd_Cyrl,,,,1534,84,0.055,head
bum_Latn,Latn,100000,5.0,2.8544,0.048,0.2,25,0.4904,fan_Latn,,,,124,0,0.0,head
bus_Latn,Latn,23216,4.366,2.8226,-0.397,0.2,30,0.3024,bqp_Latn,0.4089,bqc_Latn,0.4084,28,0,0.0,head
bvc_Latn,Latn,6694,3.826,2.865,0.197,0.2,66,0.3515,bvd_Latn,0.5405,far_Latn,0.6119,9,0,0.0,mid
bvd_Latn,Latn,4273,3.631,2.8704,0.272,0.2,75,0.3515,bvc_Latn,0.3515,bvc_Latn,0.6383,4,0,0.0,mid
bvr_Latn,Latn,17732,4.249,2.8157,-0.494,0.2,8,0.9802,sby_Latn,1.2282,bjn_Latn,0.6412,17,1,0.056,mid
bvz_Latn,Latn,12855,4.109,2.8278,-0.324,0.2,13,0.9725,mgm_Latn,1.1685,ile_Latn,0.8918,15,0,0.0,mid
bwd_Latn,Latn,3872,3.588,2.9466,1.338,0.2,110,0.538,viv_Latn,0.538,viv_Latn,0.1656,2,0,0.0,mid
bwi_Latn,Latn,221,2.346,3.6671,11.422,0.2,965,0.1795,ldn_Latn,0.1997,aqz_Latn,0.8155,0,0,0.0,flat_magnet
bwq_Latn,Latn,13507,4.131,2.8134,-0.526,0.2,52,0.6107,bbo_Latn,0.7825,bam_Latn,0.7224,18,0,0.0,mid
bwu_Latn,Latn,17557,4.244,2.8036,-0.662,0.2,45,0.8932,hag_Latn,0.9694,maw_Latn,0.9915,24,0,0.0,mid
bxh_Latn,Latn,7138,3.854,2.9279,1.077,0.2,107,0.7481,sbe_Latn,0.7481,sbe_Latn,0.5,10,0,0.0,mid
bxr_Cyrl,Cyrl,28040,4.448,2.8221,-0.627,0.2,47,0.4074,khk_Cyrl,0.4074,khk_Cyrl,0.2804,26,0,0.0,head
byr_Latn,Latn,18296,4.262,2.7985,-0.734,0.2,2,0.9876,diu_Latn,1.0598,agm_Latn,0.7505,9,0,0.0,head
byv_Latn,Latn,1735,3.24,3.0504,2.791,0.2,147,0.5188,eto_Latn,0.793,pcd_Latn,0.784,3,0,0.0,mid
byx_Latn,Latn,17508,4.243,2.8179,-0.463,0.2,19,0.9546,thv_Latn,1.1311,bjn_Latn,0.6331,12,0,0.0,mid
bzd_Latn,Latn,25300,4.403,2.8065,-0.622,0.2,21,0.9513,tpw_Latn,1.1635,lmo_Latn,0.4322,20,0,0.0,head
bzh_Latn,Latn,24550,4.39,2.7807,-0.983,0.2,4,0.9837,kas_Latn,1.1948,mmo_Latn,0.9989,6,0,0.0,head
bzi_Thai,Thai,11019,4.042,2.7288,0.571,0.2,3,0.8534,tha_Thai,0.8534,tha_Thai,0.1102,12,0,0.0,mid
bzj_Latn,Latn,100000,5.0,2.8485,-0.035,0.2,45,0.5341,icr_Latn,,,,102,1,0.01,head
caa_Latn,Latn,17822,4.251,2.8331,-0.25,0.2,17,0.9467,tzl_Latn,1.0637,arg_Latn,0.6877,19,0,0.0,mid
cab_Latn,Latn,100000,5.0,2.8661,0.211,0.2,30,0.8451,ext_Latn,,,,219,0,0.0,head
cac_Latn,Latn,54632,4.737,2.8055,-0.636,0.2,4,0.8138,jac_Latn,0.9698,toj_Latn,0.5463,42,1,0.023,head
caf_Latn,Latn,17803,4.251,2.8491,-0.026,0.2,32,0.2242,crx_Latn,1.1952,bjn_Latn,0.6438,9,0,0.0,twin
cag_Latn,Latn,12070,4.082,2.8198,-0.436,0.2,33,0.854,kas_Latn,1.1234,tpp_Latn,0.6771,14,0,0.0,mid
cak_Latn,Latn,100000,5.0,2.9013,0.704,0.2,19,0.4131,quc_Latn,,,,219,3,0.014,head
cao_Latn,Latn,17717,4.248,2.7846,-0.929,0.2,17,0.947,kaq_Latn,0.947,kaq_Latn,0.7236,7,0,0.0,mid
cap_Latn,Latn,28831,4.46,2.8114,-0.554,0.2,9,0.9354,kas_Latn,1.0004,ayr_Latn,0.2883,27,0,0.0,head
caq_Latn,Latn,31638,4.5,2.7868,-0.898,0.2,3,0.9607,goh_Latn,1.2096,urd_Latn,0.8244,29,0,0.0,head
car_Latn,Latn,18987,4.278,2.81,-0.573,0.2,31,0.9088,tpw_Latn,0.932,apy_Latn,0.5135,7,1,0.125,head
cas_Latn,Latn,6696,3.826,2.8025,-0.678,0.2,29,0.8936,kdr_Latn,1.1821,zos_Latn,0.3758,7,0,0.0,mid
cat_Latn,Latn,100000,5.0,2.9985,2.064,0.2,234,0.2148,oci_Latn,,,,1718,18,0.01,twin
cav_Latn,Latn,17546,4.244,2.7653,-1.199,0.2,3,0.8404,tna_Latn,0.8404,tna_Latn,0.733,8,0,0.0,mid
cax_Latn,Latn,28858,4.46,2.8514,0.006,0.2,25,0.9532,sby_Latn,1.0514,hch_Latn,0.9357,21,0,0.0,head
cbc_Latn,Latn,17534,4.244,2.8374,-0.19,0.2,12,0.7332,tav_Latn,0.8448,tue_Latn,0.9944,17,0,0.0,mid
cbi_Latn,Latn,10976,4.04,2.8379,-0.183,0.2,39,0.8743,sby_Latn,1.122,bug_Latn,0.7436,12,0,0.0,mid
cbk_Latn,Latn,100000,5.0,2.9231,1.01,0.2,127,0.3419,spa_Latn,,,,110,12,0.108,head
cbr_Latn,Latn,24284,4.385,2.742,-1.525,0.2,0,1.0152,sby_Latn,1.221,quw_Latn,0.851,13,0,0.0,head
cbs_Latn,Latn,27312,4.436,2.8157,-0.493,0.2,5,0.9321,shp_Latn,0.9321,shp_Latn,0.381,11,1,0.083,head
cbt_Latn,Latn,10883,4.037,2.7918,-0.828,0.2,19,0.9387,sby_Latn,1.1227,not_Latn,0.4491,9,0,0.0,mid
cbu_Latn,Latn,16983,4.23,2.864,0.182,0.2,33,0.902,yup_Latn,1.0461,swh_Latn,0.1698,7,0,0.0,mid
cbv_Latn,Latn,27955,4.446,2.7822,-0.962,0.2,0,1.0186,zpj_Latn,1.4139,mwl_Latn,0.9477,6,0,0.0,head
cce_Latn,Latn,100000,5.0,2.8974,0.649,0.2,143,0.4494,tsc_Latn,,,,93,4,0.043,head
cco_Latn,Latn,17689,4.248,2.7773,-1.031,0.2,0,1.0273,tzl_Latn,1.3507,chz_Latn,0.9923,21,0,0.0,mid
ccp_Latn,Latn,6763,3.83,2.9483,1.362,0.2,178,0.5786,asm_Latn,0.8646,lad_Latn,0.6716,6,0,0.0,mid
cdf_Latn,Latn,6763,3.83,2.8844,0.468,0.2,114,0.757,asm_Latn,0.7705,aim_Latn,0.6121,6,0,0.0,mid
cdo_Latn,Latn,9577,3.981,2.8278,-0.324,0.2,41,0.8569,goh_Latn,1.0706,nan_Latn,0.23,10,0,0.0,mid
ceb_Latn,Latn,100000,5.0,2.9766,1.759,0.2,202,0.4348,hil_Latn,,,,1865,15,0.008,head
ceg_Latn,Latn,13524,4.131,2.8302,-0.291,0.2,35,0.8895,aqz_Latn,1.1788,arg_Latn,0.5219,12,0,0.0,mid
cek_Latn,Latn,44097,4.644,2.838,-0.182,0.2,18,0.7664,cnk_Latn,0.9312,cfm_Latn,0.5462,35,1,0.028,head
ces_Latn,Latn,100000,5.0,2.9138,0.88,0.2,149,0.3008,slk_Latn,,,,1541,65,0.042,head
cfm_Latn,Latn,80737,4.907,2.9025,0.721,0.2,55,0.326,cnh_Latn,0.326,cnh_Latn,0.8074,78,3,0.038,head
cgc_Latn,Latn,17863,4.252,2.8861,0.491,0.2,82,0.7369,msb_Latn,0.7669,bcl_Latn,0.1786,21,0,0.0,mid
cgg_Latn,Latn,34573,4.539,2.9263,1.054,0.2,143,0.2391,nyn_Latn,0.2391,nyn_Latn,0.3457,36,9,0.243,head
cha_Latn,Latn,19311,4.286,2.9285,1.086,0.2,124,0.8177,lad_Latn,0.8318,spa_Latn,0.1931,7,1,0.125,head
chd_Latn,Latn,18037,4.256,2.8216,-0.411,0.2,19,0.9569,tzl_Latn,1.1154,arg_Latn,0.696,8,0,0.0,head
che_Cyrl,Cyrl,56243,4.75,2.8609,-0.116,0.2,60,0.2953,inh_Cyrl,0.7055,bul_Cyrl,0.5624,53,2,0.037,head
chf_Latn,Latn,18010,4.256,2.8181,-0.459,0.2,26,0.9224,mop_Latn,0.9224,mop_Latn,0.9719,8,0,0.0,head
chj_Latn,Latn,4286,3.632,2.7799,-0.995,0.2,34,0.8756,tzl_Latn,1.0291,cnt_Latn,0.2407,5,0,0.0,mid
chk_Latn,Latn,100000,5.0,2.8817,0.43,0.2,43,0.8996,goh_Latn,,,,295,1,0.003,head
cho_Latn,Latn,1031,3.014,3.0976,3.452,0.2,151,0.5793,vot_Latn,0.7771,lwg_Latn,0.7407,0,1,1.0,mid
chq_Latn,Latn,10965,4.04,2.7728,-1.094,0.2,12,0.9448,tzl_Latn,1.1813,cnl_Latn,0.6159,13,0,0.0,mid
chr_Cher,Cher,11732,4.069,2.6217,0.0,0.2,0,1.0742,hoc_Wara,,,,3,0,0.0,mid
chr_Latn,Latn,6768,3.831,2.7896,-0.859,0.2,43,0.868,tzl_Latn,1.0596,ext_Latn,0.7786,9,0,0.0,mid
chu_Cyrl,Cyrl,27598,4.441,2.7789,-1.197,0.2,39,0.2019,orv_Cyrl,0.2019,orv_Cyrl,0.9916,23,24,1.0,twin
chv_Cyrl,Cyrl,47817,4.68,2.7512,-1.561,0.2,53,0.6957,kca_Cyrl,0.744,mhr_Cyrl,0.4782,33,1,0.029,head
chw_Latn,Latn,99872,4.999,2.9278,1.075,0.2,157,0.2827,mny_Latn,0.7027,vmw_Latn,0.9987,101,1,0.01,head
chz_Latn,Latn,17827,4.251,2.7205,-1.826,0.2,0,1.0323,vot_Latn,1.4432,bam_Latn,0.9535,12,0,0.0,mid
cjk_Latn,Latn,100000,5.0,2.8843,0.466,0.2,142,0.3748,lue_Latn,,,,166,1,0.006,head
cjo_Latn,Latn,17378,4.24,2.8691,0.254,0.2,35,0.2908,cpy_Latn,0.4245,cpb_Latn,0.975,7,1,0.125,mid
cjp_Latn,Latn,13518,4.131,2.8283,-0.317,0.2,37,0.8986,aqz_Latn,0.9952,bzd_Latn,0.5343,17,0,0.0,mid
cjs_Cyrl,Cyrl,1320,3.121,3.045,2.312,0.2,120,0.5277,kjh_Cyrl,0.5277,kjh_Cyrl,0.0334,1,0,0.0,mid
cjv_Latn,Latn,24274,4.385,2.7675,-1.168,0.2,0,0.9997,mrv_Latn,1.2023,kue_Latn,0.987,8,0,0.0,head
ckb_Arab,Arab,100000,5.0,2.8093,-0.648,0.2,14,0.1892,sdh_Arab,,,,175,9,0.051,twin
cko_Latn,Latn,17723,4.249,2.8165,-0.482,0.2,35,0.8633,bam_Latn,0.8633,bam_Latn,0.9479,14,0,0.0,mid
ckt_Cyrl,Cyrl,2269,3.356,2.9201,0.665,0.2,92,0.5051,sel_Cyrl,0.7871,ady_Cyrl,0.385,2,0,0.0,mid
cle_Latn,Latn,17829,4.251,2.7688,-1.15,0.2,0,1.0168,zpj_Latn,1.3036,mau_Latn,0.1783,11,0,0.0,mid
clu_Latn,Latn,10945,4.039,2.9199,0.965,0.2,93,0.3819,krj_Latn,0.3819,krj_Latn,0.614,8,0,0.0,mid
cly_Latn,Latn,13513,4.131,2.8313,-0.275,0.2,34,0.1701,cya_Latn,0.1701,cya_Latn,0.758,17,0,0.0,twin
cme_Latn,Latn,17736,4.249,2.8164,-0.483,0.2,29,0.9069,mev_Latn,0.9922,bam_Latn,0.9486,15,0,0.0,mid
cmn_Hani,Hani,100000,5.0,2.6242,0.394,0.2,6,0.0286,wuu_Hani,,,,934,26,0.028,twin
cmo_Khmr,Khmr,11062,4.044,2.6688,0.0,0.2,1,0.9391,khm_Khmr,0.9391,khm_Khmr,0.1106,13,0,0.0,mid
cmo_Latn,Latn,17989,4.255,2.7748,-1.066,0.2,18,0.9736,eto_Latn,1.2009,jra_Latn,0.9107,9,0,0.0,mid
cmr_Latn,Latn,6689,3.825,2.8162,-0.486,0.2,64,0.8352,zpj_Latn,1.0326,lad_Latn,0.6643,5,0,0.0,mid
cnh_Latn,Latn,100000,5.0,2.835,-0.223,0.2,47,0.326,cfm_Latn,,,,340,0,0.0,head
cni_Latn,Latn,32688,4.514,2.8651,0.198,0.2,38,0.5461,cot_Latn,1.0091,shp_Latn,0.456,30,0,0.0,head
cnk_Latn,Latn,11067,4.044,2.9107,0.837,0.2,110,0.3022,hlt_Latn,0.7664,cek_Latn,0.251,10,0,0.0,mid
cnl_Latn,Latn,17804,4.251,2.7786,-1.012,0.2,0,1.0123,tzl_Latn,1.1965,cle_Latn,0.9986,12,0,0.0,mid
cnt_Latn,Latn,17808,4.251,2.724,-1.777,0.2,0,1.0291,chj_Latn,1.4568,nap_Latn,0.6821,8,0,0.0,mid
cnw_Latn,Latn,6740,3.829,2.9051,0.757,0.2,97,0.4909,cfm_Latn,0.4909,cfm_Latn,0.0835,5,0,0.0,mid
coe_Latn,Latn,17384,4.24,2.7841,-0.935,0.2,6,0.9857,tzl_Latn,1.2204,cub_Latn,0.984,19,0,0.0,mid
cof_Latn,Latn,16915,4.228,2.7943,-0.793,0.2,18,0.9359,sby_Latn,1.0445,spa_Latn,0.1691,11,0,0.0,mid
cok_Latn,Latn,28590,4.456,2.8422,-0.122,0.2,2,0.3161,crn_Latn,0.3161,crn_Latn,0.7691,33,0,0.0,head
con_Latn,Latn,17696,4.248,2.7843,-0.933,0.2,16,0.9535,tpw_Latn,1.0922,cha_Latn,0.9164,7,0,0.0,mid
cop_Copt,Copt,27503,4.439,2.6401,0.0,0.2,0,1.1475,lad_Hebr,,,,23,0,0.0,head
cor_Latn,Latn,41440,4.617,2.858,0.099,0.2,85,0.728,cym_Latn,0.728,cym_Latn,0.4144,38,0,0.0,head
cos_Latn,Latn,9423,3.974,3.0499,2.784,0.2,333,0.2055,scn_Latn,0.2055,scn_Latn,0.1515,13,18,1.286,mid
cot_Latn,Latn,17733,4.249,2.7704,-1.128,0.2,3,0.5461,cni_Latn,0.5461,cni_Latn,0.5425,9,0,0.0,mid
cou_Latn,Latn,6745,3.829,2.8829,0.447,0.2,77,0.7998,diu_Latn,0.8099,bsc_Latn,0.6101,6,0,0.0,mid
cpa_Latn,Latn,17827,4.251,2.7431,-1.509,0.2,0,1.0145,tzl_Latn,1.1651,cle_Latn,0.9999,6,0,0.0,mid
cpb_Latn,Latn,17824,4.251,2.9189,0.951,0.2,48,0.2806,cpu_Latn,0.2806,cpu_Latn,0.9999,9,0,0.0,mid
cpc_Latn,Latn,17825,4.251,2.8852,0.479,0.2,41,0.3305,prq_Latn,0.764,cni_Latn,0.5453,7,0,0.0,mid
cpu_Latn,Latn,17825,4.251,2.8999,0.685,0.2,45,0.2806,cpb_Latn,0.5682,cni_Latn,0.5453,7,0,0.0,mid
cpy_Latn,Latn,14716,4.168,2.8799,0.405,0.2,44,0.2908,cjo_Latn,0.2908,cjo_Latn,0.8468,7,0,0.0,mid
crh_Cyrl,Cyrl,38964,4.591,2.8693,-0.005,0.2,53,0.3859,kum_Cyrl,0.6359,tuk_Cyrl,0.3896,27,3,0.107,head
crh_Latn,Latn,17238,4.237,3.0043,2.145,0.2,234,0.2839,tur_Latn,0.2839,tur_Latn,0.1724,12,29,2.231,flat_magnet
cri_Latn,Latn,2059,3.314,3.1466,4.138,0.2,361,0.4975,zpj_Latn,0.6143,kea_Latn,0.0206,1,5,2.5,flat_magnet
crj_Cans,Cans,4295,3.633,2.7811,0.776,0.2,22,0.4036,crl_Cans,0.574,crm_Cans,0.3884,5,0,0.0,mid
crk_Cans,Cans,4454,3.649,2.6931,-0.334,0.2,20,0.4365,cwd_Cans,0.7579,crm_Cans,0.4028,4,0,0.0,mid
crk_Latn,Latn,6188,3.792,2.8266,-0.342,0.2,52,0.5708,csw_Latn,1.0809,ojb_Latn,0.2331,5,0,0.0,mid
crl_Cans,Cans,4295,3.633,2.746,0.334,0.2,19,0.4036,crj_Cans,0.7759,crm_Cans,0.3884,3,0,0.0,mid
crm_Cans,Cans,11058,4.044,2.6808,-0.489,0.2,7,0.4096,ojb_Cans,0.4096,ojb_Cans,0.3279,10,0,0.0,mid
crn_Latn,Latn,37171,4.57,2.8291,-0.306,0.2,1,0.3161,cok_Latn,1.278,tar_Latn,0.7954,33,6,0.176,head
crs_Latn,Latn,100000,5.0,2.8472,-0.052,0.2,92,0.3434,mfe_Latn,,,,416,11,0.026,head
crt_Latn,Latn,10872,4.036,2.8416,-0.131,0.2,35,0.8812,kdr_Latn,1.1008,cha_Latn,0.563,9,0,0.0,mid
crx_Latn,Latn,11044,4.043,2.8694,0.258,0.2,47,0.2242,caf_Latn,0.2242,caf_Latn,0.6203,10,0,0.0,twin
csb_Latn,Latn,9336,3.97,2.9304,1.112,0.2,205,0.4581,pol_Latn,0.4581,pol_Latn,0.0934,10,15,1.364,mid
csk_Latn,Latn,17816,4.251,2.8868,0.502,0.2,46,0.6324,dyo_Latn,1.0748,fuv_Latn,0.5826,11,0,0.0,mid
cso_Latn,Latn,17825,4.251,2.7614,-1.253,0.2,0,1.0205,tzl_Latn,1.0221,cpa_Latn,0.9999,12,0,0.0,mid
csw_Cans,Cans,124,2.097,3.6063,11.186,0.2,293,0.0636,cwd_Cans,0.0636,cwd_Cans,0.5368,0,0,0.0,flat_magnet
csw_Latn,Latn,247,2.394,3.5805,10.21,0.2,702,0.2302,otw_Latn,0.2561,aqz_Latn,0.9114,0,0,0.0,flat_magnet
csy_Latn,Latn,36704,4.565,2.8641,0.183,0.2,65,0.2937,zom_Latn,0.2937,zom_Latn,0.7578,38,1,0.026,head
cta_Latn,Latn,17725,4.249,2.7819,-0.967,0.2,2,0.9183,cly_Latn,0.9771,cya_Latn,0.9943,11,0,0.0,mid
ctd_Latn,Latn,66425,4.822,2.8877,0.515,0.2,36,0.0758,zom_Latn,0.7123,cfm_Latn,0.8227,53,2,0.037,twin
cto_Latn,Latn,16604,4.22,2.8346,-0.229,0.2,64,0.8232,ory_Latn,0.887,emp_Latn,0.9216,13,0,0.0,mid
ctp_Latn,Latn,25169,4.401,2.8073,-0.611,0.2,2,0.8596,cly_Latn,1.3249,bjn_Latn,0.9101,17,0,0.0,head
ctu_Latn,Latn,100000,5.0,2.8264,-0.343,0.2,2,0.9687,tzo_Latn,,,,175,0,0.0,head
cub_Latn,Latn,17667,4.247,2.8049,-0.644,0.2,11,0.9769,tzl_Latn,1.1052,bao_Latn,0.9899,11,0,0.0,mid
cuc_Latn,Latn,17804,4.251,2.7094,-1.981,0.2,0,1.0265,tzl_Latn,1.1075,cso_Latn,0.9988,6,0,0.0,mid
cui_Latn,Latn,17685,4.248,2.822,-0.405,0.2,13,0.8817,guh_Latn,1.1846,shp_Latn,0.2467,7,0,0.0,mid
cuk_Latn,Latn,44245,4.646,2.8296,-0.298,0.2,23,0.8514,kvn_Latn,1.0352,srd_Latn,0.9082,29,0,0.0,head
cul_Latn,Latn,17610,4.246,2.7374,-1.589,0.2,0,1.0237,bwi_Latn,1.2419,cao_Latn,0.994,6,0,0.0,mid
cut_Latn,Latn,17581,4.245,2.7403,-1.549,0.2,6,0.9881,eto_Latn,1.1381,arg_Latn,0.6784,10,0,0.0,mid
cux_Latn,Latn,11059,4.044,2.8008,-0.702,0.2,19,0.9408,tzl_Latn,1.1059,mie_Latn,0.6205,13,0,0.0,mid
cwd_Cans,Cans,231,2.365,3.4067,8.668,0.2,172,0.0636,csw_Cans,0.4365,crk_Cans,0.0519,0,0,0.0,flat_magnet
cwe_Latn,Latn,17817,4.251,2.9574,1.489,0.2,159,0.2302,kdc_Latn,0.2302,kdc_Latn,0.9994,11,0,0.0,twin
cwt_Latn,Latn,13447,4.129,2.9562,1.472,0.2,80,0.7496,krx_Latn,0.7826,dyo_Latn,0.9083,13,0,0.0,mid
cya_Latn,Latn,17827,4.251,2.802,-0.685,0.2,20,0.1701,cly_Latn,0.903,ctp_Latn,0.7083,11,2,0.167,twin
cym_Latn,Latn,100000,5.0,2.88,0.406,0.2,144,0.6758,bar_Latn,,,,282,3,0.011,head
czt_Latn,Latn,19062,4.28,2.7994,-0.721,0.2,40,0.8796,zyp_Latn,0.9426,cfm_Latn,0.2361,16,1,0.059,head
daa_Latn,Latn,17721,4.249,2.8764,0.356,0.2,54,0.8819,kdr_Latn,0.9529,fuv_Latn,0.5795,13,0,0.0,mid
dad_Latn,Latn,24369,4.387,2.8341,-0.237,0.2,31,0.9233,vot_Latn,1.1396,hau_Latn,0.2437,8,0,0.0,head
daf_Latn,Latn,10483,4.021,2.6817,-2.369,0.2,22,0.939,tzl_Latn,1.0079,dnj_Latn,0.4886,10,0,0.0,mid
dag_Latn,Latn,11906,4.076,3.0026,2.122,0.2,268,0.6859,nov_Latn,0.6974,maw_Latn,0.6724,13,18,1.286,mid
dah_Latn,Latn,23848,4.377,2.7754,-1.057,0.2,0,1.0102,ldn_Latn,1.2027,nop_Latn,0.7506,7,0,0.0,head
dak_Latn,Latn,2019,3.305,2.989,1.931,0.2,160,0.6434,aqz_Latn,0.8105,avk_Latn,0.6607,2,0,0.0,mid
dan_Latn,Latn,100000,5.0,2.9243,1.026,0.2,163,0.1903,nob_Latn,,,,3235,77,0.024,twin
dar_Cyrl,Cyrl,1870,3.272,2.9481,1.034,0.2,111,0.488,lbe_Cyrl,0.5039,agx_Cyrl,0.9551,2,0,0.0,mid
dbq_Latn,Latn,6656,3.823,2.8481,-0.04,0.2,67,0.8268,thv_Latn,0.9305,gid_Latn,0.6033,11,0,0.0,mid
ddg_Latn,Latn,1354,3.132,3.2371,5.403,0.2,364,0.4232,mgm_Latn,0.5584,mkz_Latn,0.9364,2,0,0.0,flat_magnet
ddn_Latn,Latn,6765,3.83,2.7811,-0.978,0.2,33,0.7855,mkl_Latn,0.7855,mkl_Latn,0.3822,4,1,0.2,mid
ded_Latn,Latn,34664,4.54,2.7979,-0.743,0.2,0,1.004,tzl_Latn,1.169,sun_Latn,0.3466,8,0,0.0,head
des_Latn,Latn,17332,4.239,2.7802,-0.991,0.2,11,0.8508,sri_Latn,0.8508,sri_Latn,0.9883,13,0,0.0,mid
deu_Latn,Latn,100000,5.0,2.9191,0.953,0.2,138,0.294,bar_Latn,,,,2367,8,0.003,head
dga_Latn,Latn,17138,4.234,2.8763,0.354,0.2,104,0.7247,mev_Latn,0.7922,gur_Latn,0.2213,17,0,0.0,mid
dgc_Latn,Latn,17586,4.245,2.9054,0.761,0.2,91,0.7074,prf_Latn,0.7074,prf_Latn,0.9917,9,0,0.0,mid
dgi_Latn,Latn,13517,4.131,2.7963,-0.765,0.2,37,0.4885,bfo_Latn,0.6923,biv_Latn,0.7598,7,0,0.0,mid
dgr_Latn,Latn,18978,4.278,2.748,-1.441,0.2,0,1.0058,tzl_Latn,1.2719,diq_Latn,0.6767,10,0,0.0,head
dgz_Latn,Latn,24281,4.385,2.8687,0.248,0.2,34,0.8463,mti_Latn,0.8463,mti_Latn,0.6406,6,0,0.0,head
dhg_Latn,Latn,1607,3.206,2.9469,1.343,0.2,87,0.5785,djr_Latn,0.5785,djr_Latn,0.1489,0,0,0.0,mid
dhm_Latn,Latn,11061,4.044,2.9501,1.387,0.2,157,0.5058,ndo_Latn,0.5058,ndo_Latn,0.1106,9,0,0.0,mid
dhv_Latn,Latn,100000,5.0,2.8026,-0.677,0.2,16,0.9445,lld_Latn,,,,321,0,0.0,head
did_Latn,Latn,6278,3.798,2.8468,-0.059,0.2,57,0.8204,vot_Latn,1.008,kik_Latn,0.0628,9,0,0.0,mid
dig_Latn,Latn,13447,4.129,2.9661,1.611,0.2,185,0.4005,dug_Latn,0.4726,nyf_Latn,0.9835,12,1,0.077,mid
dik_Latn,Latn,40448,4.607,2.8318,-0.268,0.2,44,0.4528,dip_Latn,1.0178,sco_Latn,0.4625,28,0,0.0,head
dip_Latn,Latn,6750,3.829,2.8766,0.359,0.2,71,0.2499,dks_Latn,0.2499,dks_Latn,0.4422,5,5,0.833,mid
diq_Latn,Latn,28046,4.448,2.9937,1.998,0.2,269,0.3705,kiu_Latn,0.3705,kiu_Latn,0.2805,36,8,0.216,head
dis_Latn,Latn,11060,4.044,2.8055,-0.637,0.2,47,0.7617,brx_Latn,0.9142,trp_Latn,0.3612,10,0,0.0,mid
diu_Latn,Latn,166,2.223,3.7714,12.881,0.2,1329,0.1182,ldn_Latn,0.1329,tzl_Latn,0.8737,1,0,0.0,flat_magnet
div_Thaa,Thaa,33933,4.531,2.4777,0.0,0.2,0,1.2232,lad_Hebr,,,,36,0,0.0,head
dje_Latn,Latn,6801,3.833,2.9258,1.047,0.2,109,0.4713,ses_Latn,0.4713,ses_Latn,0.3078,6,0,0.0,mid
djk_Latn,Latn,92008,4.964,2.798,-0.742,0.2,7,0.5417,srn_Latn,0.5417,srn_Latn,0.9201,81,1,0.012,head
djr_Latn,Latn,10796,4.033,2.8292,-0.304,0.2,13,0.374,gnn_Latn,0.374,gnn_Latn,0.7061,9,0,0.0,mid
dks_Latn,Latn,15265,4.184,2.8574,0.09,0.2,54,0.2499,dip_Latn,0.5089,dik_Latn,0.3774,13,0,0.0,mid
dln_Latn,Latn,26435,4.422,2.8875,0.512,0.2,77,0.5193,biu_Latn,0.5382,hra_Latn,0.8634,30,1,0.032,head
dng_Cyrl,Cyrl,804,2.906,3.1285,3.412,0.2,150,0.4688,lbe_Cyrl,0.6715,eve_Cyrl,0.4117,0,0,0.0,isolated_tail
dnj_Latn,Latn,21454,4.332,2.7384,-1.575,0.2,1,0.9401,moa_Latn,1.2426,yre_Latn,0.7644,24,0,0.0,head
dnw_Latn,Latn,6439,3.809,2.8952,0.619,0.2,61,0.8308,otw_Latn,1.0659,sgc_Latn,0.5413,4,0,0.0,mid
dob_Latn,Latn,31031,4.492,2.8468,-0.059,0.2,11,0.5237,bdd_Latn,0.9912,kud_Latn,0.997,17,0,0.0,head
doi_Deva,Deva,3674,3.565,2.9365,0.974,0.2,80,0.268,anp_Deva,0.268,anp_Deva,0.8166,3,4,1.0,mid
dop_Latn,Latn,33651,4.527,2.7946,-0.789,0.2,1,0.9938,kbp_Latn,0.9938,kbp_Latn,0.3365,33,0,0.0,head
dos_Latn,Latn,6742,3.829,2.8442,-0.095,0.2,55,0.7766,lob_Latn,0.7766,lob_Latn,0.4983,6,0,0.0,mid
dow_Latn,Latn,11019,4.042,2.8173,-0.471,0.2,40,0.8469,mev_Latn,0.9259,gya_Latn,0.2839,9,0,0.0,mid
drg_Latn,Latn,201,2.305,3.7286,12.282,0.2,1213,0.1456,ldn_Latn,0.1756,aqz_Latn,0.7417,0,0,0.0,flat_magnet
dru_Latn,Latn,29903,4.476,2.871,0.28,0.2,33,0.897,ory_Latn,0.9927,swh_Latn,0.299,29,0,0.0,head
dsb_Latn,Latn,9265,3.967,2.9631,1.569,0.2,257,0.1632,hsb_Latn,0.1632,hsb_Latn,0.3278,9,17,1.7,mid
dsh_Latn,Latn,6743,3.829,2.8635,0.176,0.2,74,0.7948,goh_Latn,1.0061,lad_Latn,0.6696,6,0,0.0,mid
dtb_Latn,Latn,6615,3.821,2.9141,0.883,0.2,93,0.5119,kzj_Latn,0.5572,dtp_Latn,0.1259,7,0,0.0,mid
dtp_Latn,Latn,52534,4.72,2.8888,0.529,0.2,24,0.3667,kzj_Latn,0.999,sun_Latn,0.5253,42,0,0.0,head
dts_Latn,Latn,13356,4.126,2.8434,-0.106,0.2,43,0.8487,mev_Latn,0.8569,bam_Latn,0.7143,14,0,0.0,mid
dty_Deva,Deva,11466,4.059,2.915,0.677,0.2,54,0.1815,npi_Deva,0.1815,npi_Deva,0.1147,9,18,1.8,mid
dua_Latn,Latn,43871,4.642,2.8447,-0.088,0.2,56,0.8748,eto_Latn,1.02,lub_Latn,0.4387,43,0,0.0,head
due_Latn,Latn,17710,4.248,2.8545,0.05,0.2,65,0.8216,kak_Latn,0.8769,fil_Latn,0.1771,8,0,0.0,mid
dug_Latn,Latn,13397,4.127,2.9484,1.363,0.2,156,0.3567,nyf_Latn,0.3567,nyf_Latn,0.9799,9,1,0.1,mid
duo_Latn,Latn,17496,4.243,2.9115,0.847,0.2,96,0.7244,prf_Latn,0.7244,prf_Latn,0.9866,8,1,0.111,mid
dur_Latn,Latn,11023,4.042,2.7941,-0.796,0.2,27,0.8994,zpj_Latn,1.1512,pfe_Latn,0.7209,15,0,0.0,mid
dwr_Ethi,Ethi,1693,3.229,2.8375,2.216,0.2,52,0.2139,gof_Ethi,0.2139,gof_Ethi,0.1539,0,0,0.0,mid
dwr_Latn,Latn,28305,4.452,2.8618,0.152,0.2,56,0.374,gof_Latn,0.4063,wal_Latn,0.2831,11,4,0.333,head
dww_Latn,Latn,31055,4.492,2.8489,-0.029,0.2,24,0.7424,kqf_Latn,1.1096,meu_Latn,0.3105,2,0,0.0,head
dyi_Latn,Latn,17802,4.25,2.8336,-0.242,0.2,43,0.8404,bam_Latn,0.8404,bam_Latn,0.9521,12,0,0.0,mid
dyo_Latn,Latn,14804,4.17,2.9477,1.354,0.2,84,0.6324,csk_Latn,0.6324,csk_Latn,0.8309,15,0,0.0,mid
dyu_Latn,Latn,100000,5.0,2.8817,0.43,0.2,33,0.1732,bam_Latn,,,,242,1,0.004,head
dzo_Tibt,Tibt,13407,4.127,2.816,0.696,0.2,1,0.2171,bod_Tibt,0.2171,bod_Tibt,0.2948,13,1,0.071,mid
ebk_Latn,Latn,17799,4.25,2.8913,0.565,0.2,65,0.672,lbk_Latn,0.9714,ifb_Latn,0.5378,17,1,0.056,mid
efi_Latn,Latn,100000,5.0,2.7928,-0.814,0.2,0,0.9979,thv_Latn,,,,813,0,0.0,head
eka_Latn,Latn,17820,4.251,2.8629,0.168,0.2,47,0.875,eto_Latn,1.0639,mad_Latn,0.3999,17,0,0.0,mid
ekk_Latn,Latn,100000,5.0,2.9433,1.293,0.2,165,0.3573,vro_Latn,,,,3190,12,0.004,head
eko_Latn,Latn,2700,3.432,3.065,2.995,0.2,215,0.5472,vmk_Latn,0.6083,mgh_Latn,0.0342,4,1,0.2,mid
ell_Grek,Grek,100000,5.0,2.7323,0.329,0.2,3,0.2467,pnt_Grek,,,,3586,6,0.002,head
eme_Latn,Latn,645,2.81,3.628,10.874,0.2,908,0.184,aqz_Latn,0.4215,wew_Latn,0.8872,1,0,0.0,flat_magnet
emi_Latn,Latn,18149,4.259,2.8251,-0.361,0.2,44,0.8705,mrv_Latn,1.0722,mak_Latn,0.6967,9,0,0.0,head
eml_Latn,Latn,25500,4.407,2.9797,1.801,0.2,219,0.3052,lmo_Latn,0.3052,lmo_Latn,0.4356,23,1,0.042,head
emp_Latn,Latn,18016,4.256,2.7588,-1.289,0.2,15,0.887,cto_Latn,1.2032,sja_Latn,0.8169,12,0,0.0,head
enb_Latn,Latn,13439,4.128,2.8167,-0.48,0.2,31,0.5399,spy_Latn,0.5399,spy_Latn,0.675,11,0,0.0,mid
eng_Latn,Latn,100000,5.0,2.9905,1.953,0.2,218,0.2178,sco_Latn,,,,10737,58,0.005,twin
enl_Latn,Latn,11016,4.042,2.8092,-0.584,0.2,27,0.8872,tzl_Latn,1.1226,cag_Latn,0.9127,8,0,0.0,mid
enm_Latn,Latn,34177,4.534,2.8764,0.356,0.2,109,0.3334,eng_Latn,0.3334,eng_Latn,0.3418,36,163,4.405,head
enq_Latn,Latn,16127,4.208,2.8289,-0.309,0.2,35,0.5895,kyc_Latn,0.5895,kyc_Latn,0.5776,2,0,0.0,mid
enx_Latn,Latn,26138,4.417,2.8149,-0.505,0.2,3,0.9784,thv_Latn,1.223,diq_Latn,0.932,28,0,0.0,head
epo_Latn,Latn,100000,5.0,2.9588,1.509,0.2,228,0.4789,nov_Latn,,,,1255,23,0.018,head
eri_Latn,Latn,17713,4.248,2.8269,-0.337,0.2,26,0.9311,diu_Latn,1.1424,kki_Latn,0.9936,8,0,0.0,mid
ese_Latn,Latn,24273,4.385,2.7376,-1.587,0.2,0,1.0238,mrv_Latn,1.2688,arg_Latn,0.9367,18,0,0.0,head
esi_Latn,Latn,11038,4.043,2.8532,0.031,0.2,47,0.1501,esk_Latn,0.1501,esk_Latn,0.6216,11,0,0.0,twin
esk_Latn,Latn,17756,4.249,2.8533,0.032,0.2,36,0.1501,esi_Latn,0.8988,kal_Latn,0.1776,11,0,0.0,twin
ess_Latn,Latn,6942,3.842,2.8867,0.5,0.2,94,0.6486,esu_Latn,0.6486,esu_Latn,0.6278,8,0,0.0,mid
esu_Latn,Latn,11057,4.044,2.9042,0.745,0.2,82,0.6486,ess_Latn,0.872,kal_Latn,0.1106,8,1,0.111,mid
eto_Latn,Latn,153,2.188,3.7621,12.751,0.2,1368,0.1136,ldn_Latn,0.1264,bor_Latn,0.9808,0,0,0.0,flat_magnet
etr_Latn,Latn,9965,3.999,2.8083,-0.597,0.2,34,0.883,sby_Latn,1.1282,kki_Latn,0.559,5,0,0.0,mid
etu_Latn,Latn,11024,4.042,2.8226,-0.397,0.2,33,0.894,tpw_Latn,1.1719,eka_Latn,0.6186,10,0,0.0,mid
eus_Latn,Latn,100000,5.0,2.9388,1.229,0.2,215,0.6283,lad_Latn,,,,795,5,0.006,head
eve_Cyrl,Cyrl,1953,3.291,2.9564,1.143,0.2,119,0.5542,lbe_Cyrl,0.6571,ckt_Cyrl,0.8607,2,0,0.0,mid
ewe_Latn,Latn,100000,5.0,2.8178,-0.464,0.2,18,0.575,ajg_Latn,,,,1416,0,0.0,head
ewo_Latn,Latn,11283,4.052,2.8584,0.104,0.2,68,0.7658,eto_Latn,0.9599,fan_Latn,0.6473,8,0,0.0,mid
ext_Latn,Latn,8692,3.939,3.0818,3.23,0.2,350,0.2178,ast_Latn,0.2178,ast_Latn,0.0869,7,24,3.0,flat_magnet
eza_Latn,Latn,30724,4.487,2.8605,0.134,0.2,18,0.2785,iqw_Latn,0.2801,izz_Latn,0.8194,29,0,0.0,head
faa_Latn,Latn,24288,4.385,2.8177,-0.465,0.2,4,0.9533,tpw_Latn,1.1983,mri_Latn,0.3326,5,0,0.0,head
fad_Latn,Latn,1949,3.29,3.0012,2.102,0.2,154,0.6414,zpj_Latn,0.7991,avk_Latn,0.6378,1,0,0.0,mid
fai_Latn,Latn,28850,4.46,2.8535,0.036,0.2,9,0.9623,thv_Latn,1.1596,jav_Latn,0.2885,8,0,0.0,head
fal_Latn,Latn,13515,4.131,2.8558,0.067,0.2,55,0.8584,kdr_Latn,0.9681,fuv_Latn,0.442,14,0,0.0,mid
fan_Latn,Latn,17431,4.241,2.8982,0.661,0.2,127,0.4904,bum_Latn,0.4904,bum_Latn,0.1743,20,1,0.048,mid
fao_Latn,Latn,94618,4.976,2.9164,0.916,0.2,124,0.2605,isl_Latn,0.2605,isl_Latn,0.9462,72,4,0.055,head
far_Latn,Latn,10940,4.039,2.8258,-0.352,0.2,48,0.4311,bvd_Latn,0.5946,kwf_Latn,0.5875,4,1,0.2,mid
fas_Arab,Arab,100000,5.0,2.8532,0.272,0.2,31,0.1587,glk_Arab,,,,3168,6,0.002,head
fat_Latn,Latn,39870,4.601,2.8485,-0.035,0.2,70,0.368,twi_Latn,0.368,twi_Latn,0.3987,37,8,0.211,head
ffm_Latn,Latn,24480,4.389,2.9493,1.376,0.2,92,0.1529,fuh_Latn,0.1529,fuh_Latn,0.9988,14,0,0.0,twin
fij_Latn,Latn,100000,5.0,2.8492,-0.024,0.2,33,0.8964,tkl_Latn,,,,1025,0,0.0,head
fil_Latn,Latn,100000,5.0,2.9874,1.91,0.2,196,0.4759,bcl_Latn,,,,1312,18,0.014,head
fin_Latn,Latn,100000,5.0,2.9668,1.621,0.2,160,0.2091,fit_Latn,,,,3298,10,0.003,head
fit_Latn,Latn,3881,3.589,3.0938,3.399,0.2,329,0.1111,fkv_Latn,0.2091,fin_Latn,0.0388,3,174,43.5,flat_magnet
fkv_Latn,Latn,1884,3.275,3.215,5.094,0.2,422,0.1111,fit_Latn,0.1111,fit_Latn,0.4854,3,33,8.25,flat_magnet
fmu_Deva,Deva,974,2.989,3.0522,2.571,0.2,101,0.5016,kex_Deva,0.5294,kas_Deva,0.1348,0,0,0.0,isolated_tail
fon_Latn,Latn,100000,5.0,2.8448,-0.086,0.2,2,0.7514,ajg_Latn,,,,198,0,0.0,head
for_Latn,Latn,31149,4.493,2.8256,-0.355,0.2,5,0.9725,diu_Latn,1.1225,kin_Latn,0.3115,7,0,0.0,head
fra_Latn,Latn,100000,5.0,2.9903,1.95,0.2,192,0.2222,nrf_Latn,,,,2726,15,0.006,head
frd_Latn,Latn,10934,4.039,2.8692,0.255,0.2,57,0.7952,kei_Latn,1.0208,bjn_Latn,0.3954,9,0,0.0,mid
fro_Latn,Latn,15794,4.199,2.9708,1.678,0.2,275,0.3077,fra_Latn,0.3077,fra_Latn,0.1579,13,40,2.857,flat_magnet
frp_Latn,Latn,5176,3.714,3.0604,2.931,0.2,294,0.313,nrf_Latn,0.313,nrf_Latn,0.8012,6,75,10.714,flat_magnet
frr_Latn,Latn,10794,4.033,3.0282,2.481,0.2,312,0.4124,nds_Latn,0.4124,nds_Latn,0.1079,13,20,1.429,mid
fry_Latn,Latn,100000,5.0,2.9402,1.248,0.2,197,0.4265,vls_Latn,,,,104,6,0.057,head
fub_Latn,Latn,38248,4.583,2.9615,1.547,0.2,92,0.2156,fuv_Latn,0.897,wol_Latn,0.5485,31,0,0.0,twin
fud_Latn,Latn,9316,3.969,2.849,-0.028,0.2,86,0.5005,wls_Latn,0.5005,wls_Latn,0.0932,8,12,1.333,mid
fue_Latn,Latn,10730,4.031,2.9771,1.765,0.2,137,0.2647,fuh_Latn,0.2647,fuh_Latn,0.4378,8,1,0.111,mid
fuf_Latn,Latn,21670,4.336,2.931,1.12,0.2,92,0.316,fuh_Latn,0.316,fuh_Latn,0.8842,19,0,0.0,head
fuh_Latn,Latn,24509,4.389,2.9658,1.607,0.2,101,0.1529,ffm_Latn,0.246,fuv_Latn,0.8015,12,0,0.0,twin
fuq_Latn,Latn,17770,4.25,2.9585,1.505,0.2,102,0.2429,fuv_Latn,0.2429,fuv_Latn,0.5811,16,0,0.0,mid
fur_Latn,Latn,46173,4.664,3.0004,2.091,0.2,268,0.3193,lmo_Latn,0.3193,lmo_Latn,0.7888,40,6,0.146,head
fuv_Arab,Arab,6753,3.83,2.734,-2.224,0.2,7,0.8618,knc_Arab,1.0664,aeb_Arab,0.2613,5,0,0.0,mid
fuv_Latn,Latn,30578,4.485,2.9933,1.992,0.2,189,0.2156,fub_Latn,0.2156,fub_Latn,0.7995,23,1,0.042,twin
gaa_Latn,Latn,100000,5.0,2.8093,-0.583,0.2,15,0.6903,ada_Latn,,,,972,0,0.0,head
gag_Cyrl,Cyrl,14070,4.148,2.8511,-0.245,0.2,69,0.6798,mhr_Cyrl,0.6798,mhr_Cyrl,0.1407,11,1,0.083,mid
gag_Latn,Latn,14325,4.156,2.8722,0.298,0.2,73,0.5358,tur_Latn,0.5358,tur_Latn,0.1432,10,12,1.091,mid
gah_Latn,Latn,24357,4.387,2.8376,-0.187,0.2,12,0.9784,sby_Latn,1.1213,tar_Latn,0.5212,7,0,0.0,head
gai_Latn,Latn,17631,4.246,2.808,-0.601,0.2,19,0.9553,tzl_Latn,1.141,mak_Latn,0.6768,9,0,0.0,mid
gam_Latn,Latn,24151,4.383,2.7935,-0.804,0.2,11,0.8713,whg_Latn,1.0279,kue_Latn,0.982,10,0,0.0,head
gaw_Latn,Latn,24230,4.384,2.7602,-1.27,0.2,0,1.0001,eto_Latn,1.2459,bjn_Latn,0.8762,6,0,0.0,head
gaz_Latn,Latn,100000,5.0,2.9398,1.243,0.2,85,0.2685,hae_Latn,,,,663,0,0.0,head
gbi_Latn,Latn,13298,4.124,2.869,0.252,0.2,52,0.5843,tlb_Latn,0.5843,tlb_Latn,0.9897,18,1,0.053,mid
gbo_Latn,Latn,6764,3.83,2.8016,-0.691,0.2,33,0.883,mev_Latn,1.0727,fon_Latn,0.0676,7,0,0.0,mid
gbr_Latn,Latn,10708,4.03,2.8209,-0.421,0.2,78,0.8387,mev_Latn,0.9188,hau_Latn,0.1071,9,0,0.0,mid
gcf_Latn,Latn,67389,4.829,2.8253,-0.359,0.2,30,0.3082,gcr_Latn,0.5273,hat_Latn,0.6739,63,0,0.0,head
gcr_Latn,Latn,26871,4.429,2.8373,-0.191,0.2,64,0.3082,gcf_Latn,0.3082,gcf_Latn,0.3987,25,2,0.077,head
gde_Latn,Latn,17787,4.25,2.7787,-1.011,0.2,7,0.8787,pbi_Latn,1.0821,meq_Latn,0.999,15,0,0.0,mid
gdg_Latn,Latn,10967,4.04,2.9362,1.193,0.2,98,0.7909,wew_Latn,0.7948,ibg_Latn,0.1125,7,0,0.0,mid
gdn_Latn,Latn,23906,4.379,2.8413,-0.135,0.2,10,0.946,mwc_Latn,1.0862,pwg_Latn,0.9768,9,0,0.0,head
gdr_Latn,Latn,24452,4.388,2.8411,-0.138,0.2,12,0.9535,aqz_Latn,1.2239,bjn_Latn,0.8842,8,0,0.0,head
geb_Latn,Latn,17527,4.244,2.7892,-0.865,0.2,6,0.9671,kdr_Latn,1.2769,jav_Latn,0.1753,10,0,0.0,mid
gej_Latn,Latn,6763,3.83,2.7988,-0.729,0.2,35,0.8751,mev_Latn,0.8924,ajg_Latn,0.2315,7,0,0.0,mid
gfk_Latn,Latn,23745,4.376,2.8457,-0.074,0.2,29,0.9261,lbb_Latn,0.9984,ksd_Latn,0.3983,8,0,0.0,head
ghe_Deva,Deva,11062,4.044,2.7609,-1.45,0.2,30,0.6407,npi_Deva,0.6407,npi_Deva,0.1106,8,0,0.0,mid
ghs_Latn,Latn,29407,4.468,2.7562,-1.326,0.2,3,0.9943,ory_Latn,1.2249,sid_Latn,0.2941,7,0,0.0,head
gid_Latn,Latn,11033,4.043,2.898,0.659,0.2,76,0.8285,arr_Latn,0.8608,meq_Latn,0.6197,10,0,0.0,mid
gil_Latn,Latn,100000,5.0,2.8101,-0.572,0.2,17,0.8748,rar_Latn,,,,336,0,0.0,head
giz_Latn,Latn,34343,4.536,2.8886,0.526,0.2,42,0.8993,swb_Latn,1.0032,fub_Latn,0.8979,28,1,0.034,head
gjn_Latn,Latn,30192,4.48,2.8423,-0.121,0.2,26,0.9378,mev_Latn,1.0393,gaa_Latn,0.3019,24,0,0.0,head
gkn_Latn,Latn,77520,4.889,2.785,-0.923,0.2,1,0.8918,yor_Latn,0.8918,yor_Latn,0.7752,68,2,0.029,head
gla_Latn,Latn,100000,5.0,2.8781,0.38,0.2,99,0.3619,gle_Latn,,,,109,2,0.018,head
gle_Latn,Latn,100000,5.0,2.8709,0.279,0.2,82,0.3619,gla_Latn,,,,244,2,0.008,head
glg_Latn,Latn,100000,5.0,3.0178,2.335,0.2,246,0.2278,por_Latn,,,,296,127,0.428,twin
glk_Arab,Arab,22263,4.348,2.8737,0.701,0.2,36,0.1587,fas_Arab,0.1587,fas_Arab,0.2226,23,188,7.833,head
glv_Latn,Latn,60970,4.785,2.8416,-0.131,0.2,59,0.8029,cym_Latn,0.8029,cym_Latn,0.6097,45,0,0.0,head
gmh_Latn,Latn,3042,3.483,3.0457,2.725,0.2,297,0.3645,goh_Latn,0.3762,deu_Latn,0.0304,3,3,0.75,mid
gmv_Ethi,Ethi,10916,4.038,2.7134,0.2,0.2,11,0.2635,gof_Ethi,0.2635,gof_Ethi,0.9923,12,0,0.0,mid
gmv_Latn,Latn,30907,4.49,2.9012,0.703,0.2,82,0.32,gof_Latn,0.4612,wal_Latn,0.3091,15,0,0.0,head
gna_Latn,Latn,10888,4.037,2.8286,-0.313,0.2,29,0.8806,sld_Latn,0.8806,sld_Latn,0.808,4,0,0.0,mid
gnb_Latn,Latn,11064,4.044,2.9044,0.747,0.2,96,0.38,vap_Latn,0.38,vap_Latn,0.3608,8,1,0.111,mid
gnd_Latn,Latn,13375,4.126,2.8593,0.116,0.2,38,0.9018,thv_Latn,0.9218,mfh_Latn,0.9896,11,0,0.0,mid
gng_Latn,Latn,17738,4.249,2.8367,-0.199,0.2,33,0.9037,kdr_Latn,0.9168,bam_Latn,0.9487,11,0,0.0,mid
gnn_Latn,Latn,15289,4.184,2.7856,-0.915,0.2,2,0.374,djr_Latn,1.3619,bvr_Latn,0.8622,11,0,0.0,mid
gnw_Latn,Latn,36657,4.564,2.8304,-0.288,0.2,10,0.349,gui_Latn,0.9239,gyr_Latn,0.7894,22,0,0.0,head
goa_Latn,Latn,1598,3.204,3.1166,3.717,0.2,203,0.5056,mev_Latn,0.7398,avk_Latn,0.5229,1,0,0.0,mid
gof_Ethi,Ethi,11001,4.041,2.743,0.681,0.2,13,0.2139,dwr_Ethi,0.6347,mdy_Ethi,0.164,3,0,0.0,mid
gof_Latn,Latn,17756,4.249,2.9205,0.973,0.2,94,0.32,gmv_Latn,0.32,gmv_Latn,0.5745,11,1,0.083,mid
gog_Latn,Latn,14102,4.149,2.9266,1.059,0.2,158,0.5153,kki_Latn,0.5153,kki_Latn,0.791,14,0,0.0,mid
goh_Latn,Latn,306,2.487,3.551,9.796,0.2,1235,0.2201,tzl_Latn,0.254,ang_Latn,0.6245,0,2,2.0,flat_magnet
gom_Deva,Deva,3496,3.544,2.9547,1.225,0.2,84,0.1508,kex_Deva,0.2153,mar_Deva,0.035,3,7,1.75,tight_lowres
gom_Latn,Latn,77660,4.89,2.8943,0.606,0.2,196,0.5961,mar_Latn,0.7983,sco_Latn,0.888,60,2,0.033,head
gor_Latn,Latn,13438,4.128,2.8781,0.379,0.2,62,0.8581,diu_Latn,1.0045,swh_Latn,0.1344,15,0,0.0,mid
gos_Latn,Latn,3946,3.596,3.1545,4.248,0.2,361,0.4047,zea_Latn,0.4047,zea_Latn,0.464,4,22,4.4,flat_magnet
got_Goth,Goth,7413,3.87,2.7981,0.0,0.2,35,0.8681,vot_Latn,,,,2,0,0.0,mid
got_Latn,Latn,4657,3.668,2.9329,1.147,0.2,140,0.5642,goh_Latn,0.876,pfl_Latn,0.5479,4,0,0.0,mid
gqr_Latn,Latn,17816,4.251,2.7693,-1.143,0.2,10,0.7447,bjv_Latn,0.7447,bjv_Latn,0.6172,14,0,0.0,mid
grc_Grek,Grek,100000,5.0,2.688,-0.329,0.2,3,0.2485,ell_Grek,,,,172,39,0.225,head
grt_Beng,Beng,13469,4.129,2.6787,-0.193,0.2,5,0.6159,syl_Beng,0.655,mni_Beng,0.3225,10,1,0.091,mid
gso_Latn,Latn,18608,4.27,2.8017,-0.69,0.2,38,0.8569,mev_Latn,0.9313,gya_Latn,0.4794,16,0,0.0,head
gsw_Latn,Latn,93517,4.971,2.9814,1.825,0.2,236,0.2042,pfl_Latn,0.2508,bar_Latn,0.9352,98,70,0.707,head
gub_Latn,Latn,56520,4.752,2.7942,-0.794,0.2,0,1.0467,eme_Latn,1.3472,gug_Latn,0.5652,55,0,0.0,head
guc_Latn,Latn,100000,5.0,2.7701,-1.132,0.2,2,0.9511,yup_Latn,,,,225,0,0.0,head
gud_Latn,Latn,11042,4.043,2.8051,-0.642,0.2,38,0.7268,kyf_Latn,0.7268,kyf_Latn,0.6264,12,0,0.0,mid
gug_Latn,Latn,100000,5.0,2.9495,1.379,0.2,142,0.3134,nhd_Latn,,,,406,2,0.005,head
guh_Latn,Latn,17659,4.247,2.7858,-0.912,0.2,2,0.8817,cui_Latn,0.8817,cui_Latn,0.9985,10,0,0.0,mid
gui_Latn,Latn,28148,4.449,2.8176,-0.467,0.2,31,0.349,gnw_Latn,0.349,gnw_Latn,0.7679,25,0,0.0,head
guj_Gujr,Gujr,100000,5.0,2.6084,0.0,0.2,0,1.2867,lad_Hebr,,,,878,0,0.0,head
guj_Latn,Latn,4070,3.61,3.0779,3.176,0.2,420,0.3077,tel_Latn,0.3547,kan_Latn,0.9876,2,2,0.667,mid
guk_Ethi,Ethi,13514,4.131,2.6839,-0.279,0.2,12,0.533,amh_Ethi,0.533,amh_Ethi,0.1351,14,0,0.0,mid
gul_Latn,Latn,17812,4.251,2.8237,-0.381,0.2,53,0.6477,hwc_Latn,0.7532,pcm_Latn,0.5355,12,0,0.0,mid
gum_Latn,Latn,19118,4.281,2.8112,-0.556,0.2,26,0.93,kas_Latn,1.166,arg_Latn,0.7377,14,0,0.0,head
gun_Latn,Latn,17907,4.253,2.8102,-0.571,0.2,37,0.5929,kgk_Latn,0.7331,gug_Latn,0.1791,9,0,0.0,mid
guo_Latn,Latn,17493,4.243,2.8311,-0.278,0.2,25,0.9426,tzl_Latn,1.2029,bjn_Latn,0.6325,9,0,0.0,mid
guq_Latn,Latn,13503,4.13,2.73,-1.693,0.2,17,0.9151,tpw_Latn,1.232,gug_Latn,0.135,11,0,0.0,mid
gur_Latn,Latn,77453,4.889,2.8873,0.509,0.2,46,0.7922,dga_Latn,0.979,twi_Latn,0.7745,68,0,0.0,head
guu_Latn,Latn,6743,3.829,2.7748,-1.066,0.2,29,0.904,sby_Latn,1.1498,ksh_Latn,0.5899,7,0,0.0,mid
guw_Latn,Latn,100000,5.0,2.8158,-0.492,0.2,4,0.9223,yor_Latn,,,,554,0,0.0,head
gux_Latn,Latn,27027,4.432,2.8296,-0.299,0.2,65,0.8479,bim_Latn,0.8479,bim_Latn,0.4498,20,0,0.0,head
guz_Latn,Latn,7508,3.876,2.9408,1.257,0.2,148,0.6603,hay_Latn,0.6603,hay_Latn,0.543,7,0,0.0,mid
gvc_Latn,Latn,24005,4.38,2.7948,-0.786,0.2,1,0.7569,pir_Latn,1.1426,tuo_Latn,0.8501,16,0,0.0,head
gvf_Latn,Latn,24429,4.388,2.8092,-0.584,0.2,11,0.8171,sll_Latn,1.0608,kue_Latn,0.9933,5,0,0.0,head
gvl_Latn,Latn,17827,4.251,2.8022,-0.683,0.2,27,0.9292,zpj_Latn,1.0399,sba_Latn,0.4749,9,1,0.1,mid
gvn_Latn,Latn,11212,4.05,2.8202,-0.43,0.2,28,0.9096,ory_Latn,1.0843,bjn_Latn,0.4054,13,0,0.0,mid
gwi_Latn,Latn,17620,4.246,2.8108,-0.563,0.2,13,0.9357,otw_Latn,1.1277,nav_Latn,0.2172,12,0,0.0,mid
gwr_Latn,Latn,6749,3.829,2.9737,1.717,0.2,184,0.4234,lug_Latn,0.4234,lug_Latn,0.0675,6,0,0.0,mid
gya_Latn,Latn,38815,4.589,2.8361,-0.209,0.2,8,0.8846,mev_Latn,1.1114,gur_Latn,0.5011,36,0,0.0,head
gym_Latn,Latn,100000,5.0,2.759,-1.287,0.2,0,1.0016,ory_Latn,,,,212,0,0.0,head
gyr_Latn,Latn,46436,4.667,2.84,-0.154,0.2,9,0.8221,gui_Latn,0.9317,gug_Latn,0.4644,20,0,0.0,head
hac_Arab,Arab,28717,4.458,2.8197,-0.429,0.2,15,0.2388,ckb_Arab,0.2388,ckb_Arab,0.2872,25,5,0.192,head
hae_Latn,Latn,13526,4.131,2.9372,1.206,0.2,97,0.2685,gaz_Latn,0.2685,gaz_Latn,0.1353,16,8,0.471,mid
hag_Latn,Latn,14200,4.152,2.8258,-0.352,0.2,64,0.623,maw_Latn,0.623,maw_Latn,0.8019,10,0,0.0,mid
hak_Hani,Hani,29565,4.471,2.615,0.0,0.2,5,0.1392,cmn_Hani,0.1392,cmn_Hani,0.2957,33,5,0.147,head
hak_Latn,Latn,13696,4.137,2.8079,-0.602,0.2,28,0.8611,nan_Latn,0.8611,nan_Latn,0.3289,14,0,0.0,mid
hat_Latn,Latn,100000,5.0,2.8796,0.401,0.2,129,0.5273,gcf_Latn,,,,387,3,0.008,head
hau_Latn,Latn,100000,5.0,2.9465,1.338,0.2,195,0.6781,knc_Latn,,,,382,4,0.01,head
hav_Latn,Latn,7393,3.869,3.0121,2.254,0.2,269,0.1856,shr_Latn,0.1856,shr_Latn,0.5891,9,3,0.3,twin
haw_Latn,Latn,6448,3.809,2.8508,-0.002,0.2,79,0.6953,tkl_Latn,0.8128,mri_Latn,0.0883,7,0,0.0,mid
hay_Latn,Latn,13828,4.141,3.032,2.533,0.2,267,0.2989,nyo_Latn,0.3395,nyn_Latn,0.1383,12,1,0.077,mid
hbo_Hebr,Hebr,100000,5.0,2.6202,0.558,0.2,3,0.2626,heb_Hebr,,,,119,64,0.533,head
hbs_Latn,Latn,100000,5.0,2.9621,1.555,0.2,229,0.1396,srp_Latn,,,,2169,97,0.045,twin
hch_Latn,Latn,30840,4.489,2.7919,-0.827,0.2,19,0.9337,yup_Latn,1.0836,ast_Latn,0.3084,22,0,0.0,head
heb_Hebr,Hebr,100000,5.0,2.6082,-0.791,0.2,3,0.2598,ydd_Hebr,,,,1824,36,0.02,head
heg_Latn,Latn,18356,4.264,2.885,0.476,0.2,55,0.8549,mgm_Latn,0.9479,sun_Latn,0.1836,13,0,0.0,head
heh_Latn,Latn,18364,4.264,2.9139,0.881,0.2,156,0.5838,ndj_Latn,0.6291,kde_Latn,0.682,12,2,0.154,head
her_Latn,Latn,100000,5.0,2.8848,0.473,0.2,79,0.6574,dhm_Latn,,,,113,1,0.009,head
hif_Latn,Latn,21900,4.34,2.9311,1.122,0.2,204,0.528,pan_Latn,0.5975,hin_Latn,0.6322,21,2,0.091,head
hig_Latn,Latn,13520,4.131,2.8076,-0.608,0.2,27,0.8545,pbi_Latn,0.9097,bcw_Latn,0.7639,11,0,0.0,mid
hil_Latn,Latn,100000,5.0,2.9667,1.619,0.2,130,0.4055,krj_Latn,,,,1459,12,0.008,head
hin_Deva,Deva,100000,5.0,2.9146,0.672,0.2,30,0.0848,anp_Deva,,,,1783,9,0.005,head
hin_Latn,Latn,34642,4.54,2.9119,0.852,0.2,99,0.5049,pan_Latn,0.8144,urd_Latn,0.9027,38,2,0.051,head
hix_Latn,Latn,17476,4.242,2.8109,-0.56,0.2,2,0.9938,diu_Latn,1.2695,diq_Latn,0.6231,9,0,0.0,mid
hla_Latn,Latn,23887,4.378,2.8775,0.372,0.2,47,0.86,mrv_Latn,1.0062,nsn_Latn,0.9803,5,0,0.0,head
hlt_Latn,Latn,6729,3.828,2.895,0.616,0.2,93,0.3022,cnk_Latn,0.3022,cnk_Latn,0.608,7,4,0.5,mid
hmo_Latn,Latn,100000,5.0,2.8012,-0.697,0.2,8,0.2491,meu_Latn,,,,888,4,0.004,head
hmr_Latn,Latn,61468,4.789,2.8653,0.2,0.2,35,0.521,lus_Latn,0.521,lus_Latn,0.6147,35,1,0.028,head
hne_Deva,Deva,50507,4.703,2.889,0.319,0.2,30,0.2469,bho_Deva,0.2469,bho_Deva,0.9044,45,10,0.217,head
hnj_Latn,Latn,61097,4.786,2.7346,-1.629,0.2,1,0.4438,mww_Latn,0.4438,mww_Latn,0.611,68,1,0.014,head
hnn_Latn,Latn,13501,4.13,2.9121,0.855,0.2,88,0.77,fil_Latn,0.77,fil_Latn,0.135,10,0,0.0,mid
hns_Latn,Latn,19168,4.283,2.838,-0.182,0.2,50,0.6561,hif_Latn,0.6561,hif_Latn,0.8753,13,0,0.0,head
hoc_Latn,Latn,380,2.581,3.7371,12.401,0.2,1192,0.1231,ldn_Latn,0.2384,arr_Latn,0.6643,0,0,0.0,flat_magnet
hoc_Wara,Wara,499,2.699,3.1271,0.0,0.2,105,0.5096,ldn_Latn,,,,0,0,0.0,isolated_tail
hop_Latn,Latn,11019,4.042,2.8578,0.095,0.2,45,0.8709,kas_Latn,1.1199,ayr_Latn,0.1102,13,0,0.0,mid
hot_Latn,Latn,23745,4.376,2.7942,-0.794,0.2,10,0.9511,eto_Latn,1.1386,buk_Latn,0.9864,6,0,0.0,head
hra_Latn,Latn,30616,4.486,2.8662,0.213,0.2,64,0.387,biu_Latn,0.5776,hmr_Latn,0.4981,26,0,0.0,head
hrx_Latn,Latn,38051,4.58,2.863,0.168,0.2,123,0.7287,ksh_Latn,0.7876,gsw_Latn,0.4069,41,1,0.024,head
hsb_Latn,Latn,28261,4.451,2.9274,1.07,0.2,194,0.1632,dsb_Latn,0.4513,szl_Latn,0.5101,22,7,0.304,head
hto_Latn,Latn,17753,4.249,2.8152,-0.501,0.2,17,0.5458,huu_Latn,0.5458,huu_Latn,0.7361,18,1,0.053,mid
hub_Latn,Latn,23928,4.379,2.8734,0.314,0.2,40,0.3428,acu_Latn,0.3428,acu_Latn,0.9761,17,0,0.0,head
hui_Latn,Latn,64883,4.812,2.8108,-0.562,0.2,0,1.0691,sby_Latn,1.2357,kin_Latn,0.6488,12,0,0.0,head
hun_Hung,Hung,11832,4.073,2.6491,0.0,0.2,0,1.0712,lad_Hebr,,,,2,0,0.0,mid
hun_Latn,Latn,100000,5.0,2.8914,0.566,0.2,102,0.7809,nov_Latn,,,,3561,5,0.001,head
hus_Latn,Latn,57511,4.76,2.8836,0.456,0.2,24,0.8914,quc_Latn,0.8914,quc_Latn,0.5751,38,0,0.0,head
huu_Latn,Latn,24119,4.382,2.7902,-0.851,0.2,7,0.5458,hto_Latn,1.2083,arg_Latn,0.9307,5,0,0.0,head
huv_Latn,Latn,20043,4.302,2.8259,-0.351,0.2,25,0.929,zpj_Latn,1.1657,arg_Latn,0.7734,13,0,0.0,head
hvn_Latn,Latn,13972,4.145,2.8523,0.019,0.2,64,0.8228,wew_Latn,0.9086,nfa_Latn,0.815,20,0,0.0,mid
hwc_Latn,Latn,10591,4.025,2.8346,-0.229,0.2,53,0.6427,pcm_Latn,0.6427,pcm_Latn,0.3184,9,6,0.6,mid
hye_Armn,Armn,100000,5.0,2.6281,0.0,0.2,1,0.1085,hyw_Armn,,,,1218,15,0.012,twin
hyw_Armn,Armn,100000,5.0,2.585,0.0,0.2,1,0.1085,hye_Armn,,,,564,29,0.051,twin
ian_Latn,Latn,30210,4.48,2.758,-1.3,0.2,0,1.0296,diu_Latn,1.3025,swh_Latn,0.3021,2,0,0.0,head
iba_Latn,Latn,100000,5.0,2.8834,0.454,0.2,67,0.7025,bjn_Latn,,,,159,0,0.0,head
ibg_Latn,Latn,97484,4.989,2.9509,1.399,0.2,150,0.6174,itv_Latn,0.7801,bcl_Latn,0.9748,87,4,0.045,head
ibo_Latn,Latn,100000,5.0,2.8667,0.22,0.2,29,0.7152,ikk_Latn,,,,470,1,0.002,head
icr_Latn,Latn,17695,4.248,2.8339,-0.239,0.2,46,0.4556,jam_Latn,0.4556,jam_Latn,0.548,11,0,0.0,mid
ido_Latn,Latn,33665,4.527,2.9195,0.958,0.2,200,0.4704,nov_Latn,0.5893,epo_Latn,0.3367,33,52,1.529,head
idu_Latn,Latn,59832,4.777,2.8061,-0.627,0.2,7,0.9304,mev_Latn,1.0106,ada_Latn,0.5983,62,0,0.0,head
ifa_Latn,Latn,57138,4.757,2.9248,1.033,0.2,34,0.3224,ifb_Latn,1.0068,sun_Latn,0.5714,46,0,0.0,head
ifb_Latn,Latn,33099,4.52,2.9238,1.02,0.2,60,0.3224,ifa_Latn,0.3224,ifa_Latn,0.5793,33,0,0.0,head
ife_Latn,Latn,17731,4.249,2.8134,-0.526,0.2,6,0.9382,bsq_Latn,1.0291,yor_Latn,0.1773,19,0,0.0,mid
ifk_Latn,Latn,17387,4.24,2.9409,1.259,0.2,94,0.3992,ifa_Latn,0.3992,ifa_Latn,0.3043,12,1,0.077,mid
ifu_Latn,Latn,17672,4.247,2.8614,0.147,0.2,48,0.8193,kak_Latn,0.8615,ifb_Latn,0.5339,15,0,0.0,mid
ify_Latn,Latn,55082,4.741,2.9174,0.93,0.2,46,0.7009,kak_Latn,0.8468,ifa_Latn,0.964,48,0,0.0,head
ige_Latn,Latn,63586,4.803,2.7627,-1.235,0.2,6,0.8193,ikk_Latn,0.9122,ibo_Latn,0.6359,65,0,0.0,head
ign_Latn,Latn,28193,4.45,2.8061,-0.628,0.2,3,0.9542,trn_Latn,1.069,tar_Latn,0.6033,19,0,0.0,head
ike_Cans,Cans,30725,4.488,2.6399,-1.004,0.2,3,0.8717,crm_Cans,1.0228,ojb_Cans,0.9112,29,0,0.0,head
ikk_Latn,Latn,44245,4.646,2.7753,-1.059,0.2,9,0.7152,ibo_Latn,0.7152,ibo_Latn,0.4425,38,0,0.0,head
ikt_Latn,Latn,1601,3.205,3.0811,3.22,0.2,195,0.5846,vot_Latn,0.7423,esi_Latn,0.145,2,0,0.0,mid
ikw_Latn,Latn,17829,4.251,2.8253,-0.359,0.2,43,0.7338,ibo_Latn,0.7338,ibo_Latn,0.1783,11,1,0.083,mid
ilb_Latn,Latn,10085,4.004,2.9436,1.296,0.2,177,0.3872,leh_Latn,0.3872,leh_Latn,0.1806,10,2,0.182,mid
ile_Latn,Latn,14414,4.159,3.0454,2.722,0.2,317,0.2892,ina_Latn,0.2892,ina_Latn,0.2561,13,33,2.357,flat_magnet
ilo_Latn,Latn,100000,5.0,2.987,1.904,0.2,187,0.6582,pag_Latn,,,,948,6,0.006,head
imo_Latn,Latn,23862,4.378,2.8035,-0.664,0.2,4,0.5589,ubu_Latn,0.5589,ubu_Latn,0.408,7,0,0.0,head
ina_Latn,Latn,56283,4.75,2.9898,1.942,0.2,258,0.2892,ile_Latn,0.3406,ita_Latn,0.5628,49,51,1.02,head
inb_Latn,Latn,17919,4.253,2.7707,-1.123,0.2,9,0.9648,yup_Latn,1.0316,qup_Latn,0.7503,9,0,0.0,mid
ind_Latn,Latn,100000,5.0,3.0522,2.817,0.2,252,0.0644,zsm_Latn,,,,2432,119,0.049,twin
inh_Cyrl,Cyrl,2521,3.402,2.9674,1.288,0.2,109,0.2953,che_Cyrl,0.2953,che_Cyrl,0.0448,1,31,15.5,tight_lowres
ino_Latn,Latn,23125,4.364,2.8086,-0.592,0.2,2,0.7545,kyg_Latn,0.7545,kyg_Latn,0.8539,5,0,0.0,head
iou_Latn,Latn,32094,4.506,2.7764,-1.043,0.2,1,0.9389,awx_Latn,1.2774,vro_Latn,0.6274,21,0,0.0,head
ipi_Latn,Latn,19056,4.28,2.8343,-0.233,0.2,5,0.9781,sby_Latn,1.1028,kyc_Latn,0.6825,4,0,0.0,head
iqw_Latn,Latn,11059,4.044,2.8691,0.254,0.2,51,0.2006,izz_Latn,0.2006,izz_Latn,0.295,13,0,0.0,mid
iri_Latn,Latn,17827,4.251,2.8005,-0.706,0.2,31,0.9073,eto_Latn,1.1183,izr_Latn,0.9991,13,0,0.0,mid
irk_Latn,Latn,13515,4.131,2.9088,0.809,0.2,65,0.8264,goh_Latn,0.9917,som_Latn,0.1351,16,0,0.0,mid
iry_Latn,Latn,13449,4.129,2.8674,0.231,0.2,82,0.7044,alj_Latn,0.7892,bcl_Latn,0.1345,15,0,0.0,mid
isd_Latn,Latn,10971,4.04,2.9194,0.958,0.2,85,0.8032,ibg_Latn,0.8032,ibg_Latn,0.1125,11,0,0.0,mid
ish_Latn,Latn,88944,4.949,2.7774,-1.03,0.2,8,0.7964,bin_Latn,0.7964,bin_Latn,0.8894,79,3,0.037,head
isl_Latn,Latn,100000,5.0,2.8727,0.304,0.2,107,0.2605,fao_Latn,,,,192,3,0.016,head
iso_Latn,Latn,100000,5.0,2.8085,-0.595,0.2,10,0.5449,urh_Latn,,,,530,0,0.0,head
ita_Latn,Latn,100000,5.0,3.0087,2.207,0.2,249,0.2641,nap_Latn,,,,2329,20,0.009,head
itl_Cyrl,Cyrl,978,2.991,2.9924,1.619,0.2,101,0.5352,sel_Cyrl,0.6532,ckt_Cyrl,0.431,1,0,0.0,isolated_tail
itv_Latn,Latn,13512,4.131,2.9173,0.928,0.2,91,0.6174,ibg_Latn,0.6174,ibg_Latn,0.1386,12,0,0.0,mid
ium_Latn,Latn,42126,4.625,2.7921,-0.824,0.2,1,0.9865,kas_Latn,1.1773,bar_Latn,0.4213,36,0,0.0,head
ivb_Latn,Latn,11038,4.043,2.934,1.163,0.2,105,0.5148,ivv_Latn,0.8153,pag_Latn,0.1104,14,0,0.0,mid
ivv_Latn,Latn,11031,4.043,2.9075,0.791,0.2,105,0.5148,ivb_Latn,0.5148,ivb_Latn,0.9994,11,0,0.0,mid
iws_Latn,Latn,24587,4.391,2.7783,-1.017,0.2,0,1.023,eme_Latn,1.3274,kmh_Latn,0.5274,5,0,0.0,head
ixl_Latn,Latn,54068,4.733,2.862,0.155,0.2,3,0.8652,mam_Latn,0.8652,mam_Latn,0.5407,41,0,0.0,head
izr_Latn,Latn,17843,4.251,2.8219,-0.406,0.2,45,0.8739,eto_Latn,1.0248,bam_Latn,0.9543,21,0,0.0,mid
izz_Latn,Latn,37494,4.574,2.8619,0.153,0.2,17,0.2006,iqw_Latn,0.8054,ibo_Latn,0.3749,32,0,0.0,head
jaa_Latn,Latn,4307,3.634,2.851,0.001,0.2,66,0.793,mrv_Latn,1.0425,hay_Latn,0.3115,6,0,0.0,mid
jac_Latn,Latn,24475,4.389,2.8461,-0.067,0.2,17,0.7361,kjb_Latn,0.7361,kjb_Latn,0.6591,24,0,0.0,head
jae_Latn,Latn,21891,4.34,2.7508,-1.401,0.2,5,0.6627,buk_Latn,0.6627,buk_Latn,0.9094,23,0,0.0,head
jam_Latn,Latn,32289,4.509,2.8598,0.123,0.2,111,0.4556,icr_Latn,0.6044,bzj_Latn,0.3229,29,2,0.067,head
jav_Java,Java,6597,3.819,2.7689,0.0,0.2,0,1.0026,ldn_Latn,,,,7,0,0.0,mid
jav_Latn,Latn,100000,5.0,3.0782,3.181,0.2,332,0.3909,jvn_Latn,,,,215,6,0.028,head
jbo_Latn,Latn,12439,4.095,2.8963,0.634,0.2,260,0.6645,avk_Latn,0.7379,nap_Latn,0.4764,12,0,0.0,mid
jbu_Latn,Latn,13500,4.13,2.8525,0.021,0.2,55,0.8514,sby_Latn,0.9579,hau_Latn,0.135,12,0,0.0,mid
jic_Latn,Latn,17740,4.249,2.8163,-0.485,0.2,7,0.9655,tzl_Latn,1.2155,nap_Latn,0.6795,16,0,0.0,mid
jiv_Latn,Latn,17510,4.243,2.8675,0.231,0.2,40,0.4715,acu_Latn,0.4715,acu_Latn,0.7143,18,0,0.0,mid
jmc_Latn,Latn,13528,4.131,2.9373,1.208,0.2,152,0.6554,old_Latn,0.6554,old_Latn,0.9998,12,0,0.0,mid
jpn_Jpan,Jpan,100000,5.0,2.605,0.0,0.2,5,0.3344,cmn_Hani,,,,1877,3,0.002,head
jra_Latn,Latn,19753,4.296,2.7658,-1.192,0.2,5,0.5871,rad_Latn,0.5871,rad_Latn,0.643,12,0,0.0,head
jun_Orya,Orya,6741,3.829,2.6926,0.0,0.2,1,0.6114,ory_Orya,0.6114,ory_Orya,0.0674,8,0,0.0,mid
jvn_Latn,Latn,23937,4.379,2.8813,0.425,0.2,47,0.3909,jav_Latn,0.3909,jav_Latn,0.2394,5,3,0.5,head
kaa_Cyrl,Cyrl,38209,4.582,2.8795,0.13,0.2,35,0.4735,kaz_Cyrl,0.4735,kaz_Cyrl,0.3821,33,0,0.0,head
kaa_Latn,Latn,20305,4.308,2.8724,0.299,0.2,43,0.7228,tat_Latn,0.7994,tur_Latn,0.2031,13,0,0.0,head
kab_Latn,Latn,100000,5.0,2.8704,0.273,0.2,120,0.6219,thv_Latn,,,,711,3,0.004,head
kac_Latn,Latn,100000,5.0,2.8065,-0.622,0.2,1,0.9801,kas_Latn,,,,200,0,0.0,head
kak_Latn,Latn,165,2.22,3.3579,7.094,0.2,781,0.3587,mgm_Latn,0.3587,mgm_Latn,0.9218,0,0,0.0,flat_magnet
kal_Latn,Latn,100000,5.0,2.8619,0.153,0.2,50,0.8289,ikt_Latn,,,,190,0,0.0,head
kam_Latn,Latn,100000,5.0,2.8171,-0.474,0.2,14,0.5919,kik_Latn,,,,290,0,0.0,head
kan_Knda,Knda,100000,5.0,2.6391,0.0,0.2,1,0.1121,tcy_Knda,,,,658,1,0.002,head
kan_Latn,Latn,4121,3.615,3.0765,3.157,0.2,483,0.2699,tel_Latn,0.4369,mal_Latn,0.3854,2,3,1.0,mid
kao_Latn,Latn,13507,4.131,2.848,-0.042,0.2,56,0.7763,mfg_Latn,0.8334,mnk_Latn,0.9978,13,0,0.0,mid
kap_Cyrl,Cyrl,776,2.89,3.0903,2.909,0.2,124,0.4577,lbe_Cyrl,0.4906,tkr_Cyrl,0.9987,1,0,0.0,isolated_tail
kaq_Latn,Latn,24486,4.389,2.7816,-0.97,0.2,6,0.7872,shp_Latn,0.7872,shp_Latn,0.3416,7,0,0.0,head
kas_Arab,Arab,10408,4.017,2.8247,-0.325,0.2,32,0.4065,urd_Arab,0.4065,urd_Arab,0.1041,10,5,0.455,mid
kas_Deva,Deva,7226,3.859,2.8915,0.352,0.2,58,0.269,snd_Deva,0.3022,hin_Deva,0.0723,5,27,4.5,mid
kas_Latn,Latn,405,2.609,3.519,9.349,0.2,1263,0.2633,ldn_Latn,0.3126,ory_Latn,0.931,0,2,2.0,flat_magnet
kat_Geor,Geor,100000,5.0,2.6717,0.0,0.2,1,0.1232,xmf_Geor,,,,621,2,0.003,twin
kaz_Cyrl,Cyrl,100000,5.0,2.8719,0.03,0.2,59,0.4735,kaa_Cyrl,,,,365,0,0.0,head
kbc_Latn,Latn,17609,4.246,2.8043,-0.653,0.2,20,0.9519,zpj_Latn,1.1628,mny_Latn,0.4205,11,0,0.0,mid
kbd_Cyrl,Cyrl,46268,4.665,2.7686,-1.332,0.2,23,0.3315,ady_Cyrl,0.9701,mhr_Cyrl,0.4627,43,7,0.159,head
kbh_Latn,Latn,17713,4.248,2.8432,-0.109,0.2,24,0.9358,tpw_Latn,1.0838,spa_Latn,0.1771,8,0,0.0,mid
kbm_Latn,Latn,24119,4.382,2.7842,-0.935,0.2,4,0.9841,eto_Latn,1.208,vls_Latn,0.9458,5,0,0.0,head
kbo_Latn,Latn,4300,3.634,2.8342,-0.234,0.2,45,0.6233,luc_Latn,0.6233,luc_Latn,0.6108,3,0,0.0,mid
kbp_Latn,Latn,100000,5.0,2.7978,-0.744,0.2,6,0.9315,las_Latn,,,,222,1,0.004,head
kbq_Latn,Latn,28955,4.462,2.8253,-0.359,0.2,22,0.929,ory_Latn,1.0896,hbs_Latn,0.2895,12,0,0.0,head
kbr_Latn,Latn,12888,4.11,2.8711,0.282,0.2,56,0.8188,wal_Latn,0.8188,wal_Latn,0.1289,14,0,0.0,mid
kby_Latn,Latn,1099,3.041,3.1352,3.978,0.2,344,0.3406,knc_Latn,0.3406,knc_Latn,0.1175,1,0,0.0,mid
kca_Cyrl,Cyrl,951,2.979,3.0746,2.702,0.2,154,0.4127,mns_Cyrl,0.4127,mns_Cyrl,0.9794,2,2,0.667,isolated_tail
kcg_Latn,Latn,11045,4.043,2.8043,-0.652,0.2,28,0.9278,kei_Latn,1.1838,tsw_Latn,0.624,2,0,0.0,mid
kck_Latn,Latn,26283,4.42,2.9774,1.77,0.2,237,0.642,ssw_Latn,0.642,ssw_Latn,0.2628,26,1,0.037,head
kdc_Latn,Latn,17827,4.251,2.9673,1.628,0.2,162,0.2302,cwe_Latn,0.4612,vid_Latn,0.9999,10,0,0.0,twin
kde_Latn,Latn,26927,4.43,2.9686,1.646,0.2,185,0.6236,ndj_Latn,0.625,mck_Latn,0.2693,23,1,0.042,head
kdh_Latn,Latn,1820,3.26,2.9231,1.01,0.2,94,0.7017,sju_Latn,0.7467,sld_Latn,0.1351,1,0,0.0,mid
kdi_Latn,Latn,17817,4.251,2.8828,0.446,0.2,68,0.5644,laj_Latn,0.5644,laj_Latn,0.8042,9,0,0.0,mid
kdj_Latn,Latn,13519,4.131,2.8957,0.626,0.2,63,0.5821,tuv_Latn,0.5847,teo_Latn,0.3232,14,0,0.0,mid
kdl_Latn,Latn,17708,4.248,2.8489,-0.029,0.2,47,0.4927,asg_Latn,0.4927,asg_Latn,0.9994,12,0,0.0,mid
kdr_Latn,Latn,85,1.934,3.7608,12.732,0.2,1409,0.1226,bor_Latn,0.1226,bor_Latn,0.5449,0,1,1.0,flat_magnet
kea_Latn,Latn,100000,5.0,2.9234,1.014,0.2,170,0.4434,pov_Latn,,,,125,8,0.063,head
kei_Latn,Latn,226,2.356,3.6841,11.659,0.2,1238,0.1564,ldn_Latn,0.1982,aqz_Latn,0.8339,0,0,0.0,flat_magnet
kek_Latn,Latn,100000,5.0,2.8646,0.191,0.2,15,0.7245,quc_Latn,,,,194,0,0.0,head
ken_Latn,Latn,17805,4.251,2.8187,-0.451,0.2,19,0.9336,anv_Latn,1.1579,twi_Latn,0.1781,10,0,0.0,mid
keo_Latn,Latn,6847,3.836,2.8524,0.019,0.2,77,0.7953,diu_Latn,0.8347,mhi_Latn,0.5056,6,0,0.0,mid
ker_Latn,Latn,6741,3.829,2.8669,0.223,0.2,65,0.8292,gid_Latn,0.8292,gid_Latn,0.611,12,0,0.0,mid
kew_Latn,Latn,26979,4.431,2.8052,-0.64,0.2,21,0.2794,kjs_Latn,1.1692,sun_Latn,0.2698,14,0,0.0,head
kex_Deva,Deva,739,2.869,3.2556,5.38,0.2,149,0.1508,gom_Deva,0.1508,gom_Deva,0.2114,0,0,0.0,flat_magnet
kez_Latn,Latn,13488,4.13,2.8411,-0.138,0.2,35,0.8634,mev_Latn,1.0152,bam_Latn,0.7214,14,0,0.0,mid
kff_Telu,Telu,6762,3.83,2.7096,0.0,0.2,5,0.3761,tel_Telu,0.3761,tel_Telu,0.0676,7,0,0.0,mid
kgf_Latn,Latn,28674,4.458,2.7692,-1.144,0.2,2,0.9898,tzl_Latn,1.1706,ded_Latn,0.8272,8,0,0.0,head
kgk_Latn,Latn,17217,4.236,2.8355,-0.217,0.2,22,0.5929,gun_Latn,0.5929,gun_Latn,0.9615,13,0,0.0,mid
kgp_Latn,Latn,19199,4.283,2.7235,-1.784,0.2,0,1.0052,kdr_Latn,1.3134,gug_Latn,0.192,16,0,0.0,head
kgr_Latn,Latn,6735,3.828,2.7885,-0.874,0.2,45,0.8559,eto_Latn,1.0253,jav_Latn,0.0673,8,0,0.0,mid
kha_Latn,Latn,34095,4.533,2.8233,-0.388,0.2,24,0.9236,asm_Latn,1.0563,sun_Latn,0.3409,28,0,0.0,head
khk_Cyrl,Cyrl,100000,5.0,2.7956,-0.977,0.2,39,0.4074,bxr_Cyrl,,,,225,3,0.013,head
khm_Khmr,Khmr,100000,5.0,2.6521,0.0,0.2,1,0.9391,cmo_Khmr,,,,104,0,0.0,head
khq_Latn,Latn,6762,3.83,2.888,0.519,0.2,115,0.5467,ses_Latn,0.5467,ses_Latn,0.3061,7,0,0.0,mid
khs_Latn,Latn,17585,4.245,2.7828,-0.953,0.2,6,0.9728,sby_Latn,1.1545,kki_Latn,0.9864,9,0,0.0,mid
khy_Latn,Latn,11021,4.042,2.91,0.827,0.2,95,0.5913,lol_Latn,0.5913,lol_Latn,0.9965,8,1,0.111,mid
khz_Latn,Latn,24568,4.39,2.846,-0.069,0.2,32,0.9017,mrv_Latn,1.0001,meu_Latn,0.2457,5,0,0.0,head
kia_Latn,Latn,41825,4.621,2.7961,-0.768,0.2,18,0.9306,kas_Latn,1.0553,wol_Latn,0.5998,32,0,0.0,head
kij_Latn,Latn,32364,4.51,2.8642,0.185,0.2,41,0.9024,sby_Latn,1.027,loz_Latn,0.3236,23,0,0.0,head
kik_Latn,Latn,100000,5.0,2.8135,-0.525,0.2,8,0.3507,mer_Latn,,,,476,1,0.002,head
kin_Latn,Latn,100000,5.0,2.9612,1.542,0.2,216,0.0826,run_Latn,,,,2190,106,0.048,twin
kir_Cyrl,Cyrl,100000,5.0,2.9331,0.836,0.2,63,0.4239,tyv_Cyrl,,,,599,12,0.02,head
kiu_Latn,Latn,100000,5.0,2.8923,0.579,0.2,25,0.3705,diq_Latn,,,,140,4,0.028,head
kix_Latn,Latn,11038,4.043,2.8106,-0.565,0.2,42,0.8863,vot_Latn,1.0037,nri_Latn,0.9986,10,0,0.0,mid
kjb_Latn,Latn,37135,4.57,2.8064,-0.623,0.2,4,0.5418,knj_Latn,0.8193,cac_Latn,0.6797,27,1,0.036,head
kje_Latn,Latn,17575,4.245,2.8836,0.457,0.2,47,0.8721,mgm_Latn,0.9781,lex_Latn,0.9163,13,2,0.143,mid
kjh_Cyrl,Cyrl,39529,4.597,2.8502,-0.257,0.2,52,0.5277,cjs_Cyrl,0.617,kaz_Cyrl,0.3953,27,0,0.0,head
kjs_Latn,Latn,24469,4.389,2.8214,-0.414,0.2,22,0.2794,kew_Latn,0.2794,kew_Latn,0.907,9,0,0.0,head
kkc_Latn,Latn,14662,4.166,2.826,-0.349,0.2,24,0.9269,mrv_Latn,1.1489,kki_Latn,0.8225,4,0,0.0,mid
kki_Latn,Latn,17827,4.251,2.9643,1.586,0.2,189,0.4399,cwe_Latn,0.5094,ziw_Latn,0.9999,8,0,0.0,mid
kkj_Latn,Latn,17797,4.25,2.8392,-0.165,0.2,19,0.9023,mev_Latn,1.0654,gya_Latn,0.4585,19,0,0.0,mid
kkl_Latn,Latn,2995,3.477,2.9271,1.066,0.2,88,0.7515,aqz_Latn,0.9258,ben_Latn,0.766,5,0,0.0,mid
kle_Deva,Deva,6765,3.83,2.7619,-1.436,0.2,41,0.4122,rav_Deva,0.6508,ghe_Deva,0.6116,8,0,0.0,mid
klt_Latn,Latn,3724,3.571,2.879,0.392,0.2,72,0.7831,ldn_Latn,0.9879,pam_Latn,0.109,4,0,0.0,mid
klv_Latn,Latn,21999,4.342,2.8635,0.176,0.2,34,0.926,kas_Latn,1.1215,bjn_Latn,0.7955,10,0,0.0,head
kma_Latn,Latn,6754,3.83,2.8255,-0.357,0.2,41,0.1275,kmy_Latn,0.1275,kmy_Latn,0.6113,7,0,0.0,twin
kmb_Latn,Latn,100000,5.0,2.887,0.504,0.2,117,0.7319,kwy_Latn,,,,288,3,0.01,head
kmd_Latn,Latn,6703,3.826,2.9133,0.873,0.2,95,0.7503,kak_Latn,0.8089,ksc_Latn,0.6106,6,0,0.0,mid
kmg_Latn,Latn,10497,4.021,2.824,-0.378,0.2,43,0.8888,tzl_Latn,1.0958,mlh_Latn,0.3357,11,0,0.0,mid
kmh_Latn,Latn,46615,4.669,2.8212,-0.417,0.2,1,0.6975,taw_Latn,1.2325,wol_Latn,0.6685,12,0,0.0,head
kmk_Latn,Latn,17725,4.249,2.9056,0.765,0.2,89,0.7564,kak_Latn,0.8918,bcl_Latn,0.1772,9,0,0.0,mid
kmm_Latn,Latn,29927,4.476,2.8568,0.082,0.2,65,0.6861,hra_Latn,0.6861,hra_Latn,0.9775,27,0,0.0,head
kmo_Latn,Latn,24242,4.385,2.8338,-0.24,0.2,30,0.9353,yup_Latn,1.1397,fuv_Latn,0.7928,8,0,0.0,head
kmr_Cyrl,Cyrl,6748,3.829,2.7809,-1.17,0.2,42,0.7512,lez_Cyrl,0.9007,tat_Cyrl,0.0675,7,0,0.0,mid
kmr_Latn,Latn,100000,5.0,2.8768,0.361,0.2,41,0.4666,kiu_Latn,,,,241,1,0.004,head
kms_Latn,Latn,24321,4.386,2.7785,-1.014,0.2,3,0.971,kas_Latn,1.2,jav_Latn,0.2432,7,0,0.0,head
kmu_Latn,Latn,23350,4.368,2.8329,-0.252,0.2,8,0.8147,ino_Latn,0.877,kyg_Latn,0.8622,14,0,0.0,head
kmy_Latn,Latn,11048,4.043,2.8157,-0.494,0.2,40,0.1275,kma_Latn,0.9317,sig_Latn,0.6241,6,0,0.0,twin
knc_Arab,Arab,6113,3.786,2.7262,-2.388,0.2,17,0.5723,shu_Arab,0.6279,arz_Arab,0.0611,7,0,0.0,mid
knc_Latn,Latn,9356,3.971,2.9873,1.908,0.2,370,0.3406,kby_Latn,0.6781,hau_Latn,0.0936,7,2,0.25,mid
kne_Latn,Latn,17520,4.244,2.9162,0.913,0.2,97,0.3772,xnn_Latn,0.6282,lbk_Latn,0.9955,10,0,0.0,mid
knf_Latn,Latn,19074,4.28,2.8296,-0.299,0.2,38,0.906,kdr_Latn,1.1177,wol_Latn,0.2735,13,0,0.0,head
kng_Latn,Latn,100000,5.0,2.8557,0.066,0.2,73,0.224,ktu_Latn,,,,719,4,0.006,head
knj_Latn,Latn,24479,4.389,2.7965,-0.763,0.2,5,0.5418,kjb_Latn,0.5418,kjb_Latn,0.6592,8,0,0.0,head
knk_Latn,Latn,13427,4.128,2.8613,0.144,0.2,66,0.5239,mfg_Latn,0.6076,bam_Latn,0.7181,12,0,0.0,mid
kno_Latn,Latn,13390,4.127,2.7391,-1.566,0.2,19,0.8783,msc_Latn,0.9008,knk_Latn,0.9972,13,0,0.0,mid
knv_Latn,Latn,54786,4.739,2.8495,-0.021,0.2,0,1.0345,sby_Latn,1.2536,chw_Latn,0.5486,16,0,0.0,head
knx_Latn,Latn,351,2.547,3.5582,9.898,0.2,744,0.249,max_Latn,0.2943,hoc_Latn,0.9237,1,1,0.5,flat_magnet
kny_Latn,Latn,3507,3.545,3.0091,2.213,0.2,169,0.5903,sbs_Latn,0.788,rnd_Latn,0.1431,4,1,0.2,mid
kog_Latn,Latn,17787,4.25,2.8004,-0.707,0.2,11,0.9609,zpj_Latn,1.1958,agr_Latn,0.5522,15,0,0.0,mid
koi_Cyrl,Cyrl,13537,4.132,2.8906,0.275,0.2,97,0.1438,kpv_Cyrl,0.1438,kpv_Cyrl,0.3608,11,30,2.5,mid
koo_Latn,Latn,100000,5.0,2.8666,0.219,0.2,73,0.3993,nnb_Latn,,,,158,4,0.025,head
kor_Hang,Hang,100000,5.0,2.5614,0.0,0.2,1,0.9513,wuu_Hani,,,,2557,0,0.0,head
kos_Latn,Latn,72165,4.858,2.8377,-0.185,0.2,48,0.8929,nov_Latn,0.951,sun_Latn,0.7217,66,1,0.015,head
kpe_Latn,Latn,78345,4.894,2.868,0.239,0.2,4,0.8478,mev_Latn,1.0565,gaa_Latn,0.7834,33,0,0.0,head
kpf_Latn,Latn,35264,4.547,2.8286,-0.314,0.2,12,0.8915,spl_Latn,1.1609,bim_Latn,0.5869,13,0,0.0,head
kpg_Latn,Latn,66707,4.824,2.8219,-0.407,0.2,0,1.0251,kzj_Latn,1.1619,wal_Latn,0.6671,53,0,0.0,head
kpj_Latn,Latn,17134,4.234,2.7546,-1.349,0.2,16,0.9419,kdr_Latn,1.2011,skg_Latn,0.3826,8,0,0.0,mid
kpq_Latn,Latn,6764,3.83,2.8361,-0.208,0.2,73,0.8143,eto_Latn,0.9492,nlc_Latn,0.5047,6,0,0.0,mid
kpr_Latn,Latn,27728,4.443,2.877,0.365,0.2,29,0.8609,nou_Latn,0.8609,nou_Latn,0.9065,8,0,0.0,head
kpv_Cyrl,Cyrl,37519,4.574,2.8056,-0.845,0.2,58,0.1438,koi_Cyrl,0.5378,mhr_Cyrl,0.3752,39,3,0.075,head
kpw_Latn,Latn,23907,4.379,2.7726,-1.096,0.2,1,0.9656,tmd_Latn,1.11,kmh_Latn,0.5129,8,0,0.0,head
kpx_Latn,Latn,24157,4.383,2.7823,-0.962,0.2,8,0.9605,tkl_Latn,1.1525,meu_Latn,0.2416,5,0,0.0,head
kpz_Latn,Latn,13549,4.132,2.8708,0.278,0.2,48,0.8562,diu_Latn,0.9741,ach_Latn,0.316,15,0,0.0,mid
kqa_Latn,Latn,889,2.949,3.0503,2.789,0.2,121,0.5902,diu_Latn,0.7748,swb_Latn,0.8111,1,0,0.0,isolated_tail
kqc_Latn,Latn,22286,4.348,2.8162,-0.487,0.2,35,0.9161,diu_Latn,1.0987,kin_Latn,0.2229,6,0,0.0,head
kqe_Latn,Latn,17772,4.25,2.8953,0.62,0.2,57,0.4326,msk_Latn,0.8957,fil_Latn,0.1777,11,0,0.0,mid
kqf_Latn,Latn,4591,3.662,2.943,1.288,0.2,124,0.731,sby_Latn,0.7424,dww_Latn,0.1478,3,0,0.0,mid
kql_Latn,Latn,1133,3.055,3.075,3.135,0.2,127,0.5953,tzl_Latn,0.7812,avk_Latn,0.3707,2,0,0.0,mid
kqn_Latn,Latn,100000,5.0,2.8905,0.553,0.2,129,0.3693,lub_Latn,,,,425,4,0.009,head
kqo_Latn,Latn,11062,4.044,2.7057,-2.033,0.2,2,0.9805,vot_Latn,1.186,mad_Latn,0.2482,11,1,0.083,mid
kqp_Latn,Latn,17793,4.25,2.7727,-1.095,0.2,19,0.9172,eto_Latn,1.0719,bam_Latn,0.9516,11,0,0.0,mid
kqs_Latn,Latn,11046,4.043,2.8804,0.413,0.2,68,0.7801,mev_Latn,0.8482,bam_Latn,0.5908,12,0,0.0,mid
kqw_Latn,Latn,13948,4.145,2.8607,0.136,0.2,61,0.756,lbb_Latn,0.9492,rai_Latn,0.5714,2,0,0.0,mid
kqy_Ethi,Ethi,13330,4.125,2.6852,-0.257,0.2,12,0.4022,wal_Ethi,0.5293,kxc_Ethi,0.9898,13,0,0.0,mid
krc_Cyrl,Cyrl,23418,4.37,2.8974,0.366,0.2,73,0.3282,kum_Cyrl,0.3872,crh_Cyrl,0.601,21,1,0.045,head
kri_Latn,Latn,100000,5.0,2.7747,-1.067,0.2,9,0.9253,pcm_Latn,,,,159,1,0.006,head
krj_Latn,Latn,17825,4.251,2.9169,0.923,0.2,78,0.3819,clu_Latn,0.4055,hil_Latn,0.1782,17,11,0.611,mid
krl_Latn,Latn,9341,3.97,2.9523,1.419,0.2,162,0.2981,olo_Latn,0.4556,fin_Latn,0.0934,9,13,1.3,mid
kru_Deva,Deva,17760,4.249,2.7962,-0.964,0.2,30,0.6238,kas_Deva,0.6282,awa_Deva,0.9497,11,0,0.0,mid
krx_Latn,Latn,970,2.987,3.222,5.193,0.2,341,0.482,vot_Latn,0.6686,vmk_Latn,0.5893,1,0,0.0,flat_magnet
ksb_Latn,Latn,11038,4.043,2.9459,1.329,0.2,188,0.5036,ziw_Latn,0.5036,ziw_Latn,0.6191,10,1,0.091,mid
ksc_Latn,Latn,10977,4.041,2.9295,1.099,0.2,95,0.7298,ebk_Latn,0.7298,ebk_Latn,0.6167,8,0,0.0,mid
ksd_Latn,Latn,59612,4.775,2.8398,-0.156,0.2,12,0.9565,mrv_Latn,1.0792,sun_Latn,0.5961,13,0,0.0,head
ksf_Latn,Latn,11299,4.053,2.7742,-1.075,0.2,21,0.865,mev_Latn,1.079,xuo_Latn,0.6377,10,0,0.0,mid
ksh_Latn,Latn,11430,4.058,3.001,2.1,0.2,295,0.2525,gsw_Latn,0.2525,gsw_Latn,0.1222,10,31,2.818,flat_magnet
ksj_Latn,Latn,10732,4.031,2.7948,-0.785,0.2,42,0.892,mrv_Latn,1.0371,snc_Latn,0.4369,3,0,0.0,mid
ksp_Latn,Latn,8240,3.916,2.848,-0.042,0.2,72,0.8133,eto_Latn,0.9571,gvl_Latn,0.4622,9,0,0.0,mid
ksr_Latn,Latn,27341,4.437,2.8329,-0.252,0.2,6,0.9733,mrv_Latn,1.0828,mlh_Latn,0.8744,9,0,0.0,head
kss_Latn,Latn,100000,5.0,2.7599,-1.275,0.2,2,0.8571,kqs_Latn,,,,139,1,0.007,head
ksw_Mymr,Mymr,100000,5.0,2.5909,-2.876,0.2,0,1.0937,mnw_Mymr,,,,106,0,0.0,head
ktb_Ethi,Ethi,13238,4.122,2.7047,0.059,0.2,12,0.3833,wal_Ethi,0.387,amh_Ethi,0.1324,10,0,0.0,mid
ktj_Latn,Latn,17646,4.247,2.797,-0.755,0.2,6,0.4521,ted_Latn,0.9466,wob_Latn,0.9941,12,0,0.0,mid
ktm_Latn,Latn,6181,3.791,2.9049,0.755,0.2,101,0.7543,nss_Latn,0.9546,jav_Latn,0.0618,3,0,0.0,mid
kto_Latn,Latn,30763,4.488,2.8309,-0.28,0.2,12,0.9403,mgm_Latn,1.0258,pam_Latn,0.9003,7,1,0.125,head
ktu_Latn,Latn,21343,4.329,2.9119,0.853,0.2,163,0.224,kng_Latn,0.224,kng_Latn,0.2134,20,7,0.333,head
ktz_Latn,Latn,357,2.554,3.2211,5.18,0.2,226,0.46,tzl_Latn,0.4838,hoc_Latn,0.9395,0,0,0.0,flat_magnet
kua_Latn,Latn,100000,5.0,2.9322,1.137,0.2,141,0.1895,ndo_Latn,,,,388,41,0.105,twin
kub_Latn,Latn,17771,4.25,2.8057,-0.634,0.2,22,0.9358,prg_Latn,1.17,urd_Latn,0.4631,22,0,0.0,mid
kud_Latn,Latn,31123,4.493,2.8591,0.113,0.2,29,0.8563,bxh_Latn,1.12,kij_Latn,0.9617,9,0,0.0,head
kue_Latn,Latn,24594,4.391,2.8094,-0.581,0.2,20,0.9194,whg_Latn,1.1355,kck_Latn,0.9357,3,0,0.0,head
kuj_Latn,Latn,11061,4.044,2.9561,1.472,0.2,86,0.6833,guz_Latn,0.8825,nyo_Latn,0.8176,7,0,0.0,mid
kum_Cyrl,Cyrl,13281,4.123,2.8757,0.079,0.2,62,0.3282,krc_Cyrl,0.3282,krc_Cyrl,0.5671,11,1,0.083,mid
kup_Latn,Latn,23283,4.367,2.8276,-0.327,0.2,11,0.9599,kas_Latn,1.0915,bre_Latn,0.6976,5,0,0.0,head
kus_Latn,Latn,13488,4.13,2.8932,0.591,0.2,83,0.797,mgm_Latn,0.7982,hag_Latn,0.9499,14,0,0.0,mid
kvg_Latn,Latn,11146,4.047,2.8227,-0.395,0.2,35,0.9111,otw_Latn,1.1711,crh_Latn,0.6466,4,0,0.0,mid
kvj_Latn,Latn,11057,4.044,2.8163,-0.486,0.2,47,0.8696,nla_Latn,0.9545,bcw_Latn,0.6248,9,0,0.0,mid
kvn_Latn,Latn,17773,4.25,2.8301,-0.292,0.2,30,0.8514,cuk_Latn,0.8514,cuk_Latn,0.4017,11,0,0.0,mid
kwd_Latn,Latn,17670,4.247,2.8157,-0.494,0.2,25,0.8497,kwf_Latn,0.8497,kwf_Latn,0.949,9,0,0.0,mid
kwf_Latn,Latn,18620,4.27,2.8262,-0.346,0.2,30,0.5946,far_Latn,1.1509,mak_Latn,0.7148,19,0,0.0,head
kwi_Latn,Latn,17740,4.249,2.8099,-0.575,0.2,30,0.9278,vot_Latn,1.1356,rnd_Latn,0.7238,13,0,0.0,mid
kwj_Latn,Latn,24528,4.39,2.7919,-0.826,0.2,3,0.9848,sby_Latn,1.1338,swh_Latn,0.2453,9,0,0.0,head
kwn_Latn,Latn,100000,5.0,2.9207,0.976,0.2,130,0.6712,her_Latn,,,,241,1,0.004,head
kwy_Latn,Latn,100000,5.0,2.9268,1.061,0.2,162,0.5087,yom_Latn,,,,407,5,0.012,head
kxc_Ethi,Ethi,13467,4.129,2.612,-1.447,0.2,11,0.4701,ktb_Ethi,0.6157,amh_Ethi,0.1347,10,0,0.0,mid
kxm_Thai,Thai,13492,4.13,2.7216,0.0,0.2,2,0.9105,lcp_Thai,0.9834,tha_Thai,0.1349,14,0,0.0,mid
kxw_Latn,Latn,11040,4.043,2.8102,-0.57,0.2,30,0.9122,eto_Latn,1.1304,bam_Latn,0.5905,9,0,0.0,mid
kyc_Latn,Latn,27920,4.446,2.8261,-0.348,0.2,10,0.5895,enq_Latn,1.1458,swh_Latn,0.2792,17,1,0.056,head
kyf_Latn,Latn,17627,4.246,2.779,-1.008,0.2,13,0.7245,nwb_Latn,0.9383,ktj_Latn,0.9989,10,0,0.0,mid
kyg_Latn,Latn,27081,4.433,2.7929,-0.813,0.2,2,0.7545,ino_Latn,1.1362,kbq_Latn,0.9353,14,0,0.0,head
kyq_Latn,Latn,24514,4.389,2.7593,-1.283,0.2,1,0.989,kdr_Latn,1.201,fuv_Latn,0.8017,16,0,0.0,head
kyu_Kali,Kali,4280,3.632,2.7398,0.0,0.2,7,0.9718,ldn_Latn,,,,4,0,0.0,mid
kyu_Latn,Latn,4306,3.634,2.7914,-0.833,0.2,41,0.8648,ldn_Latn,1.1937,frp_Latn,0.8319,2,0,0.0,mid
kyu_Mymr,Mymr,13476,4.13,2.6882,-0.544,0.2,0,1.0068,mnw_Mymr,1.3119,ksw_Mymr,0.1348,14,0,0.0,mid
kyz_Latn,Latn,16966,4.23,2.8364,-0.204,0.2,23,0.8532,tpn_Latn,1.1135,pah_Latn,0.9831,17,0,0.0,mid
kze_Latn,Latn,24039,4.381,2.8246,-0.369,0.2,3,0.4007,auy_Latn,0.9488,usa_Latn,0.9711,7,0,0.0,head
kzf_Latn,Latn,12488,4.097,2.8921,0.575,0.2,66,0.447,lew_Latn,0.447,lew_Latn,0.9331,10,0,0.0,mid
kzj_Latn,Latn,4996,3.699,3.0974,3.449,0.2,369,0.3667,dtp_Latn,0.3667,dtp_Latn,0.0951,5,3,0.5,mid
kzn_Latn,Latn,2125,3.328,3.2109,5.037,0.2,472,0.298,llb_Latn,0.298,llb_Latn,0.0842,1,134,67.0,flat_magnet
lac_Latn,Latn,17753,4.249,2.8178,-0.464,0.2,12,0.9237,mop_Latn,0.9237,mop_Latn,0.958,8,0,0.0,mid
lad_Hebr,Hebr,171,2.236,3.6778,120.023,0.2,460,0.166,ldn_Latn,0.651,ydd_Hebr,0.0045,0,0,0.0,flat_magnet
lad_Latn,Latn,10070,4.003,3.0855,3.282,0.2,447,0.2881,spa_Latn,0.2881,spa_Latn,0.1007,7,56,7.0,flat_magnet
lai_Latn,Latn,11021,4.042,2.9314,1.126,0.2,145,0.5302,nyy_Latn,0.5302,nyy_Latn,0.111,14,2,0.133,mid
laj_Latn,Latn,22156,4.346,2.8715,0.288,0.2,62,0.3864,ach_Latn,0.3864,ach_Latn,0.5167,9,0,0.0,head
lam_Latn,Latn,43564,4.639,2.9767,1.759,0.2,165,0.4337,bem_Latn,0.4337,bem_Latn,0.4356,42,2,0.047,head
lao_Laoo,Laoo,33981,4.531,2.6693,0.0,0.2,1,0.8226,ncq_Laoo,,,,37,0,0.0,head
lap_Latn,Latn,4299,3.633,2.8356,-0.215,0.2,82,0.7501,nla_Latn,0.9589,frp_Latn,0.8306,5,0,0.0,mid
las_Latn,Latn,6746,3.829,2.8522,0.017,0.2,45,0.6774,lam_Latn,0.6774,lam_Latn,0.1549,8,6,0.667,mid
lat_Latn,Latn,100000,5.0,2.9792,1.794,0.2,213,0.3796,ina_Latn,,,,263,17,0.064,head
law_Latn,Latn,6540,3.816,2.8994,0.678,0.2,60,0.824,tpw_Latn,0.9678,loe_Latn,0.9575,7,0,0.0,mid
lbb_Latn,Latn,1700,3.231,3.0448,2.712,0.2,225,0.5891,thv_Latn,0.756,kqw_Latn,0.1219,2,0,0.0,mid
lbe_Cyrl,Cyrl,182,2.262,3.6428,10.193,0.2,431,0.1949,ldn_Latn,0.2147,lez_Cyrl,0.5401,0,0,0.0,flat_magnet
lbj_Tibt,Tibt,10380,4.016,2.7824,0.0,0.2,0,1.0143,ldn_Latn,1.0616,dzo_Tibt,0.7742,11,0,0.0,mid
lbk_Latn,Latn,17600,4.246,2.9046,0.75,0.2,65,0.4607,xnn_Latn,0.672,ebk_Latn,0.9888,14,1,0.067,mid
lcm_Latn,Latn,27324,4.437,2.8588,0.11,0.2,41,0.9084,tuv_Latn,1.0415,bjn_Latn,0.988,8,0,0.0,head
lcp_Thai,Thai,4281,3.632,2.7301,0.674,0.2,23,0.8626,tha_Thai,0.8626,tha_Thai,0.0428,4,0,0.0,mid
ldi_Latn,Latn,51424,4.711,2.9339,1.161,0.2,186,0.4752,ktu_Latn,0.4766,yom_Latn,0.7258,52,1,0.019,head
ldn_Latn,Latn,106,2.029,3.8506,13.99,0.2,1359,0.0758,bor_Latn,0.0758,bor_Latn,0.6795,1,0,0.0,flat_magnet
lea_Latn,Latn,3217,3.508,3.1248,3.832,0.2,345,0.345,lgm_Latn,0.345,lgm_Latn,0.2909,4,4,0.8,mid
led_Latn,Latn,3688,3.567,2.9704,1.671,0.2,137,0.639,eto_Latn,0.8663,ben_Latn,0.9432,2,1,0.333,mid
lee_Latn,Latn,17731,4.249,2.8512,0.003,0.2,21,0.9402,zpj_Latn,1.0628,mcp_Latn,0.8043,14,0,0.0,mid
lef_Latn,Latn,13442,4.128,2.8111,-0.558,0.2,32,0.9027,mev_Latn,1.0045,bov_Latn,0.7582,16,0,0.0,mid
leh_Latn,Latn,55845,4.747,2.9255,1.042,0.2,128,0.3872,ilb_Latn,0.4757,toi_Latn,0.5585,52,2,0.038,head
lem_Latn,Latn,17770,4.25,2.8488,-0.03,0.2,23,0.7766,yas_Latn,0.9225,anv_Latn,0.9985,24,0,0.0,mid
leu_Latn,Latn,35286,4.548,2.8361,-0.209,0.2,16,0.9588,mgm_Latn,1.123,fur_Latn,0.7642,10,0,0.0,head
lew_Latn,Latn,13383,4.127,2.9166,0.919,0.2,80,0.447,kzf_Latn,0.9136,mak_Latn,0.5138,13,0,0.0,mid
lex_Latn,Latn,19181,4.283,2.9311,1.121,0.2,68,0.8637,asm_Latn,1.0079,mak_Latn,0.7363,10,0,0.0,head
lez_Cyrl,Cyrl,337,2.529,3.5114,8.46,0.2,268,0.2147,lbe_Cyrl,0.3609,sgh_Cyrl,0.5489,0,3,3.0,flat_magnet
lfn_Cyrl,Cyrl,5655,3.753,2.897,0.36,0.2,118,0.5635,srp_Cyrl,0.5635,srp_Cyrl,0.0566,6,2,0.286,mid
lfn_Latn,Latn,12192,4.086,2.9837,1.858,0.2,278,0.4149,ina_Latn,0.4149,ina_Latn,0.2166,13,23,1.643,mid
lgg_Latn,Latn,9264,3.967,2.8666,0.219,0.2,98,0.7841,eto_Latn,0.7882,mhi_Latn,0.6841,5,0,0.0,mid
lgl_Latn,Latn,10951,4.039,2.7947,-0.788,0.2,40,0.7835,bvc_Latn,0.8734,kwf_Latn,0.5881,4,1,0.2,mid
lgm_Latn,Latn,11059,4.044,2.9311,1.122,0.2,148,0.345,lea_Latn,0.7441,ldi_Latn,0.2151,14,0,0.0,mid
lhi_Latn,Latn,10945,4.039,2.7391,-1.566,0.2,14,0.922,kas_Latn,1.1764,jbo_Latn,0.8799,8,0,0.0,mid
lhu_Latn,Latn,72409,4.86,2.6252,-3.16,0.2,1,0.7876,ahk_Latn,0.7876,ahk_Latn,0.7241,73,0,0.0,head
lia_Latn,Latn,13468,4.129,2.8576,0.093,0.2,45,0.8985,sby_Latn,0.9691,men_Latn,0.8201,14,0,0.0,mid
lid_Latn,Latn,27185,4.434,2.8398,-0.156,0.2,17,0.9465,thv_Latn,1.1247,bjn_Latn,0.983,10,0,0.0,head
lif_Deva,Deva,24326,4.386,2.7201,-2.014,0.2,2,0.9409,kle_Deva,1.0733,san_Deva,0.2433,9,0,0.0,head
lif_Limb,Limb,10950,4.039,2.7317,0.0,0.2,0,1.0447,ldn_Latn,,,,10,0,0.0,mid
lij_Latn,Latn,35338,4.548,3.0177,2.333,0.2,258,0.3018,lmo_Latn,0.3018,lmo_Latn,0.6037,31,13,0.406,head
lim_Latn,Latn,100000,5.0,2.9693,1.655,0.2,230,0.2285,zea_Latn,,,,132,61,0.459,head
lin_Latn,Latn,100000,5.0,2.8656,0.205,0.2,97,0.7305,ngc_Latn,,,,1543,2,0.001,head
lip_Latn,Latn,17701,4.248,2.8143,-0.513,0.2,22,0.9083,snw_Latn,0.9083,snw_Latn,0.9977,13,0,0.0,mid
lis_Lisu,Lisu,6732,3.828,2.6643,0.0,0.2,0,1.0246,ldn_Latn,,,,7,0,0.0,mid
lit_Latn,Latn,100000,5.0,2.9212,0.982,0.2,109,0.4323,sgs_Latn,,,,2303,27,0.012,head
liv_Latn,Latn,625,2.797,3.1865,4.696,0.2,327,0.4127,vot_Latn,0.4905,prg_Latn,0.7015,0,1,1.0,isolated_tail
ljp_Latn,Latn,13436,4.128,2.9119,0.853,0.2,93,0.6522,ind_Latn,0.6522,ind_Latn,0.1344,17,0,0.0,mid
lki_Arab,Arab,211,2.326,3.6055,16.03,0.2,262,0.0612,lrc_Arab,0.1931,ota_Arab,0.3131,0,0,0.0,flat_magnet
llb_Latn,Latn,25228,4.402,2.9458,1.328,0.2,205,0.298,kzn_Latn,0.5989,mny_Latn,0.6025,24,3,0.12,head
lld_Latn,Latn,814,2.911,3.3871,7.503,0.2,638,0.3324,tzl_Latn,0.4937,prg_Latn,0.9136,1,1,0.5,flat_magnet
llg_Latn,Latn,14230,4.153,2.8645,0.19,0.2,56,0.2995,txq_Latn,0.2995,txq_Latn,0.7755,4,0,0.0,mid
lln_Latn,Latn,8245,3.916,2.8352,-0.221,0.2,65,0.8398,otw_Latn,0.9596,kia_Latn,0.1971,9,0,0.0,mid
lmk_Latn,Latn,17821,4.251,2.8834,0.453,0.2,73,0.8232,npi_Latn,0.9878,bjn_Latn,0.6444,14,0,0.0,mid
lmo_Latn,Latn,58536,4.767,3.0238,2.418,0.2,263,0.2342,vec_Latn,0.2342,vec_Latn,0.5854,58,26,0.441,twin
lmp_Latn,Latn,11043,4.043,2.7612,-1.257,0.2,27,0.9062,eto_Latn,1.1352,jbo_Latn,0.8878,12,0,0.0,mid
lnd_Latn,Latn,25726,4.41,2.852,0.015,0.2,43,0.901,mgm_Latn,0.9354,bjn_Latn,0.9302,25,0,0.0,head
lob_Latn,Latn,13529,4.131,2.8312,-0.276,0.2,43,0.7565,bfo_Latn,0.7952,biv_Latn,0.7604,11,0,0.0,mid
loe_Latn,Latn,6830,3.834,2.9304,1.111,0.2,127,0.7497,drg_Latn,0.7604,blz_Latn,0.3833,6,0,0.0,mid
log_Latn,Latn,11018,4.042,2.8053,-0.639,0.2,20,0.9453,niy_Latn,0.9453,niy_Latn,0.996,8,0,0.0,mid
lok_Latn,Latn,6752,3.829,2.8422,-0.123,0.2,63,0.7024,men_Latn,0.7024,men_Latn,0.4112,7,0,0.0,mid
lol_Latn,Latn,11060,4.044,2.9167,0.921,0.2,106,0.3888,nxd_Latn,0.3888,nxd_Latn,0.9999,9,0,0.0,mid
lom_Latn,Latn,11043,4.043,2.8198,-0.436,0.2,40,0.6721,tod_Latn,0.6721,tod_Latn,0.5797,13,0,0.0,mid
loq_Latn,Latn,7481,3.874,2.9066,0.779,0.2,107,0.7321,mev_Latn,0.8154,lin_Latn,0.0748,6,0,0.0,mid
loz_Latn,Latn,100000,5.0,2.9157,0.906,0.2,193,0.6726,kck_Latn,,,,757,2,0.003,head
lrc_Arab,Arab,168,2.228,3.6405,16.762,0.2,287,0.0612,lki_Arab,0.0612,lki_Arab,0.7962,0,0,0.0,flat_magnet
lsi_Latn,Latn,10998,4.041,2.7364,-1.603,0.2,18,0.6729,mhx_Latn,0.6729,mhx_Latn,0.6273,12,0,0.0,mid
lsm_Latn,Latn,13528,4.131,2.9377,1.214,0.2,128,0.5186,nuj_Latn,0.6791,xog_Latn,0.5036,9,0,0.0,mid
ltg_Latn,Latn,14559,4.163,2.9753,1.739,0.2,234,0.3922,lvs_Latn,0.3922,lvs_Latn,0.1456,8,43,4.778,flat_magnet
ltz_Latn,Latn,100000,5.0,2.9524,1.42,0.2,204,0.355,gsw_Latn,,,,110,37,0.333,head
lua_Latn,Latn,100000,5.0,2.863,0.168,0.2,86,0.5844,sop_Latn,,,,929,2,0.002,head
lub_Latn,Latn,100000,5.0,2.9156,0.905,0.2,148,0.3693,kqn_Latn,,,,525,8,0.015,head
luc_Latn,Latn,7040,3.848,2.8116,-0.551,0.2,35,0.6233,kbo_Latn,0.9552,avu_Latn,0.4137,5,0,0.0,mid
lud_Latn,Latn,554,2.744,3.4144,7.885,0.2,829,0.3013,vot_Latn,0.4257,arr_Latn,0.9685,2,0,0.0,flat_magnet
lue_Latn,Latn,100000,5.0,2.8814,0.427,0.2,114,0.3748,cjk_Latn,,,,496,2,0.004,head
lug_Latn,Latn,100000,5.0,2.9706,1.674,0.2,166,0.3435,xog_Latn,,,,361,4,0.011,head
lun_Latn,Latn,100000,5.0,2.8662,0.213,0.2,123,0.5822,cjk_Latn,,,,320,2,0.006,head
luo_Latn,Latn,100000,5.0,2.9472,1.346,0.2,165,0.6125,adh_Latn,,,,496,2,0.004,head
lus_Latn,Latn,100000,5.0,2.8707,0.276,0.2,63,0.521,hmr_Latn,,,,470,1,0.002,head
lvs_Latn,Latn,100000,5.0,2.909,0.812,0.2,97,0.3922,ltg_Latn,,,,2588,29,0.011,head
lwg_Latn,Latn,1392,3.144,3.2792,5.993,0.2,553,0.3821,sby_Latn,0.5171,kzn_Latn,0.6551,0,0,0.0,flat_magnet
lwo_Latn,Latn,17490,4.243,2.8333,-0.248,0.2,34,0.9251,goh_Latn,1.0743,fuv_Latn,0.572,7,0,0.0,mid
lww_Latn,Latn,17549,4.244,2.8306,-0.285,0.2,31,0.9279,mrv_Latn,1.1114,rmy_Latn,0.2486,9,0,0.0,mid
lzh_Hani,Hani,97818,4.99,2.5699,-1.941,0.2,6,0.0856,cmn_Hani,0.0856,cmn_Hani,0.9782,64,18,0.277,twin
maa_Latn,Latn,38068,4.581,2.8232,-0.388,0.2,1,0.9655,maj_Latn,1.1148,mau_Latn,0.3807,22,0,0.0,head
mad_Latn,Latn,44560,4.649,3.019,2.352,0.2,237,0.5959,sun_Latn,0.5959,sun_Latn,0.4456,38,1,0.026,head
maf_Latn,Latn,11056,4.044,2.8624,0.16,0.2,61,0.8354,eto_Latn,1.0339,jav_Latn,0.1106,8,0,0.0,mid
mag_Deva,Deva,12847,4.109,2.9049,0.538,0.2,47,0.1581,bho_Deva,0.1581,bho_Deva,0.2301,14,10,0.667,mid
mah_Latn,Latn,100000,5.0,2.8219,-0.406,0.2,18,0.9261,liv_Latn,,,,437,0,0.0,head
mai_Deva,Deva,43579,4.639,2.9012,0.487,0.2,30,0.2243,anp_Deva,0.2568,bho_Deva,0.7804,32,11,0.333,head
maj_Latn,Latn,17827,4.251,2.8349,-0.225,0.2,24,0.8728,vmy_Latn,0.8728,vmy_Latn,0.9999,11,0,0.0,mid
mak_Latn,Latn,26049,4.416,3.0154,2.301,0.2,273,0.4616,bug_Latn,0.5985,bjn_Latn,0.9419,24,0,0.0,head
mal_Latn,Latn,10693,4.029,2.9541,1.443,0.2,235,0.4299,tel_Latn,0.7924,san_Latn,0.2943,11,0,0.0,mid
mal_Mlym,Mlym,100000,5.0,2.6056,0.0,0.2,0,1.2905,ldn_Latn,,,,667,0,0.0,head
mam_Latn,Latn,100000,5.0,2.8777,0.374,0.2,19,0.7035,ttc_Latn,,,,271,0,0.0,head
maq_Latn,Latn,17793,4.25,2.7742,-1.074,0.2,2,0.9838,zpj_Latn,1.0759,vmy_Latn,0.998,8,0,0.0,mid
mar_Deva,Deva,100000,5.0,2.8464,-0.27,0.2,30,0.2153,gom_Deva,,,,1209,2,0.002,head
mar_Latn,Latn,3924,3.594,3.1408,4.056,0.2,566,0.345,npi_Latn,0.3648,pan_Latn,0.9656,3,3,0.75,mid
mas_Latn,Latn,31948,4.504,2.9256,1.045,0.2,81,0.7629,tuv_Latn,0.9063,teo_Latn,0.7638,29,0,0.0,head
mau_Latn,Latn,100000,5.0,2.8135,-0.525,0.2,0,1.0076,vmy_Latn,,,,160,0,0.0,head
mav_Latn,Latn,23723,4.375,2.8396,-0.159,0.2,15,0.9286,tpw_Latn,1.1112,por_Latn,0.2372,11,0,0.0,head
maw_Latn,Latn,17707,4.248,2.8422,-0.123,0.2,46,0.623,hag_Latn,0.9163,bam_Latn,0.9471,16,0,0.0,mid
max_Latn,Latn,333,2.524,3.7564,12.671,0.2,1273,0.1209,ldn_Latn,0.1732,hoc_Latn,0.8763,0,0,0.0,flat_magnet
maz_Latn,Latn,17588,4.245,2.7948,-0.786,0.2,10,0.9555,zpj_Latn,1.1434,ote_Latn,0.3113,10,0,0.0,mid
mbb_Latn,Latn,55597,4.745,2.8881,0.52,0.2,18,0.4953,mbi_Latn,1.0295,zsm_Latn,0.556,17,0,0.0,head
mbc_Latn,Latn,25471,4.406,2.8046,-0.649,0.2,7,0.985,tpw_Latn,1.1779,diq_Latn,0.9082,13,0,0.0,head
mbd_Latn,Latn,10885,4.037,2.903,0.729,0.2,66,0.3765,msm_Latn,0.3765,msm_Latn,0.6211,12,1,0.077,mid
mbf_Latn,Latn,6748,3.829,2.9046,0.751,0.2,85,0.6096,ind_Latn,0.6096,ind_Latn,0.0675,5,1,0.167,mid
mbh_Latn,Latn,24424,4.388,2.7908,-0.842,0.2,14,0.9486,eto_Latn,1.1399,lcm_Latn,0.8939,9,0,0.0,head
mbi_Latn,Latn,11002,4.042,2.8897,0.541,0.2,60,0.4953,mbb_Latn,0.4953,mbb_Latn,0.1979,14,0,0.0,mid
mbj_Latn,Latn,17676,4.247,2.8116,-0.55,0.2,21,0.9353,kas_Latn,1.2169,bar_Latn,0.1768,9,0,0.0,mid
mbl_Latn,Latn,17712,4.248,2.7321,-1.663,0.2,0,1.0008,arr_Latn,1.3725,gom_Latn,0.2281,9,0,0.0,mid
mbs_Latn,Latn,18964,4.278,2.8836,0.456,0.2,48,0.883,thv_Latn,0.9963,mbb_Latn,0.3411,6,0,0.0,head
mbt_Latn,Latn,17750,4.249,2.8964,0.636,0.2,65,0.5959,mbi_Latn,0.71,mbb_Latn,0.3193,13,0,0.0,mid
mca_Latn,Latn,24591,4.391,2.816,-0.489,0.2,3,0.9807,kas_Latn,1.2473,mam_Latn,0.2459,11,0,0.0,head
mcb_Latn,Latn,17596,4.245,2.8138,-0.52,0.2,19,0.7658,cpu_Latn,0.7658,cpu_Latn,0.9872,8,0,0.0,mid
mcd_Latn,Latn,26561,4.424,2.7745,-1.07,0.2,0,1.0108,tzl_Latn,1.1363,shp_Latn,0.3705,7,0,0.0,head
mcf_Latn,Latn,17567,4.245,2.779,-1.008,0.2,4,0.9885,sby_Latn,1.1994,arg_Latn,0.6779,9,0,0.0,mid
mck_Latn,Latn,100000,5.0,2.9292,1.095,0.2,150,0.4525,lue_Latn,,,,141,2,0.014,head
mcn_Latn,Latn,30781,4.488,2.8695,0.259,0.2,44,0.708,mse_Latn,0.9165,giz_Latn,0.8963,36,0,0.0,head
mco_Latn,Latn,100000,5.0,2.8355,-0.217,0.2,4,0.6401,pxm_Latn,,,,199,0,0.0,head
mcp_Latn,Latn,22044,4.343,2.8617,0.151,0.2,31,0.9024,eto_Latn,1.2204,kpe_Latn,0.2814,18,0,0.0,head
mcq_Latn,Latn,31265,4.495,2.8133,-0.527,0.2,10,0.9413,ory_Latn,1.1722,sna_Latn,0.3126,16,0,0.0,head
mcu_Latn,Latn,13492,4.13,2.8327,-0.255,0.2,24,0.9112,zpj_Latn,1.0618,vut_Latn,0.759,13,0,0.0,mid
mda_Latn,Latn,17774,4.25,2.7801,-0.991,0.2,3,0.989,zpj_Latn,1.3306,bam_Latn,0.9506,9,0,0.0,mid
mdf_Cyrl,Cyrl,16365,4.214,2.8796,0.131,0.2,85,0.2215,myv_Cyrl,0.2215,myv_Cyrl,0.3513,18,34,1.789,mid
mdy_Ethi,Ethi,67085,4.827,2.6525,-0.788,0.2,10,0.6217,gmv_Ethi,0.9581,tir_Ethi,0.6708,51,0,0.0,head
med_Latn,Latn,23245,4.366,2.7746,-1.069,0.2,4,0.9793,whg_Latn,1.181,nii_Latn,0.7573,16,0,0.0,head
mee_Latn,Latn,24514,4.389,2.8134,-0.525,0.2,16,0.9227,mrv_Latn,1.041,mak_Latn,0.9411,8,0,0.0,head
mej_Latn,Latn,13341,4.125,2.8309,-0.281,0.2,27,0.9353,aqz_Latn,1.1914,bjn_Latn,0.4824,11,0,0.0,mid
mek_Latn,Latn,24096,4.382,2.7659,-1.191,0.2,2,0.9527,tkl_Latn,1.1599,smo_Latn,0.241,16,0,0.0,head
men_Latn,Latn,16422,4.215,2.8501,-0.013,0.2,74,0.7024,lok_Latn,0.9205,ada_Latn,0.1642,15,0,0.0,mid
meq_Latn,Latn,17804,4.251,2.834,-0.238,0.2,33,0.6774,mfk_Latn,0.9939,xed_Latn,0.9998,9,0,0.0,mid
mer_Latn,Latn,3326,3.522,3.0198,2.363,0.2,168,0.3507,kik_Latn,0.3507,kik_Latn,0.0333,2,3,1.0,mid
met_Latn,Latn,6728,3.828,2.8717,0.29,0.2,73,0.7737,max_Latn,0.9595,bjn_Latn,0.2433,4,0,0.0,mid
meu_Latn,Latn,100000,5.0,2.846,-0.069,0.2,16,0.2491,hmo_Latn,,,,121,13,0.107,head
mev_Latn,Latn,277,2.444,3.6417,11.066,0.2,981,0.1927,ldn_Latn,0.228,max_Latn,0.8318,0,0,0.0,flat_magnet
mfe_Latn,Latn,100000,5.0,2.8832,0.451,0.2,146,0.3434,crs_Latn,,,,372,5,0.013,head
mfg_Latn,Latn,1598,3.204,3.0565,2.877,0.2,216,0.5239,knk_Latn,0.5239,knk_Latn,0.119,2,0,0.0,mid
mfh_Latn,Latn,13516,4.131,2.7995,-0.72,0.2,32,0.9149,thv_Latn,0.9888,mfk_Latn,0.7599,11,0,0.0,mid
mfi_Latn,Latn,17796,4.25,2.8626,0.163,0.2,39,0.898,ory_Latn,1.0295,hau_Latn,0.178,13,0,0.0,mid
mfk_Latn,Latn,17787,4.25,2.8278,-0.324,0.2,50,0.5174,mif_Latn,0.6774,meq_Latn,0.999,9,0,0.0,mid
mfq_Latn,Latn,21554,4.334,2.7838,-0.939,0.2,25,0.8902,gux_Latn,0.8902,gux_Latn,0.7975,20,0,0.0,head
mfy_Latn,Latn,19912,4.299,2.8849,0.475,0.2,59,0.8663,yup_Latn,0.9961,tar_Latn,0.4261,14,0,0.0,head
mfz_Latn,Latn,13402,4.127,2.8511,0.002,0.2,34,0.8968,thv_Latn,1.0226,bam_Latn,0.7168,14,0,0.0,mid
mgc_Latn,Latn,5026,3.701,2.8945,0.61,0.2,75,0.6683,bex_Latn,0.6683,bex_Latn,0.2256,4,0,0.0,mid
mgh_Latn,Latn,78930,4.897,2.955,1.456,0.2,120,0.4869,vmw_Latn,0.4869,vmw_Latn,0.7893,67,0,0.0,head
mgm_Latn,Latn,179,2.255,3.7263,12.25,0.2,1406,0.1446,ldn_Latn,0.1468,tzl_Latn,0.9421,0,0,0.0,flat_magnet
mgo_Latn,Latn,11133,4.047,2.7614,-1.253,0.2,25,0.9348,eto_Latn,1.0292,bfd_Latn,0.6247,6,0,0.0,mid
mgr_Latn,Latn,100000,5.0,2.9368,1.202,0.2,130,0.2666,mwn_Latn,,,,146,2,0.014,head
mhi_Latn,Latn,13542,4.132,2.8239,-0.378,0.2,69,0.7882,lgg_Latn,0.9445,hay_Latn,0.9793,16,1,0.059,mid
mhl_Latn,Latn,17037,4.231,2.8226,-0.397,0.2,30,0.9249,aqz_Latn,1.2015,mas_Latn,0.5333,8,0,0.0,mid
mhr_Cyrl,Cyrl,100000,5.0,2.862,-0.101,0.2,62,0.338,mrj_Cyrl,,,,184,22,0.119,head
mhw_Latn,Latn,524,2.72,3.5146,9.288,0.2,713,0.1808,diu_Latn,0.3782,arr_Latn,0.9161,0,0,0.0,flat_magnet
mhx_Latn,Latn,17532,4.244,2.7282,-1.718,0.2,7,0.6729,lsi_Latn,1.1516,hau_Latn,0.1753,11,1,0.083,mid
mhy_Latn,Latn,13427,4.128,2.9245,1.03,0.2,105,0.7436,bjn_Latn,0.7436,bjn_Latn,0.4855,16,0,0.0,mid
mib_Latn,Latn,24577,4.391,2.8152,-0.501,0.2,3,0.7615,mie_Latn,1.2117,mwl_Latn,0.8332,4,0,0.0,head
mic_Latn,Latn,17716,4.248,2.8279,-0.323,0.2,17,0.9419,tzl_Latn,1.1926,vls_Latn,0.6947,10,0,0.0,mid
mie_Latn,Latn,17822,4.251,2.7637,-1.221,0.2,2,0.7615,mib_Latn,0.7615,mib_Latn,0.7251,6,0,0.0,mid
mif_Latn,Latn,17711,4.248,2.8257,-0.354,0.2,30,0.5174,mfk_Latn,0.5174,mfk_Latn,0.9957,12,0,0.0,mid
mig_Latn,Latn,17825,4.251,2.7957,-0.774,0.2,10,0.9158,mxb_Latn,0.9158,mxb_Latn,0.9999,8,0,0.0,mid
mih_Latn,Latn,17758,4.249,2.7498,-1.416,0.2,8,0.6048,mxt_Latn,1.1765,mza_Latn,0.9973,11,0,0.0,mid
mil_Latn,Latn,17720,4.248,2.7786,-1.013,0.2,2,0.9063,mit_Latn,1.1091,mib_Latn,0.721,10,0,0.0,mid
mim_Latn,Latn,6759,3.83,2.7984,-0.736,0.2,26,0.6417,mxb_Latn,0.6417,mxb_Latn,0.3791,5,0,0.0,mid
min_Arab,Arab,847,2.928,3.0705,4.824,0.2,101,0.1725,bjn_Arab,0.1725,bjn_Arab,0.1386,0,1,1.0,isolated_tail
min_Latn,Latn,100000,5.0,3.0457,2.726,0.2,271,0.3615,bjn_Latn,,,,141,13,0.092,head
mio_Latn,Latn,17742,4.249,2.7335,-1.643,0.2,5,0.6406,mxt_Latn,0.7757,mih_Latn,0.9991,11,0,0.0,mid
mip_Latn,Latn,6764,3.83,2.8282,-0.319,0.2,66,0.8154,mgm_Latn,0.8907,xtd_Latn,0.3775,5,0,0.0,mid
miq_Latn,Latn,86132,4.935,2.823,-0.391,0.2,11,0.9325,ory_Latn,1.0334,jav_Latn,0.8613,75,0,0.0,head
mir_Latn,Latn,16801,4.225,2.8159,-0.49,0.2,8,0.9535,vot_Latn,1.1385,mxp_Latn,0.9457,18,0,0.0,mid
mit_Latn,Latn,17430,4.241,2.8254,-0.358,0.2,9,0.9063,mil_Latn,0.9063,mil_Latn,0.9836,7,0,0.0,mid
miy_Latn,Latn,17828,4.251,2.7522,-1.383,0.2,1,0.9238,mxv_Latn,0.9238,mxv_Latn,0.1783,19,0,0.0,mid
miz_Latn,Latn,17822,4.251,2.7997,-0.717,0.2,12,0.9471,zpj_Latn,1.1326,mxv_Latn,0.1782,11,0,0.0,mid
mjc_Latn,Latn,17745,4.249,2.7536,-1.362,0.2,4,0.6052,mxt_Latn,0.8185,mih_Latn,0.9993,9,0,0.0,mid
mjw_Latn,Latn,11088,4.045,2.8622,0.158,0.2,63,0.584,ajz_Latn,0.9674,jav_Latn,0.1109,10,0,0.0,mid
mkd_Cyrl,Cyrl,100000,5.0,2.87,0.005,0.2,51,0.2032,srp_Cyrl,,,,846,38,0.045,twin
mkl_Latn,Latn,17702,4.248,2.731,-1.678,0.2,6,0.7855,ddn_Latn,0.9238,soy_Latn,0.9945,18,0,0.0,mid
mkn_Latn,Latn,18360,4.264,2.851,0.0,0.2,43,0.5136,abs_Latn,0.8346,bjn_Latn,0.6639,16,1,0.059,head
mks_Latn,Latn,17827,4.251,2.7916,-0.83,0.2,0,1.0005,tzl_Latn,1.0108,mxv_Latn,0.1783,10,0,0.0,mid
mkz_Latn,Latn,1446,3.16,3.1944,4.806,0.2,284,0.4441,mgm_Latn,0.7113,zdj_Latn,0.9193,1,0,0.0,mid
mlh_Latn,Latn,31269,4.495,2.803,-0.672,0.2,1,0.9876,bor_Latn,1.2222,luo_Latn,0.3127,6,0,0.0,head
mlp_Latn,Latn,24038,4.381,2.8074,-0.61,0.2,5,0.9625,kas_Latn,1.1658,bjn_Latn,0.8692,9,0,0.0,head
mlt_Latn,Latn,100000,5.0,2.9368,1.202,0.2,134,0.6761,nov_Latn,,,,1792,138,0.077,head
mlu_Latn,Latn,815,2.912,3.3339,6.759,0.2,617,0.3675,mrv_Latn,0.5617,ddg_Latn,0.6019,0,0,0.0,flat_magnet
mmn_Latn,Latn,11023,4.042,2.8772,0.368,0.2,75,0.7879,clu_Latn,0.8177,bcl_Latn,0.1102,8,0,0.0,mid
mmo_Latn,Latn,24576,4.391,2.8502,-0.01,0.2,20,0.957,kas_Latn,1.1151,bjn_Latn,0.8887,16,0,0.0,head
mmx_Latn,Latn,28734,4.458,2.8788,0.389,0.2,42,0.905,mgm_Latn,0.9974,sun_Latn,0.2873,20,0,0.0,head
mna_Latn,Latn,33077,4.52,2.8601,0.128,0.2,28,0.952,thv_Latn,1.008,tuc_Latn,0.7838,19,0,0.0,head
mnb_Latn,Latn,13514,4.131,2.9002,0.689,0.2,71,0.8496,drg_Latn,0.9616,hvn_Latn,0.9672,11,0,0.0,mid
mnf_Latn,Latn,13467,4.129,2.8093,-0.583,0.2,24,0.931,zpj_Latn,0.9995,bfd_Latn,0.7557,12,0,0.0,mid
mni_Beng,Beng,41766,4.621,2.6551,-1.058,0.2,5,0.3193,ben_Beng,0.3193,ben_Beng,0.4177,45,1,0.022,head
mni_Latn,Latn,889,2.949,3.309,6.411,0.2,766,0.3905,ory_Latn,0.5304,prg_Latn,0.9978,0,2,2.0,flat_magnet
mni_Mtei,Mtei,3424,3.535,2.7077,0.0,0.2,17,0.925,lad_Hebr,,,,4,0,0.0,mid
mnk_Latn,Latn,13537,4.132,2.8467,-0.06,0.2,52,0.8334,kao_Latn,0.9357,bam_Latn,0.724,10,0,0.0,mid
mns_Cyrl,Cyrl,971,2.988,3.1027,3.073,0.2,156,0.4127,kca_Cyrl,0.5769,rue_Cyrl,0.1142,0,2,2.0,isolated_tail
mnw_Mymr,Mymr,291,2.465,3.1122,9.612,0.2,94,0.554,ldn_Latn,0.7075,blk_Mymr,0.0111,0,0,0.0,flat_magnet
mnx_Latn,Latn,6272,3.797,2.8773,0.369,0.2,41,0.865,zpj_Latn,1.0865,lad_Latn,0.6228,6,0,0.0,mid
mny_Latn,Latn,41872,4.622,2.9637,1.578,0.2,226,0.2827,chw_Latn,0.2827,chw_Latn,0.4193,38,0,0.0,head
moa_Latn,Latn,17800,4.25,2.7613,-1.255,0.2,3,0.9401,dnj_Latn,0.9401,dnj_Latn,0.8297,23,0,0.0,mid
moc_Latn,Latn,18050,4.257,2.8349,-0.224,0.2,22,0.5766,tob_Latn,0.5766,tob_Latn,0.4298,18,0,0.0,head
mog_Latn,Latn,13436,4.128,2.874,0.322,0.2,52,0.8391,drg_Latn,0.9526,bjn_Latn,0.4858,10,0,0.0,mid
moh_Latn,Latn,1569,3.196,2.9941,2.004,0.2,172,0.6331,thv_Latn,0.79,ben_Latn,0.4013,2,0,0.0,mid
mop_Latn,Latn,18531,4.268,2.8344,-0.232,0.2,31,0.9149,thv_Latn,0.9491,yua_Latn,0.1853,10,0,0.0,head
mor_Latn,Latn,13526,4.131,2.799,-0.727,0.2,34,0.9244,tzl_Latn,1.2291,ile_Latn,0.9384,12,0,0.0,mid
mos_Latn,Latn,100000,5.0,2.8151,-0.502,0.2,10,0.9566,kas_Latn,,,,505,1,0.002,head
mox_Latn,Latn,30851,4.489,2.8316,-0.272,0.2,7,0.7713,mzz_Latn,1.0922,dob_Latn,0.9942,17,0,0.0,head
mpg_Latn,Latn,17806,4.251,2.8588,0.11,0.2,56,0.8691,mgm_Latn,1.0294,bam_Latn,0.9523,12,0,0.0,mid
mph_Latn,Latn,1016,3.007,3.0498,2.782,0.2,137,0.6238,vot_Latn,0.7719,wmt_Latn,0.5202,1,1,0.5,mid
mpm_Latn,Latn,17709,4.248,2.7826,-0.957,0.2,13,0.7352,xtn_Latn,0.7352,xtn_Latn,0.7431,16,0,0.0,mid
mpp_Latn,Latn,13388,4.127,2.8055,-0.636,0.2,25,0.9206,sby_Latn,1.0246,ded_Latn,0.3862,3,0,0.0,mid
mps_Latn,Latn,62082,4.793,2.7805,-0.986,0.2,0,1.0618,asm_Latn,1.2261,rmy_Latn,0.8793,41,0,0.0,head
mpt_Latn,Latn,30449,4.484,2.8043,-0.653,0.2,1,0.995,goh_Latn,1.2168,mas_Latn,0.9531,5,0,0.0,head
mpx_Latn,Latn,28162,4.45,2.8957,0.626,0.2,45,0.8034,nmw_Latn,0.9183,tte_Latn,0.9231,11,0,0.0,head
mqb_Latn,Latn,17749,4.249,2.8425,-0.119,0.2,39,0.8935,gid_Latn,0.9391,mfk_Latn,0.9979,18,0,0.0,mid
mqj_Latn,Latn,24541,4.39,2.9172,0.927,0.2,60,0.4844,ptu_Latn,0.727,mak_Latn,0.9421,9,0,0.0,head
mqy_Latn,Latn,11063,4.044,2.8762,0.353,0.2,73,0.8086,zpj_Latn,0.8303,jav_Latn,0.1106,13,0,0.0,mid
mrg_Latn,Latn,9720,3.988,2.7697,-1.137,0.2,49,0.8658,mus_Latn,0.92,adi_Latn,0.3187,11,0,0.0,mid
mri_Latn,Latn,73030,4.864,2.8597,0.123,0.2,31,0.538,rar_Latn,0.538,rar_Latn,0.7303,65,1,0.015,head
mrj_Cyrl,Cyrl,32843,4.516,2.8151,-0.719,0.2,68,0.338,mhr_Cyrl,0.338,mhr_Cyrl,0.3284,26,11,0.407,head
mrq_Latn,Latn,827,2.918,3.2986,6.265,0.2,365,0.3064,mrv_Latn,0.5961,tah_Latn,0.0083,0,6,6.0,flat_magnet
mrv_Latn,Latn,137,2.14,3.7598,12.718,0.2,1313,0.1225,ldn_Latn,0.1247,bor_Latn,0.8782,0,0,0.0,flat_magnet
mrw_Latn,Latn,32855,4.517,2.9084,0.804,0.2,78,0.8079,pag_Latn,0.8079,pag_Latn,0.3286,29,0,0.0,head
msb_Latn,Latn,17760,4.249,2.9155,0.903,0.2,107,0.5055,bcl_Latn,0.5055,bcl_Latn,0.1776,9,5,0.5,mid
msc_Latn,Latn,4006,3.603,2.9326,1.143,0.2,128,0.5059,bam_Latn,0.5059,bam_Latn,0.2143,3,0,0.0,mid
mse_Latn,Latn,11044,4.043,2.8725,0.301,0.2,84,0.708,mcn_Latn,0.708,mcn_Latn,0.3588,11,0,0.0,mid
msk_Latn,Latn,17461,4.242,2.8868,0.501,0.2,59,0.4326,kqe_Latn,0.4326,kqe_Latn,0.9825,12,0,0.0,mid
msm_Latn,Latn,17525,4.244,2.9128,0.865,0.2,62,0.3765,mbd_Latn,0.5257,atd_Latn,0.9959,11,0,0.0,mid
msy_Latn,Latn,23880,4.378,2.8119,-0.547,0.2,12,0.7974,spm_Latn,1.236,bjn_Latn,0.8635,7,0,0.0,head
mta_Latn,Latn,17707,4.248,2.8757,0.347,0.2,45,0.8874,kak_Latn,0.9489,mbt_Latn,0.9976,12,0,0.0,mid
mtg_Latn,Latn,10910,4.038,2.8749,0.335,0.2,36,0.9122,sby_Latn,1.0877,nlc_Latn,0.814,11,0,0.0,mid
mti_Latn,Latn,37906,4.579,2.8403,-0.149,0.2,23,0.8463,dgz_Latn,1.0946,jav_Latn,0.3791,6,0,0.0,head
mtj_Latn,Latn,13341,4.125,2.8169,-0.477,0.2,24,0.9434,aqz_Latn,1.215,ile_Latn,0.9256,14,0,0.0,mid
mto_Latn,Latn,24568,4.39,2.8194,-0.442,0.2,2,0.9672,kdr_Latn,1.2392,pxm_Latn,0.8071,14,0,0.0,head
mtp_Latn,Latn,17826,4.251,2.8121,-0.544,0.2,9,0.967,tzl_Latn,1.0516,mzh_Latn,0.5923,16,0,0.0,mid
mua_Latn,Latn,11045,4.043,2.808,-0.602,0.2,39,0.8931,vot_Latn,1.0619,kia_Latn,0.2641,13,0,0.0,mid
mug_Latn,Latn,30584,4.486,2.8359,-0.211,0.2,36,0.9289,kas_Latn,0.9623,giz_Latn,0.8905,28,0,0.0,head
muh_Latn,Latn,17927,4.254,2.8224,-0.4,0.2,15,0.962,mrv_Latn,1.1877,bam_Latn,0.9588,17,0,0.0,mid
mui_Latn,Latn,2590,3.413,3.0697,3.061,0.2,333,0.3305,bew_Latn,0.3305,bew_Latn,0.159,4,3,0.6,mid
mup_Deva,Deva,6754,3.83,2.8326,-0.46,0.2,51,0.4633,mag_Deva,0.4633,mag_Deva,0.5257,6,1,0.143,mid
mur_Latn,Latn,13305,4.124,2.9022,0.717,0.2,61,0.8325,kdr_Latn,0.9969,bam_Latn,0.7116,11,0,0.0,mid
mus_Latn,Latn,406,2.61,3.5926,10.379,0.2,790,0.2022,tzl_Latn,0.3015,arr_Latn,0.7098,0,0,0.0,flat_magnet
mux_Latn,Latn,30379,4.483,2.8277,-0.326,0.2,1,0.7476,ubu_Latn,0.7476,ubu_Latn,0.5194,11,0,0.0,head
muy_Latn,Latn,17784,4.25,2.8857,0.486,0.2,43,0.9136,kdr_Latn,0.9879,meq_Latn,0.9989,17,0,0.0,mid
mva_Latn,Latn,31340,4.496,2.8485,-0.035,0.2,17,0.9627,max_Latn,1.0578,sun_Latn,0.3134,4,0,0.0,head
mvn_Latn,Latn,17532,4.244,2.835,-0.223,0.2,38,0.8511,wed_Latn,1.07,tbo_Latn,0.7161,11,0,0.0,mid
mvp_Latn,Latn,13386,4.127,2.9139,0.881,0.2,83,0.5722,mqj_Latn,0.5722,mqj_Latn,0.5455,13,0,0.0,mid
mwc_Latn,Latn,5701,3.756,2.9595,1.519,0.2,140,0.6058,bmk_Latn,0.7528,wed_Latn,0.9097,4,0,0.0,mid
mwf_Latn,Latn,268,2.43,3.216,5.108,0.2,178,0.47,bor_Latn,0.4835,aqz_Latn,0.9889,0,0,0.0,flat_magnet
mwl_Latn,Latn,29497,4.47,3.0109,2.238,0.2,257,0.3584,glg_Latn,0.3584,glg_Latn,0.295,22,21,0.913,head
mwm_Latn,Latn,34765,4.541,2.7636,-1.223,0.2,0,1.0286,prg_Latn,1.2293,sba_Latn,0.9262,25,0,0.0,head
mwn_Latn,Latn,45676,4.66,2.9034,0.733,0.2,152,0.2666,mgr_Latn,0.2666,mgr_Latn,0.4568,47,3,0.062,head
mwp_Latn,Latn,4930,3.693,2.8658,0.208,0.2,69,0.8193,ldn_Latn,1.0466,jav_Latn,0.0493,3,0,0.0,mid
mwq_Latn,Latn,13480,4.13,2.7934,-0.806,0.2,43,0.8727,cfm_Latn,0.8727,cfm_Latn,0.167,16,0,0.0,mid
mwv_Latn,Latn,13480,4.13,2.9047,0.751,0.2,79,0.8292,mgm_Latn,0.8617,bug_Latn,0.9132,12,0,0.0,mid
mww_Latn,Latn,100000,5.0,2.7498,-1.416,0.2,1,0.4438,hnj_Latn,,,,154,2,0.013,head
mxb_Latn,Latn,17827,4.251,2.7937,-0.802,0.2,5,0.6417,mim_Latn,0.7557,mxv_Latn,0.1783,24,0,0.0,mid
mxp_Latn,Latn,17765,4.25,2.7995,-0.72,0.2,12,0.9194,mxq_Latn,0.9194,mxq_Latn,0.9968,9,0,0.0,mid
mxq_Latn,Latn,17822,4.251,2.8053,-0.638,0.2,15,0.9194,mxp_Latn,0.9197,mco_Latn,0.1782,18,0,0.0,mid
mxt_Latn,Latn,17738,4.249,2.7828,-0.955,0.2,9,0.6048,mih_Latn,0.6048,mih_Latn,0.9989,13,0,0.0,mid
mxv_Latn,Latn,100000,5.0,2.8102,-0.57,0.2,4,0.7346,mim_Latn,,,,124,0,0.0,head
mya_Mymr,Mymr,100000,5.0,2.6839,-0.647,0.2,2,0.6926,blk_Mymr,,,,459,0,0.0,head
myb_Latn,Latn,17794,4.25,2.7779,-1.022,0.2,32,0.9062,goh_Latn,1.1481,vls_Latn,0.6978,16,0,0.0,mid
myk_Latn,Latn,17969,4.255,2.8415,-0.132,0.2,44,0.8258,bam_Latn,0.8258,bam_Latn,0.9611,17,0,0.0,mid
myu_Latn,Latn,17307,4.238,2.8258,-0.352,0.2,24,0.9194,arr_Latn,1.2036,bjn_Latn,0.6258,8,0,0.0,mid
myv_Cyrl,Cyrl,46588,4.668,2.8377,-0.421,0.2,60,0.2215,mdf_Cyrl,0.5557,rus_Cyrl,0.4659,37,11,0.289,head
myw_Latn,Latn,20830,4.319,2.9058,0.767,0.2,45,0.8708,kak_Latn,1.0599,pag_Latn,0.2083,6,0,0.0,head
myx_Latn,Latn,24108,4.382,2.9068,0.782,0.2,122,0.5307,lwg_Latn,0.8002,leh_Latn,0.4317,23,0,0.0,head
myy_Latn,Latn,17572,4.245,2.783,-0.951,0.2,9,0.5225,bsn_Latn,0.993,bao_Latn,0.9846,12,0,0.0,mid
mza_Latn,Latn,17806,4.251,2.7659,-1.19,0.2,8,0.9314,mpm_Latn,0.9384,xtm_Latn,0.8081,8,0,0.0,mid
mzh_Latn,Latn,30095,4.479,2.8275,-0.328,0.2,11,0.5492,wlv_Latn,1.1637,vro_Latn,0.5884,32,0,0.0,head
mzk_Latn,Latn,13518,4.131,2.7849,-0.924,0.2,25,0.9234,tzl_Latn,1.1827,wol_Latn,0.1939,8,0,0.0,mid
mzl_Latn,Latn,11046,4.043,2.7918,-0.828,0.2,15,0.9322,zpj_Latn,1.0839,mxq_Latn,0.6198,8,0,0.0,mid
mzm_Latn,Latn,17809,4.251,2.7486,-1.433,0.2,5,0.9119,mev_Latn,1.2128,bam_Latn,0.9525,12,0,0.0,mid
mzn_Arab,Arab,25413,4.405,2.8604,0.424,0.2,37,0.1956,fas_Arab,0.1956,fas_Arab,0.2541,27,132,4.714,head
mzw_Latn,Latn,17739,4.249,2.8397,-0.158,0.2,56,0.7996,vag_Latn,0.7996,vag_Latn,0.995,13,0,0.0,mid
mzz_Latn,Latn,1662,3.221,3.0385,2.625,0.2,151,0.631,diu_Latn,0.7515,bwd_Latn,0.4292,0,0,0.0,mid
nab_Latn,Latn,17051,4.232,2.7547,-1.347,0.2,0,1.0518,tzl_Latn,1.321,cuc_Latn,0.9577,7,0,0.0,mid
naf_Latn,Latn,30339,4.482,2.8337,-0.242,0.2,6,0.9757,thv_Latn,1.0454,kpf_Latn,0.8603,5,1,0.167,head
nah_Latn,Latn,14383,4.158,2.9058,0.767,0.2,127,0.4988,nhi_Latn,0.4988,nhi_Latn,0.7733,12,1,0.077,mid
nak_Latn,Latn,24401,4.387,2.8098,-0.577,0.2,4,0.9468,tkl_Latn,1.1295,rmy_Latn,0.3456,8,0,0.0,head
nan_Latn,Latn,41646,4.62,2.8652,0.2,0.2,39,0.8611,hak_Latn,1.0666,sco_Latn,0.4762,38,7,0.179,head
nap_Latn,Latn,26109,4.417,3.0149,2.294,0.2,257,0.2641,ita_Latn,0.2641,ita_Latn,0.2611,28,21,0.724,head
naq_Latn,Latn,92558,4.966,2.7311,-1.677,0.2,1,0.9043,ktz_Latn,1.2881,ron_Latn,0.9256,85,0,0.0,head
nas_Latn,Latn,24606,4.391,2.8179,-0.463,0.2,7,0.9689,mrv_Latn,1.1373,mak_Latn,0.9446,13,0,0.0,head
nav_Latn,Latn,81124,4.909,2.7866,-0.901,0.2,1,0.6936,apw_Latn,1.2444,sco_Latn,0.9276,84,0,0.0,head
naw_Latn,Latn,17827,4.251,2.7784,-1.016,0.2,5,0.8697,aha_Latn,1.0793,xsm_Latn,0.7286,10,0,0.0,mid
nba_Latn,Latn,100000,5.0,2.8459,-0.072,0.2,64,0.6374,mck_Latn,,,,136,2,0.015,head
nbc_Latn,Latn,10982,4.041,2.8199,-0.435,0.2,51,0.8443,nph_Latn,0.8443,nph_Latn,0.9929,11,0,0.0,mid
nbe_Latn,Latn,11062,4.044,2.8174,-0.47,0.2,50,0.7874,nph_Latn,1.0495,jav_Latn,0.1106,12,0,0.0,mid
nbl_Latn,Latn,100000,5.0,2.9157,0.906,0.2,154,0.1198,nde_Latn,,,,201,25,0.124,twin
nbq_Latn,Latn,3157,3.499,2.9677,1.634,0.2,90,0.7382,aqz_Latn,0.8998,dnw_Latn,0.4903,3,0,0.0,mid
nbu_Latn,Latn,30552,4.485,2.7853,-0.92,0.2,8,0.9083,mni_Latn,1.0294,pck_Latn,0.8149,28,0,0.0,head
nca_Latn,Latn,24465,4.389,2.7937,-0.801,0.2,6,0.9511,diu_Latn,1.1979,rwo_Latn,0.4761,10,0,0.0,head
nch_Latn,Latn,100000,5.0,2.8716,0.288,0.2,26,0.4346,ncj_Latn,,,,169,1,0.006,head
ncj_Latn,Latn,100000,5.0,2.893,0.588,0.2,39,0.364,ncx_Latn,,,,170,2,0.012,head
ncl_Latn,Latn,17768,4.25,2.8409,-0.141,0.2,22,0.7023,azz_Latn,0.7023,azz_Latn,0.9983,11,0,0.0,mid
ncq_Laoo,Laoo,4269,3.63,2.7341,0.0,0.2,21,0.8226,lao_Laoo,0.8226,lao_Laoo,0.1256,2,0,0.0,mid
nct_Latn,Latn,11027,4.042,2.896,0.63,0.2,117,0.7208,aim_Latn,0.7208,aim_Latn,0.9981,11,0,0.0,mid
ncu_Latn,Latn,17218,4.236,2.7643,-1.213,0.2,0,1.0008,eto_Latn,1.1844,dua_Latn,0.3925,21,0,0.0,mid
ncx_Latn,Latn,100000,5.0,2.8702,0.269,0.2,37,0.3335,ngu_Latn,,,,127,12,0.094,head
ndc_Latn,Latn,100000,5.0,2.9455,1.323,0.2,148,0.2425,sna_Latn,,,,169,13,0.076,head
nde_Latn,Latn,100000,5.0,2.8977,0.654,0.2,124,0.1198,nbl_Latn,,,,221,51,0.23,twin
ndh_Latn,Latn,625,2.797,3.4333,8.15,0.2,623,0.2958,sby_Latn,0.4498,eme_Latn,0.969,0,0,0.0,flat_magnet
ndi_Latn,Latn,11030,4.043,2.7984,-0.736,0.2,26,0.9199,zpj_Latn,0.9778,pfe_Latn,0.7214,13,0,0.0,mid
ndj_Latn,Latn,17827,4.251,2.902,0.714,0.2,137,0.5838,heh_Latn,0.5838,heh_Latn,0.9708,8,0,0.0,mid
ndo_Latn,Latn,100000,5.0,2.9422,1.277,0.2,179,0.1895,kua_Latn,,,,384,5,0.013,twin
ndp_Latn,Latn,13523,4.131,2.8223,-0.402,0.2,52,0.8795,aqz_Latn,0.9515,mhi_Latn,0.9986,12,0,0.0,mid
nds_Latn,Latn,100000,5.0,2.9636,1.577,0.2,223,0.287,ksh_Latn,,,,107,45,0.417,head
ndy_Latn,Latn,6763,3.83,2.8545,0.049,0.2,76,0.7912,diu_Latn,0.9862,knc_Latn,0.7229,8,0,0.0,mid
ndz_Latn,Latn,17783,4.25,2.7906,-0.844,0.2,1,0.9897,eto_Latn,1.147,yor_Latn,0.1778,16,0,0.0,mid
neb_Latn,Latn,13396,4.127,2.8097,-0.577,0.2,18,0.8725,mev_Latn,1.0693,kpe_Latn,0.171,15,0,0.0,mid
new_Deva,Deva,25626,4.409,2.8526,-0.184,0.2,42,0.3496,anp_Deva,0.3972,san_Deva,0.2563,17,8,0.444,head
nfa_Latn,Latn,17143,4.234,2.8464,-0.064,0.2,36,0.9086,hvn_Latn,1.0905,jav_Latn,0.1714,18,1,0.053,mid
nfr_Latn,Latn,13480,4.13,2.8239,-0.379,0.2,57,0.8652,mgm_Latn,0.9143,dyi_Latn,0.7572,15,0,0.0,mid
ngb_Latn,Latn,3303,3.519,2.9664,1.616,0.2,165,0.5927,mev_Latn,0.7806,sag_Latn,0.033,4,6,1.2,mid
ngc_Latn,Latn,11049,4.043,2.9047,0.752,0.2,126,0.7305,lin_Latn,0.7305,lin_Latn,0.1105,7,2,0.25,mid
ngl_Latn,Latn,100000,5.0,2.918,0.939,0.2,91,0.2828,vmw_Latn,,,,139,0,0.0,head
ngp_Latn,Latn,17827,4.251,2.95,1.386,0.2,168,0.2357,ziw_Latn,0.2357,ziw_Latn,0.9999,10,0,0.0,twin
ngu_Latn,Latn,100000,5.0,2.8802,0.41,0.2,22,0.3335,ncx_Latn,,,,120,0,0.0,head
nhd_Latn,Latn,13486,4.13,2.8802,0.409,0.2,53,0.3134,gug_Latn,0.3134,gug_Latn,0.1349,13,16,1.143,mid
nhe_Latn,Latn,28871,4.46,2.8396,-0.159,0.2,12,0.1524,nhw_Latn,0.5122,nch_Latn,0.2887,13,1,0.071,twin
nhg_Latn,Latn,16904,4.228,2.8534,0.034,0.2,46,0.7741,nuz_Latn,0.9119,nhw_Latn,0.9488,11,0,0.0,mid
nhi_Latn,Latn,18600,4.27,2.8338,-0.24,0.2,40,0.4988,nah_Latn,0.6001,ncj_Latn,0.186,17,4,0.222,head
nhk_Latn,Latn,3218,3.508,3.058,2.898,0.2,167,0.3997,nhx_Latn,0.3997,nhx_Latn,0.0903,2,9,3.0,flat_magnet
nho_Latn,Latn,24502,4.389,2.8011,-0.698,0.2,13,0.863,tkl_Latn,0.9866,mri_Latn,0.3355,12,0,0.0,head
nhr_Latn,Latn,17751,4.249,2.8053,-0.639,0.2,21,0.9183,zpj_Latn,1.2094,bjn_Latn,0.6419,14,0,0.0,mid
nhu_Latn,Latn,17806,4.251,2.8207,-0.424,0.2,19,0.9033,mev_Latn,1.0503,bam_Latn,0.9523,13,0,0.0,mid
nhw_Latn,Latn,17816,4.251,2.8485,-0.034,0.2,28,0.1524,nhe_Latn,0.1524,nhe_Latn,0.6171,12,8,0.615,twin
nhx_Latn,Latn,35642,4.552,2.8535,0.035,0.2,10,0.3997,nhk_Latn,0.9666,ngu_Latn,0.3564,12,1,0.077,head
nhy_Latn,Latn,17810,4.251,2.8745,0.329,0.2,49,0.4422,ncx_Latn,0.4422,ncx_Latn,0.1781,9,1,0.1,mid
nia_Latn,Latn,100000,5.0,2.8845,0.47,0.2,40,0.8801,mlu_Latn,,,,205,1,0.005,head
nif_Latn,Latn,10209,4.009,2.8203,-0.43,0.2,40,0.8855,zpj_Latn,1.1169,yut_Latn,0.3592,5,0,0.0,mid
nii_Latn,Latn,30695,4.487,2.7354,-1.617,0.2,1,0.9535,whg_Latn,1.3125,jav_Latn,0.307,4,0,0.0,head
nij_Latn,Latn,13418,4.128,2.9045,0.749,0.2,84,0.7965,bjn_Latn,0.7965,bjn_Latn,0.4852,14,0,0.0,mid
nim_Latn,Latn,17845,4.252,2.8895,0.54,0.2,69,0.7729,kam_Latn,0.7729,kam_Latn,0.1784,6,0,0.0,mid
nin_Latn,Latn,24556,4.39,2.7985,-0.734,0.2,29,0.9072,swb_Latn,0.9776,kin_Latn,0.2456,7,0,0.0,head
nio_Cyrl,Cyrl,90,1.959,3.5874,9.462,0.2,323,0.218,sel_Cyrl,0.218,sel_Cyrl,0.8108,0,0,0.0,flat_magnet
niq_Latn,Latn,30088,4.478,2.916,0.91,0.2,55,0.1866,sgc_Latn,0.9677,mas_Latn,0.9418,29,2,0.067,head
niu_Latn,Latn,100000,5.0,2.8082,-0.598,0.2,12,0.613,tkl_Latn,,,,440,0,0.0,head
niy_Latn,Latn,11062,4.044,2.8091,-0.585,0.2,22,0.9453,log_Latn,1.0906,vut_Latn,0.6223,9,0,0.0,mid
njb_Latn,Latn,10983,4.041,2.8411,-0.138,0.2,52,0.8526,npi_Latn,1.0091,bjn_Latn,0.3971,14,0,0.0,mid
njm_Latn,Latn,30730,4.488,2.7935,-0.804,0.2,20,0.7227,nri_Latn,1.1109,sot_Latn,0.4191,34,0,0.0,head
njn_Latn,Latn,29912,4.476,2.821,-0.42,0.2,26,0.8637,mni_Latn,0.9721,tcz_Latn,0.4358,34,1,0.029,head
njo_Latn,Latn,30731,4.488,2.801,-0.699,0.2,23,0.9166,ory_Latn,1.0866,jav_Latn,0.3073,24,0,0.0,head
njz_Latn,Latn,11038,4.043,2.8064,-0.624,0.2,42,0.8622,mus_Latn,1.068,jbo_Latn,0.8874,12,1,0.077,mid
nkf_Latn,Latn,6762,3.83,2.8805,0.413,0.2,97,0.7579,mni_Latn,0.8837,aim_Latn,0.6121,6,0,0.0,mid
nki_Latn,Latn,11061,4.044,2.9016,0.709,0.2,97,0.2168,pck_Latn,0.2168,pck_Latn,0.295,12,0,0.0,mid
nko_Latn,Latn,17654,4.247,2.794,-0.797,0.2,19,0.7928,kdh_Latn,1.0094,naw_Latn,0.9903,10,0,0.0,mid
nla_Latn,Latn,233,2.369,3.6291,10.89,0.2,903,0.1917,ldn_Latn,0.2211,aqz_Latn,0.8598,0,0,0.0,flat_magnet
nlc_Latn,Latn,13403,4.127,2.8592,0.116,0.2,42,0.9072,kdr_Latn,1.022,mad_Latn,0.3008,14,0,0.0,mid
nld_Latn,Latn,100000,5.0,2.9428,1.285,0.2,160,0.274,zea_Latn,,,,3557,32,0.009,head
nlg_Latn,Latn,16692,4.223,2.8779,0.378,0.2,79,0.7411,bgt_Latn,0.9666,bnp_Latn,0.4702,9,0,0.0,mid
nma_Latn,Latn,11038,4.043,2.8057,-0.634,0.2,38,0.9035,vot_Latn,1.0952,nst_Latn,0.3606,12,0,0.0,mid
nmf_Latn,Latn,30733,4.488,2.8336,-0.243,0.2,39,0.8387,mni_Latn,0.9888,tcz_Latn,0.4478,35,2,0.056,head
nmh_Latn,Latn,11056,4.044,2.8443,-0.093,0.2,68,0.6398,nmo_Latn,0.9461,anm_Latn,0.3597,13,0,0.0,mid
nmo_Latn,Latn,11055,4.044,2.8404,-0.148,0.2,64,0.6398,nmh_Latn,0.6398,nmh_Latn,0.9999,11,0,0.0,mid
nmw_Latn,Latn,3113,3.493,2.9824,1.839,0.2,130,0.6983,eto_Latn,0.8034,mpx_Latn,0.1105,1,0,0.0,mid
nmz_Latn,Latn,13452,4.129,2.8123,-0.542,0.2,43,0.8812,otw_Latn,0.9746,vag_Latn,0.7545,10,1,0.091,mid
nnb_Latn,Latn,83880,4.924,2.9375,1.212,0.2,155,0.3993,koo_Latn,0.3993,koo_Latn,0.8388,77,0,0.0,head
nng_Latn,Latn,11050,4.043,2.8404,-0.147,0.2,47,0.8173,mni_Latn,0.9766,lmk_Latn,0.6201,13,0,0.0,mid
nnh_Latn,Latn,10903,4.038,2.8291,-0.306,0.2,26,0.8968,zpj_Latn,0.932,ybb_Latn,0.8908,13,0,0.0,mid
nnl_Latn,Latn,29935,4.476,2.8375,-0.188,0.2,43,0.8532,nre_Latn,0.8532,nre_Latn,0.9978,28,0,0.0,head
nno_Latn,Latn,100000,5.0,2.9644,1.588,0.2,219,0.1448,nob_Latn,,,,386,182,0.47,twin
nnp_Latn,Latn,11050,4.043,2.822,-0.405,0.2,45,0.8782,kas_Latn,1.0359,nbe_Latn,0.9989,8,0,0.0,mid
nnq_Latn,Latn,17827,4.251,2.9403,1.25,0.2,166,0.6784,kde_Latn,0.6784,kde_Latn,0.662,6,0,0.0,mid
nnw_Latn,Latn,17675,4.247,2.7666,-1.181,0.2,0,1.0065,zpj_Latn,1.1459,xsm_Latn,0.7224,16,0,0.0,mid
noa_Latn,Latn,35324,4.548,2.8148,-0.507,0.2,0,1.0054,goh_Latn,1.2261,bar_Latn,0.3532,16,0,0.0,head
nob_Latn,Latn,100000,5.0,2.9314,1.126,0.2,188,0.1448,nno_Latn,,,,2315,175,0.076,twin
nod_Thai,Thai,11038,4.043,2.6945,-2.17,0.2,1,0.5763,tha_Thai,0.5763,tha_Thai,0.1104,10,9,0.818,mid
nog_Cyrl,Cyrl,19172,4.283,2.8858,0.212,0.2,56,0.4685,crh_Cyrl,0.4685,crh_Cyrl,0.492,11,1,0.083,head
non_Latn,Latn,502,2.702,3.3405,6.85,0.2,535,0.3228,goh_Latn,0.3339,isl_Latn,0.005,1,4,2.0,flat_magnet
nop_Latn,Latn,31774,4.502,2.8388,-0.17,0.2,11,0.9687,thv_Latn,1.2147,ach_Latn,0.741,17,0,0.0,head
not_Latn,Latn,24235,4.384,2.8188,-0.45,0.2,7,0.7238,cni_Latn,0.7238,cni_Latn,0.7414,5,0,0.0,head
nou_Latn,Latn,30588,4.486,2.7959,-0.771,0.2,2,0.5692,bhg_Latn,1.2219,jav_Latn,0.3059,5,0,0.0,head
nov_Latn,Latn,1813,3.259,3.1744,4.526,0.2,572,0.2895,ile_Latn,0.2895,ile_Latn,0.1258,2,45,15.0,flat_magnet
nph_Latn,Latn,11061,4.044,2.7939,-0.799,0.2,40,0.7874,nbe_Latn,0.7874,nbe_Latn,0.9999,12,0,0.0,mid
npi_Deva,Deva,100000,5.0,2.8704,0.061,0.2,30,0.1815,dty_Deva,,,,238,3,0.013,head
npi_Latn,Latn,359,2.556,3.504,9.139,0.2,1127,0.2542,ory_Latn,0.2542,ory_Latn,0.8253,0,1,1.0,flat_magnet
npl_Latn,Latn,24576,4.391,2.8733,0.313,0.2,48,0.4141,nsu_Latn,0.4184,ncx_Latn,0.2458,16,5,0.294,head
npo_Latn,Latn,11061,4.044,2.7525,-1.378,0.2,30,0.7977,nri_Latn,1.0153,yim_Latn,0.3601,13,0,0.0,mid
npy_Latn,Latn,13254,4.122,2.9017,0.71,0.2,73,0.7407,bhz_Latn,0.8589,lew_Latn,0.9904,14,0,0.0,mid
nqo_Nkoo,Nkoo,8471,3.928,2.7659,0.0,0.2,0,1.0259,lad_Hebr,,,,6,0,0.0,mid
nre_Latn,Latn,30002,4.477,2.7877,-0.886,0.2,15,0.8461,nri_Latn,0.9843,njm_Latn,0.9763,23,1,0.042,head
nrf_Latn,Latn,6460,3.81,3.0174,2.329,0.2,255,0.2222,fra_Latn,0.2222,fra_Latn,0.0646,5,36,6.0,flat_magnet
nri_Latn,Latn,11054,4.044,2.8264,-0.344,0.2,77,0.7227,njm_Latn,0.7227,njm_Latn,0.3597,10,0,0.0,mid
nsa_Latn,Latn,11044,4.043,2.7869,-0.896,0.2,40,0.7312,yim_Latn,0.7312,yim_Latn,0.3595,11,1,0.083,mid
nse_Latn,Latn,93386,4.97,2.944,1.302,0.2,166,0.3504,nya_Latn,0.3504,nya_Latn,0.9339,97,30,0.306,head
nsm_Latn,Latn,29995,4.477,2.8341,-0.237,0.2,30,0.8992,ndh_Latn,1.0151,xho_Latn,0.2999,34,0,0.0,head
nsn_Latn,Latn,24366,4.387,2.878,0.379,0.2,43,0.881,mgm_Latn,1.0455,sun_Latn,0.2437,9,0,0.0,head
nso_Latn,Latn,100000,5.0,2.8669,0.222,0.2,89,0.2753,tsn_Latn,,,,1651,2,0.001,head
nss_Latn,Latn,5620,3.75,2.9243,1.027,0.2,96,0.7543,ktm_Latn,0.7543,ktm_Latn,0.9092,4,0,0.0,mid
nst_Latn,Latn,30606,4.486,2.8579,0.096,0.2,23,0.9273,kas_Latn,1.0571,vro_Latn,0.5983,29,0,0.0,head
nsu_Latn,Latn,17790,4.25,2.8714,0.286,0.2,50,0.4141,npl_Latn,0.4141,npl_Latn,0.7239,9,0,0.0,mid
ntp_Latn,Latn,17357,4.239,2.7529,-1.372,0.2,4,0.9638,tzl_Latn,1.2519,srd_Latn,0.3563,11,0,0.0,mid
ntr_Latn,Latn,17764,4.25,2.807,-0.615,0.2,21,0.9204,mev_Latn,1.0552,gur_Latn,0.2294,16,0,0.0,mid
ntu_Latn,Latn,12626,4.101,2.7257,-1.754,0.2,13,0.9399,kas_Latn,1.1781,ile_Latn,0.876,6,0,0.0,mid
nuj_Latn,Latn,8313,3.92,2.9698,1.663,0.2,179,0.5053,gwr_Latn,0.5186,lsm_Latn,0.6145,9,1,0.1,mid
nus_Latn,Latn,14391,4.158,2.8499,-0.015,0.2,62,0.7437,dik_Latn,0.7437,dik_Latn,0.3558,9,0,0.0,mid
nuy_Latn,Latn,11270,4.052,2.8287,-0.311,0.2,20,0.9279,otw_Latn,1.1236,bvr_Latn,0.6356,12,0,0.0,mid
nuz_Latn,Latn,1598,3.204,3.05,2.785,0.2,145,0.502,ngu_Latn,0.502,ngu_Latn,0.016,1,0,0.0,mid
nvm_Latn,Latn,22498,4.352,2.7954,-0.777,0.2,11,0.7333,bbb_Latn,1.156,eus_Latn,0.225,7,0,0.0,head
nwb_Latn,Latn,13165,4.119,2.7861,-0.908,0.2,7,0.7245,kyf_Latn,0.7245,kyf_Latn,0.7469,12,0,0.0,mid
nwi_Latn,Latn,17294,4.238,2.833,-0.252,0.2,22,0.8462,tnk_Latn,0.8462,tnk_Latn,0.9761,12,0,0.0,mid
nwx_Deva,Deva,16773,4.225,2.7477,-1.632,0.2,29,0.4806,new_Deva,0.4806,new_Deva,0.6545,16,0,0.0,mid
nxd_Latn,Latn,11061,4.044,2.9078,0.796,0.2,96,0.3888,lol_Latn,0.8636,lin_Latn,0.1106,12,0,0.0,mid
nya_Latn,Latn,100000,5.0,2.9318,1.131,0.2,181,0.3504,nse_Latn,,,,2173,6,0.003,head
nyf_Latn,Latn,13672,4.136,2.9573,1.488,0.2,181,0.3567,dug_Latn,0.6575,swh_Latn,0.1367,10,0,0.0,mid
nyk_Latn,Latn,100000,5.0,2.9123,0.859,0.2,111,0.648,umb_Latn,,,,253,0,0.0,head
nyn_Latn,Latn,100000,5.0,2.9244,1.028,0.2,102,0.2391,cgg_Latn,,,,207,3,0.014,head
nyo_Latn,Latn,13528,4.131,2.9851,1.877,0.2,156,0.2316,ttj_Latn,0.2316,ttj_Latn,0.1517,16,6,0.353,mid
nyu_Latn,Latn,100000,5.0,2.9115,0.847,0.2,113,0.3257,phm_Latn,,,,144,3,0.021,head
nyy_Latn,Latn,99263,4.997,2.9327,1.144,0.2,123,0.5302,lai_Latn,0.6162,bem_Latn,0.9926,91,0,0.0,head
nza_Latn,Latn,4301,3.634,2.8045,-0.65,0.2,55,0.7979,mev_Latn,1.0095,bmv_Latn,0.3904,7,0,0.0,mid
nzi_Latn,Latn,100000,5.0,2.7658,-1.191,0.2,13,0.5427,sfw_Latn,,,,323,0,0.0,head
nzm_Latn,Latn,30721,4.487,2.8126,-0.537,0.2,9,0.9565,goh_Latn,1.0566,sun_Latn,0.3072,38,0,0.0,head
obo_Latn,Latn,17566,4.245,2.8751,0.338,0.2,49,0.8022,atd_Latn,0.8022,atd_Latn,0.9982,10,0,0.0,mid
oci_Latn,Latn,100000,5.0,3.0076,2.192,0.2,251,0.2148,cat_Latn,,,,119,36,0.3,twin
ogo_Latn,Latn,49629,4.696,2.7839,-0.939,0.2,33,0.8126,mev_Latn,1.0074,ada_Latn,0.4963,39,0,0.0,head
ojb_Cans,Cans,33721,4.528,2.6741,-0.573,0.2,6,0.4096,crm_Cans,,,,15,0,0.0,head
ojb_Latn,Latn,26541,4.424,2.8981,0.66,0.2,40,0.7916,csw_Latn,1.0835,fuv_Latn,0.868,19,0,0.0,head
oke_Latn,Latn,51037,4.708,2.8385,-0.175,0.2,46,0.3661,urh_Latn,0.3661,urh_Latn,0.5104,50,2,0.039,head
oku_Latn,Latn,6760,3.83,2.8107,-0.563,0.2,43,0.8619,mev_Latn,0.9843,nhu_Latn,0.3796,2,0,0.0,mid
okv_Latn,Latn,24041,4.381,2.8163,-0.485,0.2,28,0.8906,mrv_Latn,0.9428,kpr_Latn,0.867,4,0,0.0,head
old_Latn,Latn,13531,4.131,2.9163,0.914,0.2,156,0.3268,vun_Latn,0.3268,vun_Latn,0.7591,12,0,0.0,mid
olo_Latn,Latn,8012,3.904,3.0299,2.504,0.2,286,0.2981,krl_Latn,0.2981,krl_Latn,0.8577,12,17,1.308,mid
omb_Latn,Latn,4266,3.63,2.9172,0.927,0.2,101,0.7397,mrv_Latn,0.923,nlg_Latn,0.2556,6,0,0.0,mid
omw_Latn,Latn,27268,4.436,2.7311,-1.678,0.2,1,0.7731,tbg_Latn,0.7731,tbg_Latn,0.6081,11,0,0.0,head
ong_Latn,Latn,31080,4.492,2.7823,-0.961,0.2,2,0.9964,eto_Latn,1.1947,jav_Latn,0.3108,7,0,0.0,head
ons_Latn,Latn,24539,4.39,2.8324,-0.26,0.2,12,0.97,aqz_Latn,1.0905,mlh_Latn,0.7848,22,0,0.0,head
ood_Latn,Latn,16954,4.229,2.7854,-0.917,0.2,25,0.9243,kas_Latn,1.0892,gsw_Latn,0.1813,21,0,0.0,mid
opm_Latn,Latn,23755,4.376,2.8096,-0.578,0.2,1,0.9962,kas_Latn,1.1276,bjn_Latn,0.859,5,0,0.0,head
orv_Cyrl,Cyrl,27832,4.445,2.808,-0.812,0.2,51,0.2019,chu_Cyrl,0.4438,bul_Cyrl,0.2783,22,30,1.304,twin
ory_Latn,Latn,435,2.639,3.5164,9.313,0.2,1227,0.2542,npi_Latn,0.2796,asm_Latn,0.956,0,1,1.0,flat_magnet
ory_Orya,Orya,100000,5.0,2.6479,0.0,0.2,1,0.6114,jun_Orya,,,,251,0,0.0,head
oss_Cyrl,Cyrl,100000,5.0,2.6953,-2.299,0.2,11,0.8831,sgh_Cyrl,,,,500,0,0.0,head
ota_Arab,Arab,674,2.829,3.5066,13.957,0.2,234,0.1931,lki_Arab,0.4277,acm_Arab,0.1476,0,0,0.0,flat_magnet
otd_Latn,Latn,6719,3.827,2.9191,0.953,0.2,108,0.735,drg_Latn,0.865,bjn_Latn,0.243,6,1,0.143,mid
ote_Latn,Latn,56504,4.752,2.8954,0.622,0.2,42,0.5397,oto_Latn,0.9965,spa_Latn,0.565,57,0,0.0,head
otm_Latn,Latn,17662,4.247,2.8057,-0.634,0.2,23,0.7794,ote_Latn,0.7794,ote_Latn,0.3126,8,0,0.0,mid
otn_Latn,Latn,17786,4.25,2.7892,-0.865,0.2,9,0.8457,otm_Latn,0.849,ote_Latn,0.3148,10,0,0.0,mid
oto_Latn,Latn,4664,3.669,3.0495,2.779,0.2,230,0.5397,ote_Latn,0.5397,ote_Latn,0.0825,3,1,0.25,mid
otq_Latn,Latn,17800,4.25,2.8363,-0.205,0.2,31,0.6029,oto_Latn,0.6226,ote_Latn,0.315,13,0,0.0,mid
ots_Latn,Latn,21473,4.332,2.8572,0.088,0.2,23,0.8509,ote_Latn,0.8509,ote_Latn,0.38,15,1,0.062,head
otw_Latn,Latn,85,1.934,3.7882,13.116,0.2,1209,0.1093,ldn_Latn,0.1093,ldn_Latn,0.8019,0,0,0.0,flat_magnet
oym_Latn,Latn,10692,4.029,2.8464,-0.063,0.2,27,0.8245,tpn_Latn,1.0126,kyz_Latn,0.6302,9,0,0.0,mid
ozm_Latn,Latn,13451,4.129,2.8425,-0.118,0.2,22,0.9258,eto_Latn,1.0406,bss_Latn,0.7568,12,0,0.0,mid
pab_Latn,Latn,17824,4.251,2.7921,-0.823,0.2,26,0.9164,asm_Latn,1.1578,ter_Latn,0.996,10,0,0.0,mid
pad_Latn,Latn,24093,4.382,2.8036,-0.663,0.2,2,0.9756,ory_Latn,1.1942,mcq_Latn,0.7706,7,0,0.0,head
pag_Latn,Latn,100000,5.0,2.9762,1.753,0.2,225,0.6481,kak_Latn,,,,1013,4,0.004,head
pah_Latn,Latn,17258,4.237,2.8305,-0.287,0.2,28,0.8714,tpw_Latn,0.9449,gun_Latn,0.9638,10,0,0.0,mid
pam_Latn,Latn,34170,4.534,2.9899,1.944,0.2,234,0.6621,fil_Latn,0.6621,fil_Latn,0.3417,19,1,0.05,head
pan_Guru,Guru,100000,5.0,2.5834,0.0,0.2,0,1.3206,csw_Cans,,,,605,0,0.0,head
pan_Latn,Latn,4064,3.609,3.1254,3.841,0.2,547,0.3648,mar_Latn,0.3748,guj_Latn,0.9985,5,5,0.833,mid
pao_Latn,Latn,15679,4.195,2.8004,-0.708,0.2,25,0.9355,diu_Latn,1.1373,mny_Latn,0.3745,15,1,0.062,mid
pap_Latn,Latn,100000,5.0,2.9646,1.59,0.2,217,0.534,lad_Latn,,,,1291,1,0.001,head
pau_Latn,Latn,100000,5.0,2.8022,-0.683,0.2,15,0.9512,nov_Latn,,,,138,2,0.014,head
pbb_Latn,Latn,17747,4.249,2.8124,-0.54,0.2,22,0.9271,kdr_Latn,1.2141,fur_Latn,0.3844,23,0,0.0,mid
pbc_Latn,Latn,13500,4.13,2.8128,-0.534,0.2,30,0.9113,thv_Latn,1.0638,ake_Latn,0.7588,13,0,0.0,mid
pbi_Latn,Latn,13371,4.126,2.8372,-0.192,0.2,34,0.8545,hig_Latn,0.8545,hig_Latn,0.989,17,0,0.0,mid
pbt_Arab,Arab,80648,4.907,2.8601,0.417,0.2,27,0.4774,glk_Arab,0.5043,fas_Arab,0.8065,76,9,0.117,head
pcd_Latn,Latn,2213,3.345,3.2225,5.199,0.2,434,0.2648,nrf_Latn,0.2648,nrf_Latn,0.3426,2,37,12.333,flat_magnet
pck_Latn,Latn,37494,4.574,2.8898,0.544,0.2,71,0.2168,nki_Latn,0.2436,zom_Latn,0.7742,36,1,0.027,head
pcm_Latn,Latn,33265,4.522,2.9769,1.763,0.2,207,0.2583,wes_Latn,0.2583,wes_Latn,0.5048,26,32,1.185,head
pdc_Latn,Latn,13498,4.13,2.8502,-0.011,0.2,104,0.7017,bar_Latn,0.7017,bar_Latn,0.135,13,1,0.071,mid
pdt_Latn,Latn,100000,5.0,2.8379,-0.182,0.2,48,0.4948,nds_Latn,,,,121,9,0.074,head
pem_Latn,Latn,8343,3.921,2.9352,1.178,0.2,208,0.687,sbs_Latn,0.7262,lua_Latn,0.0834,8,0,0.0,mid
pfe_Latn,Latn,15290,4.184,2.794,-0.798,0.2,26,0.9274,zpj_Latn,1.0962,vut_Latn,0.8601,14,0,0.0,mid
pfl_Latn,Latn,8500,3.929,2.9811,1.821,0.2,294,0.2042,gsw_Latn,0.2042,gsw_Latn,0.0909,4,22,4.4,flat_magnet
phm_Latn,Latn,38316,4.583,2.9413,1.265,0.2,177,0.3257,nyu_Latn,0.3257,nyu_Latn,0.3832,34,6,0.171,head
pib_Latn,Latn,25109,4.4,2.8232,-0.388,0.2,45,0.847,npi_Latn,1.002,swh_Latn,0.2511,18,0,0.0,head
pio_Latn,Latn,17469,4.242,2.7871,-0.894,0.2,1,0.9338,aca_Latn,1.186,tar_Latn,0.3738,10,0,0.0,mid
pir_Latn,Latn,17355,4.239,2.7928,-0.814,0.2,13,0.7569,gvc_Latn,0.7569,gvc_Latn,0.723,13,0,0.0,mid
pis_Latn,Latn,100000,5.0,2.84,-0.153,0.2,42,0.535,bis_Latn,,,,528,4,0.008,head
pjt_Latn,Latn,19780,4.296,2.7507,-1.404,0.2,0,1.0138,diu_Latn,1.2318,wbp_Latn,0.9491,11,0,0.0,head
pkb_Latn,Latn,13429,4.128,2.9453,1.32,0.2,142,0.6438,nyf_Latn,0.6438,nyf_Latn,0.9822,13,0,0.0,mid
plg_Latn,Latn,15999,4.204,2.8594,0.118,0.2,24,0.6974,moc_Latn,0.6974,moc_Latn,0.8864,18,0,0.0,mid
pls_Latn,Latn,36929,4.567,2.8553,0.061,0.2,20,0.6688,pps_Latn,1.1077,spa_Latn,0.3693,32,0,0.0,head
plt_Latn,Latn,100000,5.0,2.8811,0.421,0.2,51,0.5359,skg_Latn,,,,248,4,0.016,head
plu_Latn,Latn,22814,4.358,2.8651,0.197,0.2,35,0.9154,thv_Latn,1.0616,bjn_Latn,0.825,12,0,0.0,head
plw_Latn,Latn,18070,4.257,2.9248,1.033,0.2,67,0.8625,mgm_Latn,0.9139,pam_Latn,0.5288,14,0,0.0,head
pma_Latn,Latn,31148,4.493,2.8746,0.33,0.2,25,0.9083,tvk_Latn,1.1261,bre_Latn,0.9332,13,0,0.0,head
pmf_Latn,Latn,13325,4.125,2.8534,0.034,0.2,42,0.8324,kzf_Latn,0.9392,lew_Latn,0.9957,14,0,0.0,mid
pmq_Latn,Latn,315,2.5,3.2727,5.902,0.2,260,0.4225,tzl_Latn,0.4569,max_Latn,0.9459,0,0,0.0,flat_magnet
pms_Latn,Latn,26149,4.417,2.9985,2.064,0.2,242,0.3051,lmo_Latn,0.3051,lmo_Latn,0.4467,28,11,0.379,head
pmx_Latn,Latn,30033,4.478,2.762,-1.245,0.2,4,0.9681,mni_Latn,1.0023,tcz_Latn,0.4376,29,0,0.0,head
pnb_Arab,Arab,100000,5.0,2.8407,0.012,0.2,26,0.1966,urd_Arab,,,,255,12,0.047,twin
pne_Latn,Latn,17790,4.25,2.7795,-1.0,0.2,14,0.9652,mgm_Latn,1.1509,ban_Latn,0.4257,14,0,0.0,mid
pnt_Grek,Grek,846,2.928,3.0043,4.376,0.2,78,0.2467,ell_Grek,0.2467,ell_Grek,0.0085,0,18,18.0,flat_magnet
pny_Latn,Latn,11061,4.044,2.7832,-0.948,0.2,23,0.8774,bfd_Latn,0.8774,bfd_Latn,0.6207,9,0,0.0,mid
poe_Latn,Latn,34622,4.539,2.8087,-0.591,0.2,1,0.8038,pps_Latn,1.039,pls_Latn,0.9375,21,0,0.0,head
poh_Latn,Latn,57259,4.758,2.8594,0.119,0.2,6,0.7029,acr_Latn,0.7029,acr_Latn,0.8424,44,0,0.0,head
poi_Latn,Latn,24578,4.391,2.8165,-0.483,0.2,6,0.9797,zpj_Latn,1.1928,arg_Latn,0.9484,7,0,0.0,head
pol_Latn,Latn,100000,5.0,2.8825,0.441,0.2,89,0.3593,szl_Latn,,,,3787,9,0.002,head
pon_Latn,Latn,100000,5.0,2.8754,0.342,0.2,49,0.921,goh_Latn,,,,351,0,0.0,head
por_Latn,Latn,100000,5.0,2.9891,1.934,0.2,200,0.2278,glg_Latn,,,,4629,38,0.008,twin
pos_Latn,Latn,4298,3.633,2.8714,0.287,0.2,76,0.7706,tzl_Latn,0.9411,ext_Latn,0.4945,5,0,0.0,mid
pot_Latn,Latn,3543,3.549,2.8164,-0.483,0.2,71,0.7831,yup_Latn,0.9928,gos_Latn,0.8979,5,0,0.0,mid
pov_Latn,Latn,23414,4.369,2.916,0.911,0.2,190,0.4434,kea_Latn,0.4434,kea_Latn,0.2341,21,5,0.227,head
poy_Latn,Latn,11062,4.044,2.9334,1.153,0.2,159,0.6918,wmw_Latn,0.6918,wmw_Latn,0.6216,10,0,0.0,mid
ppk_Latn,Latn,13248,4.122,2.8475,-0.048,0.2,53,0.8451,kzf_Latn,0.8495,npy_Latn,0.9995,15,0,0.0,mid
ppo_Latn,Latn,23741,4.376,2.7788,-1.011,0.2,0,1.0017,tpw_Latn,1.2821,mwl_Latn,0.8049,11,0,0.0,head
pps_Latn,Latn,11062,4.044,2.8069,-0.617,0.2,34,0.6688,pls_Latn,0.6688,pls_Latn,0.2995,14,0,0.0,mid
prf_Latn,Latn,17733,4.249,2.9028,0.726,0.2,92,0.7074,dgc_Latn,0.845,fil_Latn,0.1773,12,0,0.0,mid
prg_Latn,Latn,891,2.95,3.4267,8.057,0.2,668,0.3031,tzl_Latn,0.5494,fkv_Latn,0.4729,1,1,0.5,flat_magnet
pri_Latn,Latn,16474,4.217,2.7915,-0.832,0.2,9,0.9658,tzl_Latn,1.1485,scn_Latn,0.2649,11,0,0.0,mid
prq_Latn,Latn,4298,3.633,2.9276,1.073,0.2,88,0.3305,cpc_Latn,0.3305,cpc_Latn,0.2411,4,0,0.0,mid
pse_Latn,Latn,13493,4.13,2.8719,0.293,0.2,75,0.8042,ind_Latn,0.8042,ind_Latn,0.1349,9,0,0.0,mid
pss_Latn,Latn,6762,3.83,2.7776,-1.027,0.2,49,0.8434,drg_Latn,1.0276,bjn_Latn,0.2445,6,0,0.0,mid
ptp_Latn,Latn,24490,4.389,2.7375,-1.588,0.2,0,1.0143,eto_Latn,1.2478,diq_Latn,0.8732,11,0,0.0,head
ptu_Latn,Latn,17647,4.247,2.8919,0.573,0.2,55,0.4844,mqj_Latn,0.4844,mqj_Latn,0.7191,10,1,0.091,mid
pua_Latn,Latn,6760,3.83,2.8113,-0.554,0.2,46,0.1837,tsz_Latn,0.1837,tsz_Latn,0.0676,6,5,0.714,mid
pui_Latn,Latn,6760,3.83,2.8273,-0.331,0.2,65,0.8214,asm_Latn,0.9868,ext_Latn,0.7777,5,0,0.0,mid
pwg_Latn,Latn,24474,4.389,2.8994,0.678,0.2,48,0.3429,bmk_Latn,1.0388,dww_Latn,0.7881,13,1,0.071,head
pwn_Latn,Latn,561,2.75,3.1679,4.435,0.2,454,0.5259,xum_Latn,0.5592,szy_Latn,0.2212,1,5,2.5,flat_magnet
pww_Thai,Thai,37451,4.573,2.6737,-3.825,0.2,1,0.9,bzi_Thai,1.0352,tha_Thai,0.3745,36,0,0.0,head
pxm_Latn,Latn,30440,4.483,2.7707,-1.123,0.2,2,0.6401,mco_Latn,0.6401,mco_Latn,0.3044,18,0,0.0,head
qub_Latn,Latn,86392,4.936,2.9454,1.322,0.2,67,0.3145,qxh_Latn,0.8193,qvi_Latn,0.8639,67,1,0.015,head
quc_Latn,Latn,100000,5.0,2.902,0.714,0.2,32,0.3172,acr_Latn,,,,199,4,0.02,head
quf_Latn,Latn,17558,4.244,2.8605,0.133,0.2,40,0.5354,qvc_Latn,0.6739,quy_Latn,0.1756,12,0,0.0,mid
qug_Latn,Latn,100000,5.0,2.8612,0.143,0.2,18,0.2731,qvi_Latn,,,,134,1,0.007,head
quh_Latn,Latn,50801,4.706,2.8906,0.555,0.2,23,0.1492,qul_Latn,0.3738,quz_Latn,0.508,38,1,0.026,twin
qul_Latn,Latn,28854,4.46,2.8826,0.443,0.2,34,0.1492,quh_Latn,0.1492,quh_Latn,0.568,26,5,0.185,twin
qup_Latn,Latn,23884,4.378,2.7994,-0.722,0.2,12,0.4164,qvs_Latn,0.8263,quz_Latn,0.2388,10,0,0.0,head
qus_Latn,Latn,5732,3.758,2.9994,2.077,0.2,190,0.6603,zpj_Latn,0.7094,ext_Latn,0.6595,7,42,5.25,flat_magnet
quw_Latn,Latn,28537,4.455,2.8877,0.514,0.2,93,0.4058,qvz_Latn,0.4738,qvi_Latn,0.2854,31,0,0.0,head
quy_Latn,Latn,100000,5.0,2.8945,0.61,0.2,46,0.2379,quz_Latn,,,,403,4,0.01,twin
quz_Latn,Latn,100000,5.0,2.8958,0.627,0.2,45,0.1731,qve_Latn,,,,313,12,0.038,head
qva_Latn,Latn,10970,4.04,2.9311,1.121,0.2,77,0.2789,qvn_Latn,0.2789,qvn_Latn,0.6159,8,0,0.0,mid
qvc_Latn,Latn,17482,4.243,2.8548,0.054,0.2,36,0.5354,quf_Latn,0.5354,quf_Latn,0.9957,14,0,0.0,mid
qve_Latn,Latn,17832,4.251,2.8845,0.469,0.2,43,0.1731,quz_Latn,0.1731,quz_Latn,0.1783,12,13,1.0,mid
qvh_Latn,Latn,22988,4.362,2.8839,0.461,0.2,39,0.2452,qvm_Latn,0.3669,qub_Latn,0.2661,8,1,0.111,head
qvi_Latn,Latn,100000,5.0,2.8625,0.161,0.2,25,0.2731,qug_Latn,,,,190,3,0.016,head
qvm_Latn,Latn,16650,4.221,2.8978,0.656,0.2,48,0.2452,qvh_Latn,0.2452,qvh_Latn,0.7243,6,1,0.143,mid
qvn_Latn,Latn,17810,4.251,2.8707,0.276,0.2,44,0.2789,qva_Latn,0.4996,qub_Latn,0.2062,9,0,0.0,mid
qvo_Latn,Latn,13361,4.126,2.8497,-0.018,0.2,47,0.3076,qxr_Latn,0.4863,qug_Latn,0.1336,14,0,0.0,mid
qvs_Latn,Latn,17666,4.247,2.8156,-0.495,0.2,35,0.4164,qup_Latn,0.4164,qup_Latn,0.7397,7,0,0.0,mid
qvw_Latn,Latn,23613,4.373,2.8564,0.076,0.2,30,0.6259,qxh_Latn,0.6726,qub_Latn,0.2733,6,0,0.0,head
qvz_Latn,Latn,17523,4.244,2.8204,-0.428,0.2,27,0.4058,quw_Latn,0.4058,quw_Latn,0.614,12,0,0.0,mid
qwh_Latn,Latn,17649,4.247,2.8845,0.469,0.2,58,0.6128,qxo_Latn,0.6128,qxo_Latn,0.7649,8,0,0.0,mid
qxh_Latn,Latn,17446,4.242,2.8771,0.366,0.2,49,0.3145,qub_Latn,0.3145,qub_Latn,0.2019,17,1,0.056,mid
qxl_Latn,Latn,10958,4.04,2.8192,-0.444,0.2,49,0.8348,quw_Latn,0.8348,quw_Latn,0.384,9,0,0.0,mid
qxn_Latn,Latn,17805,4.251,2.8923,0.579,0.2,45,0.1801,qxo_Latn,0.1801,qxo_Latn,0.7716,9,0,0.0,twin
qxo_Latn,Latn,23074,4.363,2.8875,0.511,0.2,37,0.1801,qxn_Latn,0.4133,qub_Latn,0.2671,6,0,0.0,twin
qxr_Latn,Latn,12493,4.097,2.8443,-0.093,0.2,45,0.2916,qug_Latn,0.2916,qug_Latn,0.1249,14,2,0.133,mid
rad_Latn,Latn,30721,4.487,2.7713,-1.114,0.2,2,0.5871,jra_Latn,1.3277,vie_Latn,0.3072,33,0,0.0,head
rai_Latn,Latn,24409,4.388,2.8169,-0.477,0.2,30,0.943,mrv_Latn,0.9835,ksd_Latn,0.4095,8,0,0.0,head
ram_Latn,Latn,8103,3.909,2.7655,-1.196,0.2,33,0.8766,arr_Latn,1.0065,apn_Latn,0.4972,10,0,0.0,mid
rap_Latn,Latn,10989,4.041,2.8253,-0.359,0.2,36,0.7634,tkl_Latn,0.8148,mri_Latn,0.1505,10,1,0.091,mid
rar_Latn,Latn,100000,5.0,2.8071,-0.613,0.2,23,0.538,mri_Latn,,,,756,1,0.001,head
rav_Deva,Deva,6754,3.83,2.7531,-1.558,0.2,40,0.4122,kle_Deva,0.4122,kle_Deva,0.9984,5,0,0.0,mid
raw_Latn,Latn,6734,3.828,2.79,-0.853,0.2,39,0.8363,mus_Latn,1.1148,eml_Latn,0.2641,7,0,0.0,mid
rcf_Latn,Latn,10707,4.03,2.9022,0.717,0.2,164,0.5132,gcr_Latn,0.5132,gcr_Latn,0.3985,8,3,0.333,mid
rej_Latn,Latn,9098,3.959,2.9596,1.521,0.2,189,0.6235,bew_Latn,0.6235,bew_Latn,0.5585,10,0,0.0,mid
rel_Latn,Latn,6750,3.829,2.9798,1.803,0.2,147,0.7178,kas_Latn,0.7933,som_Latn,0.0675,7,0,0.0,mid
rgu_Latn,Latn,12785,4.107,2.866,0.21,0.2,62,0.4888,txq_Latn,0.4888,txq_Latn,0.6967,2,0,0.0,mid
rhg_Latn,Latn,3252,3.512,3.1019,3.512,0.2,430,0.4551,asm_Latn,0.5303,ben_Latn,0.8317,6,1,0.143,mid
ria_Latn,Latn,11043,4.043,2.8169,-0.477,0.2,54,0.8398,asm_Latn,0.8467,dis_Latn,0.9985,9,0,0.0,mid
rim_Latn,Latn,17820,4.251,2.8981,0.659,0.2,80,0.8068,diu_Latn,0.8881,heh_Latn,0.9704,6,0,0.0,mid
rjs_Deva,Deva,6760,3.83,2.8464,-0.269,0.2,51,0.5341,thl_Deva,0.5341,thl_Deva,0.9776,8,0,0.0,mid
rkb_Latn,Latn,17397,4.24,2.7774,-1.03,0.2,4,0.9614,kdr_Latn,1.1393,skg_Latn,0.3884,10,0,0.0,mid
rmc_Latn,Latn,39151,4.593,2.9116,0.848,0.2,112,0.54,rmn_Latn,0.54,rmn_Latn,0.3915,32,2,0.061,head
rme_Latn,Latn,366,2.565,3.4196,7.958,0.2,697,0.3284,ldn_Latn,0.3668,thv_Latn,0.9839,0,1,1.0,flat_magnet
rml_Latn,Latn,1790,3.253,3.1107,3.634,0.2,298,0.5523,kdr_Latn,0.605,rmc_Latn,0.0457,2,2,0.667,mid
rmn_Cyrl,Cyrl,64930,4.812,2.8272,-0.559,0.2,48,0.3891,mkd_Cyrl,0.3891,mkd_Cyrl,0.6493,62,24,0.381,head
rmn_Grek,Grek,79160,4.899,2.6416,-1.02,0.2,3,0.2604,ell_Grek,0.2604,ell_Grek,0.7916,74,45,0.6,head
rmn_Latn,Latn,100000,5.0,2.9284,1.083,0.2,140,0.4887,rmy_Latn,,,,122,10,0.081,head
rmo_Latn,Latn,16689,4.222,2.8807,0.416,0.2,76,0.7754,rml_Latn,0.7769,rmy_Latn,0.2364,16,1,0.059,mid
rmq_Latn,Latn,3913,3.593,3.0016,2.108,0.2,204,0.5441,spa_Latn,0.5441,spa_Latn,0.0391,3,1,0.25,mid
rmy_Cyrl,Cyrl,30085,4.478,2.8254,-0.583,0.2,58,0.6577,mdf_Cyrl,0.6695,rmn_Cyrl,0.4633,31,5,0.156,head
rmy_Latn,Latn,70602,4.849,3.0071,2.185,0.2,241,0.4887,rmn_Latn,0.4887,rmn_Latn,0.706,65,4,0.061,head
rnd_Latn,Latn,24508,4.389,2.9069,0.783,0.2,121,0.7687,sby_Latn,0.7886,lun_Latn,0.2451,21,1,0.045,head
rng_Latn,Latn,65043,4.813,2.8908,0.558,0.2,116,0.3335,tso_Latn,0.3335,tso_Latn,0.6504,60,1,0.016,head
rnl_Latn,Latn,21989,4.342,2.8918,0.571,0.2,106,0.4432,aim_Latn,0.6478,hra_Latn,0.7182,26,0,0.0,head
roh_Latn,Latn,30545,4.485,2.9744,1.727,0.2,245,0.3738,lmo_Latn,0.3738,lmo_Latn,0.5218,27,10,0.357,head
ron_Cyrl,Cyrl,30637,4.486,2.8125,-0.754,0.2,55,0.622,lfn_Cyrl,0.6936,mhr_Cyrl,0.3064,28,6,0.207,head
ron_Latn,Latn,100000,5.0,2.9537,1.438,0.2,203,0.5615,rmy_Latn,,,,1371,11,0.008,head
roo_Latn,Latn,24068,4.381,2.7263,-1.745,0.2,1,0.9856,mrv_Latn,1.1984,tbg_Latn,0.5368,6,0,0.0,head
rop_Latn,Latn,54485,4.736,2.804,-0.658,0.2,0,1.0205,kas_Latn,1.1308,tpi_Latn,0.5448,44,0,0.0,head
row_Latn,Latn,14225,4.153,2.8531,0.03,0.2,51,0.4929,rgu_Latn,0.5604,txq_Latn,0.7752,2,0,0.0,mid
rro_Latn,Latn,24580,4.391,2.8187,-0.452,0.2,30,0.9023,mrv_Latn,1.0305,gil_Latn,0.2458,6,0,0.0,head
rtm_Latn,Latn,8987,3.954,2.8085,-0.594,0.2,75,0.7732,mgm_Latn,0.9803,frr_Latn,0.8326,9,1,0.1,mid
rub_Latn,Latn,11018,4.042,2.9176,0.932,0.2,80,0.6553,nyo_Latn,0.6553,nyo_Latn,0.8145,11,0,0.0,mid
rue_Cyrl,Cyrl,8501,3.93,2.9476,1.027,0.2,106,0.2059,ukr_Cyrl,0.2059,ukr_Cyrl,0.085,7,185,23.125,mid
ruf_Latn,Latn,17822,4.251,2.9162,0.913,0.2,124,0.5786,kki_Latn,0.5786,kki_Latn,0.9997,9,0,0.0,mid
rug_Latn,Latn,30060,4.478,2.8612,0.144,0.2,35,0.9134,mrv_Latn,1.0533,fij_Latn,0.3006,24,0,0.0,head
run_Latn,Latn,100000,5.0,2.9667,1.62,0.2,198,0.0826,kin_Latn,,,,1169,175,0.15,twin
rup_Latn,Latn,5032,3.702,3.0041,2.143,0.2,214,0.5749,ron_Latn,0.5749,ron_Latn,0.0503,3,5,1.25,mid
rus_Cyrl,Cyrl,100000,5.0,2.9104,0.537,0.2,50,0.311,bul_Cyrl,,,,7610,19,0.002,head
rwo_Latn,Latn,51384,4.711,2.7737,-1.081,0.2,0,1.0705,diu_Latn,1.2298,xho_Latn,0.5138,19,0,0.0,head
sab_Latn,Latn,16901,4.228,2.757,-1.315,0.2,0,1.0019,zpj_Latn,1.2133,kck_Latn,0.643,8,0,0.0,mid
sag_Latn,Latn,100000,5.0,2.8127,-0.535,0.2,36,0.7806,ngb_Latn,,,,840,0,0.0,head
sah_Cyrl,Cyrl,100000,5.0,2.8569,-0.168,0.2,57,0.6045,kir_Cyrl,,,,113,0,0.0,head
saj_Latn,Latn,6675,3.825,2.8893,0.536,0.2,74,0.7736,tby_Latn,0.7736,tby_Latn,0.4973,5,0,0.0,mid
san_Deva,Deva,100000,5.0,2.8202,-0.631,0.2,30,0.3414,dty_Deva,,,,131,13,0.098,head
san_Latn,Latn,36337,4.56,2.8579,0.097,0.2,74,0.626,guj_Latn,0.9632,lvs_Latn,0.3634,34,0,0.0,head
sas_Latn,Latn,13444,4.129,2.9007,0.696,0.2,72,0.8144,ban_Latn,0.8144,ban_Latn,0.3217,12,0,0.0,mid
sat_Latn,Latn,10932,4.039,2.8464,-0.064,0.2,57,0.8465,asm_Latn,1.0609,jbo_Latn,0.8788,12,0,0.0,mid
sat_Olck,Olck,16858,4.227,2.6613,0.0,0.2,0,1.0932,lad_Hebr,,,,14,0,0.0,mid
say_Latn,Latn,693,2.841,3.3123,6.457,0.2,200,0.4004,aqz_Latn,0.6111,prg_Latn,0.7778,1,2,1.0,flat_magnet
sba_Latn,Latn,37535,4.574,2.7884,-0.876,0.2,0,1.0065,zpj_Latn,1.1549,kia_Latn,0.8974,32,0,0.0,head
sbd_Latn,Latn,13463,4.129,2.7996,-0.719,0.2,35,0.8006,mev_Latn,0.9302,bam_Latn,0.7201,13,0,0.0,mid
sbe_Latn,Latn,14275,4.155,2.8658,0.207,0.2,53,0.7481,bxh_Latn,0.7981,tte_Latn,0.4679,8,0,0.0,mid
sbl_Latn,Latn,17703,4.248,2.902,0.714,0.2,58,0.5087,xsb_Latn,0.5087,xsb_Latn,0.9933,16,0,0.0,mid
sbs_Latn,Latn,271,2.435,3.6835,11.651,0.2,1063,0.1761,sby_Latn,0.2143,max_Latn,0.8138,1,23,11.5,flat_magnet
sby_Latn,Latn,172,2.238,3.7576,12.688,0.2,1305,0.1273,ldn_Latn,0.1432,tzl_Latn,0.9053,0,0,0.0,flat_magnet
sck_Deva,Deva,6800,3.833,2.8519,-0.195,0.2,55,0.3866,mag_Deva,0.3866,mag_Deva,0.5293,7,0,0.0,mid
scn_Latn,Latn,62189,4.794,2.9881,1.919,0.2,247,0.2055,cos_Latn,0.3305,ita_Latn,0.6219,46,9,0.191,head
sco_Latn,Latn,87458,4.942,3.0276,2.472,0.2,276,0.2178,eng_Latn,0.2178,eng_Latn,0.8746,87,398,4.523,flat_magnet
sda_Latn,Latn,18554,4.268,2.8657,0.206,0.2,80,0.5032,mqj_Latn,0.5032,mqj_Latn,0.756,8,1,0.111,head
sdc_Latn,Latn,692,2.841,3.3777,7.372,0.2,784,0.3518,tzl_Latn,0.3972,cos_Latn,0.0734,1,1,0.5,flat_magnet
sdh_Arab,Arab,100000,5.0,2.8301,-0.211,0.2,16,0.1892,ckb_Arab,,,,94,6,0.063,twin
sdo_Latn,Latn,643,2.809,3.4546,8.447,0.2,599,0.3141,max_Latn,0.4384,eme_Latn,0.9969,0,0,0.0,flat_magnet
sdq_Latn,Latn,12828,4.108,2.9521,1.416,0.2,87,0.771,abs_Latn,0.8061,bjn_Latn,0.4639,13,1,0.071,mid
seh_Latn,Latn,100000,5.0,2.9427,1.283,0.2,143,0.3176,swk_Latn,,,,260,1,0.004,head
sel_Cyrl,Cyrl,111,2.049,3.6511,10.302,0.2,391,0.1965,ldn_Latn,0.2492,lbe_Cyrl,0.6099,0,0,0.0,flat_magnet
ses_Latn,Latn,22094,4.344,2.8711,0.282,0.2,60,0.4713,dje_Latn,0.9187,fuh_Latn,0.9015,12,0,0.0,head
sey_Latn,Latn,17722,4.249,2.7593,-1.283,0.2,3,0.9591,snn_Latn,1.2849,zpc_Latn,0.9987,21,0,0.0,mid
sfw_Latn,Latn,8107,3.909,2.9176,0.932,0.2,133,0.4672,twi_Latn,0.4672,twi_Latn,0.0811,5,13,2.167,mid
sgb_Latn,Latn,17786,4.25,2.8995,0.679,0.2,69,0.6296,xsb_Latn,0.6296,xsb_Latn,0.998,9,0,0.0,mid
sgc_Latn,Latn,11896,4.075,2.9465,1.337,0.2,111,0.1866,niq_Latn,0.1866,niq_Latn,0.3954,4,1,0.2,mid
sgh_Cyrl,Cyrl,614,2.789,3.3107,5.815,0.2,201,0.3609,lez_Cyrl,0.4974,tkr_Cyrl,0.7902,1,1,0.5,flat_magnet
sgs_Latn,Latn,8518,3.93,2.918,0.939,0.2,214,0.4323,lit_Latn,0.4323,lit_Latn,0.0852,6,25,3.571,mid
sgw_Ethi,Ethi,13446,4.129,2.6693,-0.516,0.2,8,0.3859,amh_Ethi,0.3859,amh_Ethi,0.1345,6,0,0.0,mid
sgz_Latn,Latn,28351,4.453,2.8074,-0.61,0.2,6,0.9566,lbb_Latn,1.18,pam_Latn,0.8297,7,1,0.125,head
shi_Latn,Latn,8865,3.948,2.83,-0.293,0.2,72,0.635,kab_Latn,0.635,kab_Latn,0.0887,7,0,0.0,mid
shk_Latn,Latn,6733,3.828,2.8256,-0.355,0.2,43,0.8585,zpj_Latn,1.1101,mfq_Latn,0.3124,5,0,0.0,mid
shn_Mymr,Mymr,32679,4.514,2.7337,0.544,0.2,0,1.0609,mnw_Mymr,1.1749,mya_Mymr,0.3268,30,0,0.0,head
shp_Latn,Latn,71688,4.855,2.8226,-0.397,0.2,35,0.7872,kaq_Latn,1.0229,glg_Latn,0.7169,27,1,0.036,head
shr_Latn,Latn,12550,4.099,2.9711,1.682,0.2,212,0.1856,hav_Latn,0.5466,cgg_Latn,0.363,13,1,0.071,twin
shu_Arab,Arab,4298,3.633,2.8016,-0.808,0.2,36,0.4687,aeb_Arab,0.4687,aeb_Arab,0.1663,4,2,0.4,mid
sid_Latn,Latn,100000,5.0,2.8685,0.245,0.2,49,0.7199,wal_Latn,,,,109,0,0.0,head
sig_Latn,Latn,17703,4.248,2.7611,-1.258,0.2,5,0.9317,kmy_Latn,0.9432,bib_Latn,0.9943,18,0,0.0,mid
sil_Latn,Latn,13450,4.129,2.8244,-0.372,0.2,34,0.8879,mev_Latn,0.9245,vag_Latn,0.7544,15,0,0.0,mid
sim_Latn,Latn,24094,4.382,2.8329,-0.253,0.2,11,0.9567,diu_Latn,1.1542,jav_Latn,0.2409,11,0,0.0,head
sin_Sinh,Sinh,100000,5.0,2.5595,0.0,0.2,0,1.2796,lad_Hebr,,,,457,0,0.0,head
sja_Latn,Latn,22053,4.343,2.788,-0.882,0.2,7,0.957,eme_Latn,1.2867,arg_Latn,0.851,17,0,0.0,head
sjo_Mong,Mong,688,2.838,2.8909,0.0,0.2,68,0.6894,ldn_Latn,,,,0,0,0.0,isolated_tail
sju_Latn,Latn,102,2.013,3.6884,11.72,0.2,1045,0.161,ldn_Latn,0.161,ldn_Latn,0.9623,0,1,1.0,flat_magnet
skg_Latn,Latn,44788,4.651,2.8698,0.264,0.2,63,0.3519,xmv_Latn,0.3519,xmv_Latn,0.7872,44,1,0.022,head
skr_Arab,Arab,2026,3.307,3.0731,4.878,0.2,92,0.3709,pnb_Arab,0.3709,pnb_Arab,0.0203,1,2,1.0,mid
sld_Latn,Latn,13475,4.13,2.8476,-0.047,0.2,32,0.7467,kdh_Latn,0.9038,nko_Latn,0.7633,11,0,0.0,mid
slk_Latn,Latn,100000,5.0,2.9288,1.089,0.2,121,0.3008,ces_Latn,,,,2900,21,0.007,head
sll_Latn,Latn,24338,4.386,2.8609,0.139,0.2,32,0.8171,gvf_Latn,0.8171,gvf_Latn,0.9963,7,0,0.0,head
slv_Latn,Latn,100000,5.0,2.9297,1.102,0.2,170,0.2213,hbs_Latn,,,,3293,45,0.014,twin
sma_Latn,Latn,11624,4.065,2.8806,0.415,0.2,156,0.5807,smj_Latn,0.7325,sme_Latn,0.1162,12,3,0.231,mid
sme_Latn,Latn,100000,5.0,2.9269,1.062,0.2,154,0.3818,smj_Latn,,,,164,13,0.079,head
smj_Latn,Latn,7981,3.902,2.9257,1.046,0.2,184,0.3818,sme_Latn,0.3818,sme_Latn,0.0798,7,1,0.125,mid
smk_Latn,Latn,17697,4.248,2.9235,1.015,0.2,107,0.6539,xsb_Latn,0.6539,xsb_Latn,0.993,13,1,0.071,mid
sml_Latn,Latn,13435,4.128,2.9144,0.888,0.2,83,0.7667,yka_Latn,0.7667,yka_Latn,0.5389,13,0,0.0,mid
smn_Latn,Latn,12132,4.084,2.9332,1.151,0.2,135,0.5727,sme_Latn,0.5727,sme_Latn,0.1213,12,1,0.077,mid
smo_Latn,Latn,100000,5.0,2.816,-0.489,0.2,20,0.5961,fud_Latn,,,,1323,1,0.001,head
sms_Latn,Latn,5951,3.775,2.8532,0.031,0.2,118,0.6071,smn_Latn,0.6071,smn_Latn,0.4905,4,3,0.6,mid
smt_Latn,Latn,17824,4.251,2.8855,0.483,0.2,82,0.351,pck_Latn,0.351,pck_Latn,0.4754,19,0,0.0,mid
sna_Latn,Latn,100000,5.0,2.9427,1.283,0.2,164,0.2425,ndc_Latn,,,,1707,12,0.007,head
snc_Latn,Latn,24563,4.39,2.8024,-0.68,0.2,12,0.8091,meu_Latn,0.8091,meu_Latn,0.2456,6,0,0.0,head
snd_Arab,Arab,100000,5.0,2.7577,-1.728,0.2,26,0.6483,glk_Arab,,,,120,6,0.05,head
snd_Deva,Deva,2147,3.332,2.9965,1.803,0.2,90,0.269,kas_Deva,0.269,kas_Deva,0.2971,2,1,0.333,mid
snd_Latn,Latn,4155,3.619,3.0892,3.334,0.2,511,0.3981,pan_Latn,0.6005,hin_Latn,0.1199,4,7,1.4,mid
snf_Latn,Latn,11027,4.042,2.8907,0.556,0.2,63,0.8322,otw_Latn,0.9083,ffm_Latn,0.4504,14,0,0.0,mid
snn_Latn,Latn,17690,4.248,2.7731,-1.089,0.2,1,0.9591,sey_Latn,0.9591,sey_Latn,0.9982,8,0,0.0,mid
snp_Latn,Latn,48512,4.686,2.8315,-0.272,0.2,2,0.8237,yby_Latn,1.0848,loz_Latn,0.4851,13,0,0.0,head
snw_Latn,Latn,17742,4.249,2.8297,-0.297,0.2,33,0.8461,bov_Latn,0.9491,bam_Latn,0.9489,8,0,0.0,mid
sny_Latn,Latn,24185,4.384,2.7961,-0.768,0.2,0,1.0132,ldn_Latn,1.2991,diq_Latn,0.8623,10,0,0.0,head
soe_Latn,Latn,945,2.976,3.3047,6.35,0.2,360,0.4198,ldn_Latn,0.5098,tll_Latn,0.0095,1,0,0.0,flat_magnet
som_Latn,Latn,100000,5.0,2.9399,1.245,0.2,89,0.665,gaz_Latn,,,,240,0,0.0,head
sop_Latn,Latn,100000,5.0,2.9126,0.863,0.2,151,0.4013,lub_Latn,,,,168,3,0.018,head
soq_Latn,Latn,28667,4.457,2.8404,-0.148,0.2,22,0.9537,mrv_Latn,1.1007,mti_Latn,0.7563,13,0,0.0,head
sot_Latn,Latn,73326,4.865,2.893,0.589,0.2,67,0.3876,tsn_Latn,0.3876,tsn_Latn,0.7333,74,6,0.08,head
soy_Latn,Latn,17800,4.25,2.7683,-1.157,0.2,4,0.9238,mkl_Latn,0.9356,tbz_Latn,0.3392,15,0,0.0,mid
spa_Latn,Latn,100000,5.0,3.0238,2.418,0.2,235,0.2215,ast_Latn,,,,3010,41,0.014,twin
spl_Latn,Latn,21813,4.339,2.8169,-0.477,0.2,2,0.7956,tim_Latn,0.7956,tim_Latn,0.7105,7,0,0.0,head
spm_Latn,Latn,2755,3.44,2.9361,1.191,0.2,90,0.7397,diu_Latn,0.7974,msy_Latn,0.1154,2,0,0.0,mid
spp_Latn,Latn,17708,4.248,2.8361,-0.208,0.2,30,0.9079,myk_Latn,0.9079,myk_Latn,0.9855,11,0,0.0,mid
sps_Latn,Latn,24920,4.397,2.8313,-0.276,0.2,15,0.9329,mrv_Latn,1.1334,bjn_Latn,0.9011,7,0,0.0,head
spy_Latn,Latn,19910,4.299,2.8244,-0.372,0.2,18,0.5399,enb_Latn,1.1266,niq_Latn,0.6617,15,0,0.0,head
srd_Latn,Latn,48717,4.688,3.0348,2.573,0.2,280,0.3181,cos_Latn,0.3447,scn_Latn,0.7834,39,26,0.65,head
sri_Latn,Latn,17537,4.244,2.7989,-0.729,0.2,14,0.8508,des_Latn,0.9073,tue_Latn,0.9946,14,0,0.0,mid
srm_Latn,Latn,65066,4.813,2.7973,-0.75,0.2,3,0.8087,djk_Latn,0.8087,djk_Latn,0.7072,51,0,0.0,head
srn_Latn,Latn,100000,5.0,2.8235,-0.384,0.2,70,0.5417,djk_Latn,,,,901,2,0.002,head
srp_Cyrl,Cyrl,100000,5.0,2.8562,-0.178,0.2,48,0.2032,mkd_Cyrl,,,,1121,29,0.026,twin
srp_Latn,Latn,79008,4.898,2.9375,1.211,0.2,158,0.1396,hbs_Latn,0.1396,hbs_Latn,0.7901,76,214,2.779,twin
srq_Latn,Latn,10959,4.04,2.8049,-0.644,0.2,34,0.8305,tpn_Latn,1.038,gui_Latn,0.3893,12,0,0.0,mid
srr_Latn,Latn,2867,3.458,3.0777,3.173,0.2,301,0.5564,zpj_Latn,0.6853,wol_Latn,0.0411,2,0,0.0,mid
ssd_Latn,Latn,29416,4.469,2.819,-0.447,0.2,12,0.9535,thv_Latn,1.1429,jav_Latn,0.2942,9,0,0.0,head
ssg_Latn,Latn,24525,4.39,2.8469,-0.057,0.2,32,0.9205,thv_Latn,1.0901,sun_Latn,0.2452,10,0,0.0,head
ssw_Latn,Latn,100000,5.0,2.9263,1.054,0.2,188,0.3284,zul_Latn,,,,354,3,0.008,head
ssx_Latn,Latn,22160,4.346,2.7598,-1.276,0.2,0,1.0197,mrv_Latn,1.2214,knv_Latn,0.4045,6,0,0.0,head
stn_Latn,Latn,13415,4.128,2.8591,0.114,0.2,43,0.7978,agw_Latn,0.7978,agw_Latn,0.3425,14,0,0.0,mid
stp_Latn,Latn,17750,4.249,2.7865,-0.902,0.2,1,0.9912,kdr_Latn,1.2971,mxp_Latn,0.9992,13,0,0.0,mid
stq_Latn,Latn,8966,3.953,2.8999,0.685,0.2,89,0.6656,gos_Latn,0.7035,fry_Latn,0.0897,10,1,0.091,mid
sua_Latn,Latn,23474,4.371,2.8511,0.002,0.2,14,0.9483,asm_Latn,1.0967,rmy_Latn,0.3325,4,0,0.0,head
suc_Latn,Latn,11025,4.042,2.8677,0.235,0.2,41,0.8339,drg_Latn,1.0247,atd_Latn,0.6265,8,0,0.0,mid
sue_Latn,Latn,24412,4.388,2.8213,-0.415,0.2,24,0.8532,zia_Latn,1.1198,soq_Latn,0.8516,7,0,0.0,head
suk_Latn,Latn,22242,4.347,2.9243,1.026,0.2,126,0.7384,lea_Latn,0.7654,nyy_Latn,0.2241,17,0,0.0,head
sun_Latn,Latn,100000,5.0,3.0585,2.905,0.2,303,0.3698,bjn_Latn,,,,131,6,0.045,head
sur_Latn,Latn,13529,4.131,2.8099,-0.575,0.2,34,0.9069,mgm_Latn,1.0393,fuv_Latn,0.4424,12,0,0.0,mid
sus_Arab,Arab,30707,4.487,2.6042,-4.942,0.2,3,0.7743,knc_Arab,1.0009,arz_Arab,0.3071,27,0,0.0,head
sus_Latn,Latn,21057,4.323,2.8239,-0.379,0.2,52,0.4171,yal_Latn,0.933,dyu_Latn,0.2106,14,0,0.0,head
suz_Deva,Deva,57138,4.757,2.743,-1.698,0.2,30,0.721,doi_Deva,0.7539,npi_Deva,0.5714,52,0,0.0,head
swb_Latn,Latn,1096,3.04,3.3259,6.646,0.2,668,0.2888,zdj_Latn,0.2888,zdj_Latn,0.6968,1,0,0.0,flat_magnet
swc_Latn,Latn,100000,5.0,2.9495,1.378,0.2,186,0.1443,swh_Latn,,,,369,32,0.086,twin
swe_Latn,Latn,100000,5.0,2.9351,1.177,0.2,163,0.392,nno_Latn,,,,3391,36,0.011,head
swg_Latn,Latn,8406,3.925,2.9167,0.92,0.2,189,0.3516,gsw_Latn,0.3516,gsw_Latn,0.0899,8,7,0.778,mid
swh_Latn,Latn,100000,5.0,3.0115,2.247,0.2,313,0.1443,swc_Latn,,,,525,52,0.099,twin
swk_Latn,Latn,6577,3.818,2.967,1.624,0.2,181,0.3176,seh_Latn,0.3176,seh_Latn,0.0658,6,2,0.286,mid
swp_Latn,Latn,25881,4.413,2.8522,0.018,0.2,51,0.8345,sbe_Latn,0.8853,meu_Latn,0.2588,17,0,0.0,head
sxb_Latn,Latn,17789,4.25,2.9025,0.721,0.2,87,0.7295,gwr_Latn,0.7347,xog_Latn,0.6622,8,0,0.0,mid
sxn_Latn,Latn,49827,4.697,2.8999,0.685,0.2,64,0.813,abs_Latn,0.9187,jav_Latn,0.4983,53,0,0.0,head
syb_Latn,Latn,10836,4.035,2.9227,1.003,0.2,68,0.8391,mgm_Latn,0.8796,plw_Latn,0.5997,12,0,0.0,mid
syc_Syrc,Syrc,7103,3.852,2.668,0.0,0.2,7,0.0804,arc_Syrc,0.8318,aii_Syrc,0.2906,6,0,0.0,mid
syl_Beng,Beng,4163,3.62,2.7255,1.522,0.2,25,0.2999,ben_Beng,0.2999,ben_Beng,0.0416,4,10,2.0,tight_lowres
syl_Latn,Latn,8549,3.932,2.8099,-0.575,0.2,117,0.7736,asm_Latn,0.8989,frr_Latn,0.792,5,21,3.5,mid
syl_Sylo,Sylo,3570,3.553,2.7322,0.0,0.2,15,0.9355,lad_Hebr,,,,4,0,0.0,mid
szb_Latn,Latn,6749,3.829,2.8616,0.148,0.2,60,0.812,aqz_Latn,1.0432,abz_Latn,0.5062,6,0,0.0,mid
szl_Latn,Latn,55404,4.744,2.9555,1.463,0.2,214,0.3593,pol_Latn,0.3593,pol_Latn,0.554,39,83,2.075,head
szy_Latn,Latn,2536,3.404,3.0167,2.319,0.2,297,0.5592,pwn_Latn,0.6812,bjn_Latn,0.0917,2,2,0.667,mid
tab_Cyrl,Cyrl,17650,4.247,2.8014,-0.9,0.2,44,0.4939,agx_Cyrl,0.7616,che_Cyrl,0.3138,15,0,0.0,mid
tac_Latn,Latn,20618,4.314,2.8461,-0.068,0.2,22,0.6224,tar_Latn,0.6224,tar_Latn,0.4412,12,0,0.0,head
tah_Latn,Latn,100000,5.0,2.7913,-0.836,0.2,14,0.5961,mrq_Latn,,,,940,0,0.0,head
taj_Deva,Deva,17753,4.249,2.7725,-1.29,0.2,30,0.6901,thl_Deva,0.7569,xsr_Deva,0.9976,8,0,0.0,mid
tam_Latn,Latn,4081,3.611,3.0277,2.473,0.2,326,0.4122,tel_Latn,0.4286,kan_Latn,0.9903,4,2,0.4,mid
tam_Taml,Taml,100000,5.0,2.6171,0.0,0.2,0,1.2636,ldn_Latn,,,,1387,0,0.0,head
tap_Latn,Latn,6921,3.84,3.002,2.113,0.2,238,0.5395,lea_Latn,0.5789,bem_Latn,0.0692,6,3,0.429,mid
taq_Latn,Latn,27347,4.437,2.8748,0.334,0.2,74,0.5329,ttq_Latn,0.728,kab_Latn,0.2735,25,3,0.115,head
taq_Tfng,Tfng,4245,3.628,2.7419,-0.533,0.2,23,0.3733,tzm_Tfng,0.7992,ttq_Tfng,0.9925,5,0,0.0,mid
tar_Latn,Latn,46732,4.67,2.885,0.477,0.2,78,0.6224,tac_Latn,0.9201,spa_Latn,0.4673,36,0,0.0,head
tat_Cyrl,Cyrl,100000,5.0,2.8831,0.177,0.2,64,0.3039,bak_Cyrl,,,,331,9,0.027,head
tat_Latn,Latn,885,2.947,3.283,6.046,0.2,416,0.3982,kdr_Latn,0.4192,crh_Latn,0.0513,1,3,1.5,flat_magnet
tav_Latn,Latn,17136,4.234,2.8291,-0.306,0.2,18,0.703,bao_Latn,0.703,bao_Latn,0.9602,6,0,0.0,mid
taw_Latn,Latn,17319,4.239,2.7899,-0.855,0.2,7,0.6975,kmh_Latn,0.6975,kmh_Latn,0.3715,11,0,0.0,mid
tay_Latn,Latn,743,2.872,3.0526,2.822,0.2,284,0.4781,trv_Latn,0.4781,trv_Latn,0.1404,1,0,0.0,isolated_tail
tbc_Latn,Latn,24280,4.385,2.8547,0.052,0.2,32,0.9058,mgm_Latn,1.0761,pag_Latn,0.2428,7,0,0.0,head
tbg_Latn,Latn,44840,4.652,2.7757,-1.054,0.2,1,0.7731,omw_Latn,1.2294,sna_Latn,0.4484,31,0,0.0,head
tbk_Latn,Latn,10680,4.029,2.9461,1.332,0.2,81,0.7347,agn_Latn,0.7347,agn_Latn,0.6002,10,0,0.0,mid
tbl_Latn,Latn,11846,4.074,2.8512,0.003,0.2,45,0.8531,thv_Latn,1.0524,bam_Latn,0.6336,10,0,0.0,mid
tbo_Latn,Latn,24484,4.389,2.8432,-0.109,0.2,37,0.7202,tpa_Latn,1.0024,kud_Latn,0.7867,7,0,0.0,head
tbw_Latn,Latn,4287,3.632,2.942,1.273,0.2,128,0.7223,kei_Latn,0.8247,tbk_Latn,0.4014,5,0,0.0,mid
tby_Latn,Latn,13422,4.128,2.876,0.351,0.2,49,0.7275,gbi_Latn,0.7615,tlb_Latn,0.999,11,0,0.0,mid
tbz_Latn,Latn,52480,4.72,2.8106,-0.565,0.2,2,0.9356,soy_Latn,1.2462,kpe_Latn,0.6699,47,0,0.0,head
tca_Latn,Latn,17326,4.239,2.717,-1.875,0.2,0,1.019,zpj_Latn,1.2411,hch_Latn,0.5618,22,0,0.0,mid
tcc_Latn,Latn,17823,4.251,2.8624,0.159,0.2,73,0.8479,kan_Latn,0.9713,som_Latn,0.1782,12,0,0.0,mid
tcf_Latn,Latn,100000,5.0,2.7887,-0.871,0.2,2,0.9929,mgm_Latn,,,,93,0,0.0,head
tcs_Latn,Latn,22712,4.356,2.8058,-0.631,0.2,27,0.8517,tpi_Latn,0.8517,tpi_Latn,0.2271,13,1,0.071,head
tcy_Knda,Knda,8457,3.927,2.6526,0.0,0.2,5,0.1121,kan_Knda,0.1121,kan_Knda,0.0846,8,12,1.333,mid
tcz_Latn,Latn,68634,4.837,2.9312,1.122,0.2,73,0.6207,smt_Latn,0.8658,cfm_Latn,0.8501,72,0,0.0,head
tdx_Latn,Latn,55963,4.748,2.8381,-0.18,0.2,50,0.3568,skg_Latn,0.5475,xmv_Latn,0.9836,49,0,0.0,head
ted_Latn,Latn,17646,4.247,2.8094,-0.581,0.2,4,0.4521,ktj_Latn,0.866,wob_Latn,0.9941,7,0,0.0,mid
tee_Latn,Latn,17807,4.251,2.8005,-0.706,0.2,6,0.8392,tpt_Latn,0.8392,tpt_Latn,0.999,22,0,0.0,mid
tel_Latn,Latn,4040,3.606,3.1354,3.98,0.2,647,0.2699,kan_Latn,0.2699,kan_Latn,0.9803,4,3,0.6,mid
tel_Telu,Telu,100000,5.0,2.6481,-1.101,0.2,2,0.3761,kff_Telu,,,,549,0,0.0,head
tem_Latn,Latn,13526,4.131,2.828,-0.322,0.2,39,0.6861,bsp_Latn,0.9667,bam_Latn,0.7234,8,0,0.0,mid
teo_Latn,Latn,41825,4.621,2.9311,1.122,0.2,84,0.5847,kdj_Latn,0.9687,min_Latn,0.4183,39,0,0.0,head
ter_Latn,Latn,17895,4.253,2.8384,-0.175,0.2,28,0.8873,tpw_Latn,1.0158,gug_Latn,0.1789,11,0,0.0,mid
tet_Latn,Latn,100000,5.0,2.8834,0.454,0.2,61,0.8114,mgm_Latn,,,,392,1,0.003,head
tew_Latn,Latn,10834,4.035,2.7887,-0.871,0.2,18,0.9462,tpw_Latn,1.2668,ksh_Latn,0.9479,3,0,0.0,mid
tfr_Latn,Latn,17084,4.233,2.8163,-0.485,0.2,23,0.9446,zpj_Latn,1.1899,diq_Latn,0.6091,16,0,0.0,mid
tgk_Cyrl,Cyrl,100000,5.0,2.8104,-0.782,0.2,60,0.5589,sgh_Cyrl,,,,225,4,0.018,head
tgo_Latn,Latn,24717,4.393,2.8264,-0.344,0.2,19,0.9041,diu_Latn,1.1226,llb_Latn,0.9797,5,0,0.0,head
tgp_Latn,Latn,17765,4.25,2.8358,-0.213,0.2,46,0.8765,mrv_Latn,1.0897,rmy_Latn,0.2516,7,0,0.0,mid
tha_Thai,Thai,100000,5.0,2.7058,-1.262,0.2,4,0.5763,nod_Thai,,,,1045,0,0.0,head
thk_Latn,Latn,13482,4.13,2.8475,-0.048,0.2,44,0.8338,mer_Latn,0.9888,hay_Latn,0.975,13,0,0.0,mid
thl_Deva,Deva,6915,3.84,2.8703,0.06,0.2,52,0.4319,mai_Deva,0.4319,mai_Deva,0.1587,6,0,0.0,mid
thv_Latn,Latn,372,2.572,3.7263,12.25,0.2,1402,0.1281,ldn_Latn,0.1839,hoc_Latn,0.9789,1,0,0.0,flat_magnet
tif_Latn,Latn,23726,4.375,2.8826,0.442,0.2,8,0.7902,tlf_Latn,0.7902,tlf_Latn,0.9979,9,0,0.0,head
tig_Ethi,Ethi,3064,3.486,2.8286,2.072,0.2,59,0.0923,tir_Ethi,0.0923,tir_Ethi,0.0306,5,26,4.333,flat_magnet
tih_Latn,Latn,40349,4.606,2.9145,0.889,0.2,45,0.8868,drg_Latn,0.9378,dtp_Latn,0.7681,26,0,0.0,head
tik_Latn,Latn,13464,4.129,2.7866,-0.901,0.2,11,0.9555,mev_Latn,1.1882,lee_Latn,0.7593,12,0,0.0,mid
tim_Latn,Latn,30702,4.487,2.7745,-1.071,0.2,2,0.7956,spl_Latn,0.9579,kpf_Latn,0.8706,7,0,0.0,head
tir_Ethi,Ethi,100000,5.0,2.6595,-0.674,0.2,12,0.0923,tig_Ethi,,,,747,3,0.004,head
tiv_Latn,Latn,100000,5.0,2.8162,-0.486,0.2,30,0.9205,swb_Latn,,,,382,0,0.0,head
tiy_Latn,Latn,17716,4.248,2.836,-0.209,0.2,30,0.9133,goh_Latn,0.9853,sun_Latn,0.1772,7,0,0.0,mid
tke_Latn,Latn,14338,4.157,2.9654,1.601,0.2,161,0.3108,mny_Latn,0.3108,mny_Latn,0.3424,14,0,0.0,mid
tkl_Latn,Latn,505,2.704,3.4666,8.616,0.2,702,0.2372,mrv_Latn,0.3791,arr_Latn,0.8829,0,0,0.0,flat_magnet
tkr_Cyrl,Cyrl,777,2.891,3.1732,4.002,0.2,155,0.3845,abq_Cyrl,0.4624,agx_Cyrl,0.3968,2,0,0.0,isolated_tail
tku_Latn,Latn,17821,4.251,2.803,-0.671,0.2,13,0.2493,too_Latn,1.1645,top_Latn,0.1782,8,0,0.0,mid
tlb_Latn,Latn,13436,4.128,2.8995,0.679,0.2,66,0.5843,gbi_Latn,0.9369,gor_Latn,0.9999,11,0,0.0,mid
tlf_Latn,Latn,23775,4.376,2.855,0.056,0.2,1,0.7902,tif_Latn,1.1159,fai_Latn,0.8241,8,0,0.0,head
tlh_Latn,Latn,42807,4.632,2.7803,-0.989,0.2,25,0.8095,eng_Latn,0.8095,eng_Latn,0.4281,44,1,0.022,head
tlj_Latn,Latn,17791,4.25,2.9187,0.948,0.2,73,0.6725,rub_Latn,0.7704,xog_Latn,0.6622,7,0,0.0,mid
tll_Latn,Latn,100000,5.0,2.8731,0.31,0.2,56,0.5098,soe_Latn,,,,443,0,0.0,head
tly_Latn,Latn,3892,3.59,3.0177,2.333,0.2,221,0.4586,azj_Latn,0.4586,azj_Latn,0.0389,4,182,36.4,flat_magnet
tmc_Latn,Latn,6765,3.83,2.762,-1.245,0.2,42,0.8704,kdr_Latn,1.0924,frr_Latn,0.6267,6,0,0.0,mid
tmd_Latn,Latn,17323,4.239,2.7543,-1.353,0.2,1,0.9656,kpw_Latn,0.9656,kpw_Latn,0.7246,4,0,0.0,mid
tna_Latn,Latn,23936,4.379,2.8067,-0.62,0.2,16,0.8404,cav_Latn,1.1561,arg_Latn,0.9237,8,0,0.0,head
tnc_Latn,Latn,5146,3.712,2.8318,-0.268,0.2,42,0.8512,aqz_Latn,1.0869,tuo_Latn,0.1822,7,0,0.0,mid
tnk_Latn,Latn,17717,4.248,2.8285,-0.314,0.2,23,0.8462,nwi_Latn,1.2737,azj_Latn,0.1772,7,0,0.0,mid
tnn_Latn,Latn,17665,4.247,2.827,-0.336,0.2,22,0.5218,tnp_Latn,1.044,tnk_Latn,0.9971,12,0,0.0,mid
tnp_Latn,Latn,10970,4.04,2.8153,-0.499,0.2,32,0.5218,tnn_Latn,0.5218,tnn_Latn,0.621,10,0,0.0,mid
tnr_Latn,Latn,6516,3.814,2.885,0.476,0.2,58,0.7882,bsc_Latn,0.7882,bsc_Latn,0.5894,5,0,0.0,mid
tob_Latn,Latn,42001,4.623,2.8206,-0.426,0.2,2,0.5766,moc_Latn,1.1848,glg_Latn,0.42,34,0,0.0,head
toc_Latn,Latn,17742,4.249,2.7836,-0.943,0.2,3,0.8717,top_Latn,0.8717,top_Latn,0.1774,21,0,0.0,mid
tod_Latn,Latn,19051,4.28,2.8632,0.171,0.2,40,0.6721,lom_Latn,0.9697,kpe_Latn,0.2432,19,0,0.0,head
tog_Latn,Latn,100000,5.0,2.8862,0.492,0.2,118,0.3527,tum_Latn,,,,195,5,0.026,head
toh_Latn,Latn,89915,4.954,2.8558,0.068,0.2,65,0.6255,cce_Latn,0.6255,cce_Latn,0.8992,93,2,0.021,head
toi_Latn,Latn,100000,5.0,2.9343,1.166,0.2,168,0.4387,ilb_Latn,,,,586,2,0.003,head
toj_Latn,Latn,100000,5.0,2.85,-0.013,0.2,28,0.7326,tzo_Latn,,,,153,3,0.019,head
tok_Latn,Latn,48852,4.689,2.5787,-3.81,0.2,0,0.9979,mgm_Latn,1.1867,jav_Latn,0.4885,47,0,0.0,head
ton_Latn,Latn,100000,5.0,2.7977,-0.745,0.2,9,0.7474,tkl_Latn,,,,1058,0,0.0,head
too_Latn,Latn,17821,4.251,2.8048,-0.646,0.2,9,0.2493,tku_Latn,1.163,top_Latn,0.1782,10,0,0.0,mid
top_Latn,Latn,100000,5.0,2.8626,0.163,0.2,17,0.7052,tos_Latn,,,,226,0,0.0,head
tos_Latn,Latn,17720,4.248,2.7972,-0.753,0.2,4,0.7052,top_Latn,0.7052,top_Latn,0.1772,16,4,0.235,mid
tpa_Latn,Latn,1672,3.223,3.0682,3.04,0.2,169,0.3237,wed_Latn,0.3237,wed_Latn,0.2668,2,0,0.0,mid
tpi_Latn,Latn,100000,5.0,2.7318,-1.668,0.2,4,0.6571,bis_Latn,,,,1532,0,0.0,head
tpm_Latn,Latn,56620,4.753,2.8499,-0.015,0.2,26,0.8609,dag_Latn,0.9722,gur_Latn,0.731,65,1,0.015,head
tpn_Latn,Latn,493,2.694,3.5079,9.193,0.2,708,0.2263,aqz_Latn,0.2402,eme_Latn,0.7643,1,1,0.5,flat_magnet
tpp_Latn,Latn,17827,4.251,2.8197,-0.437,0.2,24,0.8221,tpt_Latn,0.8976,top_Latn,0.1783,19,0,0.0,mid
tpt_Latn,Latn,17825,4.251,2.8282,-0.318,0.2,27,0.8221,tpp_Latn,0.8221,tpp_Latn,0.9999,16,0,0.0,mid
tpw_Latn,Latn,360,2.558,3.7123,12.055,0.2,1309,0.1426,ldn_Latn,0.1834,hoc_Latn,0.9474,0,0,0.0,flat_magnet
tpz_Latn,Latn,24321,4.386,2.7902,-0.85,0.2,4,0.953,mrv_Latn,1.2287,mad_Latn,0.5458,19,0,0.0,head
tqo_Latn,Latn,6765,3.83,2.8195,-0.44,0.2,63,0.79,mrv_Latn,1.0087,lfn_Latn,0.5549,6,0,0.0,mid
trc_Latn,Latn,10997,4.041,2.8259,-0.351,0.2,21,0.9254,zpj_Latn,1.2158,miy_Latn,0.6168,10,0,0.0,mid
trn_Latn,Latn,6686,3.825,2.8805,0.413,0.2,62,0.8177,diu_Latn,0.9542,ign_Latn,0.2372,6,0,0.0,mid
tro_Latn,Latn,11062,4.044,2.8631,0.169,0.2,99,0.8066,mni_Latn,0.8449,smt_Latn,0.6206,14,0,0.0,mid
trp_Latn,Latn,30617,4.486,2.8154,-0.498,0.2,25,0.7598,brx_Latn,1.0952,jav_Latn,0.3062,28,0,0.0,head
trq_Latn,Latn,6754,3.83,2.8134,-0.526,0.2,35,0.8372,trs_Latn,0.8372,trs_Latn,0.9987,4,0,0.0,mid
trs_Latn,Latn,6763,3.83,2.8004,-0.708,0.2,30,0.8372,trq_Latn,1.1865,cos_Latn,0.7177,8,0,0.0,mid
trv_Latn,Latn,5293,3.724,2.9888,1.93,0.2,251,0.4781,tay_Latn,0.7037,bjn_Latn,0.1914,6,4,0.571,mid
tsc_Latn,Latn,100000,5.0,2.9059,0.769,0.2,140,0.4337,tso_Latn,,,,241,3,0.012,head
tsg_Latn,Latn,10993,4.041,2.9039,0.741,0.2,61,0.8154,sml_Latn,0.8154,sml_Latn,0.8182,10,0,0.0,mid
tsn_Latn,Latn,100000,5.0,2.8599,0.125,0.2,62,0.2753,nso_Latn,,,,700,13,0.019,head
tso_Latn,Latn,100000,5.0,2.9205,0.973,0.2,119,0.3335,rng_Latn,,,,725,5,0.007,head
tsw_Latn,Latn,17700,4.248,2.8448,-0.086,0.2,43,0.5008,asg_Latn,0.5008,asg_Latn,0.9989,13,0,0.0,mid
tsz_Latn,Latn,100000,5.0,2.8052,-0.641,0.2,4,0.1837,pua_Latn,,,,102,0,0.0,head
ttc_Latn,Latn,17827,4.251,2.8127,-0.535,0.2,18,0.7035,mam_Latn,0.7035,mam_Latn,0.1783,15,0,0.0,mid
tte_Latn,Latn,30509,4.484,2.8568,0.082,0.2,29,0.7981,sbe_Latn,0.8588,kud_Latn,0.9803,10,0,0.0,head
ttj_Latn,Latn,89198,4.95,2.9346,1.171,0.2,113,0.2316,nyo_Latn,0.2815,nyn_Latn,0.892,82,2,0.024,head
ttq_Latn,Latn,6630,3.822,2.9304,1.112,0.2,97,0.5329,taq_Latn,0.5329,taq_Latn,0.2424,8,5,0.556,mid
ttq_Tfng,Tfng,4277,3.631,2.6491,-1.588,0.2,13,0.7992,taq_Tfng,,,,4,0,0.0,mid
tuc_Latn,Latn,42199,4.625,2.8666,0.219,0.2,8,0.976,kdr_Latn,1.154,swh_Latn,0.422,30,0,0.0,head
tue_Latn,Latn,17632,4.246,2.8174,-0.47,0.2,22,0.8448,cbc_Latn,0.8668,bao_Latn,0.988,24,0,0.0,mid
tuf_Latn,Latn,17688,4.248,2.8326,-0.258,0.2,21,0.9219,goh_Latn,1.1129,arg_Latn,0.6826,12,0,0.0,mid
tui_Latn,Latn,30782,4.488,2.7637,-1.221,0.2,6,0.9661,kas_Latn,0.9791,wol_Latn,0.4415,26,1,0.037,head
tuk_Arab,Arab,4783,3.68,2.8302,-0.21,0.2,42,0.6091,lrc_Arab,0.6381,azb_Arab,0.0478,6,1,0.143,mid
tuk_Cyrl,Cyrl,100000,5.0,2.8722,0.034,0.2,58,0.4927,tat_Cyrl,,,,161,1,0.006,head
tuk_Latn,Latn,100000,5.0,2.8455,-0.077,0.2,44,0.7515,tur_Latn,,,,481,0,0.0,head
tul_Latn,Latn,4299,3.633,2.8818,0.431,0.2,103,0.7333,sby_Latn,0.9354,knc_Latn,0.4595,5,0,0.0,mid
tum_Latn,Latn,100000,5.0,2.9063,0.774,0.2,129,0.3527,tog_Latn,,,,681,1,0.001,head
tuo_Latn,Latn,28238,4.451,2.8528,0.025,0.2,6,0.8747,tue_Latn,1.2171,tar_Latn,0.6043,22,0,0.0,head
tur_Latn,Latn,100000,5.0,2.9654,1.601,0.2,181,0.2839,crh_Latn,,,,2278,8,0.004,head
tuv_Latn,Latn,532,2.727,3.4855,8.88,0.2,912,0.2996,tzl_Latn,0.3754,arr_Latn,0.9301,0,0,0.0,flat_magnet
tvk_Latn,Latn,22714,4.356,2.8634,0.174,0.2,38,0.8957,asm_Latn,0.9083,pma_Latn,0.7292,18,1,0.053,head
tvl_Latn,Latn,100000,5.0,2.8086,-0.593,0.2,13,0.518,fud_Latn,,,,415,0,0.0,head
twb_Latn,Latn,6753,3.83,2.8865,0.497,0.2,87,0.2557,bnj_Latn,0.2557,bnj_Latn,0.5001,8,0,0.0,mid
twi_Latn,Latn,100000,5.0,2.8546,0.051,0.2,53,0.368,fat_Latn,,,,1632,1,0.001,head
twu_Latn,Latn,13437,4.128,2.8872,0.507,0.2,66,0.4268,llg_Latn,0.4268,llg_Latn,0.9443,15,0,0.0,mid
twx_Latn,Latn,26573,4.424,2.9475,1.351,0.2,192,0.2591,ndc_Latn,0.2591,ndc_Latn,0.2657,19,19,0.95,head
txq_Latn,Latn,18350,4.264,2.8941,0.604,0.2,50,0.2995,llg_Latn,1.0392,tet_Latn,0.1835,10,0,0.0,head
txu_Latn,Latn,17214,4.236,2.8067,-0.62,0.2,9,0.9702,zpj_Latn,1.2338,diq_Latn,0.6138,15,0,0.0,mid
tyv_Cyrl,Cyrl,100000,5.0,2.8802,0.139,0.2,59,0.4239,kir_Cyrl,,,,127,2,0.016,head
tzh_Latn,Latn,100000,5.0,2.8201,-0.432,0.2,14,0.4481,tzo_Latn,,,,199,6,0.03,head
tzj_Latn,Latn,56692,4.754,2.8774,0.37,0.2,12,0.5233,cak_Latn,0.5233,cak_Latn,0.5669,19,0,0.0,head
tzl_Latn,Latn,190,2.281,3.8218,13.586,0.2,1427,0.0789,ldn_Latn,0.1216,aqz_Latn,0.7011,0,0,0.0,flat_magnet
tzm_Tfng,Tfng,1590,3.202,2.8357,0.533,0.2,51,0.0505,zgh_Tfng,0.0505,zgh_Tfng,0.5488,1,0,0.0,twin
tzo_Latn,Latn,100000,5.0,2.8491,-0.025,0.2,21,0.4481,tzh_Latn,,,,474,0,0.0,head
ubr_Latn,Latn,27048,4.432,2.8498,-0.016,0.2,29,0.875,aai_Latn,1.0864,sco_Latn,0.3093,10,1,0.091,head
ubu_Latn,Latn,58489,4.767,2.8421,-0.124,0.2,2,0.5589,imo_Latn,1.1952,swh_Latn,0.5849,29,0,0.0,head
udm_Cyrl,Cyrl,100000,5.0,2.8283,-0.545,0.2,57,0.4915,koi_Cyrl,,,,111,6,0.054,head
udu_Latn,Latn,17827,4.251,2.7625,-1.237,0.2,17,0.9536,kdr_Latn,1.125,bjn_Latn,0.6446,12,0,0.0,mid
uig_Arab,Arab,100000,5.0,2.6921,-3.101,0.2,1,0.9705,ota_Arab,,,,149,0,0.0,head
uig_Cyrl,Cyrl,39412,4.596,2.8416,-0.37,0.2,31,0.7117,tat_Cyrl,0.7117,tat_Cyrl,0.3941,36,1,0.027,head
uig_Latn,Latn,59496,4.774,2.897,0.644,0.2,39,0.8328,crh_Latn,0.8332,uzn_Latn,0.595,64,5,0.077,head
ukr_Cyrl,Cyrl,100000,5.0,2.8387,-0.408,0.2,47,0.2059,rue_Cyrl,,,,2037,93,0.046,head
umb_Latn,Latn,100000,5.0,2.893,0.588,0.2,81,0.648,nyk_Latn,,,,556,1,0.002,head
upv_Latn,Latn,17741,4.249,2.8487,-0.031,0.2,42,0.9014,mgm_Latn,1.0811,jav_Latn,0.1774,9,0,0.0,mid
ura_Latn,Latn,17359,4.24,2.8164,-0.484,0.2,20,0.9257,ory_Latn,1.1718,cni_Latn,0.5311,7,0,0.0,mid
urb_Latn,Latn,17434,4.241,2.7947,-0.788,0.2,12,0.9069,tpw_Latn,1.1368,gug_Latn,0.1743,10,0,0.0,mid
urd_Arab,Arab,100000,5.0,2.829,-0.233,0.2,23,0.1966,pnb_Arab,,,,628,16,0.025,twin
urd_Latn,Latn,38376,4.584,2.8531,0.029,0.2,36,0.751,pan_Latn,1.0469,lvs_Latn,0.3838,38,0,0.0,head
urh_Latn,Latn,100000,5.0,2.8153,-0.5,0.2,11,0.3661,oke_Latn,,,,149,1,0.007,head
uri_Latn,Latn,4227,3.626,2.8362,-0.207,0.2,72,0.8064,thv_Latn,1.0195,xbi_Latn,0.4823,5,1,0.167,mid
urk_Thai,Thai,13466,4.129,2.7286,0.556,0.2,0,1.0081,lcp_Thai,1.0353,kxm_Thai,0.9981,8,0,0.0,mid
urt_Latn,Latn,17543,4.244,2.8337,-0.241,0.2,29,0.93,whg_Latn,1.1879,jav_Latn,0.1754,9,0,0.0,mid
urw_Latn,Latn,1006,3.003,3.0901,3.347,0.2,169,0.5555,ldn_Latn,0.7751,avk_Latn,0.3292,2,0,0.0,mid
ury_Latn,Latn,6598,3.819,2.8862,0.493,0.2,70,0.8272,kdr_Latn,1.0071,zea_Latn,0.7758,6,0,0.0,mid
usa_Latn,Latn,24754,4.394,2.8035,-0.665,0.2,3,0.9488,kze_Latn,1.1395,tar_Latn,0.5297,9,0,0.0,head
usp_Latn,Latn,17825,4.251,2.8067,-0.619,0.2,19,0.69,quc_Latn,0.69,quc_Latn,0.1782,7,0,0.0,mid
uth_Latn,Latn,4272,3.631,2.8402,-0.15,0.2,60,0.8067,zpj_Latn,0.9976,oto_Latn,0.916,4,0,0.0,mid
uvh_Latn,Latn,17225,4.236,2.7987,-0.731,0.2,2,0.9881,max_Latn,1.1085,mak_Latn,0.6613,8,0,0.0,mid
uvl_Latn,Latn,24441,4.388,2.809,-0.587,0.2,15,0.9199,mrv_Latn,1.0355,mee_Latn,0.997,8,0,0.0,head
uzn_Cyrl,Cyrl,37596,4.575,2.8257,-0.58,0.2,48,0.5819,tgk_Cyrl,0.5819,tgk_Cyrl,0.376,41,0,0.0,head
uzn_Latn,Latn,100000,5.0,2.9258,1.047,0.2,105,0.7553,ben_Latn,,,,1426,3,0.002,head
uzs_Arab,Arab,100000,5.0,2.8095,-0.643,0.2,16,0.3726,azb_Arab,,,,140,2,0.014,head
vag_Latn,Latn,17828,4.251,2.8389,-0.169,0.2,53,0.7996,mzw_Latn,0.911,tpm_Latn,0.3149,18,0,0.0,mid
vap_Latn,Latn,30667,4.487,2.8867,0.501,0.2,67,0.38,gnb_Latn,0.4309,pck_Latn,0.8179,39,1,0.025,head
var_Latn,Latn,11058,4.044,2.8149,-0.504,0.2,29,0.9091,tpn_Latn,1.0481,tar_Latn,0.2366,11,0,0.0,mid
vec_Latn,Latn,100000,5.0,3.0016,2.108,0.2,257,0.2342,lmo_Latn,,,,115,33,0.284,twin
ven_Latn,Latn,100000,5.0,2.8236,-0.383,0.2,40,0.8264,swb_Latn,,,,668,0,0.0,head
vep_Latn,Latn,9947,3.998,3.0237,2.418,0.2,297,0.4554,olo_Latn,0.5613,vro_Latn,0.1945,10,48,4.364,flat_magnet
vid_Latn,Latn,17829,4.251,2.9304,1.111,0.2,145,0.4417,cwe_Latn,0.6933,swh_Latn,0.1783,9,0,0.0,mid
vie_Latn,Latn,100000,5.0,2.774,-1.077,0.2,3,0.8138,blt_Latn,,,,1747,2,0.001,head
viv_Latn,Latn,23382,4.369,2.8494,-0.021,0.2,13,0.538,bwd_Latn,0.9547,kud_Latn,0.7513,11,0,0.0,head
vls_Latn,Latn,25500,4.407,2.9629,1.567,0.2,264,0.1868,zea_Latn,0.2588,lim_Latn,0.255,23,56,2.333,flat_magnet
vmk_Latn,Latn,1646,3.217,3.2304,5.31,0.2,401,0.305,vmw_Latn,0.305,vmw_Latn,0.0165,2,0,0.0,flat_magnet
vmw_Latn,Latn,100000,5.0,2.9319,1.132,0.2,92,0.2828,ngl_Latn,,,,231,0,0.0,head
vmy_Latn,Latn,17829,4.251,2.8174,-0.47,0.2,29,0.8728,maj_Latn,1.0076,mau_Latn,0.1783,19,0,0.0,mid
vol_Latn,Latn,88791,4.948,2.7857,-0.914,0.2,16,0.8981,pfl_Latn,0.9204,gsw_Latn,0.9495,87,47,0.534,head
vot_Latn,Latn,119,2.079,3.8256,13.639,0.2,1395,0.084,ldn_Latn,0.0913,bor_Latn,0.7628,1,0,0.0,flat_magnet
vro_Latn,Latn,51151,4.709,2.9526,1.422,0.2,208,0.3573,ekk_Latn,0.3573,ekk_Latn,0.5115,43,38,0.864,head
vun_Latn,Latn,17824,4.251,2.854,0.042,0.2,56,0.3268,old_Latn,0.9234,kki_Latn,0.9998,11,0,0.0,mid
vut_Latn,Latn,17776,4.25,2.8182,-0.458,0.2,17,0.9499,zpj_Latn,1.0972,mcp_Latn,0.8064,9,0,0.0,mid
waj_Latn,Latn,24407,4.388,2.7734,-1.086,0.2,0,1.0171,tzl_Latn,1.236,tbg_Latn,0.5443,7,0,0.0,head
wal_Ethi,Ethi,6595,3.819,2.7531,0.846,0.2,26,0.3833,ktb_Ethi,0.3833,ktb_Ethi,0.4982,4,1,0.2,mid
wal_Latn,Latn,100000,5.0,2.9065,0.777,0.2,62,0.3349,gof_Latn,,,,272,2,0.007,head
wap_Latn,Latn,30027,4.478,2.8297,-0.298,0.2,22,0.9515,vot_Latn,1.1953,swh_Latn,0.3003,18,0,0.0,head
war_Latn,Latn,100000,5.0,3.0082,2.2,0.2,232,0.5723,ceb_Latn,,,,553,34,0.061,head
wat_Latn,Latn,6617,3.821,2.8908,0.557,0.2,85,0.7705,bmk_Latn,0.892,pwg_Latn,0.2704,7,0,0.0,mid
way_Latn,Latn,13526,4.131,2.7804,-0.988,0.2,28,0.9481,thv_Latn,1.1444,mfy_Latn,0.6793,8,0,0.0,mid
wba_Latn,Latn,7083,3.85,2.8931,0.59,0.2,79,0.7737,mrv_Latn,0.9802,bug_Latn,0.4798,8,0,0.0,mid
wbm_Latn,Latn,64634,4.81,2.7755,-1.056,0.2,0,1.0391,kas_Latn,1.1779,cfm_Latn,0.8005,56,0,0.0,head
wbp_Latn,Latn,20841,4.319,2.7723,-1.101,0.2,1,0.7796,wmt_Latn,1.3047,mak_Latn,0.8001,14,0,0.0,head
wed_Latn,Latn,6267,3.797,2.9673,1.628,0.2,141,0.3237,tpa_Latn,0.7172,pwg_Latn,0.2561,4,0,0.0,mid
wer_Latn,Latn,24394,4.387,2.7872,-0.892,0.2,0,0.9985,tzl_Latn,1.2081,hrx_Latn,0.6411,8,0,0.0,head
wes_Latn,Latn,65898,4.819,2.8713,0.285,0.2,100,0.2583,pcm_Latn,0.378,eng_Latn,0.659,69,64,0.914,head
wew_Latn,Latn,727,2.862,3.4273,8.065,0.2,826,0.3255,ldn_Latn,0.492,mlu_Latn,0.892,1,1,0.5,flat_magnet
whg_Latn,Latn,782,2.894,3.3638,7.177,0.2,613,0.3579,eto_Latn,0.5308,prg_Latn,0.8777,0,0,0.0,flat_magnet
whk_Latn,Latn,11051,4.043,2.8565,0.077,0.2,58,0.8523,mgm_Latn,0.9589,mad_Latn,0.248,11,0,0.0,mid
wib_Latn,Latn,9431,3.975,2.8032,-0.669,0.2,24,0.9272,mev_Latn,1.0772,soy_Latn,0.5298,13,0,0.0,mid
wim_Latn,Latn,17245,4.237,2.7764,-1.043,0.2,1,0.9957,goh_Latn,1.2261,bjn_Latn,0.6236,12,0,0.0,mid
wiu_Latn,Latn,29858,4.475,2.821,-0.42,0.2,7,0.9472,mrv_Latn,1.1374,swh_Latn,0.2986,6,0,0.0,head
wln_Latn,Latn,25529,4.407,2.9749,1.735,0.2,235,0.4497,pcd_Latn,0.5317,fra_Latn,0.2553,22,3,0.13,head
wls_Latn,Latn,100000,5.0,2.7532,-1.368,0.2,10,0.5005,fud_Latn,,,,716,1,0.001,head
wlv_Latn,Latn,1486,3.172,3.1636,4.375,0.2,183,0.5048,tzl_Latn,0.5492,mzh_Latn,0.0494,0,17,17.0,flat_magnet
wlx_Latn,Latn,19671,4.294,2.868,0.239,0.2,60,0.869,asm_Latn,1.0255,fil_Latn,0.1967,17,0,0.0,head
wmt_Latn,Latn,1953,3.291,2.9096,0.82,0.2,68,0.7719,mph_Latn,0.7796,wbp_Latn,0.0937,1,0,0.0,mid
wmw_Latn,Latn,17797,4.25,2.9986,2.066,0.2,207,0.5396,swh_Latn,0.5396,swh_Latn,0.178,13,1,0.071,mid
wnc_Latn,Latn,28251,4.451,2.8237,-0.381,0.2,2,0.9935,max_Latn,1.1392,pam_Latn,0.8268,12,0,0.0,head
wnu_Latn,Latn,23875,4.378,2.8056,-0.634,0.2,15,0.9554,goh_Latn,1.1733,bar_Latn,0.2387,7,0,0.0,head
wob_Latn,Latn,17751,4.249,2.7482,-1.438,0.2,4,0.866,ted_Latn,1.1146,moa_Latn,0.9972,6,0,0.0,mid
wol_Latn,Latn,69728,4.843,2.9423,1.279,0.2,188,0.6853,srr_Latn,0.8526,som_Latn,0.6973,74,0,0.0,head
wos_Latn,Latn,19970,4.3,2.7691,-1.146,0.2,2,0.9878,zpj_Latn,0.9934,abt_Latn,0.4265,9,0,0.0,head
wrk_Latn,Latn,10995,4.041,2.7802,-0.99,0.2,3,0.9683,sby_Latn,1.027,gvn_Latn,0.9806,5,0,0.0,mid
wrs_Latn,Latn,25819,4.412,2.801,-0.699,0.2,13,0.9504,diu_Latn,1.1118,jav_Latn,0.2582,8,0,0.0,head
wsg_Telu,Telu,4001,3.602,2.7472,0.674,0.2,24,0.4498,tel_Telu,0.4498,tel_Telu,0.04,3,0,0.0,mid
wsk_Latn,Latn,29455,4.469,2.8569,0.083,0.2,39,0.906,mgm_Latn,0.9686,jav_Latn,0.2945,19,0,0.0,head
wuu_Hani,Hani,74364,4.871,2.631,0.69,0.2,7,0.0286,cmn_Hani,0.0286,cmn_Hani,0.7436,73,178,2.405,twin
wuv_Latn,Latn,24539,4.39,2.8198,-0.437,0.2,41,0.8972,mgm_Latn,1.1317,mwl_Latn,0.8319,6,0,0.0,head
wwa_Latn,Latn,13509,4.131,2.8018,-0.689,0.2,31,0.9296,kdr_Latn,0.9587,hag_Latn,0.9513,11,0,0.0,mid
xal_Cyrl,Cyrl,11611,4.065,2.7774,-1.217,0.2,36,0.7645,tat_Cyrl,0.7645,tat_Cyrl,0.1161,9,0,0.0,mid
xav_Latn,Latn,30476,4.484,2.8278,-0.324,0.2,3,0.978,tpw_Latn,1.0052,por_Latn,0.3048,30,0,0.0,head
xbi_Latn,Latn,8764,3.943,2.8064,-0.624,0.2,38,0.891,mgm_Latn,1.0992,lad_Latn,0.8703,4,0,0.0,mid
xbr_Latn,Latn,6415,3.807,2.8558,0.068,0.2,73,0.7702,wew_Latn,0.9304,bhp_Latn,0.7984,9,0,0.0,mid
xed_Latn,Latn,17807,4.251,2.8125,-0.539,0.2,35,0.8928,swb_Latn,1.0229,hau_Latn,0.1781,11,0,0.0,mid
xho_Latn,Latn,100000,5.0,2.9556,1.465,0.2,193,0.1234,zul_Latn,,,,841,35,0.042,twin
xla_Latn,Latn,27219,4.435,2.8103,-0.568,0.2,1,0.9851,thv_Latn,1.1475,knv_Latn,0.4968,8,0,0.0,head
xmf_Geor,Geor,100000,5.0,2.6593,0.0,0.2,1,0.1232,kat_Geor,,,,107,5,0.046,twin
xmm_Latn,Latn,6762,3.83,2.8799,0.404,0.2,89,0.5215,abs_Latn,0.6285,mkn_Latn,0.3683,7,0,0.0,mid
xmv_Latn,Latn,56898,4.755,2.8363,-0.206,0.2,46,0.3519,skg_Latn,0.5683,plt_Latn,0.569,53,2,0.037,head
xnn_Latn,Latn,10778,4.033,2.9128,0.865,0.2,74,0.3772,kne_Latn,0.3772,kne_Latn,0.6152,10,0,0.0,mid
xog_Latn,Latn,26865,4.429,2.9688,1.65,0.2,150,0.3435,lug_Latn,0.3435,lug_Latn,0.2686,26,4,0.148,head
xon_Latn,Latn,24417,4.388,2.7919,-0.827,0.2,22,0.7375,bim_Latn,0.7375,bim_Latn,0.4064,19,1,0.05,head
xrb_Latn,Latn,17749,4.249,2.7912,-0.837,0.2,20,0.9342,nla_Latn,1.1342,myk_Latn,0.9878,8,0,0.0,mid
xsb_Latn,Latn,17822,4.251,2.9344,1.168,0.2,101,0.5087,sbl_Latn,0.7714,pag_Latn,0.1782,8,0,0.0,mid
xsi_Latn,Latn,28581,4.456,2.791,-0.839,0.2,0,1.0108,diu_Latn,1.2217,ldi_Latn,0.5558,8,0,0.0,head
xsm_Latn,Latn,24468,4.389,2.8408,-0.143,0.2,29,0.9275,mev_Latn,0.9464,gur_Latn,0.3159,21,0,0.0,head
xsr_Deva,Deva,17795,4.25,2.7496,-1.606,0.2,29,0.7569,taj_Deva,0.8092,npi_Deva,0.1779,11,0,0.0,mid
xsu_Latn,Latn,19885,4.299,2.7894,-0.862,0.2,0,0.9979,vot_Latn,1.1916,vro_Latn,0.3888,14,0,0.0,head
xtd_Latn,Latn,17918,4.253,2.7975,-0.748,0.2,22,0.8402,xtn_Latn,0.8402,xtn_Latn,0.7519,19,0,0.0,mid
xtm_Latn,Latn,22034,4.343,2.7571,-1.314,0.2,10,0.5446,xtn_Latn,0.5446,xtn_Latn,0.9246,10,0,0.0,head
xtn_Latn,Latn,23830,4.377,2.7712,-1.116,0.2,9,0.5446,xtm_Latn,1.0945,mxv_Latn,0.2383,16,0,0.0,head
xum_Latn,Latn,113,2.057,3.8363,13.79,0.2,1300,0.083,bor_Latn,0.083,bor_Latn,0.7244,0,0,0.0,flat_magnet
xuo_Latn,Latn,17719,4.248,2.781,-0.979,0.2,8,0.9484,mev_Latn,1.1289,kia_Latn,0.4236,15,0,0.0,mid
yaa_Latn,Latn,17141,4.234,2.7646,-1.208,0.2,7,0.9726,aqz_Latn,1.1175,mcd_Latn,0.6453,11,0,0.0,mid
yad_Latn,Latn,16726,4.223,2.7787,-1.011,0.2,4,0.9822,diu_Latn,1.2771,scn_Latn,0.269,6,0,0.0,mid
yal_Latn,Latn,17818,4.251,2.8313,-0.276,0.2,48,0.4171,sus_Latn,0.4171,sus_Latn,0.8462,10,1,0.091,mid
yam_Latn,Latn,17769,4.25,2.7972,-0.753,0.2,10,0.9514,bbk_Latn,1.0314,bfd_Latn,0.9971,15,0,0.0,mid
yan_Latn,Latn,30490,4.484,2.7808,-0.982,0.2,10,0.9608,kas_Latn,0.9717,miq_Latn,0.354,31,0,0.0,head
yao_Latn,Latn,100000,5.0,2.8618,0.152,0.2,70,0.634,nse_Latn,,,,181,1,0.005,head
yap_Latn,Latn,100000,5.0,2.8199,-0.435,0.2,16,0.9328,kas_Latn,,,,250,0,0.0,head
yaq_Latn,Latn,17776,4.25,2.8449,-0.085,0.2,32,0.8845,mfy_Latn,0.8845,mfy_Latn,0.8927,9,0,0.0,mid
yas_Latn,Latn,6565,3.817,2.8916,0.569,0.2,57,0.7766,lem_Latn,0.7766,lem_Latn,0.3694,8,0,0.0,mid
yat_Latn,Latn,6733,3.828,2.8775,0.371,0.2,49,0.8353,eto_Latn,1.0015,mcp_Latn,0.3054,5,0,0.0,mid
yaz_Latn,Latn,6764,3.83,2.8139,-0.519,0.2,39,0.8752,eto_Latn,1.0628,atg_Latn,0.38,11,0,0.0,mid
ybb_Latn,Latn,12240,4.088,2.8573,0.089,0.2,48,0.7507,nla_Latn,0.9554,bss_Latn,0.6887,12,0,0.0,mid
yby_Latn,Latn,24355,4.387,2.849,-0.028,0.2,19,0.8237,snp_Latn,0.8237,snp_Latn,0.502,5,0,0.0,head
ycn_Latn,Latn,17642,4.247,2.8408,-0.142,0.2,12,0.9578,zpj_Latn,0.9779,tar_Latn,0.3775,20,0,0.0,mid
ydd_Hebr,Hebr,38324,4.583,2.6103,-0.558,0.2,3,0.2598,heb_Hebr,0.2598,heb_Hebr,0.3832,33,2,0.059,head
yim_Latn,Latn,30719,4.487,2.7846,-0.928,0.2,9,0.7312,nsa_Latn,1.0682,njo_Latn,0.9996,29,0,0.0,head
yka_Latn,Latn,24931,4.397,2.8844,0.468,0.2,38,0.7667,sml_Latn,0.9634,bjn_Latn,0.9015,16,0,0.0,head
yle_Latn,Latn,30413,4.483,2.7699,-1.135,0.2,0,1.037,thv_Latn,1.3566,jav_Latn,0.3041,16,0,0.0,head
yli_Latn,Latn,13447,4.129,2.8705,0.273,0.2,41,0.8739,thv_Latn,1.0556,jav_Latn,0.1345,13,0,0.0,mid
yml_Latn,Latn,22780,4.358,2.8364,-0.204,0.2,16,0.7812,mzz_Latn,0.931,dob_Latn,0.7341,20,0,0.0,head
yom_Latn,Latn,70854,4.85,2.9019,0.713,0.2,141,0.4766,ldi_Latn,0.5087,kwy_Latn,0.7085,68,2,0.029,head
yon_Latn,Latn,21011,4.322,2.8127,-0.535,0.2,20,0.9457,otw_Latn,1.1338,fuv_Latn,0.6871,11,0,0.0,head
yor_Latn,Latn,100000,5.0,2.8344,-0.231,0.2,4,0.8918,gkn_Latn,,,,1514,1,0.001,head
yrb_Latn,Latn,15989,4.204,2.8161,-0.487,0.2,39,0.631,aby_Latn,0.631,aby_Latn,0.7305,9,0,0.0,mid
yre_Latn,Latn,28067,4.448,2.7571,-1.314,0.2,1,0.8735,goa_Latn,1.2013,dyu_Latn,0.2807,21,0,0.0,head
yrk_Cyrl,Cyrl,1902,3.279,2.902,0.426,0.2,108,0.5692,nio_Cyrl,0.6676,eve_Cyrl,0.9739,3,0,0.0,mid
yrl_Latn,Latn,6918,3.84,2.973,1.708,0.2,170,0.6021,tpw_Latn,0.75,ext_Latn,0.7959,8,3,0.333,mid
yss_Latn,Latn,37876,4.578,2.8019,-0.686,0.2,2,0.9827,eto_Latn,1.1405,jav_Latn,0.3788,18,0,0.0,head
yua_Latn,Latn,100000,5.0,2.8083,-0.597,0.2,8,0.9247,tzh_Latn,,,,477,1,0.002,head
yue_Hani,Hani,100000,5.0,2.5993,-0.674,0.2,6,0.062,cmn_Hani,,,,100,44,0.436,twin
yuj_Latn,Latn,24252,4.385,2.8021,-0.684,0.2,2,0.9767,aqz_Latn,1.2872,jav_Latn,0.2425,10,0,0.0,head
yup_Latn,Latn,270,2.433,3.6085,10.601,0.2,1004,0.2173,tzl_Latn,0.2351,aqz_Latn,0.9963,1,0,0.0,flat_magnet
yut_Latn,Latn,28424,4.454,2.7747,-1.068,0.2,0,1.009,kdr_Latn,1.2505,kmh_Latn,0.6098,10,0,0.0,head
yuw_Latn,Latn,20046,4.302,2.8241,-0.376,0.2,21,0.9398,asm_Latn,1.1192,jav_Latn,0.2005,8,0,0.0,head
yuz_Latn,Latn,6670,3.824,2.8703,0.271,0.2,62,0.8205,ory_Latn,1.04,ext_Latn,0.7674,9,0,0.0,mid
yva_Latn,Latn,17493,4.243,2.8979,0.657,0.2,49,0.875,diu_Latn,1.059,wmw_Latn,0.9829,16,0,0.0,mid
zaa_Latn,Latn,17673,4.247,2.8638,0.179,0.2,31,0.8954,sdc_Latn,1.0022,spa_Latn,0.1767,8,0,0.0,mid
zab_Latn,Latn,19384,4.287,2.8489,-0.029,0.2,44,0.8285,zpg_Latn,0.8652,zai_Latn,0.1938,11,0,0.0,head
zac_Latn,Latn,17805,4.251,2.819,-0.448,0.2,19,0.8965,lld_Latn,1.1112,zai_Latn,0.1781,7,0,0.0,mid
zad_Latn,Latn,17817,4.251,2.8327,-0.255,0.2,33,0.7415,zpq_Latn,0.7973,zpu_Latn,0.9987,11,0,0.0,mid
zae_Latn,Latn,17778,4.25,2.8223,-0.402,0.2,32,0.9058,ory_Latn,1.095,mwl_Latn,0.6027,9,0,0.0,mid
zai_Latn,Latn,100000,5.0,2.8266,-0.341,0.2,27,0.7238,zpa_Latn,,,,246,0,0.0,head
zam_Latn,Latn,17797,4.25,2.8264,-0.344,0.2,9,0.9473,zpj_Latn,1.144,zca_Latn,0.9997,14,0,0.0,mid
zao_Latn,Latn,17796,4.25,2.784,-0.937,0.2,32,0.7669,zpo_Latn,0.8943,zpi_Latn,0.9991,9,0,0.0,mid
zar_Latn,Latn,17756,4.249,2.8252,-0.361,0.2,20,0.7114,zsr_Latn,0.8488,zai_Latn,0.1776,10,0,0.0,mid
zas_Latn,Latn,17799,4.25,2.829,-0.308,0.2,28,0.8095,zaw_Latn,0.8095,zaw_Latn,0.9987,17,0,0.0,mid
zat_Latn,Latn,17798,4.25,2.793,-0.811,0.2,14,0.9415,zpj_Latn,1.0449,zai_Latn,0.178,9,0,0.0,mid
zav_Latn,Latn,17587,4.245,2.8233,-0.387,0.2,13,0.5013,zpq_Latn,0.5013,zpq_Latn,0.9941,12,0,0.0,mid
zaw_Latn,Latn,17823,4.251,2.839,-0.168,0.2,33,0.8095,zas_Latn,0.8952,zab_Latn,0.9195,9,0,0.0,mid
zca_Latn,Latn,17802,4.25,2.8204,-0.428,0.2,29,0.8867,zpj_Latn,1.0452,zpi_Latn,0.9994,8,0,0.0,mid
zdj_Latn,Latn,1573,3.197,3.2552,5.657,0.2,494,0.2888,swb_Latn,0.5694,kzn_Latn,0.7402,2,0,0.0,flat_magnet
zea_Latn,Latn,8505,3.93,3.0479,2.756,0.2,314,0.1868,vls_Latn,0.1868,vls_Latn,0.3335,7,122,15.25,flat_magnet
zgh_Tfng,Tfng,2897,3.462,2.8607,0.816,0.2,60,0.0505,tzm_Tfng,0.4289,taq_Tfng,0.6824,2,0,0.0,twin
zia_Latn,Latn,24412,4.388,2.8534,0.035,0.2,26,0.8532,sue_Latn,1.136,jav_Latn,0.2441,5,0,0.0,head
ziw_Latn,Latn,17829,4.251,2.9481,1.36,0.2,169,0.2357,ngp_Latn,0.6522,swh_Latn,0.1783,9,0,0.0,twin
zne_Latn,Latn,100000,5.0,2.868,0.238,0.2,55,0.8742,wew_Latn,,,,243,0,0.0,head
zoc_Latn,Latn,4297,3.633,2.8659,0.21,0.2,59,0.7955,kdr_Latn,0.8032,zos_Latn,0.2412,5,0,0.0,mid
zom_Latn,Latn,48432,4.685,2.9212,0.982,0.2,76,0.0758,ctd_Latn,0.0758,ctd_Latn,0.7291,30,6,0.194,twin
zos_Latn,Latn,17816,4.251,2.8412,-0.136,0.2,23,0.8032,zoc_Latn,1.1205,arg_Latn,0.6875,16,0,0.0,mid
zpa_Latn,Latn,50169,4.7,2.8508,-0.002,0.2,68,0.7238,zai_Latn,0.7238,zai_Latn,0.5017,47,2,0.042,head
zpc_Latn,Latn,17745,4.249,2.8564,0.077,0.2,27,0.7855,zsr_Latn,0.7855,zsr_Latn,0.9995,15,0,0.0,mid
zpg_Latn,Latn,833,2.921,3.2665,5.815,0.2,278,0.3682,zpj_Latn,0.6018,prg_Latn,0.9349,1,1,0.5,flat_magnet
zpi_Latn,Latn,17812,4.251,2.7941,-0.795,0.2,31,0.8633,zpj_Latn,1.0417,zab_Latn,0.9189,12,0,0.0,mid
zpj_Latn,Latn,90,1.959,3.7965,13.232,0.2,1440,0.105,ldn_Latn,0.105,ldn_Latn,0.8491,0,0,0.0,flat_magnet
zpl_Latn,Latn,17820,4.251,2.7759,-1.051,0.2,18,0.9569,zpj_Latn,1.107,zai_Latn,0.1782,17,0,0.0,mid
zpm_Latn,Latn,17300,4.238,2.8059,-0.63,0.2,25,0.847,zpg_Latn,0.9627,zpi_Latn,0.9713,8,0,0.0,mid
zpo_Latn,Latn,17782,4.25,2.7947,-0.787,0.2,40,0.7669,zao_Latn,0.7669,zao_Latn,0.9992,12,0,0.0,mid
zpq_Latn,Latn,17691,4.248,2.8234,-0.386,0.2,20,0.5013,zav_Latn,0.7415,zad_Latn,0.9929,4,0,0.0,mid
zpt_Latn,Latn,17827,4.251,2.7897,-0.857,0.2,21,0.9243,zpj_Latn,1.1762,zpu_Latn,0.9992,21,0,0.0,mid
zpu_Latn,Latn,17841,4.251,2.8145,-0.51,0.2,29,0.7973,zad_Latn,1.1897,vls_Latn,0.6996,20,0,0.0,mid
zpv_Latn,Latn,17800,4.25,2.7653,-1.199,0.2,5,0.9661,kas_Latn,1.1664,zai_Latn,0.178,9,0,0.0,mid
zpz_Latn,Latn,17804,4.251,2.8031,-0.67,0.2,22,0.9041,kas_Latn,1.0958,zab_Latn,0.9185,15,0,0.0,mid
zsm_Arab,Arab,281,2.45,3.6789,17.567,0.2,394,0.1751,ldn_Latn,0.2279,ota_Arab,0.4169,1,2,1.0,flat_magnet
zsm_Latn,Latn,100000,5.0,3.052,2.814,0.2,259,0.0644,ind_Latn,,,,653,252,0.385,twin
zsr_Latn,Latn,17753,4.249,2.8346,-0.229,0.2,22,0.7114,zar_Latn,0.7114,zar_Latn,0.9998,12,0,0.0,mid
ztq_Latn,Latn,17742,4.249,2.7996,-0.719,0.2,28,0.8732,zpj_Latn,0.9787,zpo_Latn,0.9978,10,0,0.0,mid
zty_Latn,Latn,17738,4.249,2.8012,-0.696,0.2,17,0.7448,zpq_Latn,0.767,zad_Latn,0.9956,13,0,0.0,mid
zul_Latn,Latn,100000,5.0,2.9321,1.136,0.2,173,0.1198,nde_Latn,,,,810,42,0.052,twin
zyb_Latn,Latn,13305,4.124,2.7748,-1.065,0.2,12,0.9177,kas_Latn,1.1086,ium_Latn,0.3158,10,0,0.0,mid
zyp_Latn,Latn,17810,4.251,2.7845,-0.93,0.2,31,0.8796,czt_Latn,0.8796,czt_Latn,0.9343,7,0,0.0,mid
