lang,N,degenerate,f1_nemo_baseline,fp_nemo_baseline,f1_nemo_floor21,fp_nemo_floor21,f1_nemo_gated,fp_nemo_gated,support
aai_Latn,24580,False,0.9840368925150763,41,0.9854351687388988,37,0.9854351687388988,37,1391
aak_Latn,24062,False,0.9996418338108882,2,0.9994628469113698,3,0.9994628469113698,3,2791
aau_Latn,24485,False,0.9988709070380127,3,0.9992469879518072,2,0.9992469879518072,2,1327
aaz_Latn,20777,False,0.9923857868020305,28,0.9933943089430893,24,0.9933943089430893,24,1957
aba_Latn,18107,False,0.9625990491283677,155,0.9401021513697569,306,0.9401021513697569,306,3118
abi_Latn,6735,False,0.99830220713073,3,0.9978786593126856,4,0.9982978723404256,0,1177
abk_Cyrl,100000,False,0.996418614139674,65,0.9963526235494935,64,0.9966279760151198,73,221310
abn_Latn,47050,False,0.9840474298637002,161,0.9819490181729479,197,0.9819490181729479,197,8150
abq_Cyrl,141,False,0.5882352941176471,34,0.9433962264150944,2,0.9433962264150944,2,26
abs_Latn,1335,False,0.13755325623858794,2826,0.2612342720191732,1217,0.6496,188,234
abt_Latn,46820,False,0.9952749140893471,10,0.9952749140893471,10,0.9952749140893471,10,2329
abx_Latn,17721,False,0.9131751640585564,343,0.9199084668192219,314,0.9882417281925076,40,1810
aby_Latn,21889,False,0.9942756494936151,13,0.9955908289241623,10,0.9955908289241623,10,1129
abz_Latn,13333,False,0.7633959638135003,1273,0.7590507535077082,1301,0.9257490230134608,193,2281
aca_Latn,7493,False,0.9924471299093656,20,0.9943246311010215,15,0.9965766451122099,5,1314
acd_Latn,17727,False,0.9983663096750771,9,0.9989098837209303,5,0.9992727272727273,2,2750
ace_Arab,6107,False,0.7052303429165224,799,0.7244318181818181,726,0.8653927813163481,266,1070
ace_Latn,47937,False,0.9631894185175942,170,0.9601494396014945,211,0.9601494396014945,211,8139
acf_Latn,34818,False,0.9372536136662287,199,0.9378084896347483,192,0.9378084896347483,192,3036
ach_Latn,42880,False,0.9902800658978583,54,0.990112063282795,53,0.990112063282795,53,6075
acm_Arab,4566,False,0.12170385395537527,7539,0.15264527320034693,5595,0.17004317502490865,4715,795
acn_Latn,17803,False,0.9977103606182027,7,0.9982817869415808,5,0.9997132205334098,0,1744
acr_Latn,67975,False,0.9138102334823646,940,0.9120327320066952,969,0.9120327320066952,969,7806
acu_Latn,24513,False,0.9894022891055532,32,0.9889737065309585,32,0.9889737065309585,32,2352
ada_Latn,100000,False,0.9943495400788436,125,0.993320235756385,257,0.9922067737350302,355,30487
ade_Latn,13525,False,0.9995766299745978,2,0.9995766299745978,2,0.9997882701672666,1,2361
adh_Latn,23111,False,0.9789493646880334,95,0.9791112799088493,91,0.9791112799088493,91,2597
adi_Latn,30503,False,0.9837194157596055,143,0.9848075309907726,127,0.9848075309907726,127,5319
adj_Latn,17702,False,0.9961089494163424,13,0.9967553536664505,9,0.9975645396980029,4,3083
adl_Latn,11055,False,0.9966537966537966,10,0.9971671388101984,8,0.9987103430487491,2,1939
ady_Cyrl,5894,False,0.9561068702290076,74,0.956563245823389,73,0.9667149059334298,51,1020
adz_Latn,3796,False,0.9621212121212122,19,0.9731800766283525,13,0.9902534113060429,4,255
aeb_Arab,25840,False,0.37624851095024286,4336,0.37191650853889946,4485,0.37191650853889946,4485,4524
aer_Latn,12314,False,0.9983694386210109,3,0.9986020503261883,2,0.9981351981351981,2,2147
aeu_Latn,17719,False,0.9994011976047905,2,0.9997005091344713,1,0.9997005091344713,1,1669
aey_Latn,25992,False,0.9919770773638968,25,0.9922613929492691,24,0.9922613929492691,24,1734
afr_Latn,100000,False,0.9825241738220568,3186,0.9824938624219766,3419,0.9821211205989219,3910,218523
agd_Latn,31162,False,0.9940298507462687,19,0.9949208246190617,16,0.9949208246190617,16,1666
agg_Latn,24084,False,0.9988376598217745,2,0.9984508133230053,3,0.9984508133230053,3,1290
agm_Latn,24380,False,0.9988942130482861,3,0.9985261606484893,4,0.9985261606484893,4,1355
agn_Latn,17794,False,0.9666666666666667,127,0.9706524375454766,110,0.9920595533498759,19,2012
agr_Latn,32209,False,0.994919021911718,25,0.9946031746031746,27,0.9946031746031746,27,3140
agt_Latn,16997,False,0.9907918968692448,27,0.9923147863510605,22,0.9962940086473131,8,1617
agu_Latn,22058,False,0.9957369062119367,13,0.9960402071276272,12,0.9960402071276272,12,1636
agw_Latn,39173,False,0.9937494338255276,64,0.9942908926144086,59,0.9942908926144086,59,5490
agx_Cyrl,1958,False,0.8525,114,0.8926701570680629,78,0.9686609686609686,17,345
aha_Latn,15133,False,0.9942528735632183,24,0.9942506707550786,23,0.996529116853066,1,2601
ahk_Latn,100000,False,0.9998919643050064,1,0.9998703599671579,2,0.9998703599671579,2,23142
aia_Latn,17546,False,0.9980494148244473,10,0.9978865225166639,10,0.9988608624898292,4,3072
aii_Syrc,24440,True,1.0,0,0.9994662871375201,3,0.9994662871375201,3,2809
aim_Latn,11048,False,0.9836984207845134,55,0.9856923863055698,45,0.9902313624678662,24,1940
ain_Latn,4507,False,0.9500000000000001,69,0.9743589743589743,28,0.9794871794871794,4,792
ajg_Latn,29217,False,0.9676353387112451,234,0.9665600465251527,254,0.9665600465251527,254,5077
aji_Latn,12641,False,0.9972640218878249,2,0.9974925917483474,2,0.9963470319634703,1,2197
ajz_Latn,11064,False,0.9879948914431673,43,0.9920410783055199,25,0.9958677685950413,6,1938
akb_Latn,13505,False,0.8186708311643242,1038,0.8273078273078274,975,0.9296952798247361,321,2366
ake_Latn,17791,False,0.9988283538371412,4,0.9988283538371412,4,0.9991210079109288,3,1705
akh_Latn,24012,False,0.9972451790633607,6,0.9976377952755906,5,0.9976377952755906,5,1268
akp_Latn,17785,False,0.9966923925027563,18,0.9965092779717067,19,0.9990776609481646,1,2712
ald_Latn,11035,False,1.0,0,0.9997416688194266,1,0.999482936918304,0,1935
alj_Latn,13407,False,0.985945038808475,65,0.9886411442995372,52,0.9972381559379647,8,2352
aln_Latn,62542,False,0.8856521560743444,2739,0.8886965838381341,2643,0.8886965838381341,2643,10841
alp_Latn,17561,False,0.9925028835063437,23,0.9945102571511124,16,0.9976798143851509,4,1724
alq_Latn,17867,False,0.9907759088442757,22,0.99185667752443,19,0.9950953678474115,6,1838
als_Latn,100000,False,0.9726847939553612,654,0.9732701280651247,726,0.9732603112720072,946,82012
alt_Cyrl,84843,False,0.9873788595898129,218,0.9869641985048273,222,0.9869641985048273,222,13261
aly_Latn,6317,False,0.9919354838709677,18,0.9928251121076233,16,0.9981949458483755,3,1107
alz_Latn,92770,False,0.9906542056074767,206,0.9887474635676076,290,0.9887474635676076,290,16156
ame_Latn,34032,False,0.9972205845194981,6,0.9972210526315789,7,0.9972210526315789,7,5947
amf_Latn,13325,False,0.9837606837606837,72,0.9890440386680989,47,0.9954397394136809,7,2306
amh_Ethi,100000,False,0.9525149318755994,3987,0.953170428136638,4050,0.9583069845576061,4290,103607
ami_Latn,87543,False,0.995872371093494,102,0.9958731822350321,105,0.9958731822350321,105,15224
amk_Latn,17696,False,0.9847130083645803,46,0.9878472222222223,35,0.9947552447552448,11,1714
amm_Latn,24436,False,0.9912350597609562,22,0.9912350597609562,22,0.9912350597609562,22,1244
amn_Latn,37915,False,0.9956554307116106,29,0.9955049445609828,29,0.9955049445609828,29,3323
amp_Latn,30724,False,0.9896825396825397,25,0.989289964299881,26,0.989289964299881,26,1248
amr_Latn,23701,False,0.9971625456019457,7,0.9979716024340771,5,0.9979716024340771,5,1230
amu_Latn,17900,False,0.997765006385696,2,0.997765006385696,2,0.9977642925582881,1,3137
amx_Latn,1656,False,0.9573770491803278,26,0.9965870307167235,2,0.9965870307167235,2,292
ang_Latn,490,False,0.05360134003350083,2818,0.639344262295082,79,0.8222222222222222,19,87
anm_Latn,30734,False,0.9933023255813953,47,0.9927468848800446,52,0.9927468848800446,52,5364
ann_Latn,22124,False,0.9969325153374233,12,0.9974424552429668,10,0.9974424552429668,10,1950
anp_Deva,4499,False,0.019658935527979156,37730,0.021357568872479412,34184,0.032343323030058685,21312,650
anv_Latn,17797,False,0.9982558139534884,5,0.9988365328679465,3,0.9988351776354106,1,1718
any_Latn,11974,False,0.9990467111534795,1,0.9990467111534795,1,0.9978525411596277,1,2099
aoi_Latn,3242,False,0.9895652173913044,12,0.9947552447552448,6,0.9964912280701754,3,569
aoj_Latn,55040,False,0.9989745693191139,4,0.9988721419050548,5,0.9988721419050548,5,4877
aom_Latn,17715,False,0.9977094240837696,12,0.9985262813165219,7,0.9995082773315849,1,3051
aoz_Latn,13501,False,0.9831705796800332,76,0.9887123745819398,48,0.9953625632377741,12,2371
apb_Latn,10888,False,0.9976234486400845,8,0.9978869519281564,7,0.9981476581106112,3,1890
apc_Arab,79058,False,0.7487028945931185,4542,0.7486349986349986,4548,0.7486349986349986,4548,13787
ape_Latn,59332,False,0.9929906542056075,33,0.9926070038910506,36,0.9926070038910506,36,2553
apn_Latn,16297,False,0.9974999999999999,8,0.9978118161925601,7,0.99812382739212,6,1596
apr_Latn,24377,False,0.9975389663658737,6,0.9975389663658737,6,0.9975389663658737,6,1216
apt_Latn,11049,False,0.9892418032786885,37,0.9917822290703646,27,0.9966399586456449,5,1936
apu_Latn,11186,False,0.9925850166197904,12,0.992831541218638,9,0.9940980241211189,2,1958
apw_Latn,11058,False,0.9971685971685972,11,0.9979381443298969,7,0.9984528107271791,5,1937
apy_Latn,36974,False,0.9952299829642249,30,0.9954882097556823,32,0.9954882097556823,32,5868
apz_Latn,24230,False,0.9980650835532102,11,0.9977132805628848,12,0.9977132805628848,12,2837
aqz_Latn,271,False,0.22641509433962262,50,0.4,0,0.4,0,44
arb_Arab,100000,False,0.9628451198719916,2372,0.9635644380843814,2466,0.9637176991399371,2550,1065827
arb_Latn,847,False,0.1264855687606112,2058,0.4563552833078101,355,0.93125,22,149
arc_Syrc,410,True,0.0,7,0.0,0,0.0,0,73
are_Latn,6673,False,0.993587002992732,14,0.9931565440547476,14,0.9957007738607051,5,1163
arg_Latn,25914,False,0.6390874305104324,4878,0.6373960216998191,4872,0.6373960216998191,4872,4547
arl_Latn,24447,False,0.9952718676122932,11,0.9952718676122932,11,0.9952718676122932,11,1264
arn_Latn,100000,False,0.989020234739809,30,0.9890447252770359,37,0.9886289593711247,57,24002
arp_Latn,1963,False,0.9690140845070422,22,0.9942196531791908,4,0.9956584659913169,3,344
arq_Arab,2712,False,0.5026315789473684,667,0.5632530120481927,483,0.631578947368421,309,471
arr_Latn,572,False,0.44720496894409933,151,0.8323699421965318,2,0.8352941176470587,0,99
ars_Arab,18539,False,0.11323679199326868,39352,0.11536638757870506,38502,0.11536638757870506,38502,3253
ary_Arab,100000,False,0.727150851922867,11960,0.7242356219521635,12338,0.7179589091353797,13067,28866
arz_Arab,100000,False,0.5357628648000755,25101,0.53538616325558,26056,0.534513504718516,27032,29261
asg_Latn,17719,False,0.9947816533919253,16,0.994778785380599,15,0.9958734525447042,11,1814
asm_Beng,100000,False,0.9939893196676165,164,0.9938594496247442,182,0.9936583147868955,206,41846
asm_Latn,455,False,0.15703380588876772,764,0.6923076923076923,38,0.84,6,81
aso_Latn,23837,False,0.9980155150640448,9,0.9978354978354979,10,0.9978354978354979,10,2768
ast_Latn,100000,False,0.9669199083506287,8322,0.9635350041850256,9628,0.9606058129373377,10878,154447
ata_Latn,27005,False,0.9974409152491345,13,0.9977413040204788,11,0.9977413040204788,11,3317
atb_Latn,25098,False,0.9942797711908476,7,0.9945412009357941,7,0.9945412009357941,7,1927
atd_Latn,17597,False,0.9928134149587435,24,0.9933386624034105,21,0.9975916510569975,5,1868
atg_Latn,17802,False,0.9827878787878788,69,0.9873356064296152,50,0.9936274509803922,24,2029
ati_Latn,10154,False,0.9681492109038736,44,0.971774193548387,31,0.9793544635068334,1,1754
atj_Latn,1662,False,0.827178729689808,105,0.8738170347003156,65,0.953528399311532,12,292
atq_Latn,6661,False,0.9734289329396878,60,0.9821124361158433,38,0.9931093884582256,12,1157
att_Latn,17829,False,0.9951608311984059,17,0.996011396011396,14,0.997716894977169,8,1748
auc_Latn,17817,False,1.0,0,1.0,0,1.0,0,1732
aui_Latn,4581,False,0.9304245283018867,117,0.9575242718446602,69,0.9886649874055417,13,790
auy_Latn,24037,False,0.9966284558327714,4,0.9968539325842697,4,0.9968539325842697,4,2228
ava_Cyrl,17634,False,0.9856537332898598,83,0.9862924281984334,78,0.9955511616411271,20,3028
avk_Latn,3056,False,0.4845360824742268,1082,0.8197767145135567,205,0.9334619093539055,18,535
avn_Latn,11063,False,0.9795211998846264,69,0.9812301472711522,64,0.9923708920187794,17,1700
avt_Latn,24340,False,0.9946768060836502,7,0.9958127141225732,4,0.9958127141225732,4,1315
avu_Latn,17019,False,0.999665327978581,2,0.999665327978581,2,0.9998326359832636,1,2987
awa_Deva,18700,False,0.7232792389479575,1302,0.723916083916084,1301,0.723916083916084,1301,3261
awb_Latn,24529,False,0.9934489402697495,17,0.9945987654320987,14,0.9945987654320987,14,1289
awi_Latn,6621,False,0.9893662271373884,25,0.9923208191126279,18,0.9952931108258452,11,1163
awx_Latn,4174,False,0.9288135593220339,41,0.9630931458699472,20,0.9909255898366606,3,275
ayo_Latn,6717,False,0.9911504424778761,21,0.9945031712473573,13,0.9991503823279524,2,1176
ayp_Arab,6764,False,0.9097859327217126,236,0.9447755264203417,138,0.9797639123102866,20,1190
ayr_Latn,100000,False,0.9945951582349977,110,0.9946049828656108,174,0.9943300161999538,242,86668
azb_Arab,100000,False,0.981053968810233,1119,0.9807991242474001,1150,0.9802368947754093,1218,45402
azg_Latn,17785,False,0.999519461797213,2,0.999519461797213,2,0.9995193078032368,1,3121
azj_Cyrl,26412,False,0.993579809608147,46,0.993466947181929,45,0.993466947181929,45,4500
azj_Latn,100000,False,0.994702915471637,901,0.9947499285073425,1036,0.9953218999143691,1336,229211
azz_Latn,17799,False,0.9578565447948646,150,0.961344537815126,137,0.9853321829163071,47,1717
bak_Cyrl,100000,False,0.9707905170321224,889,0.9704377717116571,926,0.9703054298642534,983,49991
bal_Arab,39095,False,0.9589980617265543,423,0.955940263021027,467,0.955940263021027,467,6559
bam_Latn,18697,False,0.6687968538773504,2183,0.6562274150807034,2345,0.6562274150807034,2345,3233
ban_Latn,41792,False,0.9358477568242487,608,0.9287242234961923,689,0.9287242234961923,689,5571
bao_Latn,17847,False,0.9976784677887406,5,0.9973890339425587,6,0.9976784677887406,5,1722
bar_Latn,100000,False,0.9367459580911445,2216,0.9256154550272196,2749,0.9082007343941249,3640,19552
bas_Latn,100000,False,0.9963790931989924,65,0.9956487549148099,98,0.9946084589614741,147,19060
bav_Latn,17825,False,0.9985358711566618,2,0.9985353946297804,1,0.9986979166666667,0,3076
bba_Latn,84918,False,0.9936186186186186,23,0.993583248902398,28,0.993583248902398,28,13382
bbb_Latn,21471,False,0.9967145790554415,16,0.9973278520041111,12,0.9973278520041111,12,2427
bbc_Latn,100000,False,0.9791172919554622,339,0.9796374028757703,379,0.9848022298911601,570,45321
bbj_Latn,11052,False,0.998968540484786,2,0.9992262058292494,1,0.999484004127967,0,1939
bbk_Latn,4286,False,0.9973544973544973,4,0.9986754966887418,2,0.9986754966887418,2,754
bbo_Latn,6704,False,0.9911280101394169,20,0.9944891903348877,12,0.9952971355280035,1,1174
bbr_Latn,23818,False,0.9930555555555556,18,0.9942062572421785,15,0.9942062572421785,15,1287
bch_Latn,22386,False,0.9969512195121951,12,0.997139042532901,9,0.997139042532901,9,2620
bci_Latn,100000,False,0.9984920789795809,90,0.9978904075590774,164,0.9974309911059139,223,56364
bcl_Latn,100000,False,0.9823128502388853,2496,0.9815969162995594,2654,0.9814203205970116,3066,182288
bco_Latn,3937,False,1.0,0,1.0,0,1.0,0,281
bcw_Latn,17698,False,0.9994439295644115,2,0.9996293550778355,2,0.9996293550778355,2,2697
bdd_Latn,30992,False,0.9951592356687898,15,0.9951592356687898,15,0.9951592356687898,15,1957
bdh_Latn,12360,False,0.9979276997467189,6,0.9986181483187471,4,0.9995389580451821,0,2170
bdq_Latn,4240,False,0.9866844207723036,20,0.9912926992632285,12,0.9926224010731053,10,741
bea_Latn,1152,False,0.7937131630648331,105,0.9758454106280194,10,0.9926289926289926,3,202
bef_Latn,24278,False,0.9950537267610439,28,0.9953901314666211,24,0.9953901314666211,24,2918
bel_Cyrl,100000,False,0.9910401676177872,1727,0.991136015499175,1734,0.9902068320222047,2060,126366
bem_Latn,100000,False,0.9794483218544112,2972,0.9792678946570009,3123,0.9797973073788837,3294,218924
ben_Beng,100000,False,0.9924209974831056,711,0.9925337344600275,726,0.9930945210639213,778,283921
ben_Latn,3910,False,0.4835085175788329,1408,0.6352715040845747,736,0.9010526315789473,99,684
beq_Latn,11039,False,0.9340420391398889,267,0.9461048505634493,212,0.9833852544132917,19,1939
bew_Latn,16291,False,0.7020242914979757,1954,0.6956637758505669,2033,0.7582883014458888,1396,2855
bex_Latn,22281,False,0.9983070712332335,8,0.999088422971741,5,0.999088422971741,5,3838
bfd_Latn,17820,False,1.0,0,0.9998027224304596,0,0.9998027224304596,0,2535
bfo_Latn,13446,False,0.9957283212302436,3,0.9959427717275251,3,0.9963682973723563,1,2348
bgr_Latn,17611,False,0.9663082437275986,138,0.968158965764903,130,0.9822427633179275,67,2025
bgs_Latn,19527,False,0.9937658739321173,24,0.9930747922437673,26,0.9930747922437673,26,2155
bgt_Latn,10924,False,0.9865819209039548,35,0.9911253106141285,21,0.9960644007155635,3,1400
bgz_Latn,13364,False,0.9805153991200501,88,0.9833928946815219,73,0.994458653026428,14,2345
bhg_Latn,7106,False,0.9778206364513018,23,0.9873417721518987,13,0.9960707269155207,4,507
bhl_Latn,27070,False,0.9916610322289835,34,0.9914337240757439,34,0.9914337240757439,34,2203
bho_Deva,55844,False,0.6410812306840721,6769,0.6361311535300027,6972,0.6361311535300027,6972,7961
bhp_Latn,8035,False,0.9614835948644793,44,0.957393483709273,44,0.9582417582417582,10,1412
bhw_Latn,96876,False,0.990569144636388,30,0.9904208824762019,35,0.9904208824762019,35,16828
bhz_Latn,6727,False,0.9831649831649832,40,0.9894022891055533,24,0.9961554891072191,7,1168
bib_Latn,17804,False,0.9991928974979822,3,0.9995155821088325,1,0.9996770025839793,0,3097
big_Latn,24303,False,0.9918887601390498,21,0.9938080495356036,16,0.9938080495356036,16,1284
bim_Latn,60084,False,0.9892882170387426,190,0.9889428128283384,198,0.9889428128283384,198,9906
bin_Latn,100000,False,0.9924404358479746,216,0.99192035029191,229,0.9917402746293545,238,19110
bis_Latn,100000,False,0.9955930306208968,445,0.9954321372436652,468,0.995435870971201,480,149408
biu_Latn,11038,False,0.9772497472194136,86,0.9829559908420249,62,0.9909909909909911,23,1937
biv_Latn,17791,False,0.9968857564333715,16,0.9972117434804001,13,0.9975389663658736,11,3044
bjn_Arab,6110,False,0.6305084745762712,1151,0.6458530432040367,1076,0.793009708737864,483,1071
bjn_Latn,27655,False,0.4160613397901534,8403,0.41865833785985873,8273,0.7200099552015928,1771,3372
bjp_Latn,3587,False,0.9261744966442952,43,0.9735449735449735,14,0.9928057553956834,3,277
bjr_Latn,26849,False,0.9989769820971868,4,0.9989769820971868,4,0.9989769820971868,4,1953
bjv_Latn,28868,False,0.9997486805730083,1,0.9997486805730083,1,0.9997486805730083,1,1989
bkd_Latn,17628,False,0.985209779655901,48,0.985200845665962,47,0.998467667790377,1,1633
bkl_Latn,6670,False,0.9724310776942356,65,0.9831081081081081,39,0.9969995713673382,5,1165
bkq_Latn,17510,False,0.989492119089317,34,0.9921029540801404,26,0.9982311320754716,2,1697
bku_Latn,13480,False,0.9861866889912098,65,0.9890848026868179,51,0.9976670201484624,6,2357
bkv_Latn,13494,False,0.9938179492645491,29,0.9953011533532679,21,0.9989272688264321,2,2331
bla_Latn,1048,False,0.7948164146868251,93,0.9735449735449735,8,0.9837837837837837,2,186
blh_Latn,6716,False,0.9970426700464724,7,0.9991532599491956,2,0.9995760915642221,0,1180
blk_Mymr,26251,False,0.9872264800622015,45,0.9873417721518988,46,0.9873417721518988,46,4514
blt_Latn,6684,False,0.9923664122137404,18,0.9957446808510638,10,0.9995728321230244,1,1170
blw_Latn,17130,False,0.994488671157379,18,0.995403003371131,15,0.9981561155500922,6,1624
blz_Latn,17821,False,0.9844649021864211,47,0.9858667435823478,40,0.9941826643397323,11,1718
bmh_Latn,23801,False,0.9943672549755914,15,0.9966127211140384,9,0.9966127211140384,9,1324
bmk_Latn,1657,False,0.7105263157894737,83,0.9037656903765691,18,0.9515418502202644,6,113
bmq_Latn,13524,False,0.9947000211999153,17,0.9955423476968795,12,0.9953091684434968,2,2354
bmr_Latn,17771,False,0.9982728842832469,6,0.9985603224877627,5,0.9997117324877486,1,1734
bmu_Latn,27341,False,0.9962242230612838,10,0.9950681752248332,14,0.9950681752248332,14,1718
bmv_Latn,11017,False,0.9938650306748467,7,0.9964850615114235,4,0.9973614775725593,3,567
bnj_Latn,13502,False,0.9818647322381053,44,0.9835505233924375,37,0.984812834224599,31,2342
bno_Latn,4263,False,0.7718572167615106,441,0.8157463094587205,337,0.9831422791638571,8,746
bnp_Latn,35503,False,0.9912061950387191,32,0.991585590323429,24,0.991585590323429,24,3811
boa_Latn,17164,False,0.9969660194174758,10,0.9978742787731553,7,0.9987841945288753,4,1643
bod_Tibt,45476,True,0.9329503166416401,330,0.9329681794470527,340,0.9329681794470527,340,7842
boj_Latn,41261,False,0.997352162400706,15,0.997352162400706,15,0.997352162400706,15,2825
bom_Latn,11082,False,0.9933230611196713,26,0.9940889231560011,23,0.9981916817359856,5,1934
bon_Latn,24452,False,0.9896166134185304,26,0.9904076738609113,24,0.9904076738609113,24,1239
bor_Latn,156,False,0.27848101265822783,41,0.5405405405405406,0,0.5405405405405406,0,27
bov_Latn,17729,False,0.9951752975233193,27,0.9950152757678083,28,0.9967741935483871,13,3097
box_Latn,17668,False,0.9987096774193548,8,0.9988707856105824,7,0.9995157384987894,3,3096
bpr_Latn,17724,False,0.9432886862353946,123,0.9424501424501426,125,0.9424501424501426,125,1731
bps_Latn,17697,False,0.9528693528693528,84,0.952334392569054,83,0.9525672371638142,82,2060
bpy_Beng,25498,False,0.718016821602479,2761,0.7211392968402315,2705,0.7211392968402315,2705,4479
bqc_Latn,56840,False,0.994667760459393,26,0.9949248987542932,25,0.9949248987542932,25,9778
bqj_Latn,11034,False,0.9856359362757902,50,0.9876995550902906,42,0.9957716701902748,8,1892
bqp_Latn,13480,False,0.9804255319148936,48,0.9812526629740094,43,0.9818801961202303,40,2348
bre_Latn,33378,False,0.9613013698630137,270,0.9626392459297343,257,0.9626392459297343,257,5796
brh_Arab,11614,False,0.7936079225748368,863,0.7940446650124069,856,0.9187615771368086,226,1817
bru_Latn,17733,False,0.998679432155827,8,0.9983498349834983,10,0.9996695307336418,2,3025
brx_Deva,3440,False,0.8674521354933726,168,0.8769574944071589,152,0.9198717948717948,73,601
brx_Latn,374,False,0.3731778425655977,214,0.9064748201438849,11,0.9763779527559054,0,65
bsc_Latn,11055,False,0.9974240082431736,9,0.9979381443298969,7,0.9994837377387713,1,1937
bsn_Latn,16998,False,0.9974520129098012,5,0.9977909940526762,3,0.9979605710401087,2,2946
bsp_Latn,7698,False,0.9848987108655618,25,0.9859882005899705,22,0.9884457696608274,4,1353
bsq_Latn,3179,False,0.8141459744168548,239,0.94005212858384,61,0.984474885844749,7,549
bss_Latn,17773,False,0.9977499196399872,14,0.9980707395498393,12,0.9996778350515464,1,3104
btd_Latn,14730,False,0.9771428571428571,101,0.9795450200726439,85,0.9916326133489005,7,2584
bth_Latn,10993,False,0.9927685950413223,28,0.9950815428423504,19,0.997917751171265,3,1922
bts_Latn,40284,False,0.9021473575929022,1488,0.9139728884254431,1282,0.9139728884254431,1282,7050
btt_Latn,13406,False,0.9974435449510013,11,0.9976560835286598,10,0.9985033140902289,0,2342
btx_Latn,100000,False,0.9794549550312495,388,0.9794564592005958,415,0.9768233687865558,612,29739
bud_Latn,13483,False,0.9978768577494692,9,0.9980887661923975,8,0.9987244897959183,4,2351
bug_Latn,14761,False,0.9337099811676082,249,0.9261544213871752,290,0.9655850540806293,48,2582
buk_Latn,24072,False,0.998077662437524,3,0.998077662437524,3,0.998077662437524,3,1300
bul_Cyrl,100000,False,0.9820465031989383,6762,0.981493215480596,7209,0.9806590664171063,7840,279712
bum_Latn,100000,False,0.991342299390403,99,0.9908313392878295,135,0.9903050366516907,187,21163
bus_Latn,23216,False,0.9831558087688876,81,0.9832858734678717,82,0.9832858734678717,82,4024
bvc_Latn,6694,False,0.9936467598475222,15,0.9940627650551314,13,0.9970225435984688,6,1173
bvd_Latn,4273,False,0.9854497354497354,16,0.9886892880904857,9,0.9906417112299465,4,751
bvr_Latn,17732,False,0.9891922639362912,38,0.9894676914318246,36,0.9971313826735514,9,1739
bvz_Latn,12855,False,0.9961926091825307,16,0.9964173757277205,16,0.9982054733064154,8,2225
bwd_Latn,3872,False,0.8695652173913043,80,0.9424083769633508,32,0.9554367201426024,22,271
bwi_Latn,221,False,0.3518518518518518,140,0.9487179487179489,3,0.9866666666666666,0,38
bwq_Latn,13507,False,0.9968091895341417,11,0.9953111679454391,10,0.9935677530017152,0,2347
bwu_Latn,17557,False,0.9959798994974874,21,0.9969818913480886,15,0.9978154931944211,6,2976
bxh_Latn,7138,False,0.9733750978856694,66,0.9810576164167325,46,0.9912,16,1245
bxr_Cyrl,28040,False,0.9506290054592926,253,0.9502434390214939,252,0.9502434390214939,252,4168
byr_Latn,18296,False,0.9989033369888767,7,0.9990598558445628,6,0.9990598558445628,6,3188
byv_Latn,1735,False,0.911042944785276,57,0.9867109634551494,7,0.9966329966329966,0,298
byx_Latn,17508,False,0.9969247973161868,11,0.9974825174825175,9,0.9997194950911641,0,1783
bzd_Latn,25300,False,0.9856065798492119,19,0.9847837237134552,28,0.9847837237134552,28,2941
bzh_Latn,24550,False,0.9948942377826405,12,0.9963476990504019,8,0.9963476990504019,8,1366
bzi_Thai,11019,False,0.9669775649105118,130,0.9667170953101362,130,0.9963522668056279,7,1919
bzj_Latn,100000,False,0.9915443984932698,99,0.9905112366933895,160,0.9889631668632848,240,19043
caa_Latn,17822,False,0.9987163029525032,8,0.9985556090515166,8,0.9991967871485944,3,3112
cab_Latn,100000,False,0.9966103617977847,78,0.996541165797233,98,0.9958212337984276,149,35296
cac_Latn,54632,False,0.9942488427549445,25,0.9941093969144459,27,0.9941093969144459,27,7145
caf_Latn,17803,False,0.9855990783410138,29,0.9875830205024545,21,0.9878682842287695,20,1732
cag_Latn,12070,False,0.9943289224952742,14,0.9950389794472005,13,0.9966840360018948,4,2114
cak_Latn,100000,False,0.9843966504006265,189,0.9844608268285632,197,0.9841766816791503,222,41956
cao_Latn,17717,False,0.9940051384527548,21,0.9951414689911403,17,0.998566102667049,5,1741
cap_Latn,28831,False,0.9978372533117059,16,0.9978372533117059,16,0.9978372533117059,16,3691
caq_Latn,31638,False,0.9990948587979726,3,0.9990951863916033,5,0.9990951863916033,5,5526
car_Latn,18987,False,0.9878291657446339,40,0.9893569844789356,32,0.9893569844789356,32,2247
cas_Latn,6696,False,0.9915397631133671,20,0.9944845142129826,13,0.9987217724755006,3,1172
cat_Latn,100000,False,0.9895096599616551,1330,0.9894375672766416,1593,0.9893849001604664,1996,313848
cav_Latn,17546,False,0.9949419815531091,14,0.9949419815531091,14,0.9973142345568486,5,1675
cax_Latn,28858,False,0.9979494190020505,15,0.9978130125751777,16,0.9978130125751777,16,3650
cbc_Latn,17534,False,0.9949088520282476,5,0.9952388770316862,5,0.9955657743471834,3,3055
cbi_Latn,10976,False,0.9960988296488946,15,0.9960967993754879,14,0.9986941760250719,2,1915
cbk_Latn,100000,False,0.9511816174666775,1263,0.9455126469154526,1493,0.942604380192038,1626,17976
cbr_Latn,24284,False,0.9994630391981385,3,0.9994630391981385,3,0.9994630391981385,3,2792
cbs_Latn,27312,False,0.9965729952021932,14,0.996800731261426,13,0.996800731261426,13,2182
cbt_Latn,10883,False,0.9979013641133263,8,0.9981632117554448,7,0.998424369747899,5,1902
cbu_Latn,16983,False,0.9920136908157445,23,0.992867332382311,21,0.9974175035868006,3,1744
cbv_Latn,27955,False,0.9983660130718954,4,0.9987740089906008,3,0.9987740089906008,3,1222
cce_Latn,100000,False,0.9740559401204344,508,0.9711034502088063,633,0.9675870348139255,768,17722
cco_Latn,17689,False,1.0,0,1.0,0,1.0,0,3099
ccp_Latn,6763,False,0.9378980891719745,154,0.9663382594417077,79,0.9919389053882053,8,1180
cdf_Latn,6763,False,0.9788644840447576,51,0.9899413243922883,24,0.9966159052453468,5,1181
cdo_Latn,9577,False,0.9976232917409388,6,0.9970326409495549,9,0.9985132322331252,3,1681
ceb_Latn,100000,False,0.9712550656190171,2617,0.970480801582404,3121,0.9710910205748049,3425,338056
ceg_Latn,13524,False,0.9974489795918366,12,0.9976610674037848,11,0.998510321344967,7,2346
cek_Latn,44097,False,0.9930201552819387,51,0.9928666614407776,55,0.9928666614407776,55,6369
ces_Latn,100000,False,0.9800645164726497,9237,0.9795800386232532,9701,0.9791369175220838,10098,278011
cfm_Latn,80737,False,0.9518953036408373,1193,0.9502188378464933,1248,0.9502188378464933,1248,13503
cgc_Latn,17863,False,0.9758683729433273,96,0.9773226042428677,91,0.9918276374442793,9,2705
cgg_Latn,34573,False,0.7408047888260726,3469,0.7352454129959596,3550,0.7352454129959596,3550,5997
cha_Latn,19311,False,0.9449204406364748,157,0.9519704433497538,135,0.9519704433497538,135,1567
chd_Latn,18037,False,0.9750990379173741,18,0.976796830786644,15,0.976796830786644,15,1793
che_Cyrl,56243,False,0.9414368052696582,488,0.9429903191107923,521,0.9429903191107923,521,9797
chf_Latn,18010,False,0.988088485536018,13,0.9875212705615428,14,0.9875212705615428,14,1771
chj_Latn,4286,False,0.9993355481727575,1,1.0,0,1.0,0,752
chk_Latn,100000,False,0.9977400827147592,69,0.9978207280911722,71,0.9976163481024524,107,56033
cho_Latn,1031,False,0.8232558139534883,71,0.9336870026525199,19,0.9664804469273743,3,182
chq_Latn,10965,False,0.9992201715622563,3,0.999479979199168,2,0.9992197659297789,2,1922
chr_Cher,11732,True,0.9992395437262357,1,0.9962092494313874,5,0.9977220956719818,3,657
chr_Latn,6768,False,0.9953800923981521,11,0.9970551114850652,7,0.9995782370307886,1,1185
chu_Cyrl,27598,False,0.7188452285485165,3344,0.7430181486699262,2940,0.7430181486699262,2940,4644
chv_Cyrl,47817,False,0.9825139744876021,139,0.9821019473081329,149,0.9821019473081329,149,6960
chw_Latn,99872,False,0.9708001736362322,423,0.969777444216725,486,0.969777444216725,486,17359
chz_Latn,17827,False,1.0,0,1.0,0,1.0,0,1678
cjk_Latn,100000,False,0.9595216191352346,1742,0.9575850080556263,1938,0.9545945945945946,2149,28795
cjo_Latn,17378,False,0.9772391368607745,44,0.9786729857819904,38,0.979253112033195,36,1686
cjp_Latn,13518,False,0.9976709718399321,8,0.9980936242321542,6,0.9993637327677625,0,2359
cjs_Cyrl,1320,False,0.9148514851485149,42,0.9725158562367866,11,0.9870129870129869,2,232
cjv_Latn,24274,False,0.9929664873810509,17,0.9941956882255389,13,0.9941956882255389,13,1200
ckb_Arab,100000,False,0.8882588618769522,3051,0.8882628470572262,3062,0.887991584947915,3080,29692
cko_Latn,17723,False,0.9954369954369954,23,0.9956101843722565,21,0.9977092511013216,5,2839
ckt_Cyrl,2269,False,0.9787234042553191,14,0.9848866498740554,9,0.9833119383825416,2,394
cle_Latn,17829,False,1.0,0,1.0,0,1.0,0,1701
clu_Latn,10945,False,0.8578542326844727,610,0.8737012237358578,526,0.9811912225705329,37,1913
cly_Latn,13513,False,0.8808988764044944,129,0.8814016172506738,129,0.8819959541469993,126,2361
cme_Latn,17736,False,0.9963026867143209,10,0.9967956618190782,9,0.998025666337611,4,2026
cmn_Hani,100000,False,0.8554619513066726,3059,0.8552806148613551,3103,0.8552702537278373,3108,169891
cmo_Khmr,11062,True,0.9620382165605096,148,0.9699306090979183,115,0.9946893255443441,4,1889
cmo_Latn,17989,False,0.9867330016583749,25,0.9897364771151179,13,0.9900055524708495,11,1808
cmr_Latn,6689,False,0.9948630136986302,12,0.999140154772141,2,0.9991386735572783,0,1162
cnh_Latn,100000,False,0.9877315449225362,197,0.987400343407147,214,0.9874282216692035,271,62593
cni_Latn,32688,False,0.9461090988914498,48,0.9479337937082098,46,0.9479337937082098,46,4753
cnk_Latn,11067,False,0.9442675159235668,47,0.9459675272824062,38,0.9507758159443552,19,1942
cnl_Latn,17804,False,1.0,0,0.9998010741993236,1,1.0,0,2513
cnt_Latn,17808,False,0.9997132205334098,1,1.0,0,1.0,0,1743
cnw_Latn,6740,False,0.9829663481512255,40,0.9870671672924489,30,0.9881456392887384,11,1184
coe_Latn,17384,False,0.9988571428571429,6,0.9992378048780487,4,1.0,0,2622
cof_Latn,16915,False,0.9864905433803662,39,0.9888654829972917,31,0.9951544518473653,10,1649
cok_Latn,28590,False,0.8534568309626198,187,0.8532069649548158,191,0.8532069649548158,191,5012
con_Latn,17696,False,0.99728555917481,7,0.9970149253731344,8,0.9983686786296899,2,1840
cop_Copt,27503,True,0.999896190179591,1,0.999481166338072,5,0.999481166338072,5,4816
cor_Latn,41440,False,0.9890247290914144,122,0.989232372351511,120,0.989232372351511,120,7155
cos_Latn,9423,False,0.7003469210754553,1347,0.7476023391812865,1027,0.9092495636998255,225,1650
cot_Latn,17733,False,0.9910430511412887,24,0.9921897599074342,20,0.9947795823665894,11,1722
cou_Latn,6745,False,0.9983079526226735,4,0.9991532599491956,2,0.9995764506565015,1,1180
cpa_Latn,17827,False,0.9985611510791367,5,0.9976985040276181,7,0.998272884283247,5,1735
cpb_Latn,17824,False,0.9579306424104604,114,0.9584755403868032,112,0.9590210586226523,110,1719
cpc_Latn,17825,False,0.9826458036984353,48,0.982046166999145,46,0.982046166999145,46,1740
cpu_Latn,17825,False,0.9199999999999999,272,0.916245679340601,285,0.9167331737164139,283,1753
cpy_Latn,14716,False,0.9678395762391222,66,0.9707557918723889,57,0.9737142857142856,49,1298
crh_Cyrl,38964,False,0.9595823206409217,341,0.9573681838666066,346,0.9573681838666066,346,5438
crh_Latn,17238,False,0.5722257995277957,3862,0.5658340389500424,3985,0.6205851497843572,3127,2790
cri_Latn,2059,False,0.3637413394919169,1074,0.7215777262180975,208,0.9039039039039038,22,343
crj_Cans,4295,True,0.9900990099009902,11,0.989431968295905,11,0.989431968295905,11,754
crk_Cans,4454,True,0.9791798107255522,26,0.9803921568627451,23,0.9803921568627451,23,783
crk_Latn,6188,False,0.9917431192660551,12,0.9954128440366973,8,0.9977011494252873,3,1087
crl_Cans,4295,True,0.9940039973351099,0,0.9940039973351099,0,0.9940039973351099,0,755
crm_Cans,11058,True,0.976853055916775,25,0.9744525547445254,25,0.9744525547445254,25,1942
crn_Latn,37171,False,0.9051730288976096,1145,0.9047958892377963,1146,0.9047958892377963,1146,6527
crs_Latn,100000,False,0.9864373924452914,1255,0.9864576190727359,1256,0.9862782574309629,1299,75607
crt_Latn,10872,False,0.9932397295891835,26,0.9947916666666666,20,0.9986921266021449,4,1910
crx_Latn,11044,False,0.9874584079856668,39,0.988977185337093,33,0.9912641315519013,24,1939
csb_Latn,9336,False,0.5695035460992909,2396,0.6240031122349738,1899,0.9609993906154782,67,1638
csk_Latn,17816,False,0.9902857142857142,31,0.9917024320457797,26,0.9962632940500145,10,1736
cso_Latn,17825,False,0.9986267508926119,0,0.9986267508926119,0,0.9986267508926119,0,1823
csw_Cans,124,False,0.3636363636363637,24,0.5333333333333333,12,0.5333333333333333,12,21
csw_Latn,247,False,0.20942408376963353,301,0.9512195121951219,2,0.9512195121951219,2,41
csy_Latn,36704,False,0.9793886598739986,164,0.9787565170025679,165,0.9787565170025679,165,6397
cta_Latn,17725,False,0.9988432620011567,1,0.9988432620011567,1,0.9988425925925927,0,1730
ctd_Latn,66425,False,0.8699899295065457,916,0.869293874880467,928,0.869293874880467,928,10305
cto_Latn,16604,False,0.9596013525538352,55,0.958904109589041,58,0.9646509958729589,17,2868
ctp_Latn,25169,False,0.9996726677577742,0,0.9995090819833088,1,0.9995090819833088,1,3056
ctu_Latn,100000,False,0.9974127557160049,10,0.99757898377468,15,0.997579420564401,21,33316
cub_Latn,17667,False,0.9972229235041656,5,0.9972229235041656,5,0.9977266986612783,3,1981
cuc_Latn,17804,False,1.0,0,1.0,0,0.9997137131405668,0,1747
cui_Latn,17685,False,0.997979797979798,7,0.998556165174704,5,1.0,0,1729
cuk_Latn,44245,False,0.9875144266079111,78,0.9887664041994751,69,0.9887664041994751,69,4747
cul_Latn,17610,False,0.9961954931226221,13,0.9967789165446559,11,0.9994128009395186,2,1702
cut_Latn,17581,False,0.9962460294542305,13,0.997398091934085,9,0.9982628836132021,5,1725
cux_Latn,11059,False,0.9997420686097498,1,0.9997420686097498,1,1.0,0,1938
cwd_Cans,231,True,0.5227272727272727,26,0.7500000000000001,1,0.7500000000000001,1,39
cwe_Latn,17817,False,0.9030707610146863,299,0.9081110212880624,271,0.9122902003248512,254,1755
cwt_Latn,13447,False,0.9861790346587285,65,0.9903907751441383,45,0.9959130995913099,15,2319
cya_Latn,17827,False,0.8569898232458489,417,0.8570660934981192,410,0.8570660934981192,410,1717
cym_Latn,100000,False,0.9926145347557193,314,0.9919032387045182,407,0.9908203787591547,553,50018
czt_Latn,19062,False,0.9970014992503748,7,0.996999699969997,5,0.996999699969997,5,3338
daa_Latn,17721,False,0.9948078920041538,17,0.9945468709426123,17,0.9976556394894504,5,1919
dad_Latn,24369,False,0.9911003236245954,16,0.9919028340080971,14,0.9919028340080971,14,1231
daf_Latn,10483,False,0.9991733259851198,2,0.9988980716253444,3,0.9994487320837927,1,1814
dag_Latn,11906,False,0.7446142515190572,1374,0.7003810183581571,1717,0.9463574607636449,214,2035
dah_Latn,23848,False,0.9971876255524308,4,0.9967845659163987,4,0.9967845659163987,4,1244
dak_Latn,2019,False,0.9100257069408739,70,0.9819694868238558,13,0.9957805907172996,3,354
dan_Latn,100000,False,0.9587472269714996,8153,0.9588380115267676,8997,0.9588338307476013,9597,581371
dar_Cyrl,1870,False,0.8975069252077562,72,0.9418604651162791,38,0.9759036144578314,14,326
dbq_Latn,6656,False,0.9905090595340812,16,0.991792656587473,13,0.9969604863221885,1,1154
ddg_Latn,1354,False,0.6402266288951841,250,0.9594882729211086,14,0.968609865470852,0,230
ddn_Latn,6765,False,0.9916457811194653,20,0.9920535340861564,18,0.9928840519045625,16,1187
ded_Latn,34664,False,0.9956964892412231,18,0.9963735267452403,15,0.9963735267452403,15,2199
des_Latn,17332,False,0.9992289899768697,3,0.9994858611825194,2,0.9994858611825194,2,1944
deu_Latn,100000,False,0.9890211718211279,1841,0.9892111170728539,1895,0.9899863504849422,2097,418202
dga_Latn,17138,False,0.9883857936374347,59,0.9900489121268342,48,0.995068865839143,9,2946
dgc_Latn,17586,False,0.9680493273542602,113,0.9724099099099099,97,0.9965337954939341,9,1728
dgi_Latn,13517,False,0.9949664429530201,22,0.9964293215710985,15,0.9972671852007569,11,2374
dgr_Latn,18978,False,0.9994810586403736,2,0.9992217898832686,3,0.9992217898832686,3,1926
dgz_Latn,24281,False,0.987933047878552,29,0.9902458056964494,23,0.9902458056964494,23,1271
dhg_Latn,1607,False,0.9878260869565216,7,0.993006993006993,4,0.9947460595446586,3,284
dhm_Latn,11061,False,0.9271715460924267,292,0.9375459221160911,244,0.9815344603381014,33,1925
dhv_Latn,100000,False,0.9978317395323122,22,0.9977802154141152,33,0.9976513660069769,58,57984
did_Latn,6278,False,0.9986369831894593,3,0.9995452478399274,1,1.0,0,1099
dig_Latn,13447,False,0.9021591130130325,481,0.9098763008050265,435,0.978822532825074,70,2341
dik_Latn,40448,False,0.9079163248564397,11,0.9096484055600982,20,0.9096484055600982,20,5314
dip_Latn,6750,False,0.9460547504025765,122,0.9478366356651841,114,0.9485621709194005,111,1187
diq_Latn,28046,False,0.8701323251417771,1063,0.8628737463679821,1152,0.8628737463679821,1152,4914
dis_Latn,11060,False,0.9898011218765936,39,0.9925850166197904,28,0.9969119917653114,7,1942
diu_Latn,166,False,0.07894736842105263,190,0.5128205128205129,0,0.5128205128205129,0,29
div_Thaa,33933,False,0.999664147774979,4,0.999664147774979,4,0.999664147774979,4,5953
dje_Latn,6801,False,0.9780901198842497,49,0.9825436408977557,37,0.990348300461603,16,1187
djk_Latn,92008,False,0.9755851493139629,593,0.9724998323160507,681,0.9724998323160507,681,14638
djr_Latn,10796,False,0.9944809461235218,17,0.994216614090431,17,0.994216614090431,17,1896
dks_Latn,15265,False,0.8480784955028619,849,0.8509031198686372,826,0.8510428641813106,825,2673
dln_Latn,26435,False,0.9767242303979405,192,0.9774532961133777,184,0.9774532961133777,184,4578
dng_Cyrl,804,False,0.94,17,0.9929577464788732,1,0.9893992932862191,1,142
dnj_Latn,21454,False,0.9986712729205421,9,0.9986712729205421,9,0.9986712729205421,9,3759
dnw_Latn,6439,False,0.9912203687445127,17,0.9947183098591549,10,0.9964601769911505,2,1132
dob_Latn,31031,False,0.9947492304906754,13,0.9947473283825394,12,0.9947473283825394,12,2763
doi_Deva,3674,False,0.6384092098377813,656,0.6681367144432194,563,0.8726731198808638,112,645
dop_Latn,33651,False,0.9992326711569613,1,0.9990621536362861,2,0.9990621536362861,2,5868
dos_Latn,6742,False,0.9870671672924489,31,0.9907872696817419,22,0.9945309213294068,12,1183
dow_Latn,11019,False,0.9984496124031007,5,0.9979338842975206,7,0.9974106680476438,3,1933
drg_Latn,201,False,0.0840630472854641,513,0.7142857142857143,2,0.7142857142857143,2,34
dru_Latn,29903,False,0.9944603629417383,46,0.994172160122289,46,0.994172160122289,46,5218
dsb_Latn,9265,False,0.583505541987601,2144,0.6407968458186346,1649,0.8338335607094134,511,1626
dsh_Latn,6743,False,0.984113712374582,38,0.9890756302521008,26,0.9978804578211107,5,1177
dtb_Latn,6615,False,0.9686323713927227,75,0.9747474747474748,60,0.9922879177377892,18,1158
dtp_Latn,52534,False,0.9662012761387327,66,0.9693120362218588,79,0.9693120362218588,79,8116
dts_Latn,13356,False,0.9959288622241268,15,0.9961423060437204,14,0.9963448720705225,6,2328
dty_Deva,11466,False,0.5507801000883132,2909,0.5576463560334528,2815,0.7014896498355582,1342,2014
dua_Latn,43871,False,0.9950829345046877,43,0.9932604855067723,72,0.9932604855067723,72,7621
due_Latn,17710,False,0.9844071785819358,51,0.986729578295488,43,0.9979110713219935,4,1675
dug_Latn,13397,False,0.9409862570735651,285,0.9465338483431591,256,0.987239472564866,46,2335
duo_Latn,17496,False,0.9541021227768215,159,0.9582252953039471,144,0.995507637017071,13,1664
dur_Latn,11023,False,0.9989567031820553,3,0.9992177314211212,3,0.9997391077484998,1,1916
dwr_Ethi,1693,False,0.9368770764119602,21,0.9384359400998337,20,0.9384359400998337,20,299
dwr_Latn,28305,False,0.9536797554667293,190,0.9542668552569543,183,0.9542668552569543,183,2035
dww_Latn,31055,False,0.9951923076923077,11,0.9943955164131306,13,0.9943955164131306,13,1243
dyi_Latn,17802,False,0.9977797513321492,5,0.9975571840994892,5,0.9977758007117438,1,2252
dyo_Latn,14804,False,0.983206106870229,76,0.9847094801223242,68,0.9922720247295209,20,2588
dyu_Latn,100000,False,0.9627693468055502,452,0.9620516555257888,477,0.9606150176311968,658,39429
dzo_Tibt,13407,False,0.795119071049006,710,0.7941525088897667,701,0.7941525088897667,701,2351
ebk_Latn,17799,False,0.990041928721174,35,0.9903014416775885,34,0.9973572938689218,5,1892
efi_Latn,100000,False,0.9983350683673505,38,0.9983737785815424,46,0.9983703594671601,54,142848
eka_Latn,17820,False,0.9929364278506558,32,0.9939393939393939,27,0.9979707792207791,6,2463
ekk_Latn,100000,False,0.9744017879597917,4024,0.9755830372538314,4490,0.9764475228846147,5319,589322
eko_Latn,2700,False,0.7795210569777044,266,0.887218045112782,119,0.9608247422680413,31,473
ell_Grek,100000,False,0.9857784765736396,463,0.986535366989783,651,0.9878742539140918,698,657498
eme_Latn,645,False,0.6254545454545456,80,0.8229665071770336,14,0.8115942028985508,14,109
emi_Latn,18149,False,0.9912117177097204,33,0.994655264564404,20,0.994655264564404,20,1861
eml_Latn,25500,False,0.9264535190461116,610,0.9147448606908066,723,0.9147448606908066,723,4477
emp_Latn,18016,False,0.9949523275378575,2,0.9952340902719372,2,0.9952340902719372,2,1790
enb_Latn,13439,False,0.9974358974358976,8,0.9976490703141697,7,0.998289136013687,4,2338
eng_Latn,100000,False,0.9799290640693306,8702,0.9813403224268112,9782,0.9873324334756395,13877,1939380
enl_Latn,11016,False,0.9945918104558331,21,0.9948480164863472,20,0.9989648033126294,3,1931
enm_Latn,34177,False,0.3486141352321544,22095,0.39153998678122937,18369,0.39153998678122937,18369,5967
enq_Latn,16127,False,0.9660743134087237,21,0.9754500818330606,14,0.9933333333333334,3,299
enx_Latn,26138,False,0.992866696388765,46,0.9929773715304872,45,0.9929773715304872,45,4472
epo_Latn,100000,False,0.9917208778053992,1343,0.9918731486473802,1476,0.991587298127847,1904,229441
eri_Latn,17713,False,0.994612985540119,19,0.9954597048808173,16,0.9988603988603989,3,1754
ese_Latn,24273,False,0.9989554317548747,6,0.9989554317548747,6,0.9989554317548747,6,2869
esi_Latn,11038,False,0.9717250324254215,52,0.9709090909090908,51,0.9714137214137214,49,1930
esk_Latn,17756,False,0.9671334667047728,68,0.9671334667047728,68,0.9671334667047728,68,1739
ess_Latn,6942,False,0.9778315195485692,53,0.9841784989858012,37,0.9879917184265009,7,1215
esu_Latn,11057,False,0.9822874493927125,70,0.988540870893812,45,0.9963973237261966,9,1941
eto_Latn,153,False,0.31788079470198677,101,0.8695652173913044,0,0.8695652173913044,0,26
etr_Latn,9965,False,0.9838492597577388,24,0.9891745602165087,16,0.9959128065395095,6,731
etu_Latn,11024,False,0.9953584321815369,18,0.9963861641713991,14,0.9979317476732161,8,1930
eus_Latn,100000,False,0.9930976117533556,598,0.9930160748649718,748,0.9925491600072955,1016,148124
eve_Cyrl,1953,False,0.8651399491094147,103,0.947075208913649,35,0.9912023460410556,1,343
ewe_Latn,100000,False,0.9964913674924999,217,0.9968116195225768,324,0.9969264104482203,429,252331
ewo_Latn,11283,False,0.9833249115715007,31,0.9868354430379748,20,0.9880193729288809,4,1981
ext_Latn,8692,False,0.45538178472861085,3509,0.5075298597888178,2783,0.7726293103448276,750,1528
eza_Latn,30724,False,0.9820281217990502,116,0.9818587775607034,122,0.9818587775607034,122,5350
faa_Latn,24288,False,0.9920544835414302,21,0.992429977289932,20,0.992429977289932,20,1311
fad_Latn,1949,False,0.943758573388203,41,0.9856733524355301,10,0.9927849927849928,5,344
fai_Latn,28850,False,0.9926442121564074,17,0.9930232558139536,15,0.9930232558139536,15,1284
fal_Latn,13515,False,0.9936575052854123,25,0.9951302138471311,18,0.9974478945129732,2,2355
fan_Latn,17431,False,0.9013018468059341,628,0.9030100334448161,607,0.9189356435643564,493,3001
fao_Latn,94618,False,0.9642766289929862,812,0.9614312099373483,901,0.9614312099373483,901,13438
far_Latn,10940,False,0.9858156028368795,15,0.9858156028368795,15,0.9875666074600356,13,557
fas_Arab,100000,False,0.9526976475037477,1029,0.9541097729103061,1070,0.9548102437631516,1087,573597
fat_Latn,39870,False,0.8214328573142926,2912,0.8127745458862639,3091,0.8127745458862639,3091,6909
ffm_Latn,24480,False,0.9276712328767123,172,0.9270433351618211,171,0.9270433351618211,171,1785
fij_Latn,100000,False,0.9941198955732492,149,0.9943987838288255,176,0.9945417952211588,221,185371
fil_Latn,100000,False,0.970210205596948,5989,0.9694595475946384,6421,0.9705447249168928,6833,235334
fin_Latn,100000,False,0.9557623705029815,3879,0.9641833561734363,4529,0.9748874022878686,5475,591078
fit_Latn,3881,False,0.050390893992789725,23382,0.06941334527541425,16561,0.1294078137243927,7672,683
fkv_Latn,1884,False,0.08081877536615492,5108,0.1617052554208012,2171,0.19999999999999998,1605,330
fmu_Deva,974,False,0.8935064935064935,41,0.9124668435013263,33,0.9770114942528736,6,172
fon_Latn,100000,False,0.9926841748606674,103,0.9941133490494507,166,0.993986597129529,238,36316
for_Latn,31149,False,0.9826638477801268,40,0.9839119390347163,37,0.9839119390347163,37,1163
fra_Latn,100000,False,0.9848289290123147,1844,0.9877801751288271,2301,0.9920468457394384,2856,503899
frd_Latn,10934,False,0.9908935685828115,30,0.993154592127781,22,0.9982778415614236,2,1743
fro_Latn,15794,False,0.6687780416996569,2377,0.7153638046418909,1844,0.7400059224163458,1588,2667
frp_Latn,5176,False,0.26365758754863816,4688,0.3276064037485357,3393,0.8687734333154794,166,890
frr_Latn,10794,False,0.594119527005433,2507,0.6610804064895703,1863,0.9088176352705412,286,1892
fry_Latn,100000,False,0.9695570018895654,968,0.9653955949590365,1171,0.9581656355649593,1532,21118
fub_Latn,38248,False,0.9609397383248973,216,0.9585719740358916,231,0.9585719740358916,231,5224
fud_Latn,9316,False,0.5793534166054372,2283,0.6474820143884892,1706,0.7692692692692692,875,1584
fue_Latn,10730,False,0.9662568663353387,90,0.9692671394799055,76,0.9718198577824599,66,1886
fuf_Latn,21670,False,0.9747035573122529,58,0.9747135519557487,59,0.9747135519557487,59,2536
fuh_Latn,24509,False,0.937142857142857,188,0.935276765573486,187,0.935276765573486,187,2881
fuq_Latn,17770,False,0.9599831508003369,124,0.9588867805186592,124,0.9588867805186592,124,2345
fur_Latn,46173,False,0.8651239044075919,1191,0.8456054087277197,1583,0.8456054087277197,1583,7808
fuv_Arab,6753,False,1.0,0,1.0,0,1.0,0,1171
fuv_Latn,30578,False,0.9236091890395793,232,0.9180821917808218,292,0.9180821917808218,292,3657
gaa_Latn,100000,False,0.9965395934884577,60,0.9965571546808902,73,0.9968405693868407,122,174510
gag_Cyrl,14070,False,0.9775910364145659,99,0.9779735682819383,96,0.9885339885339886,14,2456
gag_Latn,14325,False,0.7177047289504036,1945,0.7254959159859978,1867,0.9836726466438217,19,2502
gah_Latn,24357,False,0.9907444668008049,23,0.992741935483871,18,0.992741935483871,18,1231
gai_Latn,17631,False,0.9952553725927993,9,0.9955332216638749,8,0.9966461710452768,4,1791
gam_Latn,24151,False,0.9932832872382458,15,0.994855559952513,11,0.994855559952513,11,1259
gaw_Latn,24230,False,0.9963811821471652,9,0.996781979082864,8,0.996781979082864,8,1239
gaz_Latn,100000,False,0.9878747994899848,230,0.9888777538648573,283,0.9929437337332021,428,122809
gbi_Latn,13298,False,0.9899563318777292,44,0.9916849015317286,35,0.996696762827571,9,2269
gbo_Latn,6764,False,0.9970451667370198,6,0.9987315010570825,2,0.9991539763113367,1,1182
gbr_Latn,10708,False,0.9886812319031324,40,0.9897179013973108,35,0.9941489361702128,10,1881
gcf_Latn,67389,False,0.9757435501842805,263,0.9741353512034543,311,0.9741353512034543,311,11687
gcr_Latn,26871,False,0.9662381101703773,255,0.9655533451994556,250,0.9655533451994556,250,4690
gde_Latn,17787,False,0.9990289376577977,5,0.9990289376577977,5,0.9996113486202877,2,2572
gdg_Latn,10967,False,0.9908782903309877,32,0.991912340203496,28,0.9950039442545359,7,1904
gdn_Latn,23906,False,0.983078162771958,42,0.9850625756964069,37,0.9850625756964069,37,1220
gdr_Latn,24452,False,0.9992082343626286,2,0.9992082343626286,2,0.9992082343626286,2,1262
geb_Latn,17527,False,0.9975831939022123,4,0.9975831939022123,4,0.9979534883720931,1,2692
gej_Latn,6763,False,0.9941324392288349,14,0.9970575872215216,7,0.9987347110923661,1,1186
gfk_Latn,23745,False,0.9931192660550459,17,0.9938791124713084,15,0.9938791124713084,15,1300
ghe_Deva,11062,False,0.9890501655207538,41,0.9882772680937819,41,0.9901758014477765,9,1944
ghs_Latn,29407,False,0.985977212971078,30,0.989010989010989,23,0.989010989010989,23,1127
gid_Latn,11033,False,0.9943298969072165,20,0.9961250322913976,12,0.9979274611398964,3,1931
gil_Latn,100000,False,0.9977239129924678,138,0.9977095596569812,175,0.9974916191949739,213,63933
giz_Latn,34343,False,0.9886278741595418,106,0.9884599418845995,106,0.9884599418845995,106,5986
gjn_Latn,30192,False,0.9967643700038066,20,0.9967637540453074,19,0.9967637540453074,19,5251
gkn_Latn,77520,False,0.9904158065467413,229,0.9905253456221198,226,0.9905253456221198,226,13465
gla_Latn,100000,False,0.9872230390914162,280,0.9860260239987849,332,0.9833989302654154,452,19695
gle_Latn,100000,False,0.9886630920663939,307,0.9884586704655486,389,0.9877555555555555,496,45055
glg_Latn,100000,False,0.8879941741233981,12423,0.8816424118150045,13356,0.8753037304274053,14272,54001
glk_Arab,22263,False,0.22020725388601034,23178,0.21978240679315378,23220,0.21978240679315378,23220,3615
glv_Latn,60970,False,0.9912783129393387,63,0.9904365363346562,73,0.9904365363346562,73,7686
gmh_Latn,3042,False,0.5975197294250282,710,0.743859649122807,361,0.9515503875968994,7,534
gmv_Ethi,10916,True,0.9524062749268811,57,0.9524315705554081,58,0.9518488959829742,57,1913
gmv_Latn,30907,False,0.9806034482758622,89,0.9821717990275528,77,0.9821717990275528,77,2749
gna_Latn,10888,False,0.9990356798457087,2,0.9990356798457087,2,1.0,0,1036
gnb_Latn,11064,False,0.9762266059686394,81,0.9791878172588833,68,0.9882051282051283,30,1943
gnd_Latn,13375,False,0.9976530829955196,5,0.9978659837814767,4,0.9985052316890882,1,2344
gng_Latn,17738,False,0.9902682174222645,40,0.9902682174222645,40,0.9926208045703403,29,2087
gnn_Latn,15289,False,0.9953069269757837,8,0.9954938039804732,7,0.9958677685950413,5,2668
gnw_Latn,36657,False,0.9865885269919982,49,0.9865975898186733,52,0.9865975898186733,52,4447
goa_Latn,1598,False,0.863849765258216,85,0.9681978798586571,14,0.9614678899082568,5,278
gof_Ethi,11001,True,0.7946708463949843,221,0.7981146897093481,217,0.7996845425867508,213,548
gof_Latn,17756,False,0.9142102947646281,372,0.9189548272807794,345,0.9357756671189507,257,2096
gog_Latn,14102,False,0.9618260527351438,165,0.9654355125419711,146,0.9855954554676405,27,2473
goh_Latn,306,False,0.05970149253731343,1116,0.6808510638297872,8,0.7126436781609197,2,54
gom_Deva,3496,False,0.3647838434837488,1977,0.39161800068704916,1727,0.623006833712984,595,614
gom_Latn,77660,False,0.9847300088521688,214,0.9839717667818544,270,0.9839717667818544,270,13549
gor_Latn,13438,False,0.9917704156995146,35,0.9942881320076159,23,0.9974500637484063,5,2354
gos_Latn,3946,False,0.24502579218865145,4070,0.4170157911698356,1763,0.630290668026517,650,693
got_Goth,7413,True,1.0,0,1.0,0,1.0,0,492
got_Latn,4657,False,0.9759896171317326,27,0.9861751152073733,8,0.98,3,762
gqr_Latn,17816,False,0.9997182304874613,1,0.9997182304874613,1,0.9997180716098111,0,1774
grc_Grek,100000,False,0.8802594355895949,8391,0.8796510985977697,8408,0.8769342925131705,8644,32180
grt_Beng,13469,False,0.9911541701769165,32,0.9907290349768226,32,0.9955366631243359,0,2363
gso_Latn,18608,False,0.9922848664688426,23,0.9930706790734508,19,0.9930706790734508,19,2524
gsw_Latn,93517,False,0.818356559346468,5827,0.7881770873388192,7332,0.7881770873388192,7332,16304
gub_Latn,56520,False,0.9919224555735056,6,0.9938841321027465,6,0.9938841321027465,6,9042
guc_Latn,100000,False,0.9992237832802918,14,0.9992109586206005,20,0.9989525816921624,42,38665
gud_Latn,11042,False,0.9981907469630396,5,0.9984488107549121,4,0.9981898112231703,4,1933
gug_Latn,100000,False,0.9746619495756016,337,0.9739456864551063,537,0.9747721569145423,751,72988
guh_Latn,17659,False,0.9964850615114235,12,0.997946611909651,7,0.998825601879037,4,1701
gui_Latn,28148,False,0.9755267635126292,115,0.9765614770197721,109,0.9765614770197721,109,3799
guj_Gujr,100000,False,0.9999908786033318,0,0.9999969595529327,0,0.9999969595529327,0,164450
guj_Latn,4070,False,0.8216482164821647,241,0.8476736775015935,187,0.8982118294360385,84,717
guk_Ethi,13514,True,0.9263115738886665,337,0.9276117906557048,330,0.9761955822431911,43,2344
gul_Latn,17812,False,0.9806637806637808,64,0.9849275362318841,49,0.9982373678025852,3,1702
gum_Latn,19118,False,0.9977607165706973,13,0.9982397183549367,10,0.9982397183549367,10,3120
gun_Latn,17907,False,0.9787234042553191,63,0.9800796812749004,55,0.9887834339948232,21,1737
guo_Latn,17493,False,0.9955660656222288,15,0.9952718676122931,16,0.9997031760166222,1,1684
guq_Latn,13503,False,0.9964112307367532,16,0.9968307627297698,13,0.9983058026260059,4,2361
gur_Latn,77453,False,0.9899574980253507,87,0.9900789177001127,97,0.9900789177001127,97,13340
guu_Latn,6743,False,0.9936305732484078,15,0.9970174691095015,7,0.998719590268886,3,1170
guw_Latn,100000,False,0.996861249341955,232,0.9969657391727543,228,0.9969014112482745,242,100761
gux_Latn,27027,False,0.9908296472111339,70,0.9911485319516408,66,0.9911485319516408,66,4607
guz_Latn,7508,False,0.9502468666919864,125,0.9604302727621975,96,0.9809372517871326,26,1257
gvc_Latn,24005,False,0.9987708516242318,7,0.9985955056179775,8,0.9985955056179775,8,2844
gvf_Latn,24429,False,0.994281357224552,14,0.9954198473282443,11,0.9954198473282443,11,1305
gvl_Latn,17827,False,0.9968508445462353,8,0.9974219421369237,6,0.9982788296041308,2,1744
gvn_Latn,11212,False,0.9987228607918264,3,0.9984678243105208,4,0.9976952624839949,0,1957
gwi_Latn,17620,False,0.9974120082815734,10,0.9981869981869982,7,1.0,0,1927
gwr_Latn,6749,False,0.8454873646209387,423,0.8681767545488303,348,0.9789428448646325,12,1176
gya_Latn,38815,False,0.994172932330827,18,0.9939872228485532,21,0.9939872228485532,21,5333
gym_Latn,100000,False,0.9980687524140596,39,0.9981418470522937,51,0.9979492375989191,68,41465
gyr_Latn,46436,False,0.996372430471584,17,0.995169082125604,23,0.995169082125604,23,2473
hac_Arab,28717,False,0.8219125787364,1428,0.8221819223060035,1426,0.8221819223060035,1426,4744
hae_Latn,13526,False,0.7107413010590016,1892,0.7265129236960223,1745,0.8716507401161702,642,2369
hag_Latn,14200,False,0.9921921921921921,34,0.9939807383627608,24,0.9961701269905261,7,2483
hak_Hani,29565,False,0.885211452587339,1297,0.8859472253879198,1285,0.8859472253879198,1285,5069
hak_Latn,13696,False,0.9906303236797275,5,0.9910524073285044,3,0.991263584061368,2,2365
hat_Latn,100000,False,0.986096287329069,129,0.9862607662182383,153,0.9866681916635095,235,70643
hau_Latn,100000,False,0.9833233583815457,1194,0.981772887077397,1471,0.9802108106521037,1862,67604
hav_Latn,7393,False,0.8075521695925802,508,0.8373535492763612,395,0.8945210585165859,191,1292
haw_Latn,6448,False,0.9690812720848057,44,0.9776785714285715,22,0.9623853211009173,8,1123
hay_Latn,13828,False,0.6254248810333106,1632,0.6371681415929203,1515,0.6756052141527001,1144,2412
hbo_Hebr,100000,False,0.5504132231404959,10567,0.5556805399325084,10453,0.5556805399325084,10453,21005
hbs_Latn,100000,False,0.9239714067088284,11682,0.9245039884390048,12662,0.932906492496375,14692,399638
hch_Latn,30840,False,0.9893683552220137,25,0.9902475618904726,23,0.9902475618904726,23,4015
heb_Hebr,100000,False,0.9691737207641221,9152,0.9695538464577759,9046,0.9695508997050372,9048,329995
heg_Latn,18356,False,0.9831447702609096,64,0.9845015035854731,57,0.9845015035854731,57,2138
heh_Latn,18364,False,0.934517766497462,243,0.9418693982074263,210,0.9418693982074263,210,1856
her_Latn,100000,False,0.9936630874845979,180,0.9931904050610667,229,0.9919070073472969,294,22688
hif_Latn,21900,False,0.948264740033544,238,0.9371326348070536,321,0.9371326348070536,321,3838
hig_Latn,13520,False,0.9989175146135527,3,0.9991338241663058,2,0.99913307325531,0,2309
hil_Latn,100000,False,0.9773860112553119,5552,0.9769701145465507,5699,0.9779150425856007,6163,261565
hin_Deva,100000,False,0.906892957378869,1562,0.9128518409038657,1706,0.9373252764354953,2553,329298
hin_Latn,34642,False,0.9562043795620438,116,0.9577679782903663,112,0.9577679782903663,112,6033
hix_Latn,17476,False,0.9963877182420229,12,0.997288339861404,9,0.9990944763054633,3,1655
hla_Latn,23887,False,0.991207034372502,22,0.9931918301962355,17,0.9931918301962355,17,1240
hlt_Latn,6729,False,0.9313880126182965,174,0.9324377716317661,170,0.9338089575901705,164,1181
hmo_Latn,100000,False,0.9801786479280293,703,0.9797304644275728,718,0.9797159659619646,732,158794
hmr_Latn,61468,False,0.9635898165268099,494,0.9623526069043897,511,0.9623526069043897,511,6793
hne_Deva,50507,False,0.7585408927592717,1994,0.7514083662950976,2218,0.7514083662950976,2218,8199
hnj_Latn,61097,False,0.9920316846621716,103,0.9920792079207922,103,0.9920792079207922,103,10586
hnn_Latn,13501,False,0.96,195,0.9631139188913797,178,0.9940753279729158,11,2366
hns_Latn,19168,False,0.9884942471235617,28,0.9914744232698094,17,0.9914744232698094,17,1994
hoc_Latn,380,False,0.19741100323624597,489,0.90625,2,0.9032258064516129,0,68
hoc_Wara,499,False,0.8543689320388349,30,0.9832402234636871,3,0.9943502824858756,1,88
hop_Latn,11019,False,0.9958720330237358,16,0.9971583570136916,11,0.9994821336095288,2,1930
hot_Latn,23745,False,0.9984063745019921,3,0.9984063745019921,3,0.9984063745019921,3,1254
hra_Latn,30616,False,0.9789045151739453,162,0.9792592592592593,156,0.9792592592592593,156,5356
hrx_Latn,38051,False,0.9571803988251663,168,0.9564747646241705,183,0.9564747646241705,183,6578
hsb_Latn,28261,False,0.8196777511141584,1976,0.8125638406537283,2065,0.8125638406537283,2065,4910
hto_Latn,17753,False,0.9980756895445798,10,0.9980756895445798,10,0.9993577392421323,2,3114
hub_Latn,23928,False,0.9901096925013487,41,0.9909974792942023,35,0.9909974792942023,35,2767
hui_Latn,64883,False,0.9961250322913976,15,0.9961250322913976,15,0.9961250322913976,15,1928
hun_Hung,11832,False,0.9981167608286252,1,0.9925093632958801,4,0.9962406015037594,2,265
hun_Latn,100000,False,0.9876484278942429,1919,0.9887468062144686,2268,0.9888743797336119,2638,655534
hus_Latn,57511,False,0.9892008639308855,52,0.9894454487142107,59,0.9894454487142107,59,8606
huu_Latn,24119,False,0.9962390305056414,9,0.9958228905597327,10,0.9958228905597327,10,1192
huv_Latn,20043,False,0.9896275341819896,40,0.992434988179669,28,0.992434988179669,28,2103
hvn_Latn,13972,False,0.9932694268815011,23,0.9942833809718252,18,0.9957046430762937,10,2445
hwc_Latn,10591,False,0.809263709853616,870,0.8402903811252269,701,0.9962223421478683,5,1855
hye_Armn,100000,False,0.9871297377264585,1489,0.9871540568621895,1653,0.9871517258153257,1654,212807
hyw_Armn,100000,False,0.9734626817431673,3937,0.9734167778388134,3780,0.9734167778388134,3780,100874
ian_Latn,30210,False,0.9995775242923532,0,0.9995775242923532,0,0.9995775242923532,0,1184
iba_Latn,100000,False,0.9926551659796787,198,0.992562473528166,237,0.9909629904900255,373,29495
ibg_Latn,97484,False,0.9607921470151809,1269,0.9335254509684392,2304,0.9335254509684392,2304,16940
ibo_Latn,100000,False,0.9941290907306598,212,0.994110079782171,274,0.993980627306273,332,86910
icr_Latn,17695,False,0.9803921568627451,67,0.982981220657277,58,0.9949449895926258,15,1675
ido_Latn,33665,False,0.31971911292500677,22088,0.3426162493612672,20040,0.3426162493612672,20040,5908
idu_Latn,59832,False,0.9868667917448404,210,0.9805514407225115,347,0.9805514407225115,347,10320
ifa_Latn,57138,False,0.9898555179833998,89,0.9889988322782866,99,0.9889988322782866,99,8126
ifb_Latn,33099,False,0.9831795048736306,144,0.9821413165386939,149,0.9821413165386939,149,5750
ife_Latn,17731,False,0.9991535466395801,5,0.9989844278943805,6,0.9994919559695173,3,2951
ifk_Latn,17387,False,0.9827151602448686,76,0.9837779379956741,70,0.9901996370235934,33,2749
ifu_Latn,17672,False,0.9919147372289601,42,0.9931922723091076,35,0.9983354910301461,7,2701
ify_Latn,55082,False,0.993177737881508,63,0.9927609931199521,69,0.9927609931199521,69,8349
ige_Latn,63586,False,0.9916625354905584,173,0.9917072291328646,172,0.9917072291328646,172,11014
ign_Latn,28193,False,0.995960440172726,28,0.9959615652416098,29,0.9959615652416098,29,3576
ike_Cans,30725,False,0.9999067946686551,0,0.9999067946686551,0,0.9999067946686551,0,5365
ikk_Latn,44245,False,0.991482112436116,102,0.9918482288424484,96,0.9918482288424484,96,6706
ikt_Latn,1601,False,0.8554033485540335,95,0.9773913043478261,13,0.9928825622775801,2,281
ikw_Latn,17829,False,0.9864903707962058,44,0.9870429023898647,40,0.9901790872328134,29,1719
ilb_Latn,10085,False,0.7964601769911505,886,0.8261074458058436,725,0.9662162162162162,70,1766
ile_Latn,14414,False,0.5953750152942616,3209,0.67662247034194,2210,0.7769456203191143,1225,2531
ilo_Latn,100000,False,0.9864716465337975,987,0.9862974518221909,1141,0.9868821608457409,1363,172525
imo_Latn,23862,False,0.9957741067998463,9,0.9965424510180562,8,0.9965424510180562,8,1298
ina_Latn,56283,False,0.8822065119984069,2122,0.8739843403752401,2329,0.8739843403752401,2329,9104
inb_Latn,17919,False,0.9941060903732809,15,0.9941060903732809,15,0.9966235227912211,6,1777
ind_Latn,100000,False,0.9117291358016002,21863,0.9107307006847387,22495,0.9147720458178998,23979,442013
inh_Cyrl,2521,False,0.20565832426550598,2855,0.22475277195085405,2519,0.47209749839640797,748,443
ino_Latn,23125,False,0.9898826386078511,24,0.9914876368058371,20,0.9914876368058371,20,1224
iou_Latn,32094,False,0.9978828510938603,12,0.9977420265311882,13,0.9977420265311882,13,3538
ipi_Latn,19056,False,0.9954430379746836,9,0.9954430379746836,9,0.9954430379746836,9,983
iqw_Latn,11059,False,0.9147783251231526,268,0.9170804369414102,246,0.9202790234180369,232,1935
iri_Latn,17827,False,0.9949263107030684,17,0.9963689179375453,10,0.9983013831594273,1,2063
irk_Latn,13515,False,0.988255033557047,51,0.9905402564641581,40,0.995982237259463,13,2361
iry_Latn,13449,False,0.9712274891326848,132,0.974241794765268,116,0.9929562433297758,6,2353
isd_Latn,10971,False,0.9856557377049181,56,0.988440791163627,45,0.9937952430196485,22,1924
ish_Latn,88944,False,0.986922630934742,323,0.9834718700856896,434,0.9834718700856896,434,15403
isl_Latn,100000,False,0.987271258669192,429,0.9865450906260425,525,0.9853326857697912,630,35931
iso_Latn,100000,False,0.995643259866735,171,0.9953588728843883,169,0.9952314075624643,195,93885
ita_Latn,100000,False,0.9845136121184436,2828,0.9846909699298677,3127,0.9850872853205174,3569,412871
itl_Cyrl,978,False,0.9828571428571428,6,0.9971014492753623,1,1.0,0,172
itv_Latn,13512,False,0.9835107493216448,73,0.9855497382198952,60,0.9932203389830508,14,2362
ium_Latn,42126,False,0.999316192560175,7,0.9991794310722101,8,0.9991794310722101,8,7310
ivb_Latn,11038,False,0.9825997952917093,68,0.9856262833675565,56,0.9961008578112815,11,1920
ivv_Latn,11031,False,0.9791934240945287,79,0.9842417979850168,58,0.9952755905511811,6,1908
iws_Latn,24587,False,0.9988492520138089,3,0.9988492520138089,3,0.9988492520138089,3,1302
ixl_Latn,54068,False,0.9970132271369649,32,0.9968001137737325,34,0.9968001137737325,34,7020
izr_Latn,17843,False,0.9953323676162884,27,0.9958105059619722,22,0.9982209283519327,3,3094
izz_Latn,37494,False,0.9650308551278284,131,0.9644848840622248,140,0.9644848840622248,140,5152
jaa_Latn,4307,False,0.9513581806696148,76,0.9760207388204796,36,0.9927296761401191,8,754
jac_Latn,24475,False,0.9965026812776872,26,0.9960382195292472,30,0.9960382195292472,30,4278
jae_Latn,21891,False,0.9982932913220428,6,0.9981617647058824,6,0.9981617647058824,6,3809
jam_Latn,32289,False,0.9410205434062293,146,0.9384293424385944,171,0.9384293424385944,171,4648
jav_Java,6597,False,0.9993593850096092,1,0.9993593850096092,1,0.9993593850096092,1,780
jav_Latn,100000,False,0.9613653838881676,1033,0.9588800741938314,1370,0.9521624838805675,2087,40166
jbo_Latn,12439,False,0.9765448804691024,85,0.9879078256901666,34,0.9896241641687802,7,2184
jbu_Latn,13500,False,0.9941176470588236,24,0.9949537426408747,20,0.9974683544303797,6,2370
jic_Latn,17740,False,0.9983755685510072,10,0.9985377741673436,9,0.9996746909564086,2,3073
jiv_Latn,17510,False,0.9949681314994968,27,0.9969747899159663,15,0.9983170649612925,7,2969
jmc_Latn,13528,False,0.9599349196664633,182,0.9632503062474478,164,0.9898477157360407,13,2375
jpn_Jpan,100000,False,0.9959510939434867,309,0.9960432962090698,328,0.9960462628614656,328,339424
jra_Latn,19753,False,0.995977782034093,17,0.9965490797546012,13,0.9965490797546012,13,2604
jun_Orya,6741,True,0.987012987012987,27,0.985738255033557,27,0.9810508182601205,1,1182
jvn_Latn,23937,False,0.8013029315960912,603,0.8147166058999006,551,0.8147166058999006,551,1237
kaa_Cyrl,38209,False,0.9722036168787676,273,0.9726830903301491,265,0.9726830903301491,265,5865
kaa_Latn,20305,False,0.9772407979769598,147,0.9787413768830072,134,0.9787413768830072,134,3493
kab_Latn,100000,False,0.9935864545920985,445,0.9936692380933875,458,0.9938448402996081,614,129014
kac_Latn,100000,False,0.997218072933083,34,0.9972731134467023,35,0.9973017025298251,50,36553
kak_Latn,165,False,0.11693548387096775,437,0.5773195876288659,39,0.5773195876288659,39,30
kal_Latn,100000,False,0.9969706066974154,116,0.9969584134648172,134,0.9961166900573639,202,36636
kam_Latn,100000,False,0.9928634643267366,92,0.9927631021729515,121,0.9926621385162469,145,53394
kan_Knda,100000,False,0.9948534782296641,76,0.995345893373278,86,0.9970016255232417,124,118963
kan_Latn,4121,False,0.7033855482566952,558,0.7595628415300547,410,0.9092122830440589,92,725
kao_Latn,13507,False,0.9924050632911392,34,0.9945054945054944,25,0.9963898916967509,9,2354
kap_Cyrl,776,False,0.9854014598540147,3,0.989010989010989,2,0.996309963099631,0,136
kaq_Latn,24486,False,0.9907370116794201,23,0.993939393939394,15,0.993939393939394,15,1230
kas_Arab,10408,False,0.9462421711899791,195,0.9469558400836164,191,0.9856115107913668,9,1824
kas_Deva,7226,False,0.39884763124199746,3731,0.40317100792751975,3664,0.6205673758865248,1452,1271
kas_Latn,405,False,0.1487964989059081,774,0.7710843373493975,30,0.8985507246376813,4,72
kat_Geor,100000,False,0.9953383773547113,405,0.9952931108258452,416,0.9952931108258452,416,109940
kaz_Cyrl,100000,False,0.9925884185234752,597,0.9920929759660881,673,0.9910406723791818,822,63763
kbc_Latn,17609,False,0.999135197463246,2,0.999135197463246,2,0.9997115661955581,0,1734
kbd_Cyrl,46268,False,0.9616010609439991,581,0.960284029365748,607,0.960284029365748,607,8032
kbh_Latn,17713,False,0.99504806291873,17,0.9959183673469388,14,0.9994148624926857,2,1708
kbm_Latn,24119,False,0.9934102141680395,10,0.9938195302843017,9,0.9938195302843017,9,1212
kbo_Latn,4300,False,0.9973579920739762,4,0.9986772486772486,2,0.9986772486772486,2,755
kbp_Latn,100000,False,0.9971514932892166,44,0.9971155041651125,64,0.9960146501955428,166,40267
kbq_Latn,28955,False,0.9813084112149533,72,0.9820329805562392,69,0.9820329805562392,69,1999
kbr_Latn,12888,False,0.9951305887560867,22,0.9960124058484714,18,0.9973262032085563,2,2248
kby_Latn,1099,False,0.6609880749574105,199,0.8362068965517242,76,0.8687782805429864,56,194
kca_Cyrl,951,False,0.6495049504950495,175,0.8980716253443527,34,0.9848024316109423,1,166
kcg_Latn,11045,False,0.9982142857142857,2,0.9982142857142857,2,0.9982142857142857,2,559
kck_Latn,26283,False,0.8468292682926829,748,0.8479182519839112,728,0.8479182519839112,728,4571
kdc_Latn,17827,False,0.9200661521499448,219,0.9254227890213473,198,0.9336691855583543,165,1740
kde_Latn,26927,False,0.9510008340283569,379,0.9528686383112134,358,0.9528686383112134,358,4652
kdh_Latn,1820,False,0.9922480620155039,5,0.9984399375975038,1,0.9984399375975038,1,320
kdi_Latn,17817,False,0.9878691983122362,41,0.9894347596407819,35,0.9952178533475027,13,1878
kdj_Latn,13519,False,0.9919932574799831,36,0.9926207041956567,33,0.9951343346731542,19,2356
kdl_Latn,17708,False,0.9913286713286712,20,0.9907588910669279,19,0.9924263674614305,13,1783
kdr_Latn,85,False,0.12121212121212122,232,0.6896551724137931,3,0.6896551724137931,3,16
kea_Latn,100000,False,0.9538104211402779,976,0.9459073191857946,1442,0.9402224182064574,1737,22897
kei_Latn,226,False,0.18469656992084435,306,0.8888888888888888,2,0.8656716417910448,0,38
kek_Latn,100000,False,0.9960513183968064,110,0.996066977067006,120,0.9957793709528215,143,34595
ken_Latn,17805,False,0.9977024698449166,7,0.9971297359357062,9,0.9976998274870615,5,1738
keo_Latn,6847,False,0.9847799259563965,36,0.9880115750310045,26,0.9958158995815899,2,1198
ker_Latn,6741,False,0.9906700593723494,19,0.9948849104859334,8,0.9961587708066582,5,1171
kew_Latn,26979,False,0.9912206173888417,26,0.9920634920634921,23,0.9920634920634921,23,1755
kex_Deva,739,False,0.43283582089552236,80,0.5656565656565656,12,0.5699481865284974,8,130
kez_Latn,13488,False,0.9974662162162162,8,0.9972556470339878,9,0.9983072365636902,1,2366
kff_Telu,6762,False,0.9772445179975177,55,0.9776490066225166,54,0.9796976241900648,0,1181
kgf_Latn,28674,False,0.9966714217784118,14,0.9971455756422455,12,0.9971455756422455,12,2096
kgk_Latn,17217,False,0.9788033270727127,71,0.9801182160128963,66,0.9964490576345262,5,1832
kgp_Latn,19199,False,0.997175866495507,3,0.997175866495507,3,0.997175866495507,3,1950
kgr_Latn,6735,False,0.9881456392887383,27,0.9915038232795242,19,0.9978623343309106,4,1168
kha_Latn,34095,False,0.9922454484153743,38,0.9923290904492962,37,0.9923290904492962,37,5940
khk_Cyrl,100000,False,0.9905199385963884,396,0.9904306780514658,420,0.9885344958567572,594,42677
khm_Khmr,100000,False,0.9947747106940606,2,0.9956269815239969,4,0.998992950654582,19,18370
khq_Latn,6762,False,0.9796088223054515,49,0.9899074852817494,24,0.993220338983051,11,1177
khs_Latn,17585,False,0.9949972206781545,17,0.9947178204058938,17,0.9977691020635805,6,1791
khy_Latn,11021,False,0.9884110224053567,37,0.990702479338843,27,0.9895287958115184,3,1927
khz_Latn,24568,False,0.9767080745341615,57,0.9797507788161993,49,0.9797507788161993,49,1261
kia_Latn,41825,False,0.993785603314345,43,0.9926654586245578,51,0.9926654586245578,51,5786
kij_Latn,32364,False,0.9885887284583139,81,0.9898542274052479,69,0.9898542274052479,69,4262
kik_Latn,100000,False,0.9922866295613579,99,0.9934467638928605,115,0.9949642982419634,160,84363
kin_Latn,100000,False,0.8892360208672166,23144,0.888874589622218,23015,0.8903825823977304,23191,391412
kir_Cyrl,100000,False,0.9864353454087824,1250,0.9862208440070109,1284,0.985423865727236,1535,111504
kiu_Latn,100000,False,0.9682283703688189,411,0.9681547307893361,453,0.9678120104438641,487,24221
kix_Latn,11038,False,0.99435318275154,21,0.9966555183946488,12,0.9976798143851509,6,1938
kjb_Latn,37135,False,0.9890518084066471,67,0.9884720593982025,73,0.9884720593982025,73,5104
kje_Latn,17575,False,0.993371212121212,24,0.9945510542525468,20,0.9973828217939568,5,2102
kjh_Cyrl,39529,False,0.9044149916615465,719,0.8897719419488597,904,0.8897719419488597,904,5522
kjs_Latn,24469,False,0.9901719901719902,9,0.9905776321179844,8,0.9905776321179844,8,1224
kkc_Latn,14662,False,0.995382247306311,9,0.9964047252182846,7,0.9984544049459042,2,970
kki_Latn,17827,False,0.8888318356867779,407,0.9029227557411273,345,0.9094736842105263,315,1757
kkj_Latn,17797,False,0.9972673203665006,13,0.9975895870159087,13,0.9987117552334944,3,3106
kkl_Latn,2995,False,0.9105125977410947,103,0.9492753623188406,56,0.9675023212627669,32,524
kle_Deva,6765,False,0.9895266024298283,20,0.9895266024298283,20,0.9915469146238377,7,1186
klt_Latn,3724,False,0.9690949227373068,28,0.9832026875699887,15,0.9943374858437146,5,439
klv_Latn,21999,False,0.9916509561001885,23,0.992720409813966,19,0.992720409813966,19,1849
kma_Latn,6754,False,0.9978822532825075,1,0.997457627118644,1,0.997457627118644,1,1182
kmb_Latn,100000,False,0.9894479873340467,295,0.9895147481950892,414,0.9887628566140504,538,56831
kmd_Latn,6703,False,0.9816207184628237,43,0.9877997475809844,27,0.9957446808510638,4,1176
kmg_Latn,10497,False,0.989685124864278,35,0.9907608695652174,31,0.9956308028399782,13,1826
kmh_Latn,46615,False,0.9729923090681453,4,0.9826425788168616,5,0.9826425788168616,5,2867
kmk_Latn,17725,False,0.982281284606866,61,0.9836429165511507,56,0.9960652051714446,9,1777
kmm_Latn,29927,False,0.9885866463762601,80,0.988112220637185,83,0.988112220637185,83,5237
kmo_Latn,24242,False,0.9877955758962624,31,0.9881543752388231,28,0.9881543752388231,28,1296
kmr_Cyrl,6748,False,0.9754677754677755,59,0.9774999999999999,54,0.9978696207925012,3,1173
kmr_Latn,100000,False,0.9941821649976157,267,0.9940756457784506,277,0.9937701754594942,320,41917
kms_Latn,24321,False,0.9944223107569721,8,0.9952153110047847,6,0.9952153110047847,6,1254
kmu_Latn,23350,False,0.9975932611311673,11,0.9975932611311673,11,0.9975932611311673,11,2488
kmy_Latn,11048,False,0.9983425414364642,5,0.9980668323667494,6,0.9983425414364642,5,1808
knc_Arab,6113,False,0.9642346208869813,14,0.9665391969407265,9,0.9682692307692308,1,1072
knc_Latn,9356,False,0.893507972665148,298,0.8924032759107599,316,0.9536784741144414,83,1645
kne_Latn,17520,False,0.963667398195562,141,0.966209598432909,127,0.9811039283938339,65,1984
knf_Latn,19074,False,0.9976846979583245,10,0.9978947368421053,9,0.9978947368421053,9,2371
kng_Latn,100000,False,0.9765348737664902,761,0.977130768845441,785,0.9773442343907051,834,131942
knj_Latn,24479,False,0.9945214308733484,13,0.995159728944821,10,0.995159728944821,10,1547
knk_Latn,13427,False,0.9915002124946876,38,0.9912784513933205,36,0.9946386446493674,9,2335
kno_Latn,13390,False,0.9987063389391979,3,0.9989217166271297,2,0.9991368148467846,0,2319
knv_Latn,54786,False,0.9981212638770282,10,0.9982917663136317,9,0.9982917663136317,9,2923
knx_Latn,351,False,0.39455782312925164,174,0.8943089430894309,6,0.8727272727272727,0,62
kny_Latn,3507,False,0.8007889546351086,298,0.892465252377469,143,0.9673735725938011,19,614
kog_Latn,17787,False,0.997331143502361,12,0.9979457682826622,9,0.9997941963366948,0,2430
koi_Cyrl,13537,False,0.4807230617144471,3421,0.48003386482291516,3428,0.5172991921963116,2906,1958
koo_Latn,100000,False,0.9581260168380483,2262,0.9587967644084934,2234,0.9573196689002759,2348,30718
kor_Hang,100000,False,0.9999036777119753,1,0.9999439037685025,12,0.9999460207216924,12,472417
kos_Latn,72165,False,0.9873105533235212,227,0.9868530801922389,252,0.9868530801922389,252,12502
kpe_Latn,78345,False,0.9860123091679321,32,0.9861244019138755,46,0.9861244019138755,46,6311
kpf_Latn,35264,False,0.8192700729927008,10,0.8314541775079503,9,0.8314541775079503,9,2012
kpg_Latn,66707,False,0.9948967193195626,38,0.9949455676516331,38,0.9949455676516331,38,10302
kpj_Latn,17134,False,0.990693485439808,26,0.9927797833935018,19,0.9966757328498036,5,1655
kpq_Latn,6764,False,0.9838107098381071,37,0.992462311557789,16,0.9966244725738397,2,1187
kpr_Latn,27728,False,0.9893587994542974,38,0.9896288209606987,37,0.9896288209606987,37,1814
kpv_Cyrl,37519,False,0.877683639055688,534,0.8780847749446585,554,0.8780847749446585,554,6288
kpw_Latn,23907,False,0.9988165680473373,3,0.9988165680473373,3,0.9988165680473373,3,1266
kpx_Latn,24157,False,0.9913725490196078,21,0.9944925255704169,13,0.9944925255704169,13,1265
kpz_Latn,13549,False,0.9928900041823504,34,0.9945515507124896,25,0.9976798143851507,2,2374
kqa_Latn,889,False,0.9659442724458205,11,0.9936305732484078,2,0.9968051118210862,1,156
kqc_Latn,22286,False,0.987990912041545,34,0.9902407286922577,27,0.9902407286922577,27,1525
kqe_Latn,17772,False,0.9682427664079041,131,0.9725768321513002,111,0.9906091981699977,34,2062
kqf_Latn,4591,False,0.9774718397997497,35,0.98547062539482,21,0.9942565411614551,6,782
kql_Latn,1133,False,0.9408983451536642,25,0.995,2,0.9974937343358395,1,199
kqn_Latn,100000,False,0.978429669138197,1210,0.9782724256962716,1284,0.9781736295499615,1369,74637
kqo_Latn,11062,False,0.9971435990651778,11,0.997920997920998,8,0.9994794377928162,2,1920
kqp_Latn,17793,False,0.9984126984126983,5,0.9986761980407731,3,0.9994700582935877,0,1888
kqs_Latn,11046,False,0.9817073170731707,71,0.9826972010178117,66,0.9961089494163423,2,1933
kqw_Latn,13948,False,0.9786921381337251,29,0.9859363434492968,19,0.9955022488755623,4,666
kqy_Ethi,13330,True,0.9601550721516261,106,0.9575156351089066,109,0.9588324983663691,82,2308
krc_Cyrl,23418,False,0.9144989821307397,706,0.9137170643446793,710,0.9137170643446793,710,4093
kri_Latn,100000,False,0.9971497175629221,30,0.9970995476675529,48,0.9967385114497231,72,28997
krj_Latn,17825,False,0.5468896321070235,3363,0.5591456736035049,3194,0.6241199877563514,2427,2068
krl_Latn,9341,False,0.5517494046528669,2317,0.5648512071869737,2198,0.9027522935779817,158,1636
kru_Deva,17760,False,0.9772788024592356,81,0.9783248595129783,77,0.9849056603773585,51,1832
krx_Latn,970,False,0.6250000000000001,203,0.9659090909090909,11,0.9941520467836257,1,171
ksb_Latn,11038,False,0.9213051823416506,316,0.9390751162221679,236,0.9830949284785435,23,1932
ksc_Latn,10977,False,0.9914263445050663,33,0.9929705805779746,26,0.9979057591623036,6,1908
ksd_Latn,59612,False,0.9880920878539297,37,0.9888771186440678,34,0.9888771186440678,34,1875
ksf_Latn,11299,False,0.9928825622775801,1,0.9928861788617886,2,0.9921179760996695,2,1980
ksh_Latn,11430,False,0.6503577966383758,2048,0.697138743926579,1613,0.903334132885584,279,2007
ksj_Latn,10732,False,0.9978976874562019,3,0.9985974754558204,2,1.0,0,712
ksp_Latn,8240,False,0.9930843706777317,15,0.9958391123439667,7,0.9975669099756691,1,1441
ksr_Latn,27341,False,0.9932230956898889,16,0.9926849092386887,18,0.9926849092386887,18,1841
kss_Latn,100000,False,0.9949725115740741,3,0.9954098597657944,11,0.9973321796813037,28,27784
ksw_Mymr,100000,False,0.9996831354961367,0,0.9996587529859113,0,0.9996587529859113,0,20520
ktb_Ethi,13238,True,0.8180147058823529,909,0.8162589663417326,912,0.8532766286487532,660,2306
ktj_Latn,17646,False,0.9954397394136807,11,0.9952236213634389,12,0.9952236213634389,12,2302
ktm_Latn,6181,False,0.9340909090909091,58,0.9613130128956624,32,0.976857490864799,9,411
kto_Latn,30763,False,0.988479262672811,29,0.99,25,0.99,25,1288
ktu_Latn,21343,False,0.623830825538837,3060,0.6312210200927357,2934,0.6312210200927357,2934,3708
ktz_Latn,357,False,0.6146341463414634,79,0.9843749999999999,2,0.9921259842519685,1,63
kua_Latn,100000,False,0.905705389996361,10342,0.9057813394390383,10396,0.905605810942597,10513,70847
kub_Latn,17771,False,0.9964641594342655,11,0.9961439588688946,13,0.9969428801287209,6,3111
kud_Latn,31123,False,0.9868204283360792,26,0.987644151565074,25,0.987644151565074,25,1204
kue_Latn,24594,False,0.9907519099316445,16,0.9911504424778762,15,0.9911504424778762,15,1239
kuj_Latn,11061,False,0.9687108886107634,125,0.9733400402414486,106,0.9971568880847764,5,1935
kum_Cyrl,13281,False,0.9559748427672956,178,0.9563751317175974,164,0.9750430292598967,70,2312
kup_Latn,23283,False,0.9950940310711366,12,0.9959083469721767,10,0.9959083469721767,10,1217
kus_Latn,13488,False,0.9928511354079057,34,0.9930570166210815,32,0.9955517898750266,10,2361
kvg_Latn,11146,False,0.9902912621359222,11,0.991166077738516,10,0.9973333333333333,3,561
kvj_Latn,11057,False,0.999222193414571,3,0.9994813278008298,2,0.9994810586403736,1,1927
kvn_Latn,17773,False,0.987363584147042,44,0.9913494809688582,30,0.9979668893406912,6,1719
kwd_Latn,17670,False,0.9955481357818586,11,0.9961024498886414,9,0.998047419804742,2,1794
kwf_Latn,18620,False,0.9885271317829456,10,0.9885306881587105,11,0.9885306881587105,11,3252
kwi_Latn,17740,False,0.993,27,0.993993993993994,23,0.9974874371859296,8,1987
kwj_Latn,24528,False,0.9935782173131261,25,0.9940889231560011,23,0.9940889231560011,23,1934
kwn_Latn,100000,False,0.9903215804394048,532,0.9905801352652728,539,0.9895539711490632,648,45057
kwy_Latn,100000,False,0.9876887508128026,654,0.987893532388591,696,0.9875818501745175,792,69403
kxc_Ethi,13467,True,0.9555741827326069,136,0.9531807684232626,137,0.9612105711849956,81,2356
kxm_Thai,13492,False,0.9940724478594951,27,0.9947275922671353,24,1.0,0,2264
kxw_Latn,11040,False,0.9992205767731879,2,0.9992205767731879,2,0.999479979199168,0,1924
kyc_Latn,27920,False,0.9970798182998053,13,0.9965925685542755,14,0.9965925685542755,14,3078
kyf_Latn,17627,False,0.9980456026058632,6,0.9982616253802694,4,0.9986950848194868,1,2301
kyg_Latn,27081,False,0.9975195573363862,3,0.9982834255197406,2,0.9982834255197406,2,2624
kyq_Latn,24514,False,0.9990213348991974,0,0.9990213348991974,0,0.9990213348991974,0,2557
kyu_Kali,4280,True,1.0,0,1.0,0,1.0,0,750
kyu_Latn,4306,False,0.9914417379855168,7,0.992748846407383,5,0.996031746031746,0,759
kyu_Mymr,13476,False,1.0,0,1.0,0,1.0,0,2355
kyz_Latn,16966,False,0.9974619289340101,14,0.9981857764876633,10,0.9985475671750181,7,2751
kze_Latn,24039,False,0.9932489451476794,16,0.9945078158005914,13,0.9945078158005914,13,1177
kzf_Latn,12488,False,0.9908717480602466,34,0.9926840420667582,26,0.9961000229410415,11,2177
kzj_Latn,4996,False,0.659117532213979,843,0.7747914735866543,448,0.8037754595131644,330,874
kzn_Latn,2125,False,0.04564666103127641,10048,0.09077269317329333,4734,0.116600790513834,3456,356
lac_Latn,17753,False,0.9976387249114521,8,0.9982279976373302,6,0.9991121633619414,1,1690
lad_Hebr,171,False,0.4838709677419355,16,0.6521739130434783,0,0.6521739130434783,0,31
lad_Latn,10070,False,0.3545875420875421,6048,0.42928325028746644,4376,0.6913632514817951,1320,1771
lai_Latn,11021,False,0.9327463927610663,270,0.9395807644882861,238,0.9856434351344298,31,1912
laj_Latn,22156,False,0.9850443599493031,49,0.9862944162436549,44,0.9862944162436549,44,1953
lam_Latn,43564,False,0.7391956782713084,796,0.7430694908955777,850,0.7430694908955777,850,7606
lao_Laoo,33981,False,0.9990753971589477,4,0.9987396017141417,8,0.9987396017141417,8,5950
lap_Latn,4299,False,0.9868766404199476,20,0.9940515532055518,9,0.9986702127659575,1,752
las_Latn,6746,False,0.8211781206171107,510,0.843547224224946,433,0.8503822351656353,408,1171
lat_Latn,100000,False,0.9632658118069751,1936,0.9622736573678962,2189,0.9601978862154262,2592,48272
law_Latn,6540,False,0.9853826311263973,34,0.987505385609651,29,0.9969551979121357,7,1146
lbb_Latn,1700,False,0.7358490566037736,83,0.962962962962963,8,0.9915254237288136,1,118
lbe_Cyrl,182,False,0.38709677419354843,47,0.7755102040816326,2,0.7755102040816326,2,28
lbj_Tibt,10380,True,0.9991746905089409,1,0.9991746905089409,1,0.9991746905089409,1,1818
lbk_Latn,17600,False,0.9763460238792521,97,0.9785504628584331,87,0.9922018348623853,22,2175
lcm_Latn,27324,False,0.9891636565712699,36,0.988339811215991,39,0.988339811215991,39,1783
lcp_Thai,4281,False,0.9759271307742354,37,0.9797517962116264,31,0.9973297730307076,1,750
ldi_Latn,51424,False,0.9412331406551059,943,0.9358858779233176,1085,0.9358858779233176,1085,8948
ldn_Latn,106,False,0.06321839080459771,319,0.7586206896551725,0,0.7586206896551725,0,18
lea_Latn,3217,False,0.36461850101282917,1862,0.5627931214174049,819,0.7158176943699732,398,560
led_Latn,3688,False,0.8558201058201057,217,0.961367013372957,51,0.9907692307692307,8,648
lee_Latn,17731,False,0.9986675549633578,8,0.9985012489592007,9,0.9990003332222593,6,2998
lef_Latn,13442,False,0.9972381559379648,11,0.9982985963419821,6,0.9985084167909652,1,2349
leh_Latn,55845,False,0.9281019717187812,1169,0.9266374676488155,1188,0.9266374676488155,1188,9595
lem_Latn,17770,False,0.9975857073877354,15,0.998389175257732,10,0.999032570138665,5,3099
leu_Latn,35286,False,0.992089650626236,24,0.9927440633245382,22,0.9927440633245382,22,1505
lew_Latn,13383,False,0.9801352493660186,77,0.9828134945894336,61,0.9907982024395464,22,2336
lex_Latn,19181,False,0.9853596435391471,63,0.9855687606112056,62,0.9855687606112056,62,2328
lez_Cyrl,337,False,0.2233766233766234,282,0.6141732283464567,28,0.6902654867256638,14,60
lfn_Cyrl,5655,False,0.7871326449563145,535,0.8757763975155278,275,0.9645608628659477,16,992
lfn_Latn,12192,False,0.5858613971611467,2942,0.7368978295394389,1440,0.8434871794871796,680,2139
lgg_Latn,9264,False,0.9489627922291736,68,0.9651086240947993,44,0.9746328437917223,8,1528
lgl_Latn,10951,False,0.9879518072289156,9,0.9907063197026023,6,0.9962616822429906,0,537
lgm_Latn,11059,False,0.9632224168126096,143,0.9724677948977014,105,0.988095238095238,26,1929
lhi_Latn,10945,False,0.9992201715622563,3,0.999479979199168,2,1.0,0,1922
lhu_Latn,72409,False,0.9997615262321145,4,0.9997217695456895,4,0.9997217695456895,4,12579
lia_Latn,13468,False,0.9957537154989385,15,0.9963883577650308,12,0.9985090521831735,1,2350
lid_Latn,27185,False,0.9959492303537671,13,0.9967567567567568,10,0.9967567567567568,10,1846
lif_Deva,24326,False,0.9986153420105234,4,0.9986153420105234,4,0.9986153420105234,4,1804
lif_Limb,10950,True,1.0,0,1.0,0,1.0,0,1910
lij_Latn,35338,False,0.858626958704874,1437,0.8452836607978225,1633,0.8452836607978225,1633,5155
lim_Latn,100000,False,0.8711674103929754,5255,0.8472158581532026,6740,0.8260005786478928,8241,22192
lin_Latn,100000,False,0.9933299402641238,294,0.9935219911353563,360,0.9939331667228576,439,281556
lip_Latn,17701,False,0.9985196150999259,7,0.9985196150999259,7,0.9998147118769687,0,2699
lis_Lisu,6732,True,1.0,0,1.0,0,1.0,0,1181
lit_Latn,100000,False,0.9736743587422221,3554,0.9742016002188333,4113,0.9766464632701277,4691,415894
liv_Latn,625,False,0.3563402889245586,401,0.8505747126436781,39,0.9356223175965664,13,111
ljp_Latn,13436,False,0.9610655737704918,183,0.9654178674351584,161,0.9916932907348242,15,2352
lki_Arab,211,False,0.14545454545454545,64,0.24242424242424243,20,0.24242424242424243,20,38
llb_Latn,25228,False,0.9081287044877222,777,0.8349854227405249,1613,0.8349854227405249,1613,4381
lld_Latn,814,False,0.2911534154535274,625,0.8749999999999999,24,0.9302325581395349,0,138
llg_Latn,14230,False,0.9555683785343335,71,0.9593967517401392,63,0.972336668628605,39,834
lln_Latn,8245,False,0.9916201117318436,12,0.9933636046105483,9,0.9915671117357695,3,1432
lmk_Latn,17821,False,0.9903220688561002,52,0.9917381633301556,43,0.9971246006389777,9,3130
lmo_Latn,58536,False,0.8794003226112534,2177,0.8584390334228312,2697,0.8584390334228312,2697,9633
lmp_Latn,11043,False,0.9981916817359855,6,0.9992242048099301,2,0.999482669425763,1,1933
lnd_Latn,25726,False,0.9914129586260735,51,0.9916303983930366,47,0.9916303983930366,47,4471
lob_Latn,13529,False,0.9987336428872943,6,0.9987336428872943,6,0.9989440337909186,4,2366
loe_Latn,6830,False,0.9567307692307694,104,0.9675850891410048,76,0.9895789912463527,14,1198
log_Latn,11018,False,0.9942946058091285,21,0.9963617463617463,13,0.9968798751950078,11,1918
lok_Latn,6752,False,0.9970401691331923,6,0.9987293519695044,2,0.9987271955876115,0,1180
lol_Latn,11060,False,0.9754740834386852,90,0.9834225962764601,57,0.9917184265010353,12,1936
lom_Latn,11043,False,0.9974106680476438,10,0.9981860585643949,7,0.9994807892004154,1,1926
loq_Latn,7481,False,0.9758454106280193,64,0.979485266691533,54,0.9954337899543378,6,1314
loz_Latn,100000,False,0.9922300171203013,543,0.9921106852707882,590,0.9920055193211804,696,141025
lrc_Arab,168,False,0.125,45,0.1951219512195122,7,0.1951219512195122,7,30
lsi_Latn,10998,False,0.9963503649635036,14,0.9984326018808777,6,0.999738425320429,1,1911
lsm_Latn,13528,False,0.972495894909688,127,0.9756901524515863,110,0.9919966301600673,17,2376
ltg_Latn,14559,False,0.41693100713719267,5773,0.4304574762050968,5456,0.5312899106002554,3538,2212
ltz_Latn,100000,False,0.9477281689523727,2102,0.9349488143060775,2743,0.9106640346087613,4022,21914
lua_Latn,100000,False,0.9914345559071259,447,0.9914300397158992,476,0.9915701895296943,523,169287
lub_Latn,100000,False,0.9799875347638676,1719,0.9796583013503537,1779,0.9793782605738087,1868,95657
luc_Latn,7040,False,0.9966804979253113,8,0.9987525987525987,3,0.9987515605493134,2,1201
lud_Latn,554,False,0.20558659217877093,707,0.8181818181818181,34,0.9523809523809523,3,96
lue_Latn,100000,False,0.9844776970215192,636,0.984230330672748,645,0.984064562459392,689,88438
lug_Latn,100000,False,0.9726626235261521,842,0.972713223591644,906,0.9742095360469919,1159,65900
lun_Latn,100000,False,0.9904078381665267,639,0.9903614045299687,672,0.9898120664140355,745,58302
luo_Latn,100000,False,0.9912856350278243,295,0.9917580264056708,332,0.9914927652148622,452,89703
lus_Latn,100000,False,0.9896323000977864,144,0.9901659025771102,180,0.9906651931623127,237,85615
lvs_Latn,100000,False,0.9773163762798681,4408,0.9782522615154068,5256,0.9795046623922166,6226,461790
lwg_Latn,1392,False,0.4382022471910112,588,0.8342245989304812,81,0.9135802469135802,18,246
lwo_Latn,17490,False,0.9980961446930033,8,0.9985714285714286,6,0.9990458015267176,1,2097
lww_Latn,17549,False,0.9947337624341721,15,0.9953134153485647,12,0.9979441997063143,3,1703
lzh_Hani,97818,False,0.8158378021009329,3462,0.8175660752411102,3403,0.8175660752411102,3403,12658
maa_Latn,38068,False,0.9991431019708655,9,0.9991431019708655,9,0.9991431019708655,9,5247
mad_Latn,44560,False,0.9673954252495892,377,0.9652869652869652,418,0.9652869652869652,418,7794
maf_Latn,11056,False,0.9941040758779801,22,0.9956354300385108,16,0.998452012383901,1,1940
mag_Deva,12847,False,0.6681432262827612,1354,0.6674115456238361,1324,0.6987904025381717,1027,2254
mah_Latn,100000,False,0.9985653339374034,28,0.9985592319259105,39,0.998446257493505,62,79547
mai_Deva,43579,False,0.8234550339813498,1357,0.8187666718970658,1441,0.8187666718970658,1441,6087
maj_Latn,17827,False,0.9982588508415555,6,0.9982588508415555,6,0.999709217795871,0,1720
mak_Latn,26049,False,0.9544634327566076,358,0.9476676845319575,430,0.9476676845319575,430,4567
mal_Latn,10693,False,0.9458208548870133,67,0.949796472184532,66,0.9600660974938033,19,1869
mal_Mlym,100000,False,0.9999746448161326,0,0.9999873227830717,2,0.9999873227830717,2,118322
mam_Latn,100000,False,0.9967703411392076,54,0.9973647078353254,70,0.9973035199435815,92,48249
maq_Latn,17793,False,0.9985807550383196,5,0.9991479693268958,3,0.9994318181818181,2,1759
mar_Deva,100000,False,0.9845251274002867,1038,0.9849944333058693,1071,0.9866447446338626,1820,216364
mar_Latn,3924,False,0.4706331045003814,1319,0.6061814556331008,712,0.7380660954712361,345,686
mas_Latn,31948,False,0.9753633463310882,220,0.9757092198581561,216,0.9757092198581561,216,5561
mau_Latn,100000,False,0.9988262344636856,19,0.9985212331629537,39,0.9981525807643495,68,31114
mav_Latn,23723,False,0.9056897895557288,15,0.9081018068777928,17,0.9081018068777928,17,2793
maw_Latn,17707,False,0.995571592586518,22,0.9955686853766618,20,0.9965488907148727,13,3040
max_Latn,333,False,0.1959183673469388,162,0.5542168674698795,1,0.5542168674698795,1,59
maz_Latn,17588,False,0.9974248927038627,6,0.9974263654561052,7,0.9985677456316242,2,1746
mbb_Latn,55597,False,0.9854941069809611,88,0.9852053140096618,92,0.9852053140096618,92,3269
mbc_Latn,25471,False,0.953830796106813,11,0.9536159600997507,13,0.9536159600997507,13,2085
mbd_Latn,10885,False,0.9905808477237049,32,0.9905808477237049,32,0.9960536700868193,11,1897
mbf_Latn,6748,False,0.9256651017214398,189,0.9653202774377804,84,0.9898218829516541,7,1184
mbh_Latn,24424,False,0.9973792587046051,6,0.9977528089887641,5,0.9977528089887641,5,1333
mbi_Latn,11002,False,0.9937629937629937,19,0.9942827442827443,18,0.9968733715476811,8,1917
mbj_Latn,17676,False,0.9983397897066962,5,0.9988925802879292,3,0.9988919667590028,2,1805
mbl_Latn,17712,False,0.9988545246277205,4,0.9994269340974212,2,0.9994269340974212,2,1744
mbs_Latn,18964,False,0.9908496732026144,34,0.9911041339612768,32,0.9911041339612768,32,1896
mbt_Latn,17750,False,0.9908438505320465,36,0.9920634920634921,29,0.9957679860592482,14,2003
mca_Latn,24591,False,0.9983799108950993,8,0.9985821348997367,7,0.9985821348997367,7,2465
mcb_Latn,17596,False,0.9898989898989898,34,0.9913244650086755,28,0.9959325973271355,12,1716
mcd_Latn,26561,False,0.9934390377255331,22,0.9937072503419974,20,0.9937072503419974,20,1819
mcf_Latn,17567,False,0.9962242230612838,13,0.9962242230612838,13,0.9994172494172495,2,1715
mck_Latn,100000,False,0.9691775108441775,775,0.9682457053617907,835,0.9662459520053143,959,23940
mcn_Latn,30781,False,0.989356779268857,98,0.9896277088349693,93,0.9896277088349693,93,5362
mco_Latn,100000,False,0.9972268753783133,11,0.9971573318322544,24,0.9970457486916887,40,35607
mcp_Latn,22044,False,0.9631449631449632,11,0.968608301360307,14,0.968608301360307,14,2943
mcq_Latn,31265,False,0.9979482970865818,9,0.9977435897435898,10,0.9977435897435898,10,2433
mcu_Latn,13492,False,0.9940677966101695,28,0.9949109414758269,24,0.9955423476968797,20,2346
mda_Latn,17774,False,0.9991523029104267,1,0.9997174343034756,0,0.9997174343034756,0,1770
mdf_Cyrl,16365,False,0.6102829984877943,3563,0.6131798936054716,3517,0.6914854404718025,2455,2870
mdy_Ethi,67085,True,0.9873608185374662,78,0.9873595505617978,77,0.9873595505617978,77,10017
med_Latn,23245,False,0.9990867579908675,1,0.9990867579908675,1,0.9990867579908675,1,2739
mee_Latn,24514,False,0.9946902654867256,15,0.995042492917847,14,0.995042492917847,14,1405
mej_Latn,13341,False,0.995958306743246,18,0.9953231292517006,21,0.9982920580700256,4,2342
mek_Latn,24096,False,0.999096657633243,1,0.9992771955186123,0,0.9992771955186123,0,2769
men_Latn,16422,False,0.9940828402366864,18,0.9942518724960807,15,0.9958056623558197,1,2872
meq_Latn,17804,False,0.9968682245242111,5,0.9971084337349397,4,0.997348758737045,3,2077
mer_Latn,3326,False,0.5316846986089645,853,0.63003663003663,550,0.7622759158222916,222,572
met_Latn,6728,False,0.980293501048218,47,0.9894112664125371,24,0.9957118353344768,2,1169
meu_Latn,100000,False,0.8819499445588469,5135,0.8785094637223976,5343,0.8778634968117768,5411,23098
mev_Latn,277,False,0.030334728033472806,1835,0.5471698113207547,29,0.5979381443298969,20,48
mfe_Latn,100000,False,0.9842419630968231,653,0.9836117837271616,855,0.9832209170140205,987,66095
mfg_Latn,1598,False,0.9335548172757475,40,0.9825174825174825,10,0.9910554561717353,1,281
mfh_Latn,13516,False,0.9976856722070272,8,0.9981064590784767,7,0.9993677555321391,0,2374
mfi_Latn,17796,False,0.9971126082771896,16,0.9974326059050065,14,0.9993569131832798,2,3110
mfk_Latn,17787,False,0.9929865575686734,20,0.993854258121159,16,0.996771353096566,6,1703
mfq_Latn,21554,False,0.9942597784007475,9,0.9941223617419184,7,0.9941223617419184,7,3758
mfy_Latn,19912,False,0.9822286263208454,40,0.9820359281437125,46,0.9820359281437125,46,2079
mfz_Latn,13402,False,0.9970263381478335,13,0.9978741496598639,9,0.9985090521831735,3,2348
mgc_Latn,5026,False,0.984941438929169,26,0.9932432432432432,10,0.9966101694915254,4,884
mgh_Latn,78930,False,0.9764156687639537,287,0.9764858509689452,302,0.9764858509689452,302,12321
mgm_Latn,179,False,0.1272264631043257,336,0.7857142857142857,2,0.7857142857142857,2,32
mgo_Latn,11133,False,0.9917452830188678,2,0.9911608721272834,3,0.9917452830188678,2,853
mgr_Latn,100000,False,0.9508314678605692,1182,0.950012991425659,1203,0.9478988249352718,1349,25064
mhi_Latn,13542,False,0.9672399672399672,160,0.9764365440264572,114,0.9953547297297298,17,2362
mhl_Latn,17037,False,0.993222427603204,21,0.9932140653917334,19,0.9975216852540272,5,1613
mhr_Cyrl,100000,False,0.9539600340262957,2021,0.9516208288041456,2178,0.9462308441846045,2663,33025
mhw_Latn,524,False,0.3229357798165137,364,0.9304812834224598,7,0.9318181818181818,1,93
mhx_Latn,17532,False,0.9961111111111112,14,0.9972191323692993,10,0.99860529986053,2,1793
mhy_Latn,13427,False,0.9836340746957616,69,0.9854889589905362,59,0.9923273657289002,11,2353
mib_Latn,24577,False,0.9984411535463756,3,0.9988304093567251,2,0.9988304093567251,2,1282
mic_Latn,17716,False,0.994269340974212,20,0.9951247490679668,17,0.9985611510791367,5,1735
mie_Latn,17822,False,1.0,0,1.0,0,1.0,0,1701
mif_Latn,17711,False,0.9985549132947977,5,0.9985549132947977,5,0.9990361445783134,3,2074
mig_Latn,17825,False,0.9994209612044007,2,1.0,0,0.9994202898550725,0,1726
mih_Latn,17758,False,0.9979994284081166,5,0.9979982842436373,4,0.9985693848354793,2,1748
mil_Latn,17720,False,0.9997052755673446,1,0.9997052755673446,1,1.0,0,1696
mim_Latn,6759,False,0.9940627650551315,14,0.9949022939677146,11,0.9948717948717949,4,1172
min_Arab,847,False,0.30872483221476515,480,0.4388349514563107,252,0.5931758530183727,118,150
min_Latn,100000,False,0.9547856026277777,1611,0.9494444990659718,1913,0.9382844784304638,2691,24800
mio_Latn,17742,False,0.9990201842053693,3,0.9992156862745097,1,0.9992156862745097,1,2551
mip_Latn,6764,False,0.993288590604027,14,0.9957947855340622,8,0.9970451667370199,2,1186
miq_Latn,86132,False,0.9935052885507515,45,0.9935828480284877,51,0.9935828480284877,51,13515
mir_Latn,16801,False,0.9994849785407725,3,0.9994849785407725,3,0.9998282672162115,1,2911
mit_Latn,17430,False,0.9985418489355498,5,0.9982507288629737,6,0.9997080291970802,1,1712
miy_Latn,17828,False,0.9958239640218438,24,0.9963040334243934,21,0.9967845659163986,18,3102
miz_Latn,17822,False,0.9985307081986482,5,0.9985307081986482,5,0.9994117647058823,2,1699
mjc_Latn,17745,False,0.9994152046783625,2,0.9994152046783625,2,1.0,0,1709
mjw_Latn,11088,False,0.9890557393738866,40,0.9918325676365493,29,0.9976857804062742,3,1946
mkd_Cyrl,100000,False,0.9777478789620467,3127,0.977393677804405,3216,0.9772061557731575,3392,153389
mkl_Latn,17702,False,0.9981082103670073,8,0.9982970671712393,7,0.9984859954579863,6,2640
mkn_Latn,18360,False,0.9816866380284874,70,0.9802944507361268,69,0.9802944507361268,69,2182
mks_Latn,17827,False,0.9997118985883031,1,0.9994236311239193,1,0.9985578309777906,1,1735
mkz_Latn,1446,False,0.7699836867862968,138,0.9552845528455285,18,0.9678800856531049,2,239
mlh_Latn,31269,False,0.9938338774029742,15,0.9938338774029742,15,0.9938338774029742,15,1372
mlp_Latn,24038,False,0.9929577464788732,16,0.994514106583072,12,0.994514106583072,12,1271
mlt_Latn,100000,False,0.9777679973532973,6678,0.9764178266659501,8064,0.9760042431339597,8906,334748
mlu_Latn,815,False,0.46258503401360546,312,0.8933333333333334,26,0.8951048951048951,18,140
mmn_Latn,11023,False,0.9713993871297242,111,0.9761354888375674,92,0.9963177275118358,5,1903
mmo_Latn,24576,False,0.9802253880501808,93,0.9812686249467858,88,0.9812686249467858,88,2305
mmx_Latn,28734,False,0.9956041028373518,31,0.9965324086423045,23,0.9965324086423045,23,3739
mna_Latn,33077,False,0.99340422667923,45,0.9930013458950202,47,0.9930013458950202,47,3694
mnb_Latn,13514,False,0.9837432263443101,77,0.9862040133779264,64,0.9938598348507305,15,2361
mnf_Latn,13467,False,0.9993612944432617,3,0.9987234042553191,6,0.9989354907387694,4,2347
mni_Beng,41766,False,0.974770642201835,273,0.9707641642583507,331,0.9707641642583507,331,7326
mni_Latn,889,False,0.28969359331476324,764,0.7427184466019416,102,0.9333333333333332,11,157
mni_Mtei,3424,True,0.9983305509181971,2,0.9991645781119466,1,0.9991645781119466,1,598
mnk_Latn,13537,False,0.9949302915082383,18,0.995982237259463,13,0.9976689976689977,4,2361
mns_Cyrl,971,False,0.5180722891566265,320,0.8037383177570093,84,0.9855907780979827,4,172
mnw_Mymr,291,False,0.6891891891891891,45,0.8225806451612903,21,0.9504950495049506,1,52
mnx_Latn,6272,False,0.9896536212325686,22,0.9968282736746714,6,0.9990917347865577,1,1101
mny_Latn,41872,False,0.9001981009631805,817,0.896598547083984,893,0.896598547083984,893,7233
moa_Latn,17800,False,0.9979170004806922,13,0.9982363315696648,10,0.9996788696210661,1,3114
moc_Latn,18050,False,0.9970055161544523,16,0.9970045719690998,15,0.9970045719690998,15,3166
mog_Latn,13436,False,0.9940978077571669,26,0.994517081400253,24,0.9983065198983913,6,2360
moh_Latn,1569,False,0.8593996840442338,86,0.9767441860465116,11,0.9835466179159049,3,275
mop_Latn,18531,False,0.9513160959701841,86,0.9567048911771588,64,0.9567048911771588,64,2165
mor_Latn,13526,False,1.0,0,1.0,0,1.0,0,2354
mos_Latn,100000,False,0.9970699887718548,45,0.9976971944241115,53,0.9976713879809438,92,93744
mox_Latn,30851,False,0.9965710160620826,11,0.9969308539447553,9,0.9969308539447553,9,2769
mpg_Latn,17806,False,0.9811866859623735,61,0.9843205574912892,50,0.9958847736625516,9,1699
mph_Latn,1016,False,0.9518716577540107,18,1.0,0,1.0,0,178
mpm_Latn,17709,False,0.9949846303187186,24,0.9949813825481625,22,0.996594778660613,12,3082
mpp_Latn,13388,False,0.989749430523918,17,0.9903133903133903,16,0.9977011494252873,2,870
mps_Latn,62082,False,0.9962296804499658,12,0.9962296804499658,12,0.9962296804499658,12,8108
mpt_Latn,30449,False,0.9916142557651991,16,0.9921342422653383,15,0.9921342422653383,15,946
mpx_Latn,28162,False,0.990675547098002,39,0.9904834411876665,39,0.9904834411876665,39,2613
mqb_Latn,17749,False,0.9981730609533299,9,0.9981730609533299,9,0.9991681916486442,1,3007
mqj_Latn,24541,False,0.971045197740113,49,0.9699964701729616,51,0.9699964701729616,51,1408
mqy_Latn,11063,False,0.991536291356758,31,0.9956196856480289,14,0.9971568880847764,5,1935
mrg_Latn,9720,False,0.9906759906759907,29,0.9958992384299942,11,0.9988242210464433,0,1703
mri_Latn,73030,False,0.9735138316656857,466,0.9725941586406702,507,0.9725941586406702,507,12614
mrj_Cyrl,32843,False,0.9162598573037927,598,0.907013469577334,709,0.907013469577334,709,5174
mrq_Latn,827,False,0.17777777777777778,1330,0.5135623869801085,265,0.7068062827225132,101,146
mrv_Latn,137,False,0.06639004149377593,208,0.48484848484848486,0,0.48484848484848486,0,25
mrw_Latn,32855,False,0.9869769057127974,137,0.9875771001650595,130,0.9875771001650595,130,5697
msb_Latn,17760,False,0.6003830750478845,2282,0.61374154503382,2157,0.6804815472666271,1606,1737
msc_Latn,4006,False,0.9525101763907734,67,0.9696132596685083,41,0.9739130434782608,3,705
mse_Latn,11044,False,0.9924498828430096,22,0.9942618675013041,15,0.9973808276584599,1,1913
msk_Latn,17461,False,0.9771345875542692,72,0.977983777520278,69,0.9891590975681219,30,1695
msm_Latn,17525,False,0.9736716132120633,98,0.9750599520383694,91,0.9888077858880778,32,2046
msy_Latn,23880,False,0.9959935897435899,10,0.9959935897435899,10,0.9959935897435899,10,1243
mta_Latn,17707,False,0.9970845481049563,18,0.9982163126317497,11,0.9996751137102015,1,3078
mtg_Latn,10910,False,0.9932537623248572,25,0.9948024948024947,19,0.9979123173277662,5,1915
mti_Latn,37906,False,0.991961893420661,26,0.9931404712198032,21,0.9931404712198032,21,1667
mtj_Latn,13341,False,0.9933972310969117,22,0.9946706459177148,17,0.9970047068891742,3,2341
mto_Latn,24568,False,0.9996550534667127,2,0.9996550534667127,2,0.9996550534667127,2,2898
mtp_Latn,17826,False,0.9990950226244344,5,0.9994568169473113,3,0.9998188733925013,1,2760
mua_Latn,11045,False,0.9971406290616064,8,0.997398543184183,6,0.9979166666666668,3,1921
mug_Latn,30584,False,0.9923177815252013,35,0.9923192206819031,36,0.9923192206819031,36,5343
muh_Latn,17927,False,0.9980738362760835,9,0.9980738362760835,9,0.9993571198971392,1,3112
mui_Latn,2590,False,0.48310810810810817,893,0.511178247734139,778,0.9002217294900221,42,454
mup_Deva,6754,False,0.893439514599924,275,0.900611620795107,254,0.9737288135593221,27,1184
mur_Latn,13305,False,0.9963620800342392,13,0.9970021413276231,10,0.9978531558608845,2,2332
mus_Latn,406,False,0.21547799696509862,516,0.9793103448275863,2,0.9343065693430657,1,72
mux_Latn,30379,False,0.9958566902266635,16,0.9958566902266635,16,0.9958566902266635,16,2044
muy_Latn,17784,False,0.9965556831228473,19,0.9963934426229509,21,0.9983568846533027,8,3040
mva_Latn,31340,False,0.9813900493733384,45,0.9813900493733384,45,0.9813900493733384,45,1296
mvn_Latn,17532,False,0.9955810870525851,10,0.9955810870525851,10,0.9966806815667183,4,2263
mvp_Latn,13386,False,0.9875856164383561,54,0.9888555507929705,48,0.9946085831356481,20,2311
mwc_Latn,5701,False,0.9171195652173915,121,0.9412587412587413,81,0.9874538745387453,10,676
mwf_Latn,268,False,0.7804878048780487,27,1.0,0,1.0,0,48
mwl_Latn,29497,False,0.8256792498196682,2145,0.8194267515923568,2233,0.8194267515923568,2233,5181
mwm_Latn,34765,False,0.9973138497904802,2,0.9968860732309673,7,0.9968860732309673,7,4664
mwn_Latn,45676,False,0.8618200420621838,2141,0.8234527687296417,2965,0.8234527687296417,2965,7871
mwp_Latn,4930,False,0.9925501432664757,12,0.9959746981023576,6,0.9988465974625144,1,867
mwq_Latn,13480,False,0.9966201943388255,12,0.9976729426697694,6,0.9983050847457627,1,2363
mwv_Latn,13480,False,0.986381730567777,62,0.9899032393773665,44,0.9938441944385482,13,2357
mww_Latn,100000,False,0.9966730553646982,60,0.996637257737923,64,0.9965112705844074,72,27685
mxb_Latn,17827,False,0.9987088444157521,3,0.9983855343881175,3,0.9980613893376413,2,3099
mxp_Latn,17765,False,0.9976525821596244,5,0.9979454065159964,4,0.998531571218796,2,1703
mxq_Latn,17822,False,0.9993564993564993,4,0.9995172968624295,3,1.0,0,3106
mxt_Latn,17738,False,0.9974070872947278,8,0.9971198156682027,9,0.9974070872947278,8,1732
mxv_Latn,100000,False,0.9944567627494456,14,0.9946156743701668,26,0.996642516345644,51,22661
mya_Mymr,100000,False,0.9990495969587102,77,0.9991259612959237,80,0.9991905968468469,86,85231
myb_Latn,17794,False,0.9963316214233308,13,0.997246190563613,8,0.9985288709084222,0,2723
myk_Latn,17969,False,0.9961538461538462,22,0.995994231693639,23,0.9966319165998395,18,3110
myu_Latn,17307,False,0.9959159859976663,12,0.9956255468066492,13,0.9959064327485381,8,1709
myv_Cyrl,46588,False,0.9044087591240877,1359,0.901595434959823,1410,0.901595434959823,1410,8022
myw_Latn,20830,False,0.9833479404031551,38,0.9863736263736264,31,0.9863736263736264,31,1122
myx_Latn,24108,False,0.9616998240627961,247,0.9640482973816307,229,0.9640482973816307,229,3589
myy_Latn,17572,False,0.9957058507783145,15,0.9954362416107382,15,0.9962385814078453,12,1856
mza_Latn,17806,False,0.963407973784817,133,0.9663105998356615,122,0.9926842993809792,25,1765
mzh_Latn,30095,False,0.99101709649377,86,0.99101709649377,86,0.99101709649377,86,5137
mzk_Latn,13518,False,0.9976729426697694,10,0.9983065198983913,7,0.9987282746926663,3,2359
mzl_Latn,11046,False,0.9992225965275978,3,0.9992225965275978,3,1.0,0,1928
mzm_Latn,17809,False,0.9987755815987405,5,0.9986004198740378,5,0.9987751531058617,4,2857
mzn_Arab,25413,False,0.28290822750656547,19407,0.29257202489657486,18448,0.29257202489657486,18448,4458
mzw_Latn,17739,False,0.9971933300313687,13,0.9975227085053674,11,0.999007279947055,1,3024
mzz_Latn,1662,False,0.8314087759815243,73,0.9549071618037135,17,0.994475138121547,2,180
nab_Latn,17051,False,1.0,0,1.0,0,1.0,0,1684
naf_Latn,30339,False,0.99528672427337,12,0.9956777996070727,11,0.9956777996070727,11,1267
nah_Latn,14383,False,0.7186960690316395,965,0.7292390884511395,914,0.7328632980806894,859,2376
nak_Latn,24401,False,0.996523754345307,7,0.9976798143851509,4,0.9976798143851509,4,1292
nan_Latn,41646,False,0.9617167836799576,544,0.9563097199341021,625,0.9563097199341021,625,7294
nap_Latn,26109,False,0.759975763870856,2583,0.7572932849991368,2619,0.7572932849991368,2619,4580
naq_Latn,92558,False,0.9994093325457768,7,0.9994404377020641,7,0.9994404377020641,7,16086
nas_Latn,24606,False,0.9988105352591333,7,0.9988101308856026,6,0.9988101308856026,6,2939
nav_Latn,81124,False,0.998298355076574,19,0.9981572046211638,26,0.9981572046211638,26,14109
naw_Latn,17827,False,0.9991321955452704,3,0.9988425925925928,3,0.9994209612044007,1,1727
nba_Latn,100000,False,0.9881470933154632,366,0.9860478716738377,480,0.9843844469925987,564,23793
nbc_Latn,10982,False,0.9922480620155039,27,0.994818652849741,17,0.997398543184183,4,1923
nbe_Latn,11062,False,0.9963917525773195,13,0.9976774193548388,8,0.9989658738366081,2,1934
nbl_Latn,100000,False,0.8464198298302187,8096,0.8435955346196038,8360,0.8425203954066838,8463,36442
nbq_Latn,3157,False,0.9593073593073592,47,0.9840142095914742,18,0.990152193375112,10,554
nbu_Latn,30552,False,0.9948410092861832,25,0.9946524064171123,25,0.9946524064171123,25,5333
nca_Latn,24465,False,0.9958568738229755,11,0.9954819277108433,12,0.9954819277108433,12,1322
nch_Latn,100000,False,0.9176631482975066,524,0.9170904499701891,536,0.9179604767989359,568,30341
ncj_Latn,100000,False,0.9483515170141201,546,0.9491623634473474,579,0.9495100707675559,625,30251
ncl_Latn,17768,False,0.9888823873610298,30,0.9894551845342707,27,0.99469652327637,8,1698
ncq_Laoo,4269,True,0.992729676140119,10,0.9940357852882703,7,0.9940357852882703,7,752
nct_Latn,11027,False,0.9900076863950807,36,0.9917864476386037,29,0.9968976215098243,5,1935
ncu_Latn,17218,False,1.0,0,1.0,0,1.0,0,2969
ncx_Latn,100000,False,0.8649247121346323,4651,0.8630755341558833,4793,0.862062062062062,4878,23542
ndc_Latn,100000,False,0.8536556428889218,8837,0.8533495339843229,8880,0.8511908279652503,9066,29812
nde_Latn,100000,False,0.736177518908111,18205,0.7349222212566264,18283,0.7343717774762553,18352,39946
ndh_Latn,625,False,0.4654377880184331,224,0.908256880733945,10,0.937799043062201,2,109
ndi_Latn,11030,False,0.9984472049689441,3,0.9987056691690396,2,0.9989642672190574,1,1932
ndj_Latn,17827,False,0.967741935483871,107,0.9733629300776915,85,0.9815022421524664,52,1765
ndo_Latn,100000,False,0.8975181199209311,3271,0.8972555670901993,3397,0.8975685953912073,3493,72023
ndp_Latn,13523,False,0.9870887130362349,62,0.9899707480150439,47,0.9970426700464724,4,2370
nds_Latn,100000,False,0.9020412298029682,2560,0.8913671213780743,3151,0.8632907141315039,4576,19117
ndy_Latn,6763,False,0.9907795473595976,21,0.9936948297604035,14,0.9961880559085133,2,1183
ndz_Latn,17783,False,0.9980519480519481,12,0.9982139957785354,11,0.9995119570522206,1,3074
neb_Latn,13396,False,0.9976600723250373,11,0.9976600723250373,11,0.9980838833297849,8,2345
new_Deva,25626,False,0.6771692923230808,3429,0.6808118081180813,3359,0.6808118081180813,3359,4506
nfa_Latn,17143,False,0.9948953547728433,11,0.9951493489915753,10,0.996164663768857,5,1958
nfr_Latn,13480,False,0.9991536182818451,1,0.9993653480008461,1,0.9978813559322034,1,2364
ngb_Latn,3303,False,0.7775524002704529,324,0.8575689783743475,186,0.9790575916230366,5,580
ngc_Latn,11049,False,0.9619875776397515,148,0.9684842421210605,121,0.9904614591389533,17,1941
ngl_Latn,100000,False,0.9568750119208834,1208,0.9560999733708678,1304,0.9548421372191864,1405,26137
ngp_Latn,17827,False,0.8863811233649653,380,0.8899793388429752,358,0.891765924391507,349,1791
ngu_Latn,100000,False,0.9070457740977972,705,0.9063808755820304,738,0.908332685782371,790,20283
nhd_Latn,13486,False,0.6597645724010778,2372,0.6624767890301385,2329,0.6759934514064593,2095,2353
nhe_Latn,28871,False,0.9245781662939623,205,0.9237631792376317,214,0.9237631792376317,214,2440
nhg_Latn,16904,False,0.9894952600563669,41,0.9910187323582244,35,0.9987056691690396,3,1931
nhi_Latn,18600,False,0.8272078990674712,853,0.8424581005586593,754,0.8424581005586593,754,2354
nhk_Latn,3218,False,0.7159804605722261,368,0.8423645320197045,153,0.9144385026737969,57,552
nho_Latn,24502,False,0.9903713892709766,41,0.991507918292403,36,0.991507918292403,36,2161
nhr_Latn,17751,False,0.998710924911376,8,0.998389175257732,10,0.998871513783653,6,3099
nhu_Latn,17806,False,0.9990285603264037,5,0.9994166828699202,2,0.9998054853141412,0,2571
nhw_Latn,17816,False,0.6170247132934906,2275,0.6174039863879436,2260,0.6185064935064936,2249,2006
nhx_Latn,35642,False,0.9929615592853276,25,0.9921558020016229,28,0.9921558020016229,28,1835
nhy_Latn,17810,False,0.9499725123694337,175,0.9559922502075838,151,0.9615812917594655,130,1735
nia_Latn,100000,False,0.995013605536141,274,0.9946178686759958,321,0.9935217091660924,405,36105
nif_Latn,10209,False,0.9978021978021978,3,0.9978021978021978,3,1.0,0,681
nii_Latn,30695,False,0.9983150800336984,2,0.9983150800336984,2,0.9983150800336984,2,1187
nij_Latn,13418,False,0.9820083682008368,82,0.9863416684177349,61,0.9933916009379662,10,2351
nim_Latn,17845,False,0.9883621913142209,36,0.99032992036405,29,0.9957007738607051,6,1746
nin_Latn,24556,False,0.9933196300102775,26,0.9935716122396503,24,0.9935716122396503,24,1933
nio_Cyrl,90,False,0.20606060606060606,131,0.9444444444444444,2,0.9444444444444444,2,17
niq_Latn,30088,False,0.9858330185115225,123,0.9858303419610805,122,0.9858303419610805,122,5246
niu_Latn,100000,False,0.9923718611811819,637,0.9931879038448751,636,0.9933802034258656,682,82648
niy_Latn,11062,False,0.9887983706720977,44,0.9918283963227784,32,0.9918283963227784,32,1942
njb_Latn,10983,False,0.9945468709426123,18,0.9960988296488947,12,0.997393117831074,5,1918
njm_Latn,30730,False,0.9932960893854748,44,0.9928312075225769,47,0.9928312075225769,47,5362
njn_Latn,29912,False,0.9908466819221967,68,0.9906524227394125,67,0.9906524227394125,67,5224
njo_Latn,30731,False,0.9922135706340377,72,0.9924895688456188,69,0.9924895688456188,69,5364
njz_Latn,11038,False,0.9943386515697374,21,0.995106876126706,18,0.9971568880847764,7,1933
nkf_Latn,6762,False,0.9841402337228715,34,0.9920067311737484,15,0.9970401691331925,3,1183
nki_Latn,11061,False,0.9193825042881647,267,0.9263105835806132,233,0.9279167698786228,226,1938
nko_Latn,17654,False,0.9997031760166222,1,0.9994065281899109,2,0.9994065281899109,2,1684
nla_Latn,233,False,0.12872841444270017,555,0.9876543209876543,0,0.9876543209876543,0,41
nlc_Latn,13403,False,0.9934530095036959,31,0.9938702177129571,28,0.9976630550244316,7,2352
nld_Latn,100000,False,0.9593830813616518,5732,0.9627918291829983,6531,0.9672808417610435,7775,641526
nlg_Latn,16692,False,0.9793621013133208,55,0.9821260583254939,46,0.992030602486452,4,1577
nma_Latn,11038,False,0.9951194451579759,19,0.9963991769547326,14,0.9992262058292494,3,1937
nmf_Latn,30733,False,0.9881722417298097,110,0.9873511217800757,119,0.9873511217800757,119,5365
nmh_Latn,11056,False,0.9940889231560011,23,0.9953679876479671,18,0.9987076764021711,3,1934
nmo_Latn,11055,False,0.9900090826521345,31,0.9936189608021878,19,0.9969474969474968,6,1637
nmw_Latn,3113,False,0.8903225806451612,51,0.9605568445475638,17,0.9857142857142858,6,207
nmz_Latn,13452,False,0.9968119022316684,13,0.9968119022316684,13,0.9985084167909652,3,2347
nnb_Latn,83880,False,0.8852569882777277,456,0.886935707072596,501,0.886935707072596,501,14379
nng_Latn,11050,False,0.9930751474737112,27,0.9951169365201749,19,0.9987090111025045,3,1936
nnh_Latn,10903,False,0.9976408912188728,6,0.9971181556195965,8,0.998164175190139,4,1906
nnl_Latn,29935,False,0.9898932112890922,70,0.9891387195121951,78,0.9891387195121951,78,5227
nno_Latn,100000,False,0.8731123799802227,17737,0.8658990279242803,19196,0.862188948485724,20000,70580
nnp_Latn,11050,False,0.9938493080471552,22,0.995635430038511,15,0.9969088098918083,6,1941
nnq_Latn,17827,False,0.9354838709677419,234,0.9450428058547363,197,0.9500277623542476,178,1713
nnw_Latn,17675,False,0.999838213881249,0,0.999838213881249,0,0.999838213881249,0,3091
noa_Latn,35324,False,0.9971485600228115,9,0.9975766215253028,8,0.9975766215253028,8,3508
nob_Latn,100000,False,0.9524895740528248,21695,0.9515948733777004,21906,0.9515160829238024,22133,431557
nod_Thai,11038,False,0.49021864211737637,3100,0.4974974974974975,3011,0.6998357193147149,1278,1492
nog_Cyrl,19172,False,0.8958904109589041,431,0.901220354593599,399,0.901220354593599,399,1987
non_Latn,502,False,0.13377192982456138,763,0.6951219512195121,19,0.7114093959731543,8,88
nop_Latn,31774,False,0.997866149369544,8,0.9972857696781698,11,0.9972857696781698,11,2575
not_Latn,24235,False,0.9901146698299723,25,0.992862807295797,18,0.992862807295797,18,1252
nou_Latn,30588,False,0.9945446915652538,8,0.9945446915652538,8,0.9945446915652538,8,1190
nov_Latn,1813,False,0.10945468811298548,4503,0.2558891454965358,1572,0.5096525096525096,456,316
nph_Latn,11061,False,0.9956219417975791,14,0.9969040247678018,8,0.9979328165374677,3,1936
npi_Deva,100000,False,0.9511141535265791,804,0.9516060563180982,823,0.9528522750979347,1544,43631
npi_Latn,359,False,0.19554030874785594,462,0.6906474820143884,27,0.8135593220338982,6,64
npl_Latn,24576,False,0.8049740280182591,1210,0.8094408363693965,1172,0.8094408363693965,1172,2586
npo_Latn,11061,False,0.9963973237261965,13,0.9976810100489565,8,0.9992258064516129,2,1937
npy_Latn,13254,False,0.9843582601242769,71,0.987744571059987,55,0.9958704629428385,11,2299
nqo_Nkoo,8471,False,1.0,0,1.0,0,1.0,0,1394
nre_Latn,30002,False,0.9917261055634806,50,0.9919178472948561,50,0.9919178472948561,50,5251
nrf_Latn,6460,False,0.44943365695792886,2709,0.49487293802942484,2252,0.9530201342281879,46,1124
nri_Latn,11054,False,0.9775082132928986,86,0.9824739649479299,66,0.9961370074684522,12,1937
nsa_Latn,11044,False,0.995106876126706,18,0.9958762886597938,15,0.9979338842975206,7,1933
nse_Latn,93386,False,0.8157250743362366,6445,0.8056419829910806,6974,0.8056419829910806,6974,16058
nsm_Latn,29995,False,0.9912297426120114,51,0.9916046556000763,45,0.9916046556000763,45,5240
nsn_Latn,24366,False,0.9837919336600075,40,0.9845224613061533,37,0.9845224613061533,37,1308
nso_Latn,100000,False,0.9872839643991598,1521,0.9874890332526991,1632,0.9875004647609776,1700,297849
nss_Latn,5620,False,0.9401709401709402,48,0.9709962168978562,22,0.9922680412371134,5,386
nst_Latn,30606,False,0.9882816161994938,46,0.9895979758223222,41,0.9895979758223222,41,5350
nsu_Latn,17790,False,0.9560347241668999,139,0.959774964838256,124,0.9712496441787646,82,1725
ntp_Latn,17357,False,0.9985193959135328,5,0.9985193959135328,5,1.0,0,1686
ntr_Latn,17764,False,0.9973958333333333,14,0.9975581963210157,13,0.9988590057049714,5,3066
ntu_Latn,12626,False,0.9910479199578726,17,0.9952406134320465,9,0.9984034060670569,0,941
nuj_Latn,8313,False,0.9344151453684922,174,0.9439507860560492,143,0.9757685352622061,14,1402
nus_Latn,14391,False,0.9962502466942964,12,0.9956573233320175,13,0.9970314664555708,3,2531
nuy_Latn,11270,False,0.9989821882951654,3,0.998727411555103,3,0.998981151299032,1,1964
nuz_Latn,1598,False,0.6946847960444994,246,0.7937853107344632,145,0.9642857142857143,8,282
nvm_Latn,22498,False,0.9943747295543054,13,0.9948051948051948,12,0.9948051948051948,12,1149
nwb_Latn,13165,False,0.9971879731775903,13,0.9974037213327563,12,0.999566348655681,2,2305
nwi_Latn,17294,False,0.9970617042115573,10,0.9973059025226548,9,0.9985286905345757,4,2038
nwx_Deva,16773,False,0.9775830102814765,120,0.9773954116059379,118,0.9848096944871138,61,2913
nxd_Latn,11061,False,0.9877363311190598,45,0.9912820512820514,31,0.9956060997673818,7,1936
nya_Latn,100000,False,0.9709769928774572,1743,0.9714207203410543,1892,0.9724971539454956,2060,387398
nyf_Latn,13672,False,0.9235569422776911,368,0.9286977018267532,335,0.9773341651070907,67,2392
nyk_Latn,100000,False,0.9852294586424842,398,0.9847880498759958,499,0.9841784434145339,579,43915
nyn_Latn,100000,False,0.9146252624662544,1234,0.9141487631601471,1299,0.9118898517125855,1728,36759
nyo_Latn,13528,False,0.6929535232383808,1999,0.7030654262620101,1892,0.7646664431780087,1325,2360
nyu_Latn,100000,False,0.9205862241031991,3123,0.9191108821256394,3291,0.9150891582146388,3550,26080
nyy_Latn,99263,False,0.97727140615009,351,0.9744493901381582,498,0.9744493901381582,498,17243
nza_Latn,4301,False,0.9696969696969697,47,0.991430454845089,13,0.9947089947089947,8,752
nzi_Latn,100000,False,0.9960735067829286,89,0.9968466518862675,113,0.996826740004231,232,56672
nzm_Latn,30721,False,0.995714551891187,31,0.995715350223547,32,0.995715350223547,32,5359
obo_Latn,17566,False,0.9946623346484104,21,0.9953531598513011,17,0.9976711690731254,7,2145
oci_Latn,100000,False,0.9329056282105925,2313,0.9198623185208067,3005,0.9014345409899626,4029,21472
ogo_Latn,49629,False,0.9967430499011283,28,0.9951825410644842,59,0.9951825410644842,59,8597
ojb_Cans,33721,False,0.9864043968759039,67,0.9848375451263538,78,0.9848375451263538,78,3437
ojb_Latn,26541,False,0.9942356959863365,49,0.9941308291537724,51,0.9941308291537724,51,4662
oke_Latn,51037,False,0.9737193763919821,328,0.9729759848442637,328,0.9729759848442637,328,8888
oku_Latn,6760,False,0.9970575872215216,7,0.997896508203618,5,0.9995785924989464,1,1186
okv_Latn,24041,False,0.9934518241347053,14,0.9939167056621432,13,0.9939167056621432,13,1062
old_Latn,13531,False,0.9770423991726991,98,0.9788557213930349,88,0.9901239756251313,28,2375
olo_Latn,8012,False,0.533358822404894,2433,0.5693848354792561,2097,0.9033543673198274,248,1403
omb_Latn,4266,False,0.9758327890267798,37,0.9887491727332893,17,0.9973297730307076,4,747
omw_Latn,27268,False,0.997223764575236,7,0.9977777777777778,5,0.9977777777777778,5,1799
ong_Latn,31080,False,0.9952809952809952,11,0.9965635738831615,8,0.9965635738831615,8,1160
ons_Latn,24539,False,0.9982300884955753,14,0.9979777553083923,16,0.9979777553083923,16,3948
ood_Latn,16954,False,0.9972621492128679,12,0.9977743537065571,9,0.9989715461090161,2,2918
opm_Latn,23755,False,0.9922353902738047,18,0.9942669942669943,13,0.9942669942669943,13,1215
orv_Cyrl,27832,False,0.7291545913720294,2876,0.7297745358090186,2864,0.7297745358090186,2864,4798
ory_Latn,435,False,0.23970037453183518,393,0.8,16,0.8085106382978724,7,77
ory_Orya,100000,False,0.999600864012021,7,0.999565661427213,10,0.9994486738847377,46,42602
oss_Cyrl,100000,False,0.9983526413716258,13,0.9983152776593023,14,0.9983527994413379,22,93928
ota_Arab,674,False,0.4787878787878789,131,0.5470085470085471,50,0.56,24,120
otd_Latn,6719,False,0.964329643296433,83,0.9759535655058044,55,0.9936575052854123,10,1180
ote_Latn,56504,False,0.9871768355739401,44,0.9862150859621044,68,0.9862150859621044,68,9750
otm_Latn,17662,False,0.9968198901416594,11,0.9976851851851852,8,0.9985519837822184,5,1724
otn_Latn,17786,False,0.9916929246634202,27,0.9916929246634202,27,0.9919770773638968,26,1733
oto_Latn,4664,False,0.8363431151241536,231,0.9134438305709024,85,0.9188168659534298,59,800
otq_Latn,17800,False,0.9990215264187867,6,0.9991844723536127,5,0.999347471451876,4,3063
ots_Latn,21473,False,0.960667985058229,7,0.967488544621427,8,0.967488544621427,8,2358
otw_Latn,85,False,0.1044776119402985,239,0.9285714285714286,0,0.9285714285714286,0,15
oym_Latn,10692,False,0.996282527881041,14,0.9976070194097315,9,0.9992006394884093,2,1876
ozm_Latn,13451,False,1.0,0,0.9989377522838326,5,0.9993623804463337,3,2351
pab_Latn,17824,False,0.9955182072829132,16,0.9963554807961873,13,0.9988738738738739,1,1777
pad_Latn,24093,False,0.985086658605401,37,0.9866774323778765,33,0.9866774323778765,33,1222
pag_Latn,100000,False,0.9919334129314248,746,0.9918527515155364,856,0.9918607662507201,1104,189643
pah_Latn,17258,False,0.9941037735849058,20,0.9952774498229044,16,0.9988151658767772,4,1686
pam_Latn,34170,False,0.9368805425143453,351,0.9266090545595254,436,0.9266090545595254,436,3725
pan_Guru,100000,False,0.9999427572511153,0,0.9999779843336518,0,0.9999779843336518,0,113558
pan_Latn,4064,False,0.6008010680907877,864,0.6572127139364303,665,0.744920993227991,404,708
pao_Latn,15679,False,0.9969845457972106,16,0.997171412408071,14,0.997920997920998,6,2645
pap_Latn,100000,False,0.9922254989955978,516,0.9922815380541106,648,0.9922687784157613,783,235273
pau_Latn,100000,False,0.9984853920044641,58,0.9979680465357186,81,0.997332271550866,113,25069
pbb_Latn,17747,False,0.9980651402773298,10,0.9979042398839272,11,0.998708427510494,4,3097
pbc_Latn,13500,False,0.9981040657257215,9,0.9978929624947325,9,0.9989449250896814,3,2369
pbi_Latn,13371,False,0.9987146529562982,4,0.9985007496251873,5,0.9989286479537176,3,2333
pbt_Arab,80648,False,0.9614098010138981,909,0.9607026003099707,939,0.9607026003099707,939,14149
pcd_Latn,2213,False,0.1442251319132304,4359,0.24052832811956898,2142,0.6211538461538462,328,389
pck_Latn,37494,False,0.9411315568450791,391,0.9395213701353314,392,0.9395213701353314,392,6543
pcm_Latn,33265,False,0.674826231489876,3020,0.64977192093259,3574,0.64977192093259,3574,5750
pdc_Latn,13498,False,0.9789739276703112,72,0.9797639123102866,64,0.9854014598540146,7,2356
pdt_Latn,100000,False,0.9728151260504202,1169,0.9732604582720202,1143,0.9719371156308377,1212,23278
pem_Latn,8343,False,0.8840987191502656,364,0.8923950773114546,333,0.9764167546638507,32,1422
pfe_Latn,15290,False,0.9994393571295085,3,0.9994393571295085,3,0.9996261682242991,2,2674
pfl_Latn,8500,False,0.6616712079927338,1451,0.7294416243654823,1007,0.9009126466753586,190,1496
phm_Latn,38316,False,0.7062706270627064,4952,0.7074646940147948,4920,0.7074646940147948,4920,6612
pib_Latn,25109,False,0.9866310160427807,64,0.9882747068676717,52,0.9882747068676717,52,2968
pio_Latn,17469,False,0.997962154294032,7,0.9982527664531159,6,0.99970836978711,1,1714
pir_Latn,17355,False,0.9983879634605051,5,0.9978517722878626,7,0.9997309658326607,0,1859
pis_Latn,100000,False,0.9928528822802608,572,0.9918383829796278,884,0.9915567450455617,970,93983
pjt_Latn,19780,False,0.999777233236801,1,0.999777233236801,1,0.999777233236801,1,2244
pkb_Latn,13429,False,0.9573145462080398,203,0.9604989604989604,187,0.9898025602082883,15,2313
plg_Latn,15999,False,0.9953170028818443,14,0.9956772334293948,13,0.9969319617397582,4,2775
pls_Latn,36929,False,0.9963062793251473,13,0.9959069581711091,15,0.9959069581711091,15,5014
plt_Latn,100000,False,0.9908566255516578,526,0.9903435174924806,583,0.9886489292081331,753,44063
plu_Latn,22814,False,0.9921138680515483,37,0.9924927815206931,34,0.9924927815206931,34,2583
plw_Latn,18070,False,0.9928126497364638,38,0.9940828402366864,30,0.9940828402366864,30,3115
pma_Latn,31148,False,0.9912891986062717,50,0.9912891986062717,50,0.9912891986062717,50,2845
pmf_Latn,13325,False,0.988915453162356,27,0.9891162385720504,23,0.9914679501203237,6,2299
pmq_Latn,315,False,0.6913580246913581,50,0.9911504424778761,1,1.0,0,56
pms_Latn,26149,False,0.8881682389937107,1070,0.8997306195749776,927,0.8997306195749776,927,4587
pmx_Latn,30033,False,0.9925855513307984,47,0.9922082858228811,51,0.9922082858228811,51,5252
pnb_Arab,100000,False,0.9577983725135623,1403,0.9574230261152322,1466,0.957714234412174,1734,44704
pne_Latn,17790,False,0.9968013957545798,6,0.9968013957545798,6,0.9970828471411901,0,1719
pnt_Grek,846,False,0.08004385964912282,3352,0.11485943775100402,2197,0.5215686274509804,227,150
pny_Latn,11061,False,1.0,0,0.9996137504828119,1,0.9996137504828119,1,1294
poe_Latn,34622,False,0.9997869620792501,2,0.9997869620792501,2,0.9997869620792501,2,4693
poh_Latn,57259,False,0.9931705058455841,23,0.9929373625101308,23,0.9929373625101308,23,8675
poi_Latn,24578,False,0.9990569003458032,3,0.9990563070147847,2,0.9990563070147847,2,1589
pol_Latn,100000,False,0.9830263168474459,3124,0.9839689944651735,3767,0.985549023547259,4284,692516
pon_Latn,100000,False,0.9977377106236806,72,0.9979276335693108,84,0.9977854535285359,139,66161
por_Latn,100000,False,0.9798824507974245,7651,0.9806089155166289,8381,0.9809013011212284,8956,845331
pos_Latn,4298,False,0.9887936717205009,17,0.9953550099535501,7,0.998003992015968,3,750
pot_Latn,3543,False,0.9627906976744186,48,0.9936,8,0.9983922829581994,2,621
pov_Latn,23414,False,0.8899854211057531,946,0.8994781030179261,847,0.8994781030179261,847,4003
poy_Latn,11062,False,0.9709127382146439,113,0.9725924063364344,104,0.9885535900104059,5,1939
ppk_Latn,13248,False,0.9913904433921653,37,0.9941722426073818,24,0.9974014724989172,9,2306
ppo_Latn,23741,False,0.9990509332489719,3,0.9993670886075949,2,0.9993670886075949,2,1579
pps_Latn,11062,False,0.9935583612471014,24,0.9940645161290323,20,0.9940645161290323,20,1929
prf_Latn,17733,False,0.967680608365019,135,0.9697402906838218,125,0.9769563130100816,94,2037
prg_Latn,891,False,0.3128153380423815,679,0.8979591836734695,32,0.9536423841059604,1,157
pri_Latn,16474,False,0.998004876967413,8,0.9986690328305234,5,0.9997779258272262,0,2252
prq_Latn,4298,False,0.9446540880503145,84,0.972168284789644,39,0.977228366948601,31,755
pse_Latn,13493,False,0.9873896595208072,55,0.9878048780487805,53,0.9929652526113835,8,2354
pss_Latn,6762,False,0.9957947855340622,10,0.9970501474926253,6,0.9987325728770596,1,1184
ptp_Latn,24490,False,0.9976377952755906,5,0.9988175009854159,2,0.9988175009854159,2,1268
ptu_Latn,17647,False,0.9888374625646611,39,0.9907255864702674,32,0.9945235487404163,18,1818
pua_Latn,6760,False,0.628632364702746,1387,0.632345013477089,1352,0.6507342355312411,1158,1185
pui_Latn,6760,False,0.9834299917149958,38,0.9924749163879598,16,0.997896508203618,2,1189
pwg_Latn,24474,False,0.986017607457276,43,0.9865284974093264,41,0.9865284974093264,41,1915
pwn_Latn,561,False,0.3636363636363636,297,0.6666666666666667,77,0.88,13,99
pww_Thai,37451,False,0.9976111582029744,24,0.9976111582029744,24,0.9976111582029744,24,6480
pxm_Latn,30440,False,0.994818652849741,27,0.9949401456250772,25,0.9949401456250772,25,4047
qub_Latn,86392,False,0.9595691939482006,190,0.9600953962778416,227,0.9600953962778416,227,11982
quc_Latn,100000,False,0.9651648045919787,1347,0.9642815352211561,1416,0.9639839798871576,1450,33989
quf_Latn,17558,False,0.9819662594531705,86,0.9834662517020035,74,0.9948798739661284,13,2539
qug_Latn,100000,False,0.9052856204858831,2142,0.9039001496116247,2207,0.9053519748909631,2321,24534
quh_Latn,50801,False,0.8532627147416311,945,0.8535542127775138,944,0.8535542127775138,944,7499
qul_Latn,28854,False,0.7234343672602902,1738,0.7251683004606118,1723,0.7251683004606118,1723,3674
qup_Latn,23884,False,0.9857142857142858,28,0.9868891537544696,25,0.9868891537544696,25,1250
qus_Latn,5732,False,0.4900466945195379,2071,0.625078369905956,1192,0.9159943046986235,141,1001
quw_Latn,28537,False,0.9279074571369551,241,0.9270865653118213,238,0.9270865653118213,238,4949
quy_Latn,100000,False,0.9399273823586963,2325,0.9398644342737964,2385,0.9402708646834124,2429,70811
quz_Latn,100000,False,0.9072942447014355,4291,0.9069499874159567,4385,0.9073527167619679,4444,56417
qva_Latn,10970,False,0.9614089614089615,95,0.9622690606297164,84,0.962770111950013,82,1910
qvc_Latn,17482,False,0.9868309260832625,57,0.9876648234793706,52,0.9954983922829581,15,2328
qve_Latn,17832,False,0.48786610878661085,3619,0.49159960468727937,3540,0.49622345731794215,3474,1802
qvh_Latn,22988,False,0.945292147376256,123,0.9469357249626308,115,0.9469357249626308,115,1294
qvi_Latn,100000,False,0.9365023266772692,1719,0.9357093456156099,1772,0.9362724980946239,1897,34391
qvm_Latn,16650,False,0.965495001612383,68,0.9654057549304883,64,0.9660304108702684,62,1536
qvn_Latn,17810,False,0.9793376733654118,44,0.9778534923339012,41,0.978131212723658,40,1759
qvo_Latn,13361,False,0.9633529907329402,119,0.9655609549968307,106,0.9690055962117952,53,2342
qvs_Latn,17666,False,0.9860302677532014,37,0.9868919312554617,34,0.9886064855390009,26,1705
qvw_Latn,23613,False,0.9919871794871794,15,0.9923847695390782,14,0.9923847695390782,14,1243
qvz_Latn,17523,False,0.9747460087082729,81,0.975879104911363,77,0.982991202346041,49,1685
qwh_Latn,17649,False,0.9846865067899452,52,0.9881124963757612,40,0.9961999415375621,12,1705
qxh_Latn,17446,False,0.9768941429339065,96,0.9765022421524665,93,0.9768526825767092,91,2760
qxl_Latn,10958,False,0.9945184025058731,20,0.9958180867746994,15,0.9981632117554446,3,1906
qxn_Latn,17805,False,0.9726491273769211,52,0.9726348709929632,51,0.9726348709929632,51,1920
qxo_Latn,23074,False,0.9469517022961204,81,0.9464498214994049,79,0.9464498214994049,79,1249
qxr_Latn,12493,False,0.8447281713344316,642,0.8501554404145077,611,0.8784602076124568,430,2163
rad_Latn,30721,False,0.9983155530600786,11,0.9979420018709074,15,0.9979420018709074,15,5341
rai_Latn,24409,False,0.9937013708781031,16,0.9933283914010378,16,0.9933283914010378,16,1342
ram_Latn,8103,False,0.9992962702322309,2,0.9992962702322309,2,1.0,0,1420
rap_Latn,10989,False,0.9760814249363867,94,0.982078853046595,70,0.9935216377299819,24,1918
rar_Latn,100000,False,0.9938762446394014,315,0.9944947887204174,338,0.9947747294980193,369,135642
rav_Deva,6754,False,0.9899665551839464,20,0.989958158995816,19,0.9945309213294068,7,1188
raw_Latn,6734,False,0.996618765849535,7,0.9974619289340101,5,0.9983065198983913,3,1180
rcf_Latn,10707,False,0.8760449008836876,513,0.9239294710327456,296,0.9869706840390879,26,1840
rej_Latn,9098,False,0.962442748091603,104,0.9635528330781011,97,0.983575489576753,14,1595
rel_Latn,6750,False,0.9490703314470494,125,0.9662551440329218,81,0.9965928449744463,3,1175
rgu_Latn,12785,False,0.9678550555230859,48,0.9689513766842414,45,0.9821640903686089,21,835
rhg_Latn,3252,False,0.7101631116687578,459,0.8778210116731519,152,0.9696428571428571,8,569
ria_Latn,11043,False,0.9969135802469136,10,0.9974266598044261,8,0.9989685404847859,1,1940
rim_Latn,17820,False,0.9718349928876245,89,0.9743297204791785,80,0.9852898759734642,41,1718
rjs_Deva,6760,False,0.9761120263591434,57,0.9748245976062733,56,0.9843153878762189,12,1186
rkb_Latn,17397,False,0.9887507400828893,37,0.9896234805810852,33,0.9949177877428999,10,1671
rmc_Latn,39151,False,0.9658104824713641,362,0.9663858247198819,353,0.9663858247198819,353,5597
rme_Latn,366,False,0.07206208425720621,1674,0.6847826086956521,56,0.9606299212598426,1,65
rml_Latn,1790,False,0.6050583657587548,404,0.8638888888888889,96,0.9679487179487178,9,313
rmn_Cyrl,64930,False,0.9230004144218815,1726,0.9305143525675845,1530,0.9305143525675845,1530,11268
rmn_Grek,79160,False,0.816688115404184,6032,0.8167165967645296,6012,0.8167165967645296,6012,13737
rmn_Latn,100000,False,0.9630469822697153,1515,0.959665431193388,1704,0.9541899001044274,1999,24540
rmo_Latn,16689,False,0.9849829351535836,57,0.9873417721518988,43,0.9905546968916366,22,2917
rmq_Latn,3913,False,0.8091787439613526,316,0.9121851599727706,129,0.9895988112927193,10,670
rmy_Cyrl,30085,False,0.9211905819635717,850,0.9211743772241993,842,0.9211743772241993,842,5221
rmy_Latn,70602,False,0.8992455693942234,889,0.8943312666076174,1043,0.8943312666076174,1043,11440
rnd_Latn,24508,False,0.9865616311399443,92,0.9873740298853237,89,0.9873740298853237,89,4282
rng_Latn,65043,False,0.8834784003850629,2601,0.8769959781786326,2784,0.8769959781786326,2784,11317
rnl_Latn,21989,False,0.9887436925863631,56,0.9902837155071901,45,0.9902837155071901,45,3852
roh_Latn,30545,False,0.9462153183083415,504,0.9441460794844253,534,0.9441460794844253,534,5364
ron_Cyrl,30637,False,0.9583293418909857,410,0.9606299212598426,385,0.9606299212598426,385,5027
ron_Latn,100000,False,0.9923745452270787,1738,0.9924944171685168,2004,0.9921595144372801,2462,247940
roo_Latn,24068,False,0.9957723577235772,13,0.9967447916666666,10,0.9967447916666666,10,1531
rop_Latn,54485,False,0.9855574122702315,27,0.9856750626716008,25,0.9856750626716008,25,8472
row_Latn,14225,False,0.9801023308698124,23,0.9806378132118451,21,0.9873708381171069,8,874
rro_Latn,24580,False,0.9891345073061072,25,0.9913631242959069,19,0.9913631242959069,19,1324
rtm_Latn,8987,False,0.987724268177526,39,0.9924098671726755,24,0.997765719757421,1,1569
rub_Latn,11018,False,0.9846938775510203,56,0.9867143587123147,49,0.9976714100905563,3,1934
rue_Cyrl,8501,False,0.17747940189197436,13437,0.20644977575282983,11103,0.5894648829431437,1880,1494
ruf_Latn,17822,False,0.96045197740113,125,0.9637393767705383,114,0.9689547137567646,95,1715
rug_Latn,30060,False,0.991598627381375,56,0.9919450367211562,50,0.9919450367211562,50,4205
run_Latn,100000,False,0.8318662588433071,46811,0.8306178539761739,47901,0.829850871138441,48418,203339
rup_Latn,5032,False,0.7571981091534163,561,0.8561710398445092,292,0.970107163000564,28,885
rus_Cyrl,100000,False,0.9816763421906843,2401,0.9828349242619688,2457,0.9852362751106296,2656,1377480
rwo_Latn,51384,False,0.9972730814179976,14,0.9974673680109098,13,0.9974673680109098,13,2560
sab_Latn,16901,False,0.9968573224387177,8,0.9981120201384518,4,0.9971617786187323,2,1588
sag_Latn,100000,False,0.9957593874450061,84,0.9961035954089902,158,0.9961643509486618,197,151596
sah_Cyrl,100000,False,0.9829209723983487,263,0.982472225218423,282,0.980741298617462,362,18585
saj_Latn,6675,False,0.987727465086754,28,0.9915038232795242,19,0.9974358974358973,5,1168
san_Deva,100000,False,0.9388936447759977,2181,0.938343045763886,2203,0.9299901394562613,2737,23849
san_Latn,36337,False,0.9883692949386379,105,0.9885333974821585,106,0.9885333974821585,106,6201
sas_Latn,13444,False,0.9928118393234673,33,0.9944915254237288,24,0.9974446337308348,5,2349
sat_Latn,10932,False,0.9945468709426124,20,0.9955786736020806,15,0.9981747066492829,5,1916
sat_Olck,16858,False,0.9931242663089049,41,0.9931242663089049,41,0.9976415094339623,14,2961
say_Latn,693,False,0.508641975308642,199,0.9809523809523809,4,0.9903846153846153,2,103
sba_Latn,37535,False,0.9988780253245712,2,0.99855792340971,6,0.99855792340971,6,6244
sbd_Latn,13463,False,0.9970364098221847,11,0.997669985172633,8,0.9983043662568885,5,2358
sbe_Latn,14275,False,0.9872309376140096,32,0.9904761904761905,22,0.9944710652414301,8,1356
sbl_Latn,17703,False,0.9850434782608696,86,0.9852148199686902,85,0.9966566954073552,19,2832
sbs_Latn,271,False,0.002335357309668379,12784,0.02370689655172414,870,0.02370689655172414,870,47
sby_Latn,172,False,0.07035175879396985,162,0.2857142857142857,0,0.2857142857142857,0,30
sck_Deva,6800,False,0.929610696028313,168,0.931908155186065,156,0.9691666666666666,44,1193
scn_Latn,62189,False,0.906137968495383,1186,0.8959639813474835,1416,0.8959639813474835,1416,8883
sco_Latn,87458,False,0.4321885541054069,39731,0.39669205885422104,46111,0.8171326994159307,5614,15347
sda_Latn,18554,False,0.9730870712401055,85,0.9748743718592965,77,0.9748743718592965,77,1861
sdc_Latn,692,False,0.3529411764705882,424,0.7483870967741936,72,0.9230769230769231,11,122
sdh_Arab,100000,False,0.8413284132841329,3147,0.84130617583855,3144,0.8405993278566095,3180,21659
sdo_Latn,643,False,0.5192802056555269,185,0.9711538461538461,4,0.9648241206030151,0,103
sdq_Latn,12828,False,0.9813963668198731,80,0.9831103312129852,71,0.9946595460614153,12,2247
seh_Latn,100000,False,0.9582635915049018,2190,0.9577855571331028,2348,0.958595325661407,2546,45733
sel_Cyrl,111,False,0.31007751937984496,89,0.9268292682926829,2,0.9268292682926829,2,20
ses_Latn,22094,False,0.9893078221722003,42,0.9900544192156128,39,0.9900544192156128,39,2652
sey_Latn,17722,False,0.9998388396454472,1,0.9998388396454472,1,1.0,0,3102
sfw_Latn,8107,False,0.6528594963520828,1469,0.7042969743198576,1155,0.9148286392941976,206,1393
sgb_Latn,17786,False,0.9784633294528521,69,0.9801864801864802,64,0.9923076923076923,17,1686
sgc_Latn,11896,False,0.926538716082065,104,0.9471544715447154,70,0.9817158931082982,17,707
sgh_Cyrl,614,False,0.76,51,0.9359605911330049,4,0.9222797927461139,0,104
sgs_Latn,8518,False,0.4729643765903308,3303,0.5098712446351931,2842,0.9281129653401797,172,1498
sgw_Ethi,13446,True,0.5185516316495307,2089,0.5213655889667648,2045,0.6377053745474798,1221,1225
sgz_Latn,28351,False,0.9936251593710157,15,0.994470438111442,13,0.994470438111442,13,1169
shi_Latn,8865,False,0.9297297297297298,41,0.9333786539768865,26,0.9238227146814403,11,1543
shk_Latn,6733,False,1.0,0,1.0,0,1.0,0,1179
shn_Mymr,32679,False,0.9995642701525054,4,0.9993030144624498,7,0.9993030144624498,7,5736
shp_Latn,71688,False,0.9865072587532023,113,0.9866643870747136,106,0.9866643870747136,106,5821
shr_Latn,12550,False,0.8765483071841453,523,0.8652712863239178,594,0.9014925373134328,378,2198
shu_Arab,4298,False,0.44575820277859884,1875,0.5026666666666667,1492,0.726741354115928,553,754
sid_Latn,100000,False,0.9956026901189861,138,0.9944468837978149,189,0.992703364702849,257,19277
sig_Latn,17703,False,0.9992414664981036,2,0.9989888776541961,3,0.9989883662114315,2,1977
sil_Latn,13450,False,0.9989291068751338,3,0.9989286479537176,2,0.9987141020145736,2,2334
sim_Latn,24094,False,0.992860142797144,31,0.9936921783010934,26,0.9936921783010934,26,2367
sin_Sinh,100000,False,0.9999520751461709,8,0.9999460848624265,9,0.9999460848624265,9,83460
sja_Latn,22053,False,0.9987696093509689,8,0.998923242578065,7,0.998923242578065,7,3247
sjo_Mong,688,True,1.0,0,1.0,0,1.0,0,122
sju_Latn,102,False,0.0749063670411985,238,0.6206896551724138,1,0.6206896551724138,1,19
skg_Latn,44788,False,0.9733724041279144,293,0.9721125684451801,307,0.9721125684451801,307,7765
skr_Arab,2026,False,0.6701680672268907,276,0.7342657342657342,186,0.8079470198675497,93,357
sld_Latn,13475,False,0.9987282746926663,3,0.9983050847457626,5,0.9987277353689568,2,2359
slk_Latn,100000,False,0.9751180358368221,3684,0.9753793615991289,4668,0.9756222385897385,5118,521300
sll_Latn,24338,False,0.9916855631141345,22,0.9931818181818182,17,0.9931818181818182,17,1312
slv_Latn,100000,False,0.9675668780554151,9400,0.9677621721346378,10424,0.968200877669916,11288,601676
sma_Latn,11624,False,0.9418038488291212,243,0.9485500467726846,209,0.9782661782661783,53,2039
sme_Latn,100000,False,0.9812357997426079,528,0.9789302053157303,719,0.9746406377502981,1138,31532
smj_Latn,7981,False,0.8641287527081398,433,0.8898115618013415,336,0.9416725228390723,104,1402
smk_Latn,17697,False,0.9487817006464445,204,0.94831013916501,206,0.9878269878269879,44,1910
sml_Latn,13435,False,0.988655462184874,53,0.9892789573260459,50,0.997874149659864,3,2354
smn_Latn,12132,False,0.9441353216113955,243,0.9504817387407573,213,0.9812734082397004,47,2129
smo_Latn,100000,False,0.995617096001861,172,0.9956718331628547,227,0.9960897566434026,262,243768
sms_Latn,5951,False,0.9529035208047554,100,0.9702048417132217,61,0.988112220637185,19,1045
smt_Latn,17824,False,0.9705372616984402,156,0.9720599842146803,145,0.9726741431053546,141,3111
sna_Latn,100000,False,0.9745496367305911,1076,0.9747847527422238,1238,0.9749300430638832,1382,320798
snc_Latn,24563,False,0.9929411764705882,11,0.9925519404155234,12,0.9925519404155234,12,1273
snd_Arab,100000,False,0.9776915615906887,916,0.9769674569548364,952,0.9742229813245837,1077,21745
snd_Deva,2147,False,0.5893877551020409,488,0.644524236983842,379,0.9204693611473272,38,376
snd_Latn,4155,False,0.5156077855306647,1292,0.6493506493506495,727,0.793002915451895,306,729
snf_Latn,11027,False,0.9955969955969955,13,0.9963711767755314,10,0.9981813458041049,2,1926
snn_Latn,17690,False,0.997667638483965,8,0.9982497082847142,6,0.9997078586035641,1,1711
snp_Latn,48512,False,0.9915934989725387,45,0.9923350158908207,41,0.9923350158908207,41,2654
snw_Latn,17742,False,0.9951817783618047,17,0.9949616648411829,17,0.997364953886693,6,2277
sny_Latn,24185,False,0.9951298701298701,17,0.9943197186908305,19,0.9943197186908305,19,1840
soe_Latn,945,False,0.7105263157894737,128,0.9495548961424332,11,0.9299363057324841,2,166
som_Latn,100000,False,0.991218763403237,195,0.9910624725280918,267,0.9902949743036109,400,44493
sop_Latn,100000,False,0.9695782037707225,1282,0.9676821025495927,1518,0.9648315169735688,1736,31319
soq_Latn,28667,False,0.9953379953379954,18,0.995570062951737,17,0.995570062951737,17,2137
sot_Latn,73326,False,0.9376640912159628,1452,0.9363758992805755,1483,0.9363758992805755,1483,12710
soy_Latn,17800,False,0.9996744791666666,2,0.9996744791666666,2,0.9996744791666666,2,3071
spa_Latn,100000,False,0.9716181231294019,5719,0.973214829986711,5965,0.9752990224186137,6272,541465
spl_Latn,21813,False,0.9959875167186804,8,0.9977668602054488,4,0.9977668602054488,4,1118
spm_Latn,2755,False,0.9958932238193018,4,0.9989701338825953,1,1.0,0,485
spp_Latn,17708,False,0.9962525223407321,12,0.9968272281511393,10,0.9976865240023135,4,1729
sps_Latn,24920,False,0.9943342776203966,16,0.9939823008849558,17,0.9939823008849558,17,1404
spy_Latn,19910,False,0.9986878553725033,7,0.9988334791484398,6,0.9988334791484398,6,3427
srd_Latn,48717,False,0.7175092830619823,3637,0.6763776575804639,4770,0.6763776575804639,4770,7588
sri_Latn,17537,False,0.9977628635346757,5,0.9980408620207109,3,0.9985998319798376,1,1787
srm_Latn,65066,False,0.9963816604708796,21,0.9958374628344896,29,0.9958374628344896,29,10103
srn_Latn,100000,False,0.9956864148917131,168,0.9958639363278793,200,0.99580514652173,244,168165
srp_Cyrl,100000,False,0.9878635309377236,3248,0.987770013885898,3276,0.9874593498448184,3520,201198
srp_Latn,79008,False,0.35818068830822947,41783,0.3653129291740239,40459,0.4083166421468707,31200,13699
srq_Latn,10959,False,0.9958246346555325,14,0.9966030833551084,10,0.9973821989528796,5,1910
srr_Latn,2867,False,0.8391489361702127,188,0.9676153091265948,32,0.9826707441386342,5,494
ssd_Latn,29416,False,0.997381575815282,5,0.997144217039505,6,0.997144217039505,6,2101
ssg_Latn,24525,False,0.988628762541806,28,0.988959518233523,27,0.988959518233523,27,1484
ssw_Latn,100000,False,0.9561811890531614,1931,0.9551096124067567,2031,0.9542788495512684,2156,64435
ssx_Latn,22160,False,0.9997303855486654,1,0.9994606256742179,1,0.9994606256742179,1,1854
stn_Latn,13415,False,0.9932318104906938,27,0.9947045117559838,20,0.9957410562180579,5,2353
stp_Latn,17750,False,0.9996792815907634,2,0.9996792815907634,2,1.0,0,3117
stq_Latn,8966,False,0.9691107644305772,91,0.981335020563113,49,0.9909677419354839,3,1561
sua_Latn,23474,False,0.9935846030473136,15,0.9935846030473136,15,0.9935846030473136,15,1240
suc_Latn,11025,False,0.9945722408891186,21,0.9966329966329966,13,0.9994805194805195,2,1924
sue_Latn,24412,False,0.9899959983993597,24,0.9911858974358976,21,0.9911858974358976,21,1238
suk_Latn,22242,False,0.9725022914757104,152,0.9742804654011022,139,0.9742804654011022,139,3211
sun_Latn,100000,False,0.9558214126846627,962,0.9488790485243317,1331,0.9349074809853558,2118,21338
sur_Latn,13529,False,0.9985272459499265,6,0.9985272459499265,6,0.9985253844533388,3,2374
sus_Arab,30707,False,0.9994317536083647,4,0.9995453512161855,3,0.9995453512161855,3,4398
sus_Latn,21057,False,0.985178727114211,19,0.9860444832097689,16,0.9860444832097689,16,2309
suz_Deva,57138,False,0.9928463039236939,53,0.9924640824071563,53,0.9924640824071563,53,9239
swb_Latn,1096,False,0.4855643044619422,389,0.9462915601023018,18,0.975609756097561,1,188
swc_Latn,100000,False,0.8775260578864033,8219,0.8783944923166919,8206,0.8779108474652344,8429,66572
swe_Latn,100000,False,0.9770539380807887,5982,0.9780417005324531,6679,0.9784004099857019,7539,609429
swg_Latn,8406,False,0.8352788586251622,323,0.852960745176314,251,0.8892819243013795,97,1473
swh_Latn,100000,False,0.9010415315235836,10346,0.8997603008637435,10953,0.8987998602577013,11634,95537
swk_Latn,6577,False,0.6272479564032697,1366,0.670160116448326,1131,0.8984216916228247,208,1153
swp_Latn,25881,False,0.9853853853853854,65,0.98676293622142,57,0.98676293622142,57,2469
sxb_Latn,17789,False,0.9781312127236581,106,0.9800796812749004,96,0.9951436665317686,19,2464
sxn_Latn,49827,False,0.9941298342541438,47,0.9937287843047006,53,0.9937287843047006,53,8692
syb_Latn,10836,False,0.9923462655054104,29,0.993391488236849,24,0.997344662772172,8,1880
syc_Syrc,7103,True,0.9713837710701686,73,0.9713837710701686,73,0.9713837710701686,73,1239
syl_Beng,4163,False,0.7550702028081123,468,0.7841648590021693,392,0.9651810584958218,14,729
syl_Latn,8549,False,0.9063444108761329,309,0.9557183816502071,138,0.9923815833057305,20,1501
syl_Sylo,3570,False,1.0,0,0.9989462592202318,1,0.9989462592202318,1,474
szb_Latn,6749,False,0.9937054133445237,14,0.9970526315789473,6,0.99915611814346,1,1185
szl_Latn,55404,False,0.7082646142569178,6167,0.6842081988236853,6946,0.6842081988236853,6946,7931
szy_Latn,2536,False,0.8963855421686746,83,0.9335006273525721,50,0.9906542056074765,3,375
tab_Cyrl,17650,False,0.9801462904911181,110,0.9796273724534216,112,0.9924148879872994,38,2818
tac_Latn,20618,False,0.9871011541072642,38,0.9877495462794917,31,0.9877495462794917,31,2200
tah_Latn,100000,False,0.996089265003293,101,0.9971414598931104,108,0.9973898696680741,130,172149
taj_Deva,17753,False,0.9904363419007771,30,0.9904363419007771,30,0.993993993993994,16,1659
tam_Latn,4081,False,0.7702005730659026,362,0.8292079207920792,235,0.9177608845888043,72,711
tam_Taml,100000,False,0.9999368796452636,1,0.9999546330504144,1,0.9999566056120779,1,253499
tap_Latn,6921,False,0.7957204948177867,594,0.8456614509246089,416,0.9691853102574925,14,1207
taq_Latn,27347,False,0.9080318135991935,142,0.9079781907199288,175,0.9079781907199288,175,4732
taq_Tfng,4245,False,0.9979906229068988,3,0.9979906229068988,3,0.9979906229068988,3,745
tar_Latn,46732,False,0.9772965985295307,90,0.9775661717236928,96,0.9775661717236928,96,6239
tat_Cyrl,100000,False,0.9714276365837498,1787,0.9708661674786646,1863,0.9697662083316332,2040,61085
tat_Latn,885,False,0.2775665399239544,750,0.6012526096033403,179,0.8925081433224756,14,156
tav_Latn,17136,False,0.9901873327386262,33,0.9913664781184877,29,0.9916567342073896,27,1665
taw_Latn,17319,False,0.9591203834226107,143,0.9736540664375716,89,0.97393297049556,88,1703
tay_Latn,743,False,0.67012987012987,126,0.8403908794788274,48,0.9652509652509652,4,130
tbc_Latn,24280,False,0.9928166351606805,19,0.9931869795609387,17,0.9931869795609387,17,1313
tbg_Latn,44840,False,0.9958283671036949,20,0.9957269204014707,18,0.9957269204014707,18,5035
tbk_Latn,10680,False,0.9904306220095693,33,0.9906939643711778,32,0.9978563772775991,4,1866
tbl_Latn,11846,False,0.9973538609574212,11,0.9987954709708504,5,0.999276585483482,2,2073
tbo_Latn,24484,False,0.9890577507598783,29,0.9908592321755026,22,0.9908592321755026,22,1634
tbw_Latn,4287,False,0.9797517962116264,31,0.9861932938856015,21,0.9973368841544608,3,750
tby_Latn,13422,False,0.9934419293420774,31,0.9947045117559838,25,0.9987228607918264,4,2348
tbz_Latn,52480,False,0.9996710526315791,1,0.9996710526315791,1,0.9996710526315791,1,9122
tca_Latn,17326,False,0.9994587768356485,2,0.9990982867448153,4,0.9996391194514616,1,2771
tcc_Latn,17823,False,0.9918660287081339,34,0.9930538922155688,29,0.9975915221579962,8,2073
tcf_Latn,100000,False,0.9978657301094151,35,0.9979200994030415,37,0.9971659154093229,65,18512
tcs_Latn,22712,False,0.9835430784123911,53,0.9837019790454016,47,0.9837019790454016,47,2572
tcy_Knda,8457,False,0.7034448327508735,1112,0.7192802056555269,1006,0.7952088810984517,577,1485
tcz_Latn,68634,False,0.9883210469643005,205,0.9873009307135471,232,0.9873009307135471,232,12009
tdx_Latn,55963,False,0.9876480195998366,175,0.9858896643064541,212,0.9858896643064541,212,9742
ted_Latn,17646,False,0.9955581877405981,10,0.9955581877405981,10,0.9958530805687204,9,1686
tee_Latn,17807,False,0.9985565356856456,9,0.9985560725172469,8,0.9993577392421323,3,3113
tel_Latn,4040,False,0.5656208572691118,916,0.6621409921671019,574,0.806201550387597,217,707
tel_Telu,100000,False,0.999355758155516,1,0.9994680721274676,1,0.9997366727134415,50,102511
tem_Latn,13526,False,0.997897392767031,7,0.9983172065628945,5,0.9983143699957859,1,2376
teo_Latn,41825,False,0.9892235016238559,104,0.9894488305172287,105,0.9894488305172287,105,6743
ter_Latn,17895,False,0.9926786165109821,28,0.9931766489764974,25,0.9969558599695585,10,1967
tet_Latn,100000,False,0.994226400150072,152,0.9948701573660791,170,0.9947279336274591,229,72229
tew_Latn,10834,False,0.9995324918186068,1,0.9990654205607477,2,1.0,0,1069
tfr_Latn,17084,False,0.9962686567164178,14,0.9969450101832993,10,0.998470168281489,1,2945
tgk_Cyrl,100000,False,0.9897032258064515,504,0.9896556171804463,521,0.9880048392494014,670,38645
tgo_Latn,24717,False,0.9908952959028832,22,0.9920243068742879,19,0.9920243068742879,19,1308
tgp_Latn,17765,False,0.993771234428086,17,0.9954622802041974,11,0.9977246871444823,2,1760
tha_Thai,100000,False,0.9912226796943813,2,0.991532712194123,6,0.9964341022088189,16,196988
thk_Latn,13482,False,0.9940450871969376,26,0.994256541161455,25,0.9976470588235294,4,2339
thl_Deva,6915,False,0.9278510473235067,174,0.9313036690085871,161,0.9706247414149773,36,1208
thv_Latn,372,False,0.11650485436893204,323,0.5227272727272727,0,0.5227272727272727,0,65
tif_Latn,23726,False,0.987761547572049,30,0.9885420782299486,28,0.9885420782299486,28,1252
tig_Ethi,3064,True,0.06254653760238273,765,0.0959409594095941,238,0.0959409594095941,238,536
tih_Latn,40349,False,0.9914544820369725,74,0.9909281228192602,75,0.9909281228192602,75,5709
tik_Latn,13464,False,1.0,0,0.9997873697639804,0,0.9997873697639804,0,2352
tim_Latn,30702,False,0.9982773471145565,3,0.9987074536837571,2,0.9987074536837571,2,1160
tir_Ethi,100000,False,0.9697657465373024,2837,0.9709645706223593,2873,0.9715557587316814,2985,134247
tiv_Latn,100000,False,0.9983360348858893,55,0.9983081224460534,89,0.9980506822612085,130,69774
tiy_Latn,17716,False,0.9959723820483314,14,0.9959700633275764,13,0.9988452655889146,3,1731
tke_Latn,14338,False,0.894907908992416,549,0.9013313879263177,501,0.925244177310293,350,2511
tkl_Latn,505,False,0.21981981981981985,404,0.6744186046511628,24,0.6805555555555556,5,90
tkr_Cyrl,777,False,0.9444444444444444,16,0.974910394265233,7,0.9963369963369962,1,136
tku_Latn,17821,False,0.9860518075718759,35,0.9846416382252561,39,0.9846416382252561,39,1746
tlb_Latn,13436,False,0.9864158829676072,64,0.9893104171033327,50,0.9961993243243243,16,2361
tlf_Latn,23775,False,0.9959116925592805,10,0.996319018404908,9,0.996319018404908,9,1218
tlh_Latn,42807,False,0.987760016052438,134,0.9866256519994651,144,0.9866256519994651,144,7433
tlj_Latn,17791,False,0.9919770773638968,27,0.992545871559633,25,0.9968327094730781,10,1732
tll_Latn,100000,False,0.9944871026144058,109,0.9949801357631881,136,0.9948965356893746,205,86254
tly_Latn,3892,False,0.1776602775941837,6217,0.2002387347060579,5355,0.8923283983849261,147,676
tmc_Latn,6765,False,0.9953878406708595,11,0.9974789915966387,6,0.9991582491582491,2,1187
tmd_Latn,17323,False,0.9991220368744513,1,0.9994148624926857,1,0.9997073456248171,0,1709
tna_Latn,23936,False,0.9862459546925566,34,0.9910569105691057,22,0.9910569105691057,22,1219
tnc_Latn,5146,False,0.9950303699613473,9,0.9977851605758583,4,0.998891352549889,2,901
tnk_Latn,17717,False,0.9991194599354271,1,0.998825601879037,1,0.9991189427312775,0,1704
tnn_Latn,17665,False,0.9968162083936324,5,0.9968162083936324,5,0.9971048060220035,4,1728
tnp_Latn,10970,False,0.9984383133784487,6,0.998177557927623,6,0.9986975774941391,4,1918
tnr_Latn,6516,False,0.9969418960244648,7,0.9973776223776224,6,0.9991235758106923,1,1141
tob_Latn,42001,False,0.9942355201756794,28,0.994442538593482,28,0.994442538593482,28,7300
toc_Latn,17742,False,0.9993571198971392,2,0.9993571198971392,2,0.9995176073323685,0,3111
tod_Latn,19051,False,0.9946491362177038,25,0.9952577635000764,21,0.9952577635000764,21,3263
tog_Latn,100000,False,0.9616663492947017,1505,0.9598771301104366,1616,0.9585772897837609,1725,33938
toh_Latn,89915,False,0.9855238095238096,375,0.9784753080583657,604,0.9784753080583657,604,15603
toi_Latn,100000,False,0.9857959870348951,626,0.9858568139458392,702,0.9872370285651796,834,110298
toj_Latn,100000,False,0.9941824811469298,179,0.9930965979637446,247,0.9923578257848944,294,30164
tok_Latn,48852,False,0.9981100874084573,3,0.9978730946472881,2,0.9978730946472881,2,8479
ton_Latn,100000,False,0.9981856201082243,115,0.9983083486716813,131,0.9982183030799424,189,188169
too_Latn,17821,False,0.9866898148148149,20,0.9863807592002319,18,0.9863807592002319,18,1731
top_Latn,100000,False,0.9857494768627659,46,0.9868920545481,52,0.9928539526574364,90,38245
tos_Latn,17720,False,0.8804995742265115,840,0.8837606837606837,814,0.9474166921430756,339,3104
tpa_Latn,1672,False,0.705521472392638,96,0.8127208480565371,53,0.8333333333333333,46,115
tpi_Latn,100000,False,0.9951725483999889,125,0.9951484824601841,137,0.9952181387353064,168,270156
tpm_Latn,56620,False,0.9937402190923318,41,0.9936365533069059,43,0.9936365533069059,43,9604
tpn_Latn,493,False,0.40102827763496146,224,0.7230046948356809,49,0.7281553398058251,44,87
tpp_Latn,17827,False,0.9966198185376267,18,0.997329535339149,14,0.9998215241834733,0,2802
tpt_Latn,17825,False,0.9969240731746803,17,0.9977316915100454,12,0.9990266060999352,4,3081
tpw_Latn,360,False,0.19489559164733175,325,0.7115384615384616,3,0.673469387755102,1,64
tpz_Latn,24321,False,0.9998291474457544,1,1.0,0,1.0,0,2926
tqo_Latn,6765,False,0.9780356402818069,49,0.9866220735785952,28,0.9953527672158851,5,1184
trc_Latn,10997,False,0.999739921976593,1,1.0,0,1.0,0,1922
trn_Latn,6686,False,0.9906700593723494,22,0.9944657300979141,13,0.9974380871050385,6,1168
tro_Latn,11062,False,0.985433171479683,51,0.990246406570842,33,0.9948213360952874,7,1934
trp_Latn,30617,False,0.9929781855631494,36,0.992792286810821,38,0.992792286810821,38,5342
trq_Latn,6754,False,0.9991575400168492,2,0.9995785924989464,1,1.0,0,1186
trs_Latn,6763,False,0.9987357774968395,3,0.9987357774968395,3,0.9991568296795953,2,1185
trv_Latn,5293,False,0.7245461720599843,696,0.7320574162679425,670,0.9765957446808512,42,920
tsc_Latn,100000,False,0.9736998310579426,1437,0.9679308231769592,1957,0.9642009627771375,2314,43517
tsg_Latn,10993,False,0.9943181818181819,22,0.9948320413436693,20,0.9987016359387172,3,1925
tsn_Latn,100000,False,0.9698496565076921,4044,0.969639276999829,4154,0.9696736716213907,4232,128439
tso_Latn,100000,False,0.9768819467177977,929,0.97675940060438,1045,0.9768297854955624,1148,130335
tsw_Latn,17700,False,0.9972299168975068,4,0.9975062344139651,3,0.9977827050997783,2,1806
tsz_Latn,100000,False,0.9630604856065017,70,0.9623695317041118,121,0.9651156954273954,210,20408
ttc_Latn,17827,False,0.9908307863295359,31,0.9924853882549401,25,0.9977591036414566,4,1785
tte_Latn,30509,False,0.9837467921300256,36,0.9841541755888652,34,0.9841541755888652,34,1152
ttj_Latn,89198,False,0.908778516656591,1618,0.9074332024819552,1726,0.9074332024819552,1726,15530
ttq_Latn,6630,False,0.7842605156037992,630,0.791095890410959,603,0.8050226717823509,551,1162
ttq_Tfng,4277,True,1.0,0,1.0,0,1.0,0,751
tuc_Latn,42199,False,0.99726819861803,26,0.9972686375321338,27,0.9972686375321338,27,6214
tue_Latn,17632,False,0.9990118577075099,5,0.9990118577075099,5,0.9993410214168039,3,3034
tuf_Latn,17688,False,0.9930475086906141,24,0.993335265140539,23,0.9976689976689975,6,1714
tui_Latn,30782,False,0.995067473243369,29,0.9952527227031556,27,0.9952527227031556,27,5370
tuk_Arab,4783,False,0.9289311695579183,127,0.9421112372304199,102,0.9880810488676997,19,830
tuk_Cyrl,100000,False,0.9876258106729788,459,0.9870019834010514,459,0.9856744543793865,531,25844
tuk_Latn,100000,False,0.9948221165404937,475,0.9946951623397559,519,0.9941547868664269,635,85233
tul_Latn,4299,False,0.9855832241153342,22,0.9927392739273927,11,0.99867197875166,2,752
tum_Latn,100000,False,0.9829551134659602,901,0.9825705068165262,1025,0.9825504472644061,1091,121181
tuo_Latn,28238,False,0.9990917347865577,9,0.998587570621469,13,0.998587570621469,13,4950
tur_Latn,100000,False,0.9883131073406589,1226,0.9886533123483221,1466,0.9914398070697634,1897,415892
tuv_Latn,532,False,0.19528619528619529,475,0.868217054263566,12,0.9152542372881356,3,61
tvk_Latn,22714,False,0.9936208991494532,41,0.9937718365486861,40,0.9937718365486861,40,3272
tvl_Latn,100000,False,0.9913708168298826,694,0.9915977497041694,696,0.9918967428601594,812,75574
twb_Latn,6753,False,0.9600333055786844,71,0.9668206635867282,52,0.970873786407767,41,1178
twi_Latn,100000,False,0.9896905090826615,139,0.9899257442324241,166,0.9911165379879474,288,293855
twu_Latn,13437,False,0.9832355406538139,69,0.9850871665616467,59,0.9894470240607851,37,2357
twx_Latn,26573,False,0.6611847114359677,4195,0.6581702321347292,4247,0.6581702321347292,4247,4597
txq_Latn,18350,False,0.9828021096078882,47,0.9839375860486462,43,0.9839375860486462,43,2171
txu_Latn,17214,False,0.9989630141721396,6,0.9994812381117066,3,0.9998270195467912,1,2890
tyv_Cyrl,100000,False,0.9819418648884514,381,0.9811785242709755,395,0.9797578086599045,465,22367
tzh_Latn,100000,False,0.991752694593749,417,0.9909679618268574,490,0.9904215918604815,537,35036
tzj_Latn,56692,False,0.9552585705984893,44,0.9546862896979086,46,0.9546862896979086,46,2653
tzl_Latn,190,False,0.17301038062283738,230,0.7272727272727274,1,0.7272727272727274,1,34
tzm_Tfng,1590,False,0.7636363636363637,94,0.7669421487603305,93,0.7669421487603305,93,280
tzo_Latn,100000,False,0.9968212635184274,70,0.9969803753715897,78,0.9969105223972471,98,85455
ubr_Latn,27048,False,0.9851632047477745,45,0.985455624814485,44,0.985455624814485,44,1665
ubu_Latn,58489,False,0.9980879541108987,16,0.9978871113794144,18,0.9978871113794144,18,4962
udm_Cyrl,100000,False,0.9738762703771912,824,0.9705222612439108,976,0.9649738879884747,1248,21742
udu_Latn,17827,False,0.9965655409273039,12,0.9977077363896849,8,0.9997128911857593,1,1741
uig_Arab,100000,False,0.9990565830755391,20,0.9990785432207108,20,0.9989470913398263,27,22791
uig_Cyrl,39412,False,0.9880322042503807,145,0.9881004208387753,142,0.9881004208387753,142,6831
uig_Latn,59496,False,0.9888867413993042,197,0.9883636714789243,210,0.9883636714789243,210,10266
ukr_Cyrl,100000,False,0.9851771535738083,6265,0.9857686617660419,6328,0.9869749874369823,7307,367648
umb_Latn,100000,False,0.9914558517480471,324,0.9921269715223104,346,0.9920990104180265,390,96114
upv_Latn,17741,False,0.9877597495018502,40,0.9885844748858448,34,0.9942594718714123,14,1738
ura_Latn,17359,False,0.9967095423272511,11,0.9976047904191617,8,0.9985007496251874,4,1666
urb_Latn,17434,False,0.9923394225103123,14,0.9935103244837759,10,0.9943836831214898,5,1696
urd_Arab,100000,False,0.9810647394500992,1920,0.9811079462884381,1933,0.9817184806780328,2019,111999
urd_Latn,38376,False,0.9531841109709962,44,0.9545597484276729,52,0.9545597484276729,52,6597
urh_Latn,100000,False,0.9861745886654478,540,0.9847652015139698,610,0.9843533147018004,632,26079
uri_Latn,4227,False,0.986046511627907,21,0.9959731543624161,6,0.9986541049798116,2,742
urk_Thai,13466,False,0.997678835197299,11,0.9978894048121569,10,0.9995771670190275,2,2364
urt_Latn,17543,False,0.9979692486219902,2,0.9979692486219902,2,0.9976771196283392,1,1725
urw_Latn,1006,False,0.8502415458937198,62,0.967032967032967,12,0.9832402234636871,6,176
ury_Latn,6598,False,0.978906586310805,45,0.9869791666666667,26,0.9973684210526317,2,1141
usa_Latn,24754,False,0.9951869677897075,13,0.9959213941416389,10,0.9959213941416389,10,1344
usp_Latn,17825,False,0.9964994165694281,9,0.9964994165694281,9,0.9979514193737197,1,1711
uth_Latn,4272,False,0.9953550099535501,7,0.9986684420772304,2,1.0,0,750
uvh_Latn,17225,False,0.996856244641326,11,0.9971412235563178,10,0.9982817869415808,5,1744
uvl_Latn,24441,False,0.9905410518350359,24,0.9912911775842485,22,0.9912911775842485,22,1310
uzn_Cyrl,37596,False,0.9899706835364913,105,0.9898085237801112,101,0.9898085237801112,101,6441
uzn_Latn,100000,False,0.9891448812789074,421,0.9903766397647623,558,0.9910291190477125,727,256271
uzs_Arab,100000,False,0.9897696327371753,432,0.9896599941124522,437,0.9892781609195402,459,27020
vag_Latn,17828,False,0.9946506727184308,27,0.9957805907172996,20,0.997074122236671,11,3074
vap_Latn,30667,False,0.9752310536044361,203,0.9760429192489132,194,0.9760429192489132,194,5341
var_Latn,11058,False,0.9951269556296486,18,0.995895330938943,16,0.9979423868312757,7,1941
vec_Latn,100000,False,0.9001113811259619,2649,0.8842860678049989,3467,0.8697427918510234,4170,19076
ven_Latn,100000,False,0.9972457376522871,82,0.9973985607621879,98,0.9973441649742228,127,118606
vep_Latn,9947,False,0.40335742597342034,5102,0.46121034390829113,4026,0.8361665434836165,616,1746
vid_Latn,17829,False,0.936778449697636,215,0.9428729894620078,187,0.947867298578199,168,1719
vie_Latn,100000,False,0.9978961816084352,193,0.9981970631679555,315,0.9980518251730247,463,322518
viv_Latn,23382,False,0.9931524220136952,19,0.9939117199391173,17,0.9939117199391173,17,1966
vls_Latn,25500,False,0.6168609610463464,5252,0.6029319808240117,5577,0.6029319808240117,5577,4477
vmk_Latn,1646,False,0.47546346782987997,413,0.6915584415584416,117,0.7177570093457943,57,286
vmw_Latn,100000,False,0.9743824745724824,664,0.974848802695887,719,0.9744138123085491,819,45217
vmy_Latn,17829,False,0.9966362325804902,20,0.9969556160871655,18,0.9988762241130198,6,3112
vol_Latn,88791,False,0.6222463737825523,17378,0.6662801846195009,14326,0.6662801846195009,14326,15582
vot_Latn,119,False,0.10769230769230768,102,0.4444444444444445,0,0.4444444444444445,0,21
vro_Latn,51151,False,0.7209887640449438,6106,0.7088685825277006,6501,0.7088685825277006,6501,8123
vun_Latn,17824,False,0.9861030689056167,29,0.9889791183294664,21,0.9889791183294664,21,1722
vut_Latn,17776,False,0.9987107864202837,6,0.999140154772141,4,0.9995698924731183,2,2324
waj_Latn,24407,False,0.9967266775777414,4,0.9967266775777414,4,0.9967266775777414,4,1222
wal_Ethi,6595,True,0.7431352102884949,656,0.7434371718585928,643,0.8167252833137945,362,1152
wal_Latn,100000,False,0.992353052315464,131,0.992497789083538,161,0.992271748727666,254,50535
wap_Latn,30027,False,0.9968406419815494,13,0.9969658659924147,11,0.9969658659924147,11,3956
war_Latn,100000,False,0.9420046355806116,8792,0.9392161511802125,9399,0.9349847370264726,10672,95739
wat_Latn,6617,False,0.9787955894826124,49,0.9863130881094953,30,0.9943747295543055,7,1155
way_Latn,13526,False,0.9978876214617658,9,0.9985203973789896,6,0.9989417989417989,2,2363
wba_Latn,7083,False,0.9594067135050741,101,0.9765407554671969,55,0.993109039319011,10,1232
wbm_Latn,64634,False,0.9983402964573914,8,0.9982831635572851,9,0.9982831635572851,9,8743
wbp_Latn,20841,False,0.9978156400174749,8,0.9982525120139798,7,0.9982525120139798,7,2286
wed_Latn,6267,False,0.9529520295202952,42,0.9632014719411223,34,0.9725453699395068,11,1093
wer_Latn,24394,False,0.9979830576845502,5,0.9979830576845502,5,0.9979830576845502,5,1237
wes_Latn,65898,False,0.7671691792294807,6573,0.7700347234159589,6429,0.7700347234159589,6429,11459
wew_Latn,727,False,0.5050505050505051,244,0.9277566539923954,15,0.951219512195122,3,126
whg_Latn,782,False,0.5335968379446641,233,0.9712230215827338,5,0.9701492537313433,0,138
whk_Latn,11051,False,0.9946029298380878,17,0.9958826556870819,12,0.9974173553719009,2,1939
wib_Latn,9431,False,0.9987878787878788,4,0.9990906335253107,3,0.9993935718617344,2,1648
wim_Latn,17245,False,0.9982876712328768,5,0.9982866933181039,4,0.9985710202915119,2,1750
wiu_Latn,29858,False,0.993919740575598,14,0.9947261663286003,12,0.9947261663286003,12,1227
wln_Latn,25529,False,0.9429448502170001,509,0.9432443879711987,506,0.9432443879711987,506,4484
wls_Latn,100000,False,0.9924118225678017,79,0.993093012281256,102,0.9938009203159155,134,128987
wlv_Latn,1486,False,0.19093610698365526,2173,0.7259887005649718,189,0.9622641509433962,13,262
wlx_Latn,19671,False,0.9779369627507164,152,0.9811646297627606,128,0.9811646297627606,128,3415
wmt_Latn,1953,False,0.9842632331902719,11,0.9913544668587896,6,1.0,0,344
wmw_Latn,17797,False,0.8032470042520294,1014,0.8161100196463654,931,0.8682559598494353,624,2082
wnc_Latn,28251,False,0.9912826899128269,31,0.9910269192422732,30,0.9910269192422732,30,1994
wnu_Latn,23875,False,0.9919354838709677,18,0.994341147938561,12,0.994341147938561,12,1232
wob_Latn,17751,False,0.9997103967564437,0,0.9997103967564437,0,0.9997103967564437,0,1727
wol_Latn,69728,False,0.972009087401946,253,0.9674181199489579,400,0.9674181199489579,400,11738
wos_Latn,19970,False,0.9941305942773294,14,0.9948529411764705,10,0.9948529411764705,10,1357
wrk_Latn,10995,False,0.9971264367816092,6,0.9971264367816092,6,0.9985597695631302,2,1041
wrs_Latn,25819,False,0.9908419497784342,25,0.9908365356192729,24,0.9908365356192729,24,1683
wsg_Telu,4001,False,0.9549795361527967,65,0.9648518263266713,50,0.997855611150822,0,701
wsk_Latn,29455,False,0.9887539361223571,68,0.9896411950157633,61,0.9896411950157633,61,3304
wuu_Hani,74364,False,0.42906913445835604,30237,0.42854814466035246,30337,0.42854814466035246,30337,13050
wuv_Latn,24539,False,0.9940696812453669,13,0.994060876020787,11,0.994060876020787,11,1344
wwa_Latn,13509,False,0.996173469387755,15,0.9968091895341417,12,0.9982949701619779,4,2346
xal_Cyrl,11611,False,0.983941605839416,54,0.9824646858256211,55,0.987083954297069,5,2034
xav_Latn,30476,False,0.9088117899907892,19,0.9083469721767594,24,0.9083469721767594,24,5312
xbi_Latn,8764,False,0.9903713892709766,13,0.993103448275862,9,0.997920997920998,2,721
xbr_Latn,6415,False,0.9826743669480232,25,0.9883720930232558,11,0.9873873873873874,4,1120
xed_Latn,17807,False,0.9974169741697418,10,0.9972319616165344,10,0.9985207100591716,1,2707
xho_Latn,100000,False,0.9046372336723904,8526,0.9037763596378796,8905,0.9035702976034066,9134,153597
xla_Latn,27219,False,0.997276688453159,9,0.9970051728832018,10,0.9970051728832018,10,1832
xmf_Geor,100000,False,0.9720978486403845,613,0.9718186783178591,614,0.9718186783178591,614,18212
xmm_Latn,6762,False,0.9487283003633428,125,0.9552117263843649,106,0.9902335456475584,12,1177
xmv_Latn,56898,False,0.9848073246805514,214,0.983868536107342,234,0.983868536107342,234,9876
xnn_Latn,10778,False,0.9786561264822135,75,0.9838324940365757,54,0.994098712446352,12,1863
xog_Latn,26865,False,0.8959059667297541,942,0.8952248031103579,941,0.8952248031103579,941,4600
xon_Latn,24417,False,0.9311122679160159,393,0.9380902413431269,349,0.9380902413431269,349,2687
xrb_Latn,17749,False,0.9980601357904947,8,0.99830220713073,7,0.9995138551288284,0,2058
xsb_Latn,17822,False,0.96578799775659,112,0.9698506621583546,96,0.9817247287264421,51,1732
xsi_Latn,28581,False,0.9972643620989804,11,0.9965208747514911,14,0.9965208747514911,14,2005
xsm_Latn,24468,False,0.9970654237873295,7,0.9967201795270153,8,0.9967201795270153,8,2898
xsr_Deva,17795,False,0.9911301859799714,28,0.9914138523182598,27,0.9942495687176539,14,1735
xsu_Latn,19885,False,0.9989006962257236,6,0.9990837456477918,5,0.9990837456477918,5,2726
xtd_Latn,17918,False,0.9979042398839272,7,0.9977433913604126,8,0.9982260925657153,5,3101
xtm_Latn,22034,False,0.9892950919006261,50,0.9886960032297133,53,0.9886960032297133,53,2452
xtn_Latn,23830,False,0.9916475003026268,22,0.9915213178294573,20,0.9915213178294573,20,4143
xum_Latn,113,False,0.34210526315789475,47,0.9333333333333333,0,0.9333333333333333,0,16
xuo_Latn,17719,False,0.9990232467278766,4,0.9986314760508308,3,0.9990221005280658,1,2558
yaa_Latn,17141,False,0.9966514459665144,7,0.9969549330085262,6,0.9975624619134674,4,1641
yad_Latn,16726,False,0.9962756052141527,12,0.9968944099378882,10,1.0,0,1605
yal_Latn,17818,False,0.9910005293806247,30,0.990990990990991,28,0.9923056513664101,23,1876
yam_Latn,17769,False,0.9996778350515463,2,0.9998388915740294,1,0.9998388915740294,1,3103
yan_Latn,30490,False,0.9869524697110905,116,0.9864034270813933,123,0.9864034270813933,123,5319
yao_Latn,100000,False,0.9913538360512203,168,0.9912785245389185,181,0.9904152357165158,249,32088
yap_Latn,100000,False,0.9986256475314516,45,0.9984464336669451,69,0.997992943612279,113,47315
yaq_Latn,17776,False,0.995688416211555,15,0.996261144664941,13,0.9979832901181217,7,1732
yas_Latn,6565,False,0.9857942315970728,33,0.9917713295799047,19,0.99912739965096,2,1145
yat_Latn,6733,False,0.9953370072064435,11,0.9970276008492569,7,0.997875053123672,5,1174
yaz_Latn,6764,False,0.9945309213294068,12,0.9962073324905184,8,0.9995771670190275,0,1183
ybb_Latn,12240,False,0.9843862599087198,15,0.9831973115698511,19,0.9840656687590537,5,2099
yby_Latn,24355,False,0.9872430900070872,31,0.9893390191897654,24,0.9893390191897654,24,1398
ycn_Latn,17642,False,0.9964412811387899,22,0.9966024915062288,21,0.999025974025974,3,3080
ydd_Hebr,38324,False,0.9516164666028426,544,0.95168655177493,543,0.95168655177493,543,6574
yim_Latn,30719,False,0.9916060436485731,67,0.9912346139500188,70,0.9912346139500188,70,5339
yka_Latn,24931,False,0.9973217274857716,14,0.9966543994647039,18,0.9966543994647039,18,2981
yle_Latn,30413,False,0.9980713596914176,8,0.9980713596914176,8,0.9980713596914176,8,2070
yli_Latn,13447,False,0.992529348986126,29,0.9938020944646292,23,0.9969944182052384,5,2331
yml_Latn,22780,False,0.9959092599479361,14,0.9968372093023256,10,0.9968372093023256,10,2686
yom_Latn,70854,False,0.9625835367561728,705,0.9615492114194449,747,0.9615492114194449,747,12257
yon_Latn,21011,False,0.995891891891892,14,0.995674740484429,14,0.995674740484429,14,2308
yor_Latn,100000,False,0.9947706027880243,90,0.9950836119163178,111,0.9953276129746174,133,271334
yrb_Latn,15989,False,0.9903846153846153,25,0.9913322632423756,21,0.9961215255332903,3,1550
yre_Latn,28067,False,0.9971444888635066,9,0.9972884258598543,10,0.9972884258598543,10,3503
yrk_Cyrl,1902,False,0.905608755129959,67,0.9566473988439307,28,0.9879518072289156,3,333
yrl_Latn,6918,False,0.7568134171907757,586,0.8214285714285714,358,0.9312308366184845,27,1193
yss_Latn,37876,False,0.9941887859274383,36,0.9954395345180059,28,0.9954395345180059,28,3166
yua_Latn,100000,False,0.9964351513697958,192,0.9968128748958055,204,0.996775423498012,227,91864
yue_Hani,100000,False,0.7772232204254564,8787,0.7777136258660509,8746,0.7776445510258458,8750,18775
yuj_Latn,24252,False,0.9974895397489539,9,0.9974895397489539,9,0.9974895397489539,9,1788
yup_Latn,270,False,0.2127659574468085,332,0.9777777777777777,0,0.9302325581395349,0,46
yut_Latn,28424,False,0.9992677568952893,2,0.9990239141044411,3,0.9990239141044411,3,2048
yuw_Latn,20046,False,0.992721979621543,20,0.9938069216757741,17,0.9938069216757741,17,1364
yuz_Latn,6670,False,0.9906223358908781,19,0.9957155098543274,7,0.9969969969969971,4,1165
yva_Latn,17493,False,0.9899497487437187,38,0.9904426559356136,35,0.9982247020035506,3,1972
zaa_Latn,17673,False,0.9959016393442623,12,0.9953188999414863,14,0.9976498237367801,3,1703
zab_Latn,19384,False,0.9825997952917093,24,0.9818553539483772,28,0.9818553539483772,28,1964
zac_Latn,17805,False,0.9980062660210767,6,0.9974380871050386,8,0.9994292237442922,0,1753
zad_Latn,17817,False,0.9963349309275444,13,0.9960541149943631,14,0.9968952864803838,10,1767
zae_Latn,17778,False,0.9930651872399445,25,0.9952738393105366,17,0.9997207483943032,1,1790
zai_Latn,100000,False,0.9955154828251276,97,0.9953392637456232,116,0.9949776060315997,174,42349
zam_Latn,17797,False,0.9968812021548058,11,0.9971639251276234,10,0.9997155049786629,0,1758
zao_Latn,17796,False,0.9932885906040269,18,0.9938444320089536,16,0.9971925884334644,4,1782
zar_Latn,17756,False,0.9889695991390905,40,0.9897684437264405,37,0.9919050188882893,29,1839
zas_Latn,17799,False,0.9956963332759511,25,0.996725831466483,19,0.9984464008285863,9,2892
zat_Latn,17798,False,0.9971214738054116,10,0.9988465974625144,4,1.0,0,1732
zav_Latn,17587,False,0.9994301994301994,2,0.9994301994301994,2,0.999715018523796,1,1754
zaw_Latn,17823,False,0.9931153184165232,19,0.9954075774971296,14,0.9985603224877627,3,1736
zca_Latn,17802,False,0.9962632940500143,13,0.9968363531780271,11,0.9988472622478387,4,1733
zdj_Latn,1573,False,0.5372233400402415,454,0.9010238907849829,49,0.9487666034155599,4,273
zea_Latn,8505,False,0.0936839137177499,25548,0.11924839596700275,19024,0.19823649818926153,9948,1495
zgh_Tfng,2897,False,0.8583078491335372,50,0.8600612870275792,48,0.8600612870275792,48,510
zia_Latn,24412,False,0.9920508744038156,16,0.9932351770791882,13,0.9932351770791882,13,1252
ziw_Latn,17829,False,0.8575190940215961,457,0.8648360437216742,417,0.8666844776916912,409,1712
zne_Latn,100000,False,0.9951734933472476,241,0.9951567013443956,289,0.9941761471471798,395,45977
zoc_Latn,4297,False,0.9947089947089947,8,0.9960264900662251,6,0.9986702127659575,1,752
zom_Latn,48432,False,0.7366535292010032,1679,0.7363157424770069,1703,0.7363157424770069,1703,5373
zos_Latn,17816,False,0.9959467284308048,14,0.996523754345307,12,0.9991281604184831,2,1720
zpa_Latn,50169,False,0.9585110061081019,415,0.9537350226451872,503,0.9537350226451872,503,8622
zpc_Latn,17745,False,0.9974350753446618,16,0.9975949975949976,15,0.9995180722891567,3,3111
zpg_Latn,833,False,0.5780590717299579,200,0.9679715302491104,8,0.9963369963369962,0,137
zpi_Latn,17812,False,0.9900700934579438,26,0.9920983318700615,19,0.9967618486900205,1,1703
zpj_Latn,90,False,0.10967741935483871,276,0.8205128205128205,6,0.8205128205128205,6,17
zpl_Latn,17820,False,0.9991998719795167,4,0.9993597951344432,3,0.99935917975008,0,3123
zpm_Latn,17300,False,0.9971574758385446,7,0.9971574758385446,7,0.9988610478359908,1,1757
zpo_Latn,17782,False,0.9944622559020693,18,0.9950393930551503,15,0.9973661106233538,6,1707
zpq_Latn,17691,False,0.9976798143851509,7,0.9973905479849231,8,0.9991286668602962,2,1721
zpt_Latn,17827,False,0.9985518905872888,5,0.9990341274951706,2,0.9993558776167473,0,3107
zpu_Latn,17841,False,0.996792815907633,16,0.9966319165998396,16,0.9967917869746551,15,3112
zpv_Latn,17800,False,0.9997029997029997,1,0.9997029997029997,1,0.9997029997029997,1,1683
zpz_Latn,17804,False,0.998679432155827,5,0.9988443123658576,4,0.9991742361684559,2,3028
zsm_Arab,281,False,0.09411764705882353,32,0.21428571428571427,1,0.21428571428571427,1,49
zsm_Latn,100000,False,0.7542569066042357,45018,0.7492671777251713,47009,0.7406769832267758,51114,121531
zsr_Latn,17753,False,0.9901931649331353,3,0.990782039845376,1,0.991076740035693,0,1696
ztq_Latn,17742,False,0.9931113662456946,22,0.9948275862068966,17,0.9985578309777906,4,1732
zty_Latn,17738,False,0.9988558352402744,1,0.9988558352402744,1,0.9991416309012876,0,1749
zul_Latn,100000,False,0.8589623966784484,16028,0.8580923964083851,16303,0.8579333940499978,16447,148452
zyb_Latn,13305,False,0.9976440351252945,11,0.9984994640943193,7,0.9995708154506439,2,2329
zyp_Latn,17810,False,0.9950738916256159,16,0.9965177016831108,11,0.999127145766657,2,1718
