lang,N,degenerate,f1_nemo_baseline,fp_nemo_baseline,f1_nemo_floor21,fp_nemo_floor21,f1_nemo_gated,fp_nemo_gated,support
aai_Latn,24580,False,0.9825296995108315,22,0.9832167832167832,21,0.9832167832167832,21,706
aak_Latn,24062,False,1.0,0,1.0,0,1.0,0,1555
aau_Latn,24485,False,0.9992429977289932,1,0.9992429977289932,1,0.9992429977289932,1,660
aaz_Latn,20777,False,0.9918465227817747,16,0.9937530033637674,12,0.9937530033637674,12,1035
aba_Latn,18107,False,0.9589887640449439,100,0.9373970345963756,182,0.9373970345963756,182,1753
abi_Latn,6735,False,0.9966159052453469,3,0.9957734573119189,4,0.9974511469838573,0,590
abk_Cyrl,100000,False,0.9963594529340085,40,0.9963062483442455,39,0.996598832480204,46,132564
abn_Latn,47050,False,0.984771573604061,99,0.982430756510955,122,0.982430756510955,122,4801
abq_Cyrl,141,False,0.34285714285714286,23,0.923076923076923,1,0.923076923076923,1,6
abs_Latn,1335,False,0.038812785388127845,1682,0.08098159509202453,746,0.30939226519337015,117,36
abt_Latn,46820,False,0.9957446808510638,4,0.9957446808510638,4,0.9957446808510638,4,1294
abx_Latn,17721,False,0.9103322712790168,197,0.9191176470588236,176,0.9861660079051383,26,1000
aby_Latn,21889,False,0.9922212618841831,9,0.993939393939394,7,0.993939393939394,7,574
abz_Latn,13333,False,0.7492182614133833,752,0.7453300124533001,767,0.9252782193958664,104,1248
aca_Latn,7493,False,0.993993993993994,8,0.9962377727614748,5,0.999245283018868,1,662
acd_Latn,17727,False,0.9980327868852459,6,0.9983590416803414,4,0.9990147783251232,2,1522
ace_Arab,6107,False,0.6697736351531292,472,0.6909340659340659,426,0.8583617747440273,142,527
ace_Latn,47937,False,0.9637673368455005,106,0.9601974037120481,133,0.9601974037120481,133,4713
acf_Latn,34818,False,0.931054131054131,128,0.9323823109843081,123,0.9323823109843081,123,1748
ach_Latn,42880,False,0.9906488275068336,28,0.9905090595340811,30,0.9905090595340811,30,3480
acm_Arab,4566,False,0.09941520467836257,4507,0.12623074981065388,3343,0.14244016345592528,2814,368
acn_Latn,17803,False,0.9978632478632479,3,0.9983965793693211,2,0.9994649545211343,0,935
acr_Latn,67975,False,0.9155301828945978,540,0.9134655972984381,559,0.9134655972984381,559,4589
acu_Latn,24513,False,0.9900383141762452,13,0.9896591344312524,14,0.9896591344312524,14,1305
ada_Latn,100000,False,0.9945966702323157,77,0.9934933566624746,157,0.9922785190035743,216,18251
ade_Latn,13525,False,0.9992217898832686,2,0.9992217898832686,2,0.9996107434799533,1,1284
adh_Latn,23111,False,0.9770034843205575,58,0.9786936779601817,52,0.9786936779601817,52,1410
adi_Latn,30503,False,0.9846301633045148,79,0.9855584082156612,69,0.9855584082156612,69,3092
adj_Latn,17702,False,0.996483001172333,7,0.9970674486803519,5,0.9979454065159965,2,1705
adl_Latn,11055,False,0.9970817120622569,4,0.9965969859017988,5,0.9985387238188017,1,1027
ady_Cyrl,5894,False,0.9470644850818094,48,0.946153846153846,49,0.9581304771178188,36,499
adz_Latn,3796,False,0.9056603773584906,10,0.9411764705882353,6,0.9795918367346939,2,48
aeb_Arab,25840,False,0.37261886324918686,2653,0.3690803544149099,2737,0.3690803544149099,2737,2601
aer_Latn,12314,False,0.998256320836966,2,0.998256320836966,2,0.9978194505015264,2,1147
aeu_Latn,17719,False,0.9988636363636363,2,0.9994314951677089,1,0.9994314951677089,1,879
aey_Latn,25992,False,0.9917808219178083,15,0.9923245614035089,14,0.9923245614035089,14,905
afr_Latn,100000,False,0.9824663291622886,1927,0.9823895818384453,2079,0.9820827856829913,2364,131230
agd_Latn,31162,False,0.9927737632017788,13,0.9933259176863182,12,0.9933259176863182,12,893
agg_Latn,24084,False,0.9977220956719818,2,0.9977220956719818,2,0.9977220956719818,2,658
agm_Latn,24380,False,0.9992779783393501,1,0.9985569985569985,2,0.9985569985569985,2,692
agn_Latn,17794,False,0.9608888888888889,80,0.9660411081322609,68,0.9908172635445363,10,1089
agr_Latn,32209,False,0.9947916666666666,14,0.9947916666666666,14,0.9947916666666666,14,1723
agt_Latn,16997,False,0.9908987485779295,13,0.9931584948688712,9,0.9959931310818546,3,874
agu_Latn,22058,False,0.9935934769947582,11,0.9941724941724942,10,0.9941724941724942,10,853
agw_Latn,39173,False,0.994291004474618,37,0.9949050486336267,33,0.9949050486336267,33,3222
agx_Cyrl,1958,False,0.6637931034482759,76,0.7623762376237624,46,0.9221556886227545,11,79
aha_Latn,15133,False,0.9931412894375858,15,0.9928008227631129,16,0.9968933379357956,0,1453
ahk_Latn,100000,False,0.9998920125265469,0,0.9998920125265469,0,0.9998920125265469,0,13892
aia_Latn,17546,False,0.9988538681948425,4,0.9985677456316241,5,0.999140154772141,3,1743
aii_Syrc,24440,True,1.0,0,1.0,0,1.0,0,1576
aim_Latn,11048,False,0.9847473784556721,29,0.9861310377809661,24,0.9903938520653217,15,1036
ain_Latn,4507,False,0.9454022988505747,35,0.9762611275964391,13,0.9848484848484848,3,332
ajg_Latn,29217,False,0.9659338815237456,143,0.9645603477097962,159,0.9645603477097962,159,2938
aji_Latn,12641,False,0.9978714346530438,1,0.9978732454274777,2,0.9961620469083157,1,1176
ajz_Latn,11064,False,0.9851024208566107,30,0.9896907216494845,18,0.9948088721094855,5,1060
akb_Latn,13505,False,0.8091998704243603,585,0.8184796854521625,550,0.9250374812593702,181,1253
ake_Latn,17791,False,0.998898678414097,2,0.998898678414097,2,0.9994490358126722,1,907
akh_Latn,24012,False,0.9968253968253968,4,0.9976171564733916,3,0.9976171564733916,3,628
akp_Latn,17785,False,0.9966124661246613,10,0.9962749746020995,11,0.9989792446410344,0,1471
ald_Latn,11035,False,1.0,0,0.9995258416311048,1,0.9995253915519696,0,1054
alj_Latn,13407,False,0.9818316648127549,48,0.9854856717528843,38,0.996605054696341,5,1325
aln_Latn,62542,False,0.8859527121001392,1609,0.8895409767344372,1546,0.8895409767344372,1546,6401
alp_Latn,17561,False,0.9932114882506528,10,0.9947698744769874,7,0.9973753280839895,1,954
alq_Latn,17867,False,0.9877594465141032,16,0.9898774640383591,13,0.9946409431939978,3,935
als_Latn,100000,False,0.9726427346875164,413,0.9731524129631934,466,0.9732872602371246,594,49026
alt_Cyrl,84843,False,0.9868961973278519,136,0.9865741632941479,138,0.9865741632941479,138,7750
aly_Latn,6317,False,0.9899909008189263,11,0.9899909008189263,11,0.9972451790633609,2,544
alz_Latn,92770,False,0.9908370865041156,121,0.9887536112257531,175,0.9887536112257531,175,9626
ame_Latn,34032,False,0.9975351602145861,3,0.9975351602145861,3,0.9975351602145861,3,3454
amf_Latn,13325,False,0.9845201238390094,38,0.9891135303265942,26,0.9968553459119497,2,1274
amh_Ethi,100000,False,0.9525105079665049,2386,0.953160468313956,2422,0.9585281741897447,2566,61911
ami_Latn,87543,False,0.9961389961389963,60,0.9961398477997133,62,0.9961398477997133,62,9040
amk_Latn,17696,False,0.984776902887139,25,0.9894514767932489,16,0.9957537154989384,4,942
amm_Latn,24436,False,0.9898039215686275,13,0.9890282131661442,14,0.9890282131661442,14,631
amn_Latn,37915,False,0.9954140814674939,17,0.9954116059379218,16,0.9954116059379218,16,1845
amp_Latn,30724,False,0.9888535031847134,14,0.9880668257756563,15,0.9880668257756563,15,621
amr_Latn,23701,False,0.9952305246422893,6,0.9968152866242038,4,0.9968152866242038,4,626
amu_Latn,17900,False,0.9975076156189422,2,0.9975076156189422,2,0.9977839335180055,1,1808
amx_Latn,1656,False,0.8549618320610688,19,0.9824561403508771,2,0.9824561403508771,2,56
ang_Latn,490,False,0.012880562060889932,1685,0.32352941176470584,45,0.6285714285714286,12,12
anm_Latn,30734,False,0.993581514762516,22,0.9931012353601797,24,0.9931012353601797,24,3114
ann_Latn,22124,False,0.9962790697674418,8,0.9967426710097721,7,0.9967426710097721,7,1071
anp_Deva,4499,False,0.014185639229422066,22399,0.01551433389544688,20315,0.024112933994658525,12668,279
anv_Latn,17797,False,0.9994672349493873,1,0.9994672349493873,1,0.9984,1,938
any_Latn,11974,False,0.9982316534040672,1,0.9982316534040672,1,0.9964570416297609,1,1132
aoi_Latn,3242,False,0.9801324503311257,9,0.9888641425389755,5,0.9932885906040269,3,222
aoj_Latn,55040,False,0.9987652143235138,3,0.9985890652557319,4,0.9985890652557319,4,2835
aom_Latn,17715,False,0.9979172865218684,6,0.9985114617445667,4,0.9994040524433849,1,1678
aoz_Latn,13501,False,0.9809160305343512,48,0.9865539761813291,32,0.9953416149068322,7,1287
apb_Latn,10888,False,0.9961127308066083,7,0.9965969859017987,6,0.9985387238188017,2,1026
apc_Arab,79058,False,0.7507028515692238,2657,0.7503010148500661,2668,0.7503010148500661,2668,8230
ape_Latn,59332,False,0.9954273654590221,12,0.9950773558368495,13,0.9950773558368495,13,1416
apn_Latn,16297,False,0.9982046678635548,3,0.9988023952095809,2,0.9988023952095809,2,834
apr_Latn,24377,False,0.9960159362549801,5,0.9960159362549801,5,0.9960159362549801,5,625
apt_Latn,11049,False,0.9902097902097903,19,0.9929873772791025,13,0.9957726632221701,5,1064
apu_Latn,11186,False,0.9923150816522575,5,0.9923076923076923,4,0.9932562620423891,1,1044
apw_Latn,11058,False,0.9965736661771905,7,0.9980392156862744,4,0.9985286905345757,3,1018
apy_Latn,36974,False,0.9963476990504018,13,0.9964963503649635,15,0.9964963503649635,15,3422
apz_Latn,24230,False,0.9987538940809968,4,0.9984418822062947,4,0.9984418822062947,4,1603
aqz_Latn,271,False,0.05714285714285715,29,0.33333333333333337,0,0.33333333333333337,0,5
arb_Arab,100000,False,0.9628397115917914,1392,0.9635735228442166,1441,0.9637175442853676,1495,639083
arb_Latn,847,False,0.035168195718654434,1262,0.178988326848249,211,0.7301587301587301,17,23
arc_Syrc,410,True,0.0,3,0.0,0,0.0,0,12
are_Latn,6673,False,0.9966101694915255,3,0.9940828402366865,6,0.9957519116397621,2,589
arg_Latn,25914,False,0.6285432585654425,2950,0.6274121721919842,2934,0.6274121721919842,2934,2614
arl_Latn,24447,False,0.9946442234123948,6,0.9946442234123948,6,0.9946442234123948,6,651
arn_Latn,100000,False,0.9895524495270367,11,0.9895903172306716,14,0.9892761394101877,23,14303
arp_Latn,1963,False,0.9411764705882353,12,0.9896907216494846,2,0.9948186528497409,1,96
arq_Arab,2712,False,0.38316400580551524,398,0.4483362521891418,284,0.5387931034482759,180,159
arr_Latn,572,False,0.11965811965811966,97,0.6363636363636364,2,0.7000000000000001,0,13
ars_Arab,18539,False,0.10664778655537338,23545,0.10873447057482619,23030,0.10873447057482619,23030,1860
ary_Arab,100000,False,0.7279602930749232,7045,0.7250247795920496,7266,0.7193569993302077,7682,17174
arz_Arab,100000,False,0.5327393006615364,15176,0.5318729948003097,15748,0.5309141539398686,16336,17428
asg_Latn,17719,False,0.9948506694129763,8,0.9948506694129763,8,0.9958762886597937,6,968
asm_Beng,100000,False,0.9935413992297818,105,0.9934627416379241,113,0.9933249143063323,126,24984
asm_Latn,455,False,0.06160164271047228,456,0.5416666666666666,19,0.8125,3,16
aso_Latn,23837,False,0.998109640831758,5,0.998109640831758,5,0.998109640831758,5,1585
ast_Latn,100000,False,0.9675186085774659,4877,0.9641113436053517,5663,0.9613048120466846,6383,92359
ata_Latn,27005,False,0.9978621058257617,5,0.9978621058257617,5,0.9978621058257617,5,1870
atb_Latn,25098,False,0.9931439764936337,5,0.9936368086147822,5,0.9936368086147822,5,1023
atd_Latn,17597,False,0.9919354838709677,16,0.9929364278506558,14,0.9979716024340771,4,984
atg_Latn,17802,False,0.9799375835934017,43,0.9847670250896057,32,0.9923250564334085,15,1101
ati_Latn,10154,False,0.9645390070921985,27,0.968236582694414,20,0.9783933518005541,0,922
atj_Latn,1662,False,0.6242774566473989,63,0.7210884353741498,38,0.9059829059829059,8,56
atq_Latn,6661,False,0.9619377162629758,43,0.9753954305799649,26,0.9919571045576409,7,557
att_Latn,17829,False,0.9933554817275748,12,0.9939058171745152,11,0.9972206781545303,5,897
auc_Latn,17817,False,1.0,0,1.0,0,1.0,0,915
aui_Latn,4581,False,0.9122807017543859,64,0.9467787114845939,37,0.9897510980966324,6,339
auy_Latn,24037,False,0.9948497854077253,3,0.9952809952809953,3,0.9952809952809953,3,1168
ava_Cyrl,17634,False,0.9841554559043347,50,0.9853337324154445,46,0.9963658388855239,8,1649
avk_Latn,3056,False,0.36208530805687206,664,0.7269230769230769,131,0.9151670951156812,11,200
avn_Latn,11063,False,0.978865406006674,36,0.9816155988857939,32,0.9943310657596371,5,882
avt_Latn,24340,False,0.9948415622697127,2,0.9955752212389382,1,0.9955752212389382,1,680
avu_Latn,17019,False,0.9996981587684878,1,0.9996981587684878,1,0.9996981587684878,1,1656
awa_Deva,18700,False,0.7152777777777777,771,0.7159513768295708,769,0.7159513768295708,769,1819
awb_Latn,24529,False,0.992721979621543,10,0.9934450109249818,9,0.9934450109249818,9,682
awi_Latn,6621,False,0.9860769860769861,17,0.9909465020576133,11,0.9958643507030605,5,602
awx_Latn,4174,False,0.8108108108108109,28,0.9022556390977443,13,0.9836065573770492,2,60
ayo_Latn,6717,False,0.9902912621359222,11,0.9929203539823008,8,0.9991095280498664,1,561
ayp_Arab,6764,False,0.891640866873065,140,0.9311740890688258,84,0.9773519163763067,11,576
ayr_Latn,100000,False,0.9946584091348946,69,0.9946428916781094,107,0.9943653532044033,148,51877
azb_Arab,100000,False,0.9808472739959968,683,0.9805620307997284,703,0.9800828962329897,739,27067
azg_Latn,17785,False,1.0,0,1.0,0,0.9997202797202798,0,1788
azj_Cyrl,26412,False,0.9927436752304374,27,0.9923484402589758,27,0.9923484402589758,27,2541
azj_Latn,100000,False,0.9946836614596429,530,0.994803709867125,605,0.9953765965644332,779,137418
azz_Latn,17799,False,0.9562005277044855,83,0.9607635206786851,74,0.984766050054407,27,906
bak_Cyrl,100000,False,0.971232274004129,536,0.9709250207195169,560,0.9707179426524508,597,29861
bal_Arab,39095,False,0.9582417582417583,258,0.9547971667739857,287,0.9547971667739857,287,3771
bam_Latn,18697,False,0.6634372367312552,1304,0.6501650165016502,1403,0.6501650165016502,1403,1869
ban_Latn,41792,False,0.9346628962643252,364,0.9269878805793674,415,0.9269878805793674,415,3215
bao_Latn,17847,False,0.9972451790633609,3,0.9966960352422908,4,0.9966960352422908,4,907
bar_Latn,100000,False,0.9377155609657132,1313,0.9265364916773368,1637,0.9104015670910872,2129,11777
bas_Latn,100000,False,0.9962579793088268,39,0.9954265611257695,61,0.994204425711275,93,11361
bav_Latn,17825,False,0.9988392338943702,1,0.9985486211901305,1,0.9988385598141696,0,1724
bba_Latn,84918,False,0.9932655654383735,16,0.9933951479740887,18,0.9933951479740887,18,7907
bbb_Latn,21471,False,0.9965477560414269,9,0.997310795236266,6,0.997310795236266,6,1299
bbc_Latn,100000,False,0.9796567069294343,196,0.9802098502669804,222,0.985305548358441,325,27089
bbj_Latn,11052,False,0.999508116084604,0,0.999508116084604,0,0.999508116084604,0,1017
bbk_Latn,4286,False,0.9955947136563876,3,0.9985272459499264,1,0.9985272459499264,1,339
bbo_Latn,6704,False,0.9919571045576407,9,0.9946236559139785,6,0.9945750452079566,1,555
bbr_Latn,23818,False,0.9924012158054711,10,0.9939117199391172,8,0.9939117199391172,8,653
bch_Latn,22386,False,0.9965588437715072,8,0.9968997588701344,6,0.9968997588701344,6,1450
bci_Latn,100000,False,0.9984639924381166,60,0.9978305464956685,107,0.9974333254661318,137,33846
bcl_Latn,100000,False,0.9823052448856494,1524,0.9816278523783438,1622,0.981451787051629,1854,108989
bco_Latn,3937,False,1.0,0,1.0,0,1.0,0,68
bcw_Latn,17698,False,0.9996676636756398,1,0.9996676636756398,1,0.9996676636756398,1,1504
bdd_Latn,30992,False,0.9938592347661785,10,0.9938592347661785,10,0.9938592347661785,10,1055
bdh_Latn,12360,False,0.9978251413658112,3,0.9986950848194867,2,0.999564649542882,0,1149
bdq_Latn,4240,False,0.9803328290468987,13,0.9877675840978593,7,0.99079754601227,5,324
bea_Latn,1152,False,0.5271317829457365,61,0.9315068493150686,5,0.9855072463768115,1,34
bef_Latn,24278,False,0.9950647748303516,15,0.9950617283950617,14,0.9950617283950617,14,1614
bel_Cyrl,100000,False,0.9913545806247862,988,0.991493700865103,986,0.9904635552811675,1192,75663
bem_Latn,100000,False,0.9790472395082921,1799,0.9788625857426819,1891,0.9794125972565431,1983,131419
ben_Beng,100000,False,0.9925106769275207,413,0.992618001467559,423,0.9931885445041595,445,170499
ben_Latn,3910,False,0.3869132290184922,858,0.5456389452332657,441,0.9016949152542373,48,276
beq_Latn,11039,False,0.9329268292682927,149,0.948581560283688,110,0.982653539615565,9,1076
bew_Latn,16291,False,0.6893739505876708,1153,0.6834123222748816,1199,0.7476586888657649,828,1579
bex_Latn,22281,False,0.9979371991748797,6,0.9990829894543788,3,0.9990829894543788,3,2180
bfd_Latn,17820,False,1.0,0,1.0,0,1.0,0,1426
bfo_Latn,13446,False,0.9961180124223602,2,0.9965075669383003,2,0.9972815533980582,0,1291
bgr_Latn,17611,False,0.9689820882481434,70,0.9723805348531346,62,0.984,33,1110
bgs_Latn,19527,False,0.9940068493150686,14,0.9935815147625161,15,0.9935815147625161,15,1161
bgt_Latn,10924,False,0.9853723404255319,20,0.9906417112299466,12,0.9966329966329965,2,743
bgz_Latn,13364,False,0.9802900706582371,49,0.9828358208955223,41,0.994328922495274,8,1322
bhg_Latn,7106,False,0.956989247311828,16,0.9753424657534246,9,0.9944134078212291,2,178
bhl_Latn,27070,False,0.9920866305705957,19,0.992080033347228,18,0.992080033347228,18,1191
bho_Deva,55844,False,0.6403224531731605,3966,0.6359793330201973,4076,0.6359793330201973,4076,4636
bhp_Latn,8035,False,0.9553695955369595,28,0.9509116409537167,27,0.9511494252873564,9,721
bhw_Latn,96876,False,0.9907742494520617,21,0.9907742494520617,21,0.9907742494520617,21,9879
bhz_Latn,6727,False,0.9807531380753138,23,0.9881756756756757,13,0.9948979591836735,5,586
bib_Latn,17804,False,0.9994279176201373,1,0.9997138769670958,0,0.9997138769670958,0,1748
big_Latn,24303,False,0.9899302865995352,13,0.993006993006993,9,0.993006993006993,9,639
bim_Latn,60084,False,0.9894434591673,112,0.9891093288307303,116,0.9891093288307303,116,5871
bin_Latn,100000,False,0.9930701754385965,114,0.9926783287298873,123,0.9925049309664695,128,11365
bis_Latn,100000,False,0.995517707579506,273,0.9953829669065879,283,0.9953777977225556,292,89255
biu_Latn,11038,False,0.9785290086797626,47,0.9848136217211229,32,0.9925442684063374,10,1071
biv_Latn,17791,False,0.9970980847359256,9,0.9976757699012202,6,0.9982558139534883,4,1719
bjn_Arab,6110,False,0.5972797161442932,660,0.6151035322777102,611,0.7810559006211181,259,526
bjn_Latn,27655,False,0.4071967498549043,4946,0.40832553788587467,4891,0.7072111207645526,1061,1915
bjp_Latn,3587,False,0.8391608391608391,23,0.9600000000000001,5,0.9836065573770492,2,60
bjr_Latn,26849,False,0.998530132288094,3,0.998530132288094,3,0.998530132288094,3,1019
bjv_Latn,28868,False,0.9995381062355658,1,0.9995381062355658,1,0.9995381062355658,1,1082
bkd_Latn,17628,False,0.983012457531144,29,0.9824362606232295,29,0.9976958525345622,1,869
bkl_Latn,6670,False,0.9616413916146298,42,0.9738030713640469,28,0.9963031423290203,3,540
bkq_Latn,17510,False,0.9891891891891893,20,0.991869918699187,15,0.9989071038251366,1,915
bku_Latn,13480,False,0.9861857252494245,35,0.9877017678708686,31,0.9980582524271844,4,1286
bkv_Latn,13494,False,0.9933980582524272,17,0.9941702293043141,15,0.999608916699257,0,1279
bla_Latn,1048,False,0.5,52,0.9285714285714286,4,0.9811320754716981,1,26
blh_Latn,6716,False,0.9975020815986678,3,0.9983333333333333,2,1.0,0,599
blk_Mymr,26251,False,0.9853027630805408,28,0.985501567398119,28,0.985501567398119,28,2561
blt_Latn,6684,False,0.9917491749174917,10,0.9950331125827814,6,1.0,0,601
blw_Latn,17130,False,0.9922848664688428,13,0.9934640522875817,11,0.9970184853905785,5,836
blz_Latn,17821,False,0.9815016322089226,28,0.9830693610049153,23,0.9906439185470557,9,908
bmh_Latn,23801,False,0.9933085501858736,9,0.9955290611028316,6,0.9955290611028316,6,668
bmk_Latn,1657,False,0.3835616438356164,45,0.7777777777777778,8,0.8484848484848484,5,14
bmq_Latn,13524,False,0.9937839937839938,12,0.9949396652393928,8,0.996483001172333,1,1283
bmr_Latn,17771,False,0.9988950276243094,2,0.9988950276243094,2,0.9994472084024323,1,904
bmu_Latn,27341,False,0.9962385814078453,6,0.9946351931330473,9,0.9946351931330473,9,928
bmv_Latn,11017,False,0.9885583524027459,5,0.9953917050691244,2,0.9953917050691244,2,216
bnj_Latn,13502,False,0.9833068362480126,24,0.9852765618782331,20,0.9864541832669322,17,1255
bno_Latn,4263,False,0.7289915966386554,258,0.7824126268320181,193,0.9827089337175793,6,347
bnp_Latn,35503,False,0.9917393299678752,17,0.9919558722132843,13,0.9919558722132843,13,2180
boa_Latn,17164,False,0.9977142857142857,4,0.9982847341337907,3,0.9994275901545506,1,873
bod_Tibt,45476,True,0.9327524575513853,179,0.9331846068042388,184,0.9331846068042388,184,4598
boj_Latn,41261,False,0.9971383147853735,9,0.9971383147853735,9,0.9971383147853735,9,1568
bom_Latn,11082,False,0.9922555663117135,16,0.9927360774818402,15,0.9985387238188017,3,1025
bon_Latn,24452,False,0.9831865492393915,21,0.9839743589743589,20,0.9839743589743589,20,614
bor_Latn,156,False,0.22222222222222218,20,0.8571428571428571,0,0.8571428571428571,0,4
bov_Latn,17729,False,0.9958112259145491,14,0.9949776785714286,17,0.9963616008956059,9,1784
box_Latn,17668,False,0.9985594929415155,5,0.9988472622478387,4,0.9997115661955581,1,1733
bpr_Latn,17724,False,0.9428113308391234,64,0.9422459893048128,64,0.9422459893048128,64,925
bps_Latn,17697,False,0.9526339088092076,51,0.9526339088092076,51,0.9530558015943311,50,1132
bpy_Beng,25498,False,0.7121188907614524,1648,0.7154521645355107,1614,0.7154521645355107,1614,2555
bqc_Latn,56840,False,0.995162283402234,16,0.9953382003694257,15,0.9953382003694257,15,5696
bqj_Latn,11034,False,0.9855491329479769,28,0.9888835186080231,21,0.9965836993655441,3,1025
bqp_Latn,13480,False,0.9761904761904762,32,0.9772989611388996,28,0.9780515979976897,26,1301
bre_Latn,33378,False,0.9612356147789219,155,0.9622670101530534,149,0.9622670101530534,149,3275
brh_Arab,11614,False,0.7717348154029376,548,0.7718040621266429,543,0.9120458891013383,139,999
bru_Latn,17733,False,0.9979902383003159,7,0.9977037887485649,8,0.999712395743457,1,1738
brx_Deva,3440,False,0.840531561461794,92,0.8527918781725888,82,0.900735294117647,42,257
brx_Latn,374,False,0.1267605633802817,124,0.782608695652174,5,1.0,0,9
bsc_Latn,11055,False,0.9980372914622179,4,0.9985272459499264,3,0.9995085995085995,1,1017
bsn_Latn,16998,False,0.9969287469287469,4,0.9975414874001228,2,0.9975414874001228,2,1629
bsp_Latn,7698,False,0.98379970544919,13,0.9845246868091379,12,0.9858314690529456,3,677
bsq_Latn,3179,False,0.7362637362637364,143,0.9220183486238531,33,0.9828009828009828,5,202
bss_Latn,17773,False,0.997952617724481,7,0.997952617724481,7,0.9994138335287222,1,1706
btd_Latn,14730,False,0.9762237762237762,60,0.977216964598668,55,0.992841803865426,3,1404
bth_Latn,10993,False,0.9915014164305949,18,0.994789199431549,11,0.9985721085197524,2,1050
bts_Latn,40284,False,0.8977135980746088,915,0.9101198402130493,788,0.9101198402130493,788,4123
btt_Latn,13406,False,0.9976580796252927,5,0.9984375,3,0.9980415197806501,0,1279
btx_Latn,100000,False,0.9795941697627893,220,0.9797036910165281,239,0.9771305040391399,348,17632
bud_Latn,13483,False,0.9972581276929102,7,0.9976489028213166,6,0.9984313725490196,4,1273
bug_Latn,14761,False,0.9314324507807197,146,0.9248399056285811,167,0.9648062566654818,28,1428
buk_Latn,24072,False,0.9977924944812362,2,0.9977924944812362,2,0.9977924944812362,2,679
bul_Cyrl,100000,False,0.9820670546513762,4050,0.9814999911285124,4323,0.9806601363742408,4702,167886
bum_Latn,100000,False,0.9910689254675799,55,0.9903588430611674,78,0.989699776429256,112,12541
bus_Latn,23216,False,0.9830070983007099,42,0.9830217064259618,44,0.9830217064259618,44,2322
bvc_Latn,6694,False,0.9912587412587412,10,0.9929824561403509,7,0.9956024626209322,4,567
bvd_Latn,4273,False,0.9813486370157819,10,0.9841269841269843,7,0.9854651162790697,4,345
bvr_Latn,17732,False,0.9864016736401674,26,0.9864016736401674,26,0.9968287526427061,6,943
bvz_Latn,12855,False,0.996415770609319,9,0.9960191082802548,10,0.9984038308060655,4,1251
bwd_Latn,3872,False,0.7058823529411764,40,0.8648648648648648,15,0.9142857142857143,9,48
bwi_Latn,221,False,0.07999999999999999,92,0.888888888888889,1,1.0,0,4
bwq_Latn,13507,False,0.9964857477547833,7,0.9945226917057903,7,0.993304450571091,0,1278
bwu_Latn,17557,False,0.9956255468066492,13,0.9962065946892326,11,0.9979502196193265,2,1709
bxh_Latn,7138,False,0.9666408068269976,41,0.975724353954581,29,0.9880478087649401,10,625
bxr_Cyrl,28040,False,0.9495921355364987,148,0.9483371679564944,151,0.9483371679564944,151,2363
byr_Latn,18296,False,0.9988801791713325,4,0.9988801791713325,4,0.9988801791713325,4,1784
byv_Latn,1735,False,0.7552447552447552,35,0.972972972972973,3,1.0,0,54
byx_Latn,17508,False,0.9968119022316684,6,0.9973418394471025,5,0.9994666666666667,0,938
bzd_Latn,25300,False,0.9849184364419822,15,0.9840392879066913,21,0.9840392879066913,21,1634
bzh_Latn,24550,False,0.9943661971830986,7,0.9964714184897671,4,0.9964714184897671,4,707
bzi_Thai,11019,False,0.9602169981916817,87,0.960180995475113,86,0.9952963311382879,5,1063
bzj_Latn,100000,False,0.9911457174638486,68,0.9899160410465994,100,0.98834891241749,149,11269
caa_Latn,17822,False,0.9994327850255247,2,0.9988655700510493,3,0.9994324631101021,1,1762
cab_Latn,100000,False,0.9962081066440567,49,0.9960453839273103,64,0.9953190788699927,95,21261
cac_Latn,54632,False,0.9943202416918429,12,0.9940799806693247,14,0.9940799806693247,14,4149
caf_Latn,17803,False,0.988133764832794,13,0.990249187432286,7,0.9907859078590786,6,925
cag_Latn,12070,False,0.9938325991189428,5,0.9938380281690141,6,0.9947043248014122,2,1137
cak_Latn,100000,False,0.9842993219244429,116,0.9843024898107421,121,0.9840046795893257,136,25049
cao_Latn,17717,False,0.9951742627345844,9,0.9962426194310252,7,0.9989235737351991,2,928
cap_Latn,28831,False,0.9975961538461539,10,0.9978360182736234,9,0.9978360182736234,9,2075
caq_Latn,31638,False,0.9989152332248568,2,0.9989155693261037,3,0.9989155693261037,3,3228
car_Latn,18987,False,0.9873106835857552,26,0.9897414854329093,20,0.9897414854329093,20,1211
cas_Latn,6696,False,0.9874686716791979,15,0.9924433249370278,9,0.9991546914623838,1,591
cat_Latn,100000,False,0.9895514787630273,790,0.9895413205747746,946,0.9894506067564008,1200,188708
cav_Latn,17546,False,0.994199535962877,8,0.9947765525246663,7,0.9965075669383003,3,859
cax_Latn,28858,False,0.9971014492753623,12,0.9973423532254168,11,0.9973423532254168,11,2064
cbc_Latn,17534,False,0.9929203539823008,3,0.9935141509433961,3,0.9938071365378944,2,1704
cbi_Latn,10976,False,0.9965226030799801,7,0.9955290611028317,8,0.9980059820538385,2,1003
cbk_Latn,100000,False,0.9522663086253992,729,0.9465403018034596,863,0.9432942469769146,949,10586
cbr_Latn,24284,False,0.9993761696818465,2,0.9993761696818465,2,0.9993761696818465,2,1602
cbs_Latn,27312,False,0.9971062422488631,6,0.9971062422488631,6,0.9971062422488631,6,1207
cbt_Latn,10883,False,0.9980824544582934,4,0.9985611510791367,3,0.9985597695631302,2,1041
cbu_Latn,16983,False,0.9919657204070701,11,0.9925053533190579,11,0.996230479267636,2,930
cbv_Latn,27955,False,0.9983471074380166,2,0.9991728701406121,1,0.9991728701406121,1,604
cce_Latn,100000,False,0.9740363397342598,305,0.9710517700977412,380,0.9676667909057026,458,10621
cco_Latn,17689,False,1.0,0,1.0,0,1.0,0,1746
ccp_Latn,6763,False,0.9221183800623053,99,0.9586374695863747,49,0.9907016060862214,4,593
cdf_Latn,6763,False,0.9793459552495697,24,0.9912891986062717,10,0.9964912280701754,3,569
cdo_Latn,9577,False,0.9971735443753533,4,0.9966101694915255,5,0.9988674971687429,1,883
ceb_Latn,100000,False,0.9713014606226414,1556,0.9705411447214726,1850,0.9711967464061916,2031,202617
ceg_Latn,13524,False,0.9965156794425087,9,0.9969016266460108,8,0.9980612640558356,5,1287
cek_Latn,44097,False,0.9931127616475355,29,0.9927125506072875,33,0.9927125506072875,33,3699
ces_Latn,100000,False,0.9802155973533566,5449,0.9797194945912711,5738,0.9792822679714901,5979,166015
cfm_Latn,80737,False,0.9515697249939159,708,0.9503098043980075,732,0.9503098043980075,732,7908
cgc_Latn,17863,False,0.9714664897146648,64,0.9737802854298042,60,0.9915454852891444,5,1486
cgg_Latn,34573,False,0.735953158428105,2093,0.729941730165845,2147,0.729941730165845,2147,3520
cha_Latn,19311,False,0.9397450753186558,94,0.9463869463869464,83,0.9463869463869464,83,821
chd_Latn,18037,False,0.9762025316455696,10,0.9782278481012657,8,0.9782278481012657,8,1001
che_Cyrl,56243,False,0.9416953338625739,276,0.9430151900957063,296,0.9430151900957063,296,5723
chf_Latn,18010,False,0.9907958852192745,6,0.9902597402597403,7,0.9902597402597403,7,926
chj_Latn,4286,False,1.0,0,1.0,0,1.0,0,339
chk_Latn,100000,False,0.997595687170527,45,0.99771563372501,48,0.997492761842223,70,33517
cho_Latn,1031,False,0.5822784810126582,32,0.8214285714285714,9,0.9387755102040817,2,24
chq_Latn,10965,False,0.9990494296577946,2,0.9990494296577946,2,0.9985734664764623,2,1051
chr_Cher,11732,True,0.9982238010657194,1,0.9982238010657194,1,0.9982238010657194,1,281
chr_Latn,6768,False,0.9940928270042194,7,0.9957734573119188,5,0.9991518235793045,1,589
chu_Cyrl,27598,False,0.7073840241559154,2039,0.7323863636363637,1792,0.7323863636363637,1792,2670
chv_Cyrl,47817,False,0.9830094120523164,75,0.982541814186302,82,0.982541814186302,82,4085
chw_Latn,99872,False,0.9710439666860352,262,0.9697116081348727,301,0.9697116081348727,301,10363
chz_Latn,17827,False,1.0,0,1.0,0,1.0,0,886
cjk_Latn,100000,False,0.9590743763782684,1033,0.9575360045629545,1137,0.9543634453184903,1270,17140
cjo_Latn,17378,False,0.9726585223967422,28,0.9749271137026239,24,0.9754959159859976,23,855
cjp_Latn,13518,False,0.9970171513795675,5,0.9966455460305628,6,0.9988793425476279,0,1340
cjs_Cyrl,1320,False,0.7169811320754718,30,0.9268292682926829,6,0.9743589743589743,2,38
cjv_Latn,24274,False,0.9941520467836257,7,0.9949748743718593,5,0.9949748743718593,5,595
ckb_Arab,100000,False,0.889186417502279,1814,0.8890977443609023,1820,0.8887939870174241,1832,17683
cko_Latn,17723,False,0.9953831948291783,13,0.9956896551724138,12,0.9978388391478851,4,1619
ckt_Cyrl,2269,False,0.9621212121212122,9,0.9731800766283524,6,0.9841269841269841,0,128
cle_Latn,17829,False,1.0,0,1.0,0,1.0,0,904
clu_Latn,10945,False,0.842468709538196,358,0.857017157941047,316,0.9787234042553191,25,983
cly_Latn,13513,False,0.878812199036918,77,0.880064179703169,76,0.8804173354735153,75,1320
cme_Latn,17736,False,0.9973262032085561,4,0.9977708426214892,3,0.9986613119143241,1,1121
cmn_Hani,100000,False,0.8544051574729266,1876,0.8542968146398534,1903,0.854293708300452,1905,101900
cmo_Khmr,11062,True,0.9572400388726919,87,0.9656526005888125,68,0.9933774834437085,2,986
cmo_Latn,17989,False,0.9851052901900359,18,0.9896694214876034,8,0.9906928645294726,6,970
cmr_Latn,6689,False,0.991467576791809,10,0.9982817869415808,2,0.9991386735572783,0,581
cnh_Latn,100000,False,0.9876245580199292,121,0.9874506127368914,128,0.9874213836477987,162,37673
cni_Latn,32688,False,0.9465936969239479,32,0.947527368818422,29,0.947527368818422,29,2759
cnk_Latn,11067,False,0.9488054607508531,25,0.9481409001956947,22,0.9518664047151277,14,1053
cnl_Latn,17804,False,1.0,0,0.9996427295462665,1,1.0,0,1399
cnt_Latn,17808,False,1.0,0,1.0,0,1.0,0,913
cnw_Latn,6740,False,0.97883149872989,25,0.9829931972789115,20,0.9861111111111112,6,578
coe_Latn,17384,False,0.9986082115518442,4,0.9993036211699164,2,1.0,0,1435
cof_Latn,16915,False,0.9862258953168045,21,0.988404196576477,17,0.9949972206781545,5,899
cok_Latn,28590,False,0.8558715418843104,107,0.8555963657452156,110,0.8555963657452156,110,2850
con_Latn,17696,False,0.9969727547931383,4,0.9964699949571356,5,0.9984840828701365,1,990
cop_Copt,27503,True,0.9998185447287244,1,0.9992745738121146,4,0.9992745738121146,4,2755
cor_Latn,41440,False,0.9881319724661761,74,0.9880204009014352,77,0.9880204009014352,77,4189
cos_Latn,9423,False,0.6701697655618432,800,0.7206335239771227,609,0.9014557670772677,136,845
cot_Latn,17733,False,0.9902807775377969,15,0.9918875067604109,12,0.995656894679696,5,920
cou_Latn,6745,False,0.9991645781119466,1,0.9991645781119466,1,0.9991645781119466,1,598
cpa_Latn,17827,False,0.9983597594313832,3,0.9967213114754099,5,0.9978118161925601,3,913
cpb_Latn,17824,False,0.9572649572649573,58,0.9577765900587921,57,0.9588014981273408,55,918
cpc_Latn,17825,False,0.9800629590766002,28,0.9800210304942166,26,0.9800210304942166,26,944
cpu_Latn,17825,False,0.9140586189766517,163,0.9094507669470558,172,0.9099009900990098,171,930
cpy_Latn,14716,False,0.9582417582417582,45,0.9652623798965262,34,0.9674074074074075,31,666
crh_Cyrl,38964,False,0.9603496721823291,195,0.9582225003911751,194,0.9582225003911751,194,3135
crh_Latn,17238,False,0.5491286614757138,2359,0.5439912200475581,2426,0.5991902834008097,1906,1554
cri_Latn,2059,False,0.18897637795275588,612,0.5128205128205129,125,0.8625,13,78
crj_Cans,4295,True,0.9893778452200304,6,0.9878419452887538,6,0.9878419452887538,6,327
crk_Cans,4454,True,0.988795518207283,4,0.9901547116736991,2,0.9901547116736991,2,357
crk_Latn,6188,False,0.9890710382513661,9,0.9945155393053016,4,0.9972502291475711,1,546
crl_Cans,4295,True,0.9936507936507936,0,0.9936507936507936,0,0.9936507936507936,0,317
crm_Cans,11058,True,0.9732824427480916,14,0.9708552317247968,15,0.9708552317247968,15,1062
crn_Latn,37171,False,0.9088015668992534,641,0.9084006857702669,641,0.9084006857702669,641,3816
crs_Latn,100000,False,0.9863104364996194,766,0.9863989851635321,763,0.9861735908970628,794,45181
crt_Latn,10872,False,0.9931573802541545,14,0.994615761135585,11,0.999508116084604,1,1016
crx_Latn,11044,False,0.9910504003768251,16,0.9910504003768251,16,0.9929211892402077,12,1055
csb_Latn,9336,False,0.5358024691358024,1489,0.5914051841746247,1182,0.9600000000000001,40,883
csk_Latn,17816,False,0.989749430523918,18,0.9920091324200914,14,0.9965596330275229,6,869
cso_Latn,17825,False,0.9984763839512443,0,0.9984763839512443,0,0.9984763839512443,0,986
csw_Cans,124,False,0.23529411764705882,11,0.5714285714285715,6,0.5714285714285715,6,4
csw_Latn,247,False,0.07253886010362695,179,0.8750000000000001,2,0.8750000000000001,2,7
csy_Latn,36704,False,0.9807640205906257,87,0.979680303440802,91,0.979680303440802,91,3675
cta_Latn,17725,False,0.9989224137931034,0,0.9989224137931034,0,0.9983827493261456,0,929
ctd_Latn,66425,False,0.8761514841351075,515,0.8760231923601637,518,0.8760231923601637,518,6073
cto_Latn,16604,False,0.9575411913814956,25,0.9566318455207343,28,0.9616858237547892,6,1620
ctp_Latn,25169,False,0.9994314951677089,0,0.9991474850809889,1,0.9991474850809889,1,1760
ctu_Latn,100000,False,0.9974602529588054,7,0.9976132439569367,9,0.9975629569455726,14,19730
cub_Latn,17667,False,0.995740653099858,5,0.995740653099858,5,0.9966840360018948,3,1056
cuc_Latn,17804,False,1.0,0,1.0,0,1.0,0,899
cui_Latn,17685,False,0.9972572682391662,5,0.9983525535420099,3,1.0,0,909
cuk_Latn,44245,False,0.986787330316742,48,0.9871353506069941,44,0.9871353506069941,44,2751
cul_Latn,17610,False,0.9967248908296943,6,0.9972692517749864,5,0.9994526546250684,1,913
cut_Latn,17581,False,0.9972572682391662,5,0.9983525535420099,3,0.9988998899889989,1,909
cux_Latn,11059,False,0.9995244888254874,1,0.9995244888254874,1,1.0,0,1051
cwd_Cans,231,True,0.5185185185185185,12,0.875,1,0.875,1,8
cwe_Latn,17817,False,0.8953252032520326,173,0.899795501022495,162,0.905349794238683,150,914
cwt_Latn,13447,False,0.9836688188378275,43,0.9896828429499427,27,0.9961479198767335,8,1295
cya_Latn,17827,False,0.8438300051203277,236,0.8456790123456791,229,0.8456790123456791,229,893
cym_Latn,100000,False,0.993008393265364,179,0.99200053329778,247,0.9910176652583252,334,29995
czt_Latn,19062,False,0.9986677324806822,3,0.9986670221274326,2,0.9986670221274326,2,1876
daa_Latn,17721,False,0.992914501653283,12,0.9938534278959811,10,0.9966808914177335,4,1054
dad_Latn,24369,False,0.9850993377483444,13,0.9867330016583749,11,0.9867330016583749,11,600
daf_Latn,10483,False,0.9989795918367348,2,0.9994895354772844,1,0.9994895354772844,1,979
dag_Latn,11906,False,0.7242770679219906,814,0.6794952681388013,1010,0.9422066549912435,125,1083
dah_Latn,23848,False,0.9976019184652278,3,0.9976019184652278,3,0.9976019184652278,3,624
dak_Latn,2019,False,0.815450643776824,43,0.9644670050761421,7,0.9895833333333333,2,95
dan_Latn,100000,False,0.9586746688217725,4900,0.9586856309606407,5406,0.958690477414201,5761,348795
dar_Cyrl,1870,False,0.7640449438202247,42,0.8717948717948718,20,0.9645390070921985,5,68
dbq_Latn,6656,False,0.989247311827957,10,0.9910233393177739,8,0.997289972899729,1,554
ddg_Latn,1354,False,0.36909871244635195,146,0.9148936170212766,7,0.9523809523809523,0,44
ddn_Latn,6765,False,0.9878542510121457,15,0.9886363636363636,13,0.9894394800974818,12,610
ded_Latn,34664,False,0.9962390305056414,9,0.9966555183946488,8,0.9966555183946488,8,1192
des_Latn,17332,False,0.999004975124378,2,0.9995022399203584,1,0.9995022399203584,1,1004
deu_Latn,100000,False,0.9888392273713374,1125,0.9889808602245638,1156,0.9898137813074657,1265,250334
dga_Latn,17138,False,0.9863180297962906,40,0.9890243902439024,31,0.9953831948291783,5,1627
dgc_Latn,17586,False,0.9627766599597585,74,0.9681335356600911,63,0.9953100573215216,7,957
dgi_Latn,13517,False,0.9946442234123947,14,0.9973149213655542,7,0.9980806142034548,5,1300
dgr_Latn,18978,False,0.9990467111534795,2,0.9990467111534795,2,0.9990467111534795,2,1048
dgz_Latn,24281,False,0.9884526558891454,14,0.9907407407407407,11,0.9907407407407407,11,643
dhg_Latn,1607,False,0.970873786407767,3,0.970873786407767,3,0.9803921568627451,2,50
dhm_Latn,11061,False,0.9158219479947113,185,0.9280286097451946,154,0.9803733843944471,20,1045
dhv_Latn,100000,False,0.9977726988193847,15,0.997772828507795,17,0.9976862967651808,32,34408
did_Latn,6278,False,0.9972752043596731,3,0.9990900818926297,1,1.0,0,549
dig_Latn,13447,False,0.8902527075812273,294,0.8998538011695906,262,0.9784517158818834,37,1243
dik_Latn,40448,False,0.9056332974524578,7,0.9075960679177838,13,0.9075960679177838,13,3043
dip_Latn,6750,False,0.9363110008271299,72,0.9384359400998336,67,0.9392173189009159,66,571
diq_Latn,28046,False,0.8662462661798871,617,0.8590692320342048,670,0.8590692320342048,670,2799
dis_Latn,11060,False,0.9861575178997614,28,0.9899377096310493,20,0.9951690821256038,6,1034
diu_Latn,166,False,0.0,116,0.0,0,0.0,0,2
div_Thaa,33933,False,0.9995662859621223,3,0.9995662859621223,3,0.9995662859621223,3,3457
dje_Latn,6801,False,0.9799518845228549,23,0.9807073954983923,21,0.9926650366748165,5,613
djk_Latn,92008,False,0.975778155065082,350,0.9730065507115427,394,0.9730065507115427,394,8699
djr_Latn,10796,False,0.9935929029078364,10,0.9930966469428008,10,0.9930966469428008,10,1011
dks_Latn,15265,False,0.8441893830703013,497,0.8471741637831603,482,0.8474185174502451,481,1517
dln_Latn,26435,False,0.9746596066565808,119,0.9750189250567751,116,0.9750189250567751,116,2592
dng_Cyrl,804,False,0.8163265306122449,9,1.0,0,1.0,0,20
dnj_Latn,21454,False,0.9988249118683902,4,0.9985902255639098,5,0.9985902255639098,5,2126
dnw_Latn,6439,False,0.9912280701754386,9,0.9947183098591549,5,0.9973474801061009,1,566
dob_Latn,31031,False,0.9955070603337612,9,0.9951845906902087,9,0.9951845906902087,9,1556
doi_Deva,3674,False,0.5630434782608695,389,0.6006984866123399,329,0.8408304498269895,63,272
dop_Latn,33651,False,0.9992720920075703,1,0.9992720920075703,1,0.9992720920075703,1,3436
dos_Latn,6742,False,0.9869067103109657,16,0.9901477832512315,12,0.9925925925925926,9,603
dow_Latn,11019,False,0.9985652797704447,3,0.9980879541108987,4,0.9976019184652277,1,1044
drg_Latn,201,False,0.013289036544850499,295,0.5714285714285715,1,0.5714285714285715,1,4
dru_Latn,29903,False,0.9939859672569329,29,0.9938158114658199,28,0.9938158114658199,28,2982
dsb_Latn,9265,False,0.5506756756756757,1299,0.6083364626361247,1007,0.817258883248731,319,846
dsh_Latn,6743,False,0.9819742489270386,21,0.9862068965517241,16,0.9982547993019197,2,572
dtb_Latn,6615,False,0.9602032176121931,47,0.9659284497444633,40,0.9903930131004367,11,567
dtp_Latn,52534,False,0.9688002573174653,34,0.9720264787529361,39,0.9720264787529361,39,4775
dts_Latn,13356,False,0.9956157831805501,9,0.9960127591706539,8,0.9959999999999999,4,1251
dty_Deva,11466,False,0.5247089262613196,1759,0.531652219595482,1703,0.6795713791911511,818,1092
dua_Latn,43871,False,0.9955317247542449,25,0.9938650306748467,39,0.9938650306748467,39,4471
due_Latn,17710,False,0.983698707138842,28,0.9864712514092446,23,0.9982866933181039,1,876
dug_Latn,13397,False,0.9342301943198804,173,0.9394964299135664,158,0.9865506329113923,28,1253
duo_Latn,17496,False,0.9505263157894737,93,0.9520295202952029,90,0.9933920704845816,10,904
dur_Latn,11023,False,0.998530132288094,3,0.9990196078431373,2,0.9995095635115253,1,1019
dwr_Ethi,1693,False,0.8141592920353983,14,0.8141592920353983,14,0.8141592920353983,14,53
dwr_Latn,28305,False,0.9508620689655173,110,0.9507346585998273,107,0.9507346585998273,107,1107
dww_Latn,31055,False,0.9934959349593495,7,0.9918831168831169,9,0.9918831168831169,9,612
dyi_Latn,17802,False,0.9970942299709422,4,0.9966777408637874,4,0.9970869746150646,1,1204
dyo_Latn,14804,False,0.9825853985264568,46,0.9852348993288589,39,0.9935483870967743,9,1473
dyu_Latn,100000,False,0.9629225259848022,249,0.9621928579229007,260,0.9609461784757465,354,23498
dzo_Tibt,13407,False,0.7805227354099534,433,0.7805755395683454,425,0.7805755395683454,425,1270
ebk_Latn,17799,False,0.9910891089108911,16,0.9905987135081642,17,0.9975087194818136,3,1003
efi_Latn,100000,False,0.9983561387395504,19,0.9983796526490047,23,0.9983796905618438,25,85591
eka_Latn,17820,False,0.993576017130621,15,0.9946409431939979,12,0.9974901398350663,3,1395
ekk_Latn,100000,False,0.974548841340075,2367,0.9756944794192346,2657,0.9765501279958422,3159,353261
eko_Latn,2700,False,0.6601178781925344,173,0.8235294117647058,72,0.9378531073446327,20,168
ell_Grek,100000,False,0.9858341044546575,275,0.9865996757592083,388,0.9879419694440879,414,393732
eme_Latn,645,False,0.3846153846153846,46,0.7317073170731708,9,0.7317073170731708,9,17
emi_Latn,18149,False,0.9903100775193799,20,0.9936801166747691,13,0.9936801166747691,13,1022
eml_Latn,25500,False,0.9219593965356677,366,0.9099281635660342,431,0.9099281635660342,431,2528
emp_Latn,18016,False,0.9953246753246753,1,0.9958463136033228,1,0.9958463136033228,1,966
enb_Latn,13439,False,0.9980491611392899,4,0.9980491611392899,4,0.9988285825849278,2,1280
eng_Latn,100000,False,0.9799190972032928,5242,0.9812950103776344,5892,0.987295321062925,8374,1164217
enl_Latn,11016,False,0.9946731234866828,11,0.9946731234866828,11,1.0,0,1027
enm_Latn,34177,False,0.34105200119772433,13180,0.38344177698003135,10969,0.38344177698003135,10969,3441
enq_Latn,16127,False,0.9103448275862069,13,0.9361702127659575,9,0.9850746268656716,2,66
enx_Latn,26138,False,0.9930902111324377,25,0.9930902111324377,25,0.9930902111324377,25,2598
epo_Latn,100000,False,0.9916968588028605,806,0.9919072281345833,884,0.9917088497119916,1126,137510
eri_Latn,17713,False,0.9941395844432606,11,0.9957310565635006,8,0.9994638069705095,0,933
ese_Latn,24273,False,0.9984779299847794,5,0.9984779299847794,5,0.9984779299847794,5,1640
esi_Latn,11038,False,0.9706457925636007,30,0.9701126898579129,29,0.9710642471799902,27,1022
esk_Latn,17756,False,0.9655913978494625,39,0.9661108122646586,38,0.9661108122646586,38,923
ess_Latn,6942,False,0.9698890649762282,38,0.9792000000000001,26,0.9918166939443536,4,612
esu_Latn,11057,False,0.9778615167216204,47,0.9866920152091254,28,0.9947089947089947,7,1038
eto_Latn,153,False,0.11267605633802817,63,0.4,0,0.4,0,4
etr_Latn,9965,False,0.969521044992743,21,0.9780380673499268,15,0.9925705794947994,5,334
etu_Latn,11024,False,0.9943181818181819,12,0.994789199431549,11,0.9966777408637874,7,1050
eus_Latn,100000,False,0.9931409183391666,342,0.992983839180134,437,0.9924312287725771,610,88981
eve_Cyrl,1953,False,0.7219917012448133,66,0.8743718592964823,24,0.9828571428571428,1,88
ewe_Latn,100000,False,0.996549554621014,128,0.9968530670187526,187,0.9970067505217515,238,151388
ewo_Latn,11283,False,0.9834044570886676,18,0.9876425855513308,11,0.9875598086124402,4,1054
ext_Latn,8692,False,0.42332613390928725,2117,0.476894639556377,1669,0.7544910179640718,445,803
eza_Latn,30724,False,0.981064316030036,67,0.9814090019569472,69,0.9814090019569472,69,3054
faa_Latn,24288,False,0.9917726252804786,11,0.9917726252804786,11,0.9917726252804786,11,663
fad_Latn,1949,False,0.8625592417061612,29,0.9578947368421054,8,0.9837837837837838,3,91
fai_Latn,28850,False,0.9895209580838322,13,0.991747936984246,10,0.991747936984246,10,662
fal_Latn,13515,False,0.9925577751664709,16,0.9933359466875735,14,0.9968429360694555,1,1270
fan_Latn,17431,False,0.8921673819742488,388,0.8946375639989221,374,0.9108367626886147,308,1677
fao_Latn,94618,False,0.9653339924612249,458,0.9625069260604567,512,0.9625069260604567,512,7914
far_Latn,10940,False,0.983050847457627,7,0.983050847457627,7,0.9854368932038834,6,203
fas_Arab,100000,False,0.9526989342253036,586,0.9541347610072628,613,0.9548643808466662,625,343986
fat_Latn,39870,False,0.8212540716612378,1718,0.8122358623465487,1830,0.8122358623465487,1830,4072
ffm_Latn,24480,False,0.9269521410579346,96,0.9287518948964123,91,0.9287518948964123,91,969
fij_Latn,100000,False,0.9941031006277345,93,0.9943636849277238,112,0.9944516853119004,142,110955
fil_Latn,100000,False,0.970262170416116,3551,0.969498259179358,3804,0.9705804042132468,4054,140931
fin_Latn,100000,False,0.9555250086736553,2343,0.964053861193138,2731,0.9747596136619988,3272,354399
fit_Latn,3881,False,0.03475359699728922,13859,0.048861203036791895,9745,0.09251101321585903,4485,278
fkv_Latn,1884,False,0.0343980343980344,3128,0.07257501744591766,1309,0.09156193895870735,991,72
fmu_Deva,974,False,0.6578947368421052,26,0.704225352112676,21,0.9615384615384615,2,25
fon_Latn,100000,False,0.9927433091443638,65,0.994324525493115,99,0.9941713303764252,138,21519
for_Latn,31149,False,0.9813242784380306,22,0.9829931972789115,20,0.9829931972789115,20,578
fra_Latn,100000,False,0.9848798515074999,1077,0.9878949305961585,1348,0.9921324557740616,1671,302449
frd_Latn,10934,False,0.9877777777777779,20,0.9905292479108635,15,0.9977528089887641,1,891
fro_Latn,15794,False,0.6484319735911341,1420,0.6976269456494004,1106,0.7235059760956175,957,1446
frp_Latn,5176,False,0.20691532806969778,2893,0.2637130801687763,2069,0.8275058275058274,103,400
frr_Latn,10794,False,0.5546697038724373,1548,0.6275016139444803,1136,0.8983050847457628,180,990
fry_Latn,100000,False,0.9693727960695748,584,0.9642674230784384,723,0.9568713164981851,941,12422
fub_Latn,38248,False,0.9605437665782494,122,0.9579609400860642,135,0.9579609400860642,135,3013
fud_Latn,9316,False,0.5530799475753603,1360,0.626255113425065,999,0.7557603686635944,502,848
fue_Latn,10730,False,0.9721669980119285,46,0.9726231956197113,44,0.9760239760239761,37,988
fuf_Latn,21670,False,0.9751098096632504,30,0.9747345294763823,30,0.9747345294763823,30,1370
fuh_Latn,24509,False,0.9364735048032228,104,0.9332919640086875,107,0.9332919640086875,107,1612
fuq_Latn,17770,False,0.9612167300380229,63,0.9585393685812096,66,0.9585393685812096,66,1303
fur_Latn,46173,False,0.8639581744907963,694,0.8449299957573186,924,0.8449299957573186,924,4521
fuv_Arab,6753,False,1.0,0,1.0,0,1.0,0,575
fuv_Latn,30578,False,0.9233031119823573,134,0.9181044957472662,163,0.9181044957472662,163,2063
gaa_Latn,100000,False,0.9964894106813996,32,0.9965090630094946,44,0.9968417369967267,69,104590
gag_Cyrl,14070,False,0.9749727965179543,61,0.9749546279491833,60,0.986219739292365,9,1352
gag_Latn,14325,False,0.709,1156,0.7144298688193744,1122,0.9829907866761163,9,1426
gah_Latn,24357,False,0.98793242156074,15,0.9911218724778047,11,0.9911218724778047,11,614
gai_Latn,17631,False,0.9938524590163934,6,0.9948717948717949,4,0.9964047252182845,1,976
gam_Latn,24151,False,0.993798449612403,8,0.9953416149068323,6,0.9953416149068323,6,641
gaw_Latn,24230,False,0.9966722129783694,4,0.9975020815986678,3,0.9975020815986678,3,599
gaz_Latn,100000,False,0.9881365363082439,134,0.9891334174853191,160,0.9931817716473632,243,73516
gbi_Latn,13298,False,0.9894651539708267,26,0.9906617945594803,22,0.997134670487106,4,1221
gbo_Latn,6764,False,0.9949664429530202,5,0.9974768713204373,2,0.9983164983164983,1,594
gbr_Latn,10708,False,0.9857493857493858,26,0.9876786594381468,21,0.9930348258706468,6,1006
gcf_Latn,67389,False,0.97438494934877,153,0.9734296028880866,175,0.9734296028880866,175,6934
gcr_Latn,26871,False,0.9672042036600833,151,0.9673202614379085,145,0.9673202614379085,145,2699
gde_Latn,17787,False,0.9993164730006835,2,0.9993164730006835,2,0.9993164730006835,2,1462
gdg_Latn,10967,False,0.9931972789115646,13,0.9936801166747691,12,0.9960822722820764,2,1023
gdn_Latn,23906,False,0.9807531380753138,23,0.9832214765100671,20,0.9832214765100671,20,586
gdr_Latn,24452,False,0.9984202211690364,2,0.9984202211690364,2,0.9984202211690364,2,632
geb_Latn,17527,False,0.9968911917098446,3,0.9968911917098446,3,0.9972337482710927,1,1449
gej_Latn,6763,False,0.990509059534081,11,0.9948006932409013,6,0.9982547993019197,0,574
gfk_Latn,23745,False,0.9919649379108839,10,0.9934162399414777,8,0.9934162399414777,8,680
ghe_Deva,11062,False,0.9879182156133829,25,0.9869767441860465,25,0.9891355692017004,6,1064
ghs_Latn,29407,False,0.9833887043189369,19,0.9866666666666667,15,0.9866666666666667,15,593
gid_Latn,11033,False,0.9938650306748466,12,0.9957406530998582,7,0.9981024667931688,2,1054
gil_Latn,100000,False,0.9975618708053692,90,0.9976942224551291,106,0.9974462066346242,129,38147
giz_Latn,34343,False,0.9888615651670765,61,0.9885722551714161,62,0.9885722551714161,62,3434
gjn_Latn,30192,False,0.9962276529440708,12,0.9965545529122232,10,0.9965545529122232,10,3048
gkn_Latn,77520,False,0.9906659149282716,132,0.9907279789500063,131,0.9907279789500063,131,7924
gla_Latn,100000,False,0.9872892127785781,171,0.9863721008972406,195,0.9835526315789473,271,11780
gle_Latn,100000,False,0.988757770911663,171,0.9884775498067202,220,0.9877166289382863,284,26994
glg_Latn,100000,False,0.8865190354258702,7510,0.8801652315893771,8060,0.8738178646100164,8605,32062
glk_Arab,22263,False,0.2152711836005139,13875,0.2148751115075825,13908,0.2148751115075825,13908,2101
glv_Latn,60970,False,0.9915110356536502,32,0.990838140481846,38,0.990838140481846,38,4423
gmh_Latn,3042,False,0.4520884520884521,444,0.6174496644295302,226,0.9441340782122903,3,186
gmv_Ethi,10916,True,0.9523809523809523,30,0.9519607843137255,32,0.9514467876410005,32,1037
gmv_Latn,30907,False,0.9790034471952366,54,0.9798994974874373,49,0.9798994974874373,49,1575
gna_Latn,10888,False,0.9989827060020345,1,0.9989827060020345,1,1.0,0,491
gnb_Latn,11064,False,0.9731977818853974,52,0.9767873723305479,43,0.9868421052631579,19,1059
gnd_Latn,13375,False,0.9980582524271844,1,0.9980582524271844,1,0.9984459984459985,0,1289
gng_Latn,17738,False,0.9895104895104895,24,0.9903762029746281,22,0.9929824561403509,16,1132
gnn_Latn,15289,False,0.9943086709072648,7,0.9946416610850636,6,0.995308310991957,4,1495
gnw_Latn,36657,False,0.9863339275103981,25,0.9861495844875346,28,0.9861495844875346,28,2534
goa_Latn,1598,False,0.652482269503546,48,0.9108910891089108,8,0.968421052631579,2,47
gof_Ethi,11001,True,0.7286527514231499,124,0.7328244274809159,121,0.7342256214149139,120,211
gof_Latn,17756,False,0.905464698843239,224,0.9112093210124549,207,0.9278688524590164,160,1148
gog_Latn,14102,False,0.9604240282685513,95,0.9627791563275433,87,0.9850528618301131,16,1376
goh_Latn,306,False,0.02046783625730994,666,0.6666666666666666,3,0.7368421052631579,1,11
gom_Deva,3496,False,0.29375764993880055,1137,0.3194070080862534,990,0.5506172839506173,330,257
gom_Latn,77660,False,0.9848058525604952,118,0.9836739780658025,155,0.9836739780658025,155,8000
gor_Latn,13438,False,0.9911640414905878,22,0.9938366718027736,15,0.9984496124031007,1,1291
gos_Latn,3946,False,0.19326891036321225,2410,0.3471376370280146,1056,0.565677966101695,376,301
got_Goth,7413,True,1.0,0,1.0,0,1.0,0,159
got_Latn,4657,False,0.9660265878877401,19,0.9818731117824774,6,0.9691358024691358,3,331
gqr_Latn,17816,False,0.9994783515910277,1,0.9994783515910277,1,1.0,0,958
grc_Grek,100000,False,0.879907887161773,5038,0.8794195554531843,5043,0.8770149253731343,5171,19282
grt_Beng,13469,False,0.991271347248577,20,0.991271347248577,20,0.9977029096477795,0,1309
gso_Latn,18608,False,0.9931084512150888,9,0.9938338774029742,8,0.9938338774029742,8,1379
gsw_Latn,93517,False,0.8167214147504837,3507,0.7859794526461193,4421,0.7859794526461193,4421,9641
gub_Latn,56520,False,0.9916078580965096,2,0.9938148253877629,2,0.9938148253877629,2,5285
guc_Latn,100000,False,0.9992631442070131,10,0.9993499176562364,11,0.9990901213171577,23,23078
gud_Latn,11042,False,0.9985315712187959,2,0.9990205680705191,1,0.9985301322880941,1,1021
gug_Latn,100000,False,0.9742732184203756,188,0.9734814883981512,305,0.9744728854361706,422,43669
guh_Latn,17659,False,0.9972206781545303,5,0.9977753058954394,4,0.9988864142538975,2,897
gui_Latn,28148,False,0.9741458910433979,76,0.9755196304849886,72,0.9755196304849886,72,2146
guj_Gujr,100000,False,0.999984778604807,0,0.9999949262530886,0,0.9999949262530886,0,98547
guj_Latn,4070,False,0.7837483617300132,147,0.8087431693989071,119,0.8905775075987841,48,317
guk_Ethi,13514,True,0.9193724917913171,207,0.9207161125319694,203,0.9763033175355451,22,1274
gul_Latn,17812,False,0.979370249728556,37,0.9847161572052402,27,0.9983397897066961,2,903
gum_Latn,19118,False,0.9980175587652222,6,0.998300283286119,5,0.998300283286119,5,1763
gun_Latn,17907,False,0.9733681462140992,45,0.9758656873032528,38,0.9872476089266737,15,938
guo_Latn,17493,False,0.9944567627494457,10,0.9933554817275748,12,0.9994428969359331,1,897
guq_Latn,13503,False,0.9953452288595811,11,0.9957281553398057,9,0.9980506822612086,1,1284
gur_Latn,77453,False,0.9902887972072358,55,0.9901077996195308,64,0.9901077996195308,64,7899
guu_Latn,6743,False,0.9948364888123925,6,0.997411561691113,3,0.9982728842832469,2,578
guw_Latn,100000,False,0.9969412876432994,123,0.9970077004053282,121,0.9969581686020009,128,60381
gux_Latn,27027,False,0.9915524685564107,35,0.9909876079609462,36,0.9909876079609462,36,2651
guz_Latn,7508,False,0.946219797349961,66,0.9581689029202841,50,0.9787581699346405,15,610
gvc_Latn,24005,False,0.9990732159406859,3,0.9990732159406859,3,0.9990732159406859,3,1617
gvf_Latn,24429,False,0.9931766489764974,8,0.9946848899012909,6,0.9946848899012909,6,656
gvl_Latn,17827,False,0.9978902953586498,3,0.9973642593568793,4,0.9984152139461172,1,947
gvn_Latn,11212,False,0.9980411361410382,3,0.9980411361410382,3,0.9980353634577603,0,1020
gwi_Latn,17620,False,0.9966934341048654,7,0.9981078524124881,4,1.0,0,1055
gwr_Latn,6749,False,0.812019566736548,266,0.8420289855072465,215,0.9801894918173988,8,584
gya_Latn,38815,False,0.9954128440366973,8,0.9945945945945946,11,0.9945945945945946,11,3058
gym_Latn,100000,False,0.9977354523029641,29,0.9978575470935404,35,0.9975551110302883,50,24756
gyr_Latn,46436,False,0.9944669863518997,14,0.993367722918202,17,0.993367722918202,17,1349
hac_Arab,28717,False,0.8179436804191226,860,0.8177501228098903,860,0.8177501228098903,860,2750
hae_Latn,13526,False,0.6967882416984214,1104,0.7119021134593992,1026,0.86652977412731,366,1290
hag_Latn,14200,False,0.9923830250272035,18,0.994909090909091,11,0.9970781592403214,2,1371
hak_Hani,29565,False,0.8789691670501611,779,0.8797050238131819,771,0.8797050238131819,771,2875
hak_Latn,13696,False,0.9889763779527558,4,0.9897557131599685,2,0.990145841545132,1,1280
hat_Latn,100000,False,0.985867504858795,84,0.9860658096699922,95,0.9864827652263448,144,42182
hau_Latn,100000,False,0.9831537298944497,737,0.9815418556195612,908,0.9801719085758936,1124,40640
hav_Latn,7393,False,0.7869507323568575,287,0.8209059233449477,222,0.8848484848484849,112,624
haw_Latn,6448,False,0.9636678200692042,29,0.9753954305799648,13,0.9630963096309632,6,570
hay_Latn,13828,False,0.6075715604801478,965,0.6209499842717835,895,0.6612300373768263,673,1297
hbo_Hebr,100000,False,0.5443524886350392,6362,0.5495957711442787,6288,0.5495957711442787,6288,12370
hbs_Latn,100000,False,0.9240913575288767,6928,0.9245032536072603,7551,0.9329869102802975,8716,239539
hch_Latn,30840,False,0.9893758300132802,15,0.9904846204912591,13,0.9904846204912591,13,2268
heb_Hebr,100000,False,0.9691379651773881,5451,0.9695211113142022,5391,0.9695161888127866,5393,197568
heg_Latn,18356,False,0.9819251786464901,38,0.9848357203032856,32,0.9848357203032856,32,1173
heh_Latn,18364,False,0.9243316719528772,161,0.9322964318389753,141,0.9322964318389753,141,1026
her_Latn,100000,False,0.9935560770290908,110,0.9930460005206202,139,0.992016042185005,172,13400
hif_Latn,21900,False,0.9457155675190669,152,0.9331556739951145,204,0.9331556739951145,204,2198
hig_Latn,13520,False,0.9995943204868154,0,0.9995943204868154,0,0.9991883116883118,0,1233
hil_Latn,100000,False,0.9776048725266666,3272,0.9772040350452093,3364,0.978115559512831,3639,157037
hin_Deva,100000,False,0.9076907773669988,861,0.9135975430528888,941,0.9380273541087415,1431,196800
hin_Latn,34642,False,0.957391304347826,66,0.958864426419467,63,0.958864426419467,63,3531
hix_Latn,17476,False,0.9965792474344356,6,0.997716894977169,4,0.9994282447112636,1,874
hla_Latn,23887,False,0.9907692307692307,12,0.9938271604938271,8,0.9938271604938271,8,644
hlt_Latn,6729,False,0.9314857582755965,89,0.9322033898305084,88,0.9335394126738795,85,605
hmo_Latn,100000,False,0.9801244088449576,420,0.979728829812738,425,0.9796985952557253,436,95330
hmr_Latn,61468,False,0.9617021276595745,305,0.9605343047966,315,0.9605343047966,315,3965
hne_Deva,50507,False,0.7582712985938792,1200,0.7510685935273763,1331,0.7510685935273763,1331,4805
hnj_Latn,61097,False,0.991984610452068,64,0.9921449182430266,63,0.9921449182430266,63,6224
hnn_Latn,13501,False,0.9570642201834862,115,0.9605602653888685,104,0.9930981595092024,7,1306
hns_Latn,19168,False,0.9861623616236163,19,0.9893567792688569,12,0.9893567792688569,12,1080
hoc_Latn,380,False,0.03846153846153846,298,0.7142857142857143,1,0.7692307692307693,0,8
hoc_Wara,499,False,0.5641025641025641,17,0.9565217391304348,1,0.9565217391304348,1,11
hop_Latn,11019,False,0.996508728179551,7,0.9975037443834248,5,0.9994997498749374,1,999
hot_Latn,23745,False,0.9983818770226538,2,0.9983818770226538,2,0.9983818770226538,2,617
hra_Latn,30616,False,0.9822938267666295,83,0.9826073081219086,81,0.9826073081219086,81,3107
hrx_Latn,38051,False,0.9569160997732425,104,0.9566955363091273,109,0.9566955363091273,109,3806
hsb_Latn,28261,False,0.8102625298329356,1194,0.8026686434395849,1244,0.8026686434395849,1244,2794
hto_Latn,17753,False,0.9985927385308191,5,0.9985927385308191,5,1.0,0,1774
hub_Latn,23928,False,0.9880837359098229,29,0.9896774193548387,24,0.9896774193548387,24,1542
hui_Latn,64883,False,0.9958081043316256,9,0.9962721342031687,8,0.9962721342031687,8,1069
hun_Hung,11832,False,0.9887640449438202,1,0.967032967032967,3,0.9887640449438202,1,44
hun_Latn,100000,False,0.987720651561455,1155,0.9888476693897167,1354,0.988983774661017,1586,393185
hus_Latn,57511,False,0.9899685287175453,28,0.9897798742138364,33,0.9897798742138364,33,5107
huu_Latn,24119,False,0.9949409780775718,6,0.9949409780775718,6,0.9949409780775718,6,590
huv_Latn,20043,False,0.9881630863656291,24,0.9912049252418645,17,0.9912049252418645,17,1130
hvn_Latn,13972,False,0.9924160346695557,16,0.9934924078091106,13,0.9952881478796666,7,1379
hwc_Latn,10591,False,0.7894736842105263,536,0.8200734394124847,441,0.9955201592832256,4,1005
hye_Armn,100000,False,0.9871635610766045,889,0.987110934230695,1000,0.9871070446288547,1001,127526
hyw_Armn,100000,False,0.9735428977760342,2351,0.9732960034055372,2266,0.9732960034055372,2266,60442
ian_Latn,30210,False,0.9991617770326907,0,0.9991617770326907,0,0.9991617770326907,0,597
iba_Latn,100000,False,0.9923107592413282,121,0.99226393629124,145,0.9909261044632224,222,17571
ibg_Latn,97484,False,0.9599388817265913,777,0.9329067556915658,1393,0.9329067556915658,1393,10114
ibo_Latn,100000,False,0.994215515573612,115,0.9941522728810448,158,0.9939911509554262,194,51874
icr_Latn,17695,False,0.979792463134899,37,0.9819376026272578,33,0.9933407325194228,10,897
ido_Latn,33665,False,0.3142784938084408,13230,0.3366688185926405,12013,0.3366688185926405,12013,3446
idu_Latn,59832,False,0.9864029666254636,131,0.9802669286825513,208,0.9802669286825513,208,6019
ifa_Latn,57138,False,0.9901701722862276,53,0.9895382014160414,57,0.9895382014160414,57,4724
ifb_Latn,33099,False,0.9845192021434951,76,0.9833333333333334,81,0.9833333333333334,81,3335
ife_Latn,17731,False,0.9991042102120036,3,0.9991042102120036,3,0.9997012249775918,1,1673
ifk_Latn,17387,False,0.9826319305277222,44,0.9836175192243397,41,0.9905660377358491,19,1479
ifu_Latn,17672,False,0.9922928709055878,22,0.9932497589199615,19,0.9987071751777634,2,1547
ify_Latn,55082,False,0.9927543626900704,40,0.9926530612244897,41,0.9926530612244897,41,4895
ige_Latn,63586,False,0.9917708015848826,102,0.9916952380952381,103,0.9916952380952381,103,6514
ign_Latn,28193,False,0.9957574245071126,16,0.9957595410326765,17,0.9957595410326765,17,1996
ike_Cans,30725,False,1.0,0,1.0,0,1.0,0,3112
ikk_Latn,44245,False,0.9919714540588761,58,0.9926058133605303,54,0.9926058133605303,54,3897
ikt_Latn,1601,False,0.6742857142857143,57,0.9365079365079364,8,0.9914529914529915,0,59
ikw_Latn,17829,False,0.9818780889621087,31,0.9829576690489279,29,0.9867549668874173,22,896
ilb_Latn,10085,False,0.7779632721202002,525,0.8120366332315743,423,0.9635883905013193,43,939
ile_Latn,14414,False,0.578981027499467,1915,0.6638861629048086,1305,0.763323782234957,740,1418
ilo_Latn,100000,False,0.9861159724652899,576,0.9859466916675977,672,0.9865306478671102,808,103704
imo_Latn,23862,False,0.9952681388012617,5,0.9968404423380727,3,0.9968404423380727,3,632
ina_Latn,56283,False,0.8788766368022053,1259,0.8697207084468664,1389,0.8697207084468664,1389,5248
inb_Latn,17919,False,0.9938962360122076,10,0.9938962360122076,10,0.9964303926568077,5,979
ind_Latn,100000,False,0.9121849470521424,13133,0.9111430715357679,13510,0.9150441996886416,14366,265098
inh_Cyrl,2521,False,0.11983887210473312,1729,0.13221288515406163,1529,0.3323699421965318,439,138
ino_Latn,23125,False,0.9873617693522907,15,0.9897070467141726,12,0.9897070467141726,12,626
iou_Latn,32094,False,0.9979939819458375,6,0.9979939819458375,6,0.9979939819458375,6,1992
ipi_Latn,19056,False,0.9934782608695651,6,0.9934782608695651,6,0.9934782608695651,6,457
iqw_Latn,11059,False,0.9085997298514183,160,0.9131423374261027,143,0.9168949771689497,134,1052
iri_Latn,17827,False,0.9947275922671353,11,0.9969176574196389,6,0.9991166077738516,0,1133
irk_Latn,13515,False,0.9860535243120996,35,0.9882886286361919,29,0.9954303122619954,9,1310
iry_Latn,13449,False,0.9655430711610486,86,0.9691497366440933,75,0.9926328034121753,4,1295
isd_Latn,10971,False,0.9805636540330418,40,0.9848706686188385,31,0.9926144756277695,14,1009
ish_Latn,88944,False,0.9865042791310072,195,0.983325132578864,256,0.983325132578864,256,9042
isl_Latn,100000,False,0.9878242952140114,248,0.9873802290254733,299,0.9862579034553557,359,21366
iso_Latn,100000,False,0.9959242515929234,90,0.9955759695925797,94,0.9954343588967701,112,56325
ita_Latn,100000,False,0.9845232842115538,1703,0.9847082127076032,1888,0.9851112648425819,2143,247988
itl_Cyrl,978,False,0.9152542372881356,5,0.9818181818181818,1,1.0,0,27
itv_Latn,13512,False,0.9826589595375722,42,0.9849129593810445,34,0.9937402190923318,8,1278
ium_Latn,42126,False,0.9993074792243767,4,0.9990766389658357,5,0.9990766389658357,5,4331
ivb_Latn,11038,False,0.9795307039440839,41,0.9834586466165414,33,0.994908350305499,6,981
ivv_Latn,11031,False,0.9757688723205964,51,0.981698732989207,37,0.9937828790052606,4,1048
iws_Latn,24587,False,1.0,0,1.0,0,1.0,0,646
ixl_Latn,54068,False,0.9971042471042472,18,0.9971042471042472,18,0.9971042471042472,18,4138
izr_Latn,17843,False,0.9947613504074505,17,0.99504806291873,15,0.9979526177244809,3,1710
izz_Latn,37494,False,0.9651980113149322,76,0.9645487240965918,81,0.9645487240965918,81,2942
jaa_Latn,4307,False,0.9284671532846714,49,0.9636363636363636,24,0.9921507064364207,3,318
jac_Latn,24475,False,0.9959661153691004,16,0.9957652752571082,17,0.9957652752571082,17,2473
jae_Latn,21891,False,0.9988539995415998,3,0.9986244841815681,3,0.9986244841815681,3,2181
jam_Latn,32289,False,0.9378765060240963,92,0.9351625634279271,104,0.9351625634279271,104,2729
jav_Java,6597,False,0.998696219035202,1,0.998696219035202,1,0.998696219035202,1,383
jav_Latn,100000,False,0.9613489958317545,603,0.9590038715077953,806,0.9525071425613846,1232,24066
jbo_Latn,12439,False,0.9721988205560237,54,0.9850618864703371,23,0.9870242214532873,5,1166
jbu_Latn,13500,False,0.9917808219178083,19,0.99294670846395,16,0.9968503937007874,5,1269
jic_Latn,17740,False,0.9982068141063957,6,0.9982068141063957,6,0.9997006884166418,1,1670
jiv_Latn,17510,False,0.9968963376784605,9,0.997825411618515,6,0.9987562189054727,3,1607
jmc_Latn,13528,False,0.955679702048417,111,0.9602996254681647,97,0.9875389408099688,9,1291
jpn_Jpan,100000,False,0.9959076545853263,188,0.9959969712142026,196,0.9959994475192627,196,203337
jra_Latn,19753,False,0.9965253648366921,7,0.9965229485396384,6,0.9965229485396384,6,1437
jun_Orya,6741,True,0.9843363561417973,17,0.9834983498349835,17,0.9838846480067853,0,599
jvn_Latn,23937,False,0.7689440993788821,370,0.7855329949238579,336,0.7855329949238579,336,621
kaa_Cyrl,38209,False,0.9702596837371246,169,0.9710965867828614,162,0.9710965867828614,162,3380
kaa_Latn,20305,False,0.9774025329029054,83,0.9798256537982565,72,0.9798256537982565,72,1976
kab_Latn,100000,False,0.9937219847636148,246,0.9938272006452495,252,0.9940757678116718,336,77092
kac_Latn,100000,False,0.997038091520676,23,0.9970840125823709,22,0.997154266305595,31,21818
kak_Latn,165,False,0.01556420233463035,253,0.17391304347826084,19,0.17391304347826084,19,2
kal_Latn,100000,False,0.9968984175137533,71,0.9969446644788956,77,0.9962015013113864,115,22083
kam_Latn,100000,False,0.9925720323613368,64,0.992527666551061,78,0.9924518192848925,93,31876
kan_Knda,100000,False,0.9950371857591268,35,0.9955700003532695,39,0.9972710926206677,59,71042
kan_Latn,4121,False,0.626865671641791,339,0.6976190476190477,242,0.8837209302325582,55,305
kao_Latn,13507,False,0.992161254199328,20,0.9947643979057591,14,0.997373358348968,6,1330
kap_Cyrl,776,False,0.9811320754716981,1,0.9811320754716981,1,1.0,0,26
kaq_Latn,24486,False,0.9897879025923016,13,0.9929078014184397,9,0.9929078014184397,9,630
kas_Arab,10408,False,0.9452887537993923,102,0.9471544715447154,97,0.982740021574973,4,939
kas_Deva,7226,False,0.3649801023308698,2221,0.36907157229088816,2182,0.5837587006960556,871,655
kas_Latn,405,False,0.03621730382293763,479,0.42105263157894735,21,0.761904761904762,4,9
kat_Geor,100000,False,0.9951445580175771,237,0.9951067819088123,244,0.9951067819088123,244,65678
kaz_Cyrl,100000,False,0.992552843400301,360,0.9919434998692126,411,0.9908702637044002,504,38127
kbc_Latn,17609,False,0.9989451476793249,1,0.9989451476793249,1,0.9994722955145119,0,948
kbd_Cyrl,46268,False,0.9572153734590282,376,0.9561349058555763,388,0.9561349058555763,388,4657
kbh_Latn,17713,False,0.9944258639910815,10,0.9949804796430564,9,0.999439775910364,1,892
kbm_Latn,24119,False,0.9949238578680203,4,0.995766299745978,3,0.995766299745978,3,590
kbo_Latn,4300,False,0.9953917050691244,3,0.9984591679506933,1,0.9984591679506933,1,324
kbp_Latn,100000,False,0.9972224525329575,20,0.9972651555960717,30,0.9962339113520672,85,24169
kbq_Latn,28955,False,0.9816470588235294,38,0.9825718323127649,36,0.9825718323127649,36,1044
kbr_Latn,12888,False,0.9941291585127202,15,0.9952978056426333,12,0.9968454258675078,2,1270
kby_Latn,1099,False,0.35220125786163525,103,0.5833333333333334,40,0.6666666666666666,28,28
kca_Cyrl,951,False,0.358974358974359,99,0.717948717948718,21,0.9473684210526316,1,29
kcg_Latn,11045,False,1.0,0,1.0,0,1.0,0,220
kck_Latn,26283,False,0.8365766106177971,473,0.8397873955960515,450,0.8397873955960515,450,2606
kdc_Latn,17827,False,0.9149471565173628,125,0.9223744292237444,109,0.9312820512820512,89,953
kde_Latn,26927,False,0.9476216916527854,229,0.9501020218883325,216,0.9501020218883325,216,2614
kdh_Latn,1820,False,0.9879518072289156,2,1.0,0,1.0,0,82
kdi_Latn,17817,False,0.9881422924901185,21,0.9900990099009901,17,0.996512207274539,4,1003
kdj_Latn,13519,False,0.9894179894179894,26,0.9897920604914933,25,0.9935483870967742,15,1311
kdl_Latn,17708,False,0.9909333333333333,12,0.989855846235985,12,0.9919743178170145,8,934
kdr_Latn,85,False,0.04195804195804196,137,0.3333333333333333,2,0.3333333333333333,2,3
kea_Latn,100000,False,0.9537529550827423,579,0.9458264840182647,846,0.9403694697492107,1015,13583
kei_Latn,226,False,0.06349206349206349,177,0.8333333333333334,1,0.8,0,6
kek_Latn,100000,False,0.9959625752484104,71,0.9959880123743233,77,0.9957475596791341,88,20694
ken_Latn,17805,False,0.9978517722878625,4,0.9967811158798282,6,0.9973132724341752,4,929
keo_Latn,6847,False,0.980688497061293,22,0.9856297548605241,15,0.9957081545064378,0,585
ker_Latn,6741,False,0.9932659932659933,8,0.9974597798475868,2,0.9983050847457627,1,590
kew_Latn,26979,False,0.9925925925925927,11,0.9936440677966101,9,0.9936440677966101,9,941
kex_Deva,739,False,0.24242424242424246,44,0.5517241379310344,7,0.5714285714285714,6,14
kez_Latn,13488,False,0.9972815533980584,4,0.9972815533980584,4,0.9980552314274602,1,1287
kff_Telu,6762,False,0.9721988205560236,33,0.9721988205560236,33,0.9769503546099292,0,577
kgf_Latn,28674,False,0.9968397291196388,7,0.9968397291196388,7,0.9968397291196388,7,1104
kgk_Latn,17217,False,0.98046875,35,0.9814271749755621,33,0.9970208540218471,1,1009
kgp_Latn,19199,False,0.9980638915779284,1,0.9980638915779284,1,0.9980638915779284,1,1034
kgr_Latn,6735,False,0.9866888519134775,16,0.9908103592314118,11,0.9991575400168492,1,593
kha_Latn,34095,False,0.9918675988015409,20,0.991869918699187,21,0.991869918699187,21,3513
khk_Cyrl,100000,False,0.9904105835844847,232,0.9902973395931143,246,0.9883473542443346,353,25562
khm_Khmr,100000,False,0.9945679929430336,2,0.9954079502759868,3,0.9987991871420654,13,10826
khq_Latn,6762,False,0.9756493506493507,30,0.9884868421052632,14,0.9909015715467329,9,601
khs_Latn,17585,False,0.9938144329896907,11,0.9943211151264841,9,0.9974106680476439,3,965
khy_Latn,11021,False,0.9851033157135993,25,0.9903474903474904,15,0.9907090464547677,1,1031
khz_Latn,24568,False,0.9725609756097561,34,0.9747899159663865,31,0.9747899159663865,31,640
kia_Latn,41825,False,0.9941397445529677,24,0.9929418831656406,30,0.9929418831656406,30,3323
kij_Latn,32364,False,0.9887915223150602,46,0.9904062053480301,38,0.9904062053480301,38,2435
kik_Latn,100000,False,0.9920862232423533,56,0.9932732074343515,67,0.9948679185232335,87,50443
kin_Latn,100000,False,0.8889073018233283,13907,0.8885164054551892,13832,0.8900948218204268,13921,234170
kir_Cyrl,100000,False,0.9863667399476278,742,0.9861655037887314,762,0.9853331136046982,923,66805
kiu_Latn,100000,False,0.9671969590313952,253,0.9671410999824284,276,0.9668609141332584,296,14419
kix_Latn,11038,False,0.9921951219512196,16,0.9946210268948655,11,0.9970559371933267,5,1017
kjb_Latn,37135,False,0.9889512153663097,42,0.9884432358939498,44,0.9884432358939498,44,2932
kje_Latn,17575,False,0.9931389365351629,15,0.9944182052382998,12,0.9982758620689656,3,1159
kjh_Cyrl,39529,False,0.9044430919050517,405,0.8888223851563669,518,0.8888223851563669,518,3195
kjs_Latn,24469,False,0.9891936824605154,7,0.9900166389351082,6,0.9900166389351082,6,601
kkc_Latn,14662,False,0.9957356076759062,4,0.9967982924226254,3,0.9989304812834224,1,467
kki_Latn,17827,False,0.8871194379391102,229,0.9036259541984732,190,0.9108433734939758,171,959
kkj_Latn,17797,False,0.9985426989215972,3,0.9988344988344989,3,0.998540997957397,1,1715
kkl_Latn,2995,False,0.8397291196388261,71,0.898550724637681,42,0.9316455696202531,25,186
kle_Deva,6765,False,0.988313856427379,12,0.989139515455305,11,0.9915682967959528,4,594
klt_Latn,3724,False,0.9494949494949495,15,0.9724137931034482,8,0.9894736842105264,3,141
klv_Latn,21999,False,0.9897225077081193,15,0.9917610710607621,11,0.9917610710607621,11,968
kma_Latn,6754,False,0.9974554707379135,1,0.9974554707379135,1,0.9974554707379135,1,590
kmb_Latn,100000,False,0.9896925537586637,187,0.9899061553240227,251,0.9892552469226908,318,33923
kmd_Latn,6703,False,0.9761694616063548,27,0.9822064056939501,19,0.9945652173913042,2,553
kmg_Latn,10497,False,0.9893563101875318,19,0.9908629441624365,16,0.9959183673469388,6,978
kmh_Latn,46615,False,0.9668308702791462,4,0.9792342634652823,4,0.9792342634652823,4,1569
kmk_Latn,17725,False,0.9797822706065318,37,0.9807991696938246,35,0.9963060686015831,4,947
kmm_Latn,29927,False,0.9885539255199096,47,0.9880722114764668,49,0.9880722114764668,49,3090
kmo_Latn,24242,False,0.9860601614086574,19,0.988235294117647,16,0.988235294117647,16,672
kmr_Cyrl,6748,False,0.9692946058091286,37,0.9717138103161398,34,0.9982905982905983,2,584
kmr_Latn,100000,False,0.9940451295532852,167,0.9940453667376974,168,0.9937116930669426,196,25088
kms_Latn,24321,False,0.9954198473282444,2,0.9946605644546148,3,0.9946605644546148,3,656
kmu_Latn,23350,False,0.9974847287100251,7,0.9974847287100251,7,0.9974847287100251,7,1388
kmy_Latn,11048,False,0.9979591836734694,3,0.9979591836734694,3,0.998468606431853,2,979
knc_Arab,6113,False,0.9648760330578512,8,0.9698857736240913,3,0.9696969696969697,0,493
knc_Latn,9356,False,0.8793103448275862,187,0.8762006403415155,200,0.9473684210526315,57,853
kne_Latn,17520,False,0.9615728328865059,81,0.9654243376740008,71,0.9826325411334551,32,1081
knf_Latn,19074,False,0.9969372128637058,7,0.9973190348525469,6,0.9973190348525469,6,1303
kng_Latn,100000,False,0.9765021797786092,446,0.9770422607710918,468,0.9772215719816331,496,79024
knj_Latn,24479,False,0.99450884685784,9,0.9945021380574222,8,0.9945021380574222,8,815
knk_Latn,13427,False,0.9919199692189303,20,0.9919199692189303,20,0.9953343701399688,2,1290
kno_Latn,13390,False,0.9988156336360047,2,0.9992101105845181,1,0.9996048992493085,0,1266
knv_Latn,54786,False,0.9978021978021978,7,0.9981155778894472,6,0.9981155778894472,6,1589
knx_Latn,351,False,0.15503875968992248,108,0.8333333333333333,3,0.9523809523809523,0,11
kny_Latn,3507,False,0.7221350078492935,173,0.8333333333333333,88,0.961864406779661,11,234
kog_Latn,17787,False,0.9974387120380536,6,0.9978038067349927,5,0.9996332966629996,0,1364
koi_Cyrl,13537,False,0.4584057611124907,2044,0.46084788029925194,2026,0.5019052803483942,1692,1060
koo_Latn,100000,False,0.9584389522602451,1343,0.9589858708569918,1329,0.9575163398692811,1398,18380
kor_Hang,100000,False,0.9999117209818039,0,0.9999364418001095,5,0.9999399730231705,5,283218
kos_Latn,72165,False,0.9868385345997287,133,0.986383036379649,147,0.986383036379649,147,7334
kpe_Latn,78345,False,0.987600490530045,11,0.9873658470316532,23,0.9873658470316532,23,3704
kpf_Latn,35264,False,0.8097297297297297,7,0.8239700374531835,5,0.8239700374531835,5,1094
kpg_Latn,66707,False,0.9946852682278691,26,0.994767876422224,25,0.994767876422224,25,6027
kpj_Latn,17134,False,0.9876819708846585,19,0.9910112359550562,13,0.9966101694915255,3,885
kpq_Latn,6764,False,0.9757785467128028,28,0.9894736842105264,12,0.9991142604074402,1,564
kpr_Latn,27728,False,0.987120041215868,24,0.9866117404737385,25,0.9866117404737385,25,959
kpv_Cyrl,37519,False,0.8790368271954675,299,0.8800678061873146,306,0.8800678061873146,306,3658
kpw_Latn,23907,False,0.9984544049459042,2,0.9984544049459042,2,0.9984544049459042,2,646
kpx_Latn,24157,False,0.9908675799086758,11,0.9946524064171124,6,0.9946524064171124,6,652
kpz_Latn,13549,False,0.9920243068742879,21,0.9939070830159938,15,0.9969301611665388,1,1306
kqa_Latn,889,False,0.9019607843137255,5,0.9583333333333334,2,0.9787234042553191,1,23
kqc_Latn,22286,False,0.9875621890547264,19,0.9894080996884735,16,0.9894080996884735,16,795
kqe_Latn,17772,False,0.9646017699115044,78,0.9684304135171187,68,0.9909008189262967,17,1092
kqf_Latn,4591,False,0.9654135338345864,23,0.9816513761467891,12,0.9968944099378882,2,321
kql_Latn,1133,False,0.8395061728395062,13,0.9714285714285714,2,0.9855072463768115,1,34
kqn_Latn,100000,False,0.9783953725147966,746,0.9782086114558526,785,0.9781292585394187,833,44909
kqo_Latn,11062,False,0.9951923076923077,10,0.9966297544535387,7,0.9990347490347491,2,1035
kqp_Latn,17793,False,0.9985542168674698,2,0.9985542168674698,2,0.9995176073323685,0,1037
kqs_Latn,11046,False,0.9810964083175804,40,0.9820075757575757,37,0.9941972920696326,2,1038
kqw_Latn,13948,False,0.9690721649484536,18,0.9757785467128028,14,0.9964664310954063,2,282
kqy_Ethi,13330,True,0.9618497109826589,57,0.9594438006952491,57,0.9601873536299765,42,1290
krc_Cyrl,23418,False,0.9106299212598424,421,0.9092698287738634,425,0.9092698287738634,425,2346
kri_Latn,100000,False,0.9970072929075747,17,0.9970383275261324,28,0.9966625068926488,43,17243
krj_Latn,17825,False,0.526439482961222,2005,0.5379807692307693,1911,0.6032946259789359,1456,1130
krl_Latn,9341,False,0.5351192420777525,1351,0.5485485485485485,1284,0.897822445561139,96,891
kru_Deva,17760,False,0.9760536398467434,49,0.9779270633397313,45,0.9850169163847269,30,1020
krx_Latn,970,False,0.2625,118,0.9130434782608696,4,1.0,0,21
ksb_Latn,11038,False,0.9157155399473221,186,0.932021466905188,145,0.9818355640535372,16,1049
ksc_Latn,10977,False,0.9885856079404467,23,0.9910358565737052,17,0.997491219267436,3,996
ksd_Latn,59612,False,0.9857288481141693,23,0.9872383869321082,20,0.9872383869321082,20,972
ksf_Latn,11299,False,0.9925788497217068,1,0.9925857275254866,2,0.9921186833565137,2,1085
ksh_Latn,11430,False,0.6247787610619469,1240,0.675,976,0.8958605664488017,176,1091
ksj_Latn,10732,False,0.9982486865148862,1,0.9982486865148862,1,1.0,0,285
ksp_Latn,8240,False,0.9924812030075189,9,0.9965682910089224,3,0.9979353062629044,0,728
ksr_Latn,27341,False,0.9913486005089058,14,0.9908443540183113,15,0.9908443540183113,15,977
kss_Latn,100000,False,0.9949257198752828,1,0.9953874820539451,5,0.9973492580969502,15,16439
ksw_Mymr,100000,False,0.9997556605310312,0,0.9997149256770516,0,0.9997149256770516,0,12281
ktb_Ethi,13238,True,0.8070643118960347,530,0.8043985338220594,534,0.8416988416988417,390,1260
ktj_Latn,17646,False,0.9953739398612182,6,0.994990366088632,7,0.994990366088632,7,1297
ktm_Latn,6181,False,0.888888888888889,33,0.9395017793594307,17,0.966789667896679,8,132
kto_Latn,30763,False,0.985759493670886,18,0.9881046788263284,15,0.9881046788263284,15,623
ktu_Latn,21343,False,0.6120199146514935,1812,0.6200289226319595,1726,0.6200289226319595,1726,2091
ktz_Latn,357,False,0.3076923076923077,45,1.0,0,1.0,0,10
kua_Latn,100000,False,0.9050548757127082,6236,0.9051500889499403,6269,0.9050366022332421,6337,42350
kub_Latn,17771,False,0.995920745920746,7,0.995920745920746,7,0.9962110171961527,6,1716
kud_Latn,31123,False,0.9862570735650769,15,0.9862570735650769,15,0.9862570735650769,15,612
kue_Latn,24594,False,0.9889240506329113,9,0.9881422924901185,10,0.9881422924901185,10,630
kuj_Latn,11061,False,0.9636871508379888,78,0.9691011235955056,66,0.9971014492753624,3,1035
kum_Cyrl,13281,False,0.9517560787340795,106,0.9531552458381728,100,0.9746233148295004,41,1252
kup_Latn,23283,False,0.9932885906040269,8,0.9949579831932773,6,0.9949579831932773,6,592
kus_Latn,13488,False,0.9906261717285338,25,0.9906191369606004,24,0.9928057553956834,9,1321
kvg_Latn,11146,False,0.9849246231155778,6,0.9824561403508771,7,0.9924050632911393,3,196
kvj_Latn,11057,False,0.9990319457889641,2,0.9995157384987894,1,0.9995157384987894,1,1032
kvn_Latn,17773,False,0.9838187702265372,30,0.990228013029316,18,0.997266265718972,5,912
kwd_Latn,17670,False,0.9942498693152118,7,0.9952904238618524,5,0.9968553459119496,2,955
kwf_Latn,18620,False,0.9876473891072433,6,0.9882154882154882,6,0.9882154882154882,6,1797
kwi_Latn,17740,False,0.9908675799086757,19,0.9917733089579525,17,0.9963235294117647,6,1086
kwj_Latn,24528,False,0.9901083372585964,21,0.9915094339622641,18,0.9915094339622641,18,1051
kwn_Latn,100000,False,0.9903585864204398,313,0.9905107865668322,320,0.9895788986580286,380,26914
kwy_Latn,100000,False,0.9879333227805716,371,0.9882364390594018,397,0.9878352595185145,456,41188
kxc_Ethi,13467,True,0.9538114907998497,77,0.9506962739932254,78,0.9575525812619503,47,1316
kxm_Thai,13492,False,0.9917159763313609,21,0.99249901302803,19,1.0,0,1257
kxw_Latn,11040,False,0.9985652797704447,2,0.9985652797704447,2,0.9995213020584012,0,1045
kyc_Latn,27920,False,0.9974453590689754,8,0.9974453590689754,8,0.9974453590689754,8,1758
kyf_Latn,17627,False,0.9980702431493631,3,0.9988412514484357,1,0.9992272024729522,0,1295
kyg_Latn,27081,False,0.997289972899729,2,0.998306806637318,1,0.998306806637318,1,1478
kyq_Latn,24514,False,0.9986422267481331,0,0.9986422267481331,0,0.9986422267481331,0,1475
kyu_Kali,4280,True,1.0,0,1.0,0,1.0,0,330
kyu_Latn,4306,False,0.9846625766871165,6,0.9892141756548536,3,0.9938080495356036,0,325
kyu_Mymr,13476,False,1.0,0,1.0,0,1.0,0,1266
kyz_Latn,16966,False,0.997708674304419,7,0.998689384010485,4,0.999344262295082,2,1524
kze_Latn,24039,False,0.9908864954432478,11,0.9925311203319502,9,0.9925311203319502,9,598
kzf_Latn,12488,False,0.9904126719466444,21,0.9933110367892977,14,0.99790004199916,3,1190
kzj_Latn,4996,False,0.605080831408776,496,0.7344632768361582,262,0.7701736465781409,192,410
kzn_Latn,2125,False,0.01991511589944499,5971,0.041118975396022925,2812,0.05380756953944368,2040,94
lac_Latn,17753,False,0.9965792474344356,6,0.997716894977169,4,0.9994282447112636,1,874
lad_Hebr,171,False,0.0,8,0.0,0,0.0,0,4
lad_Latn,10070,False,0.3239074550128535,3634,0.3960484957341715,2642,0.660261337432744,813,930
lai_Latn,11021,False,0.9258426966292135,161,0.9338168631006346,142,0.9864603481624759,14,1034
laj_Latn,22156,False,0.9860853432282003,24,0.9865429234338747,23,0.9865429234338747,23,1069
lam_Latn,43564,False,0.7334186939820743,488,0.7363751584283903,527,0.7363751584283903,527,4458
lao_Laoo,33981,False,0.9984143001297392,4,0.9979827089337175,7,0.9979827089337175,7,3470
lap_Latn,4299,False,0.9862174578866768,9,0.9922958397534669,5,0.9984447900466563,0,322
las_Latn,6746,False,0.8043626448534423,287,0.8278285312719607,244,0.8336871903750885,234,590
lat_Latn,100000,False,0.9634097999000363,1156,0.962469525804347,1300,0.9606377167827393,1529,28916
law_Latn,6540,False,0.9814323607427056,21,0.9823008849557522,20,0.9964093357271095,4,555
lbb_Latn,1700,False,0.4523809523809524,46,0.8636363636363636,6,0.9743589743589743,1,19
lbe_Cyrl,182,False,0.30769230769230765,26,0.7999999999999999,2,0.7999999999999999,2,7
lbj_Tibt,10380,True,0.998452810727179,1,0.998452810727179,1,0.998452810727179,1,970
lbk_Latn,17600,False,0.9796416938110748,47,0.981640146878825,42,0.9921520033044195,14,1206
lcm_Latn,27324,False,0.9891540130151844,20,0.9870129870129869,24,0.9870129870129869,24,912
lcp_Thai,4281,False,0.9654135338345864,23,0.9697885196374623,20,0.99375,1,321
ldi_Latn,51424,False,0.9384713260019993,588,0.932769327693277,677,0.932769327693277,677,5252
ldn_Latn,106,False,0.020833333333333332,188,1.0,0,1.0,0,2
lea_Latn,3217,False,0.2759067357512954,1112,0.46120689655172403,495,0.6337817638266069,238,219
led_Latn,3688,False,0.806015037593985,129,0.9436619718309859,32,0.9870609981515712,6,268
lee_Latn,17731,False,0.9988109393579072,4,0.9985141158989599,5,0.9988109393579072,4,1680
lef_Latn,13442,False,0.9965264376688537,7,0.9976816074188563,4,0.9980642663569492,1,1293
leh_Latn,55845,False,0.9255398982739931,735,0.9240253248917029,750,0.9240253248917029,750,5708
lem_Latn,17770,False,0.9974395448079658,9,0.998575904300769,5,0.9988597491448119,3,1753
leu_Latn,35286,False,0.993556701030928,10,0.9941972920696325,9,0.9941972920696325,9,771
lew_Latn,13383,False,0.9770590447536668,50,0.979992449981125,41,0.9896985883250667,14,1310
lex_Latn,19181,False,0.9852996607614022,36,0.9849170437405731,36,0.9849170437405731,36,1310
lez_Cyrl,337,False,0.06451612903225806,172,0.30303030303030304,20,0.4166666666666667,11,8
lfn_Cyrl,5655,False,0.7530120481927711,328,0.8605851979345955,162,0.9645390070921986,11,500
lfn_Latn,12192,False,0.5629775696327336,1757,0.7178030303030303,873,0.8309178743961351,415,1158
lgg_Latn,9264,False,0.9495327102803738,35,0.9675405742821472,19,0.9772439949431099,1,808
lgl_Latn,10951,False,0.9769820971867008,7,0.9845360824742267,4,0.9947916666666666,0,193
lgm_Latn,11059,False,0.9613572101790763,80,0.9700427960057061,61,0.9887750122010738,14,1022
lhi_Latn,10945,False,0.9995085995085995,1,1.0,0,1.0,0,1017
lhu_Latn,72409,False,0.9997301672962764,3,0.9997301672962764,3,0.9997301672962764,3,7411
lia_Latn,13468,False,0.9962006079027356,7,0.9965792474344355,6,0.9980952380952381,1,1314
lid_Latn,27185,False,0.9960707269155207,7,0.9960707269155207,7,0.9960707269155207,7,1015
lif_Deva,24326,False,0.9989550679205852,2,0.9989550679205852,2,0.9989550679205852,2,956
lif_Limb,10950,True,1.0,0,1.0,0,1.0,0,1030
lij_Latn,35338,False,0.8468066100937919,907,0.8351648351648352,1009,0.8351648351648352,1009,2966
lim_Latn,100000,False,0.8718195902909278,3143,0.8473807140473807,4031,0.8260349675209256,4922,13241
lin_Latn,100000,False,0.9935443565181173,165,0.9937315261414391,207,0.9941337993010485,249,168990
lip_Latn,17701,False,0.9983316649983317,4,0.9986648865153537,3,0.9996658870698296,0,1497
lis_Lisu,6732,True,1.0,0,1.0,0,1.0,0,580
lit_Latn,100000,False,0.9736622440461977,2096,0.9742018421143774,2409,0.9767533426964011,2738,249347
liv_Latn,625,False,0.12355212355212357,227,0.6037735849056604,21,0.8421052631578948,6,16
ljp_Latn,13436,False,0.9552799699361143,116,0.9610586011342155,100,0.9921507064364207,10,1274
lki_Arab,211,False,0.047619047619047616,36,0.14285714285714285,8,0.14285714285714285,8,5
llb_Latn,25228,False,0.9081538744708263,443,0.8336991389498565,931,0.8336991389498565,931,2523
lld_Latn,814,False,0.08888888888888888,368,0.653061224489796,14,0.9142857142857143,0,19
llg_Latn,14230,False,0.9389788293897882,45,0.9484276729559749,37,0.9654289372599231,23,381
lln_Latn,8245,False,0.9915134370579914,5,0.9936395759717315,4,0.9914651493598862,1,708
lmk_Latn,17821,False,0.9905741216795202,28,0.9914236706689536,25,0.997411561691113,4,1739
lmo_Latn,58536,False,0.8757679725524615,1328,0.8547633872976337,1640,0.8547633872976337,1640,5717
lmp_Latn,11043,False,0.9980411361410382,4,0.9995095635115253,1,0.9995095635115253,1,1019
lnd_Latn,25726,False,0.9919127327440285,29,0.9915333960489182,29,0.9915333960489182,29,2651
lob_Latn,13529,False,0.9984802431610942,4,0.9984802431610942,4,0.9984802431610942,4,1314
loe_Latn,6830,False,0.9425101214574899,68,0.9564502875924406,50,0.9855072463768118,10,585
log_Latn,11018,False,0.9928876244665717,14,0.9947743467933493,10,0.9957203994293866,8,1048
lok_Latn,6752,False,0.9958298582151794,4,0.9983277591973244,1,0.998324958123953,0,598
lol_Latn,11060,False,0.9739292364990688,53,0.9826209488022546,34,0.9918776875298614,6,1049
lom_Latn,11043,False,0.9980879541108987,4,0.9985652797704447,3,0.9995208433157643,0,1044
loq_Latn,7481,False,0.9764542936288089,34,0.9798471160528145,29,0.9950319375443578,3,705
loz_Latn,100000,False,0.9921885217639436,339,0.9921136302855614,371,0.9920115935831417,432,84425
lrc_Arab,168,False,0.1176470588235294,27,0.4000000000000001,3,0.4000000000000001,3,5
lsi_Latn,10998,False,0.9956374212312167,9,0.9980563654033042,4,0.9995133819951338,1,1027
lsm_Latn,13528,False,0.9703787026621672,75,0.9732982324182025,67,0.9907478797224364,11,1298
ltg_Latn,14559,False,0.39104629472613195,3533,0.40540540540540543,3332,0.505645339827319,2164,1211
ltz_Latn,100000,False,0.9482657260435037,1231,0.9357093701329277,1611,0.9120580874836982,2352,13081
lua_Latn,100000,False,0.9914699366069083,255,0.9914764561879937,273,0.9916188664665498,303,101484
lub_Latn,100000,False,0.9797291378313506,1030,0.979420985340736,1068,0.9792049572021215,1113,57204
luc_Latn,7040,False,0.9967105263157894,4,0.9983525535420099,2,0.9983498349834984,1,606
lud_Latn,554,False,0.053097345132743355,428,0.6153846153846153,15,1.0,0,12
lue_Latn,100000,False,0.9842803012226432,380,0.9840015273004964,388,0.9839006747020146,407,52830
lug_Latn,100000,False,0.9729750529083564,497,0.973091412316445,532,0.9747734196739283,675,39539
lun_Latn,100000,False,0.9903218417134348,393,0.9902126320006869,416,0.9896762754518417,460,34869
luo_Latn,100000,False,0.991574503063817,166,0.9921043789898085,184,0.9918611263902744,255,53813
lus_Latn,100000,False,0.9897064878536557,85,0.9902851770604827,109,0.9908436375019565,137,51443
lvs_Latn,100000,False,0.9771695333310207,2678,0.9781462849776875,3182,0.9794233156446684,3734,277441
lwg_Latn,1392,False,0.19431279620853079,337,0.631578947368421,47,0.8333333333333333,12,44
lwo_Latn,17490,False,0.9982238010657194,4,0.9986672589960018,3,0.9986636971046771,0,1124
lww_Latn,17549,False,0.9930814262905802,12,0.9952000000000001,8,0.9983948635634028,2,934
lzh_Hani,97818,False,0.8141549121504579,2053,0.8158482142857143,2018,0.8158482142857143,2018,7531
maa_Latn,38068,False,0.9990046449900464,6,0.9990046449900464,6,0.9990046449900464,6,3011
mad_Latn,44560,False,0.9665183301546938,234,0.965225663249128,252,0.965225663249128,252,4643
maf_Latn,11056,False,0.9937288953207912,12,0.9956500724987916,8,0.9985443959243087,1,1031
mag_Deva,12847,False,0.6533812479581834,802,0.6546052631578948,786,0.6849507735583686,611,1259
mah_Latn,100000,False,0.9986489339244248,11,0.9985646437994723,20,0.9984593630627019,33,47423
mai_Deva,43579,False,0.8236724766923388,804,0.819047619047619,853,0.819047619047619,853,3549
maj_Latn,17827,False,0.9983597594313832,3,0.9983597594313832,3,1.0,0,913
mak_Latn,26049,False,0.9540570581696924,205,0.9454945861625986,255,0.9454945861625986,255,2618
mal_Latn,10693,False,0.9397959183673469,42,0.9450661241098679,40,0.9554865424430642,12,997
mal_Mlym,100000,False,0.9999788035299187,0,0.9999858693194664,1,0.9999858693194664,1,70768
mam_Latn,100000,False,0.9966881645459299,36,0.9973701168643432,40,0.9973013910893674,52,28744
maq_Latn,17793,False,0.997844827586207,4,0.9989212513484358,2,0.9994603345925526,1,926
mar_Deva,100000,False,0.9847033428621434,618,0.985167103309415,635,0.9867513548432018,1065,129906
mar_Latn,3924,False,0.3985130111524164,780,0.531979695431472,426,0.6805736636245111,209,297
mas_Latn,31948,False,0.9740220048899755,134,0.9743197798838277,132,0.9743197798838277,132,3223
mau_Latn,100000,False,0.9987297640604309,13,0.9985137143629239,19,0.9981904118838624,35,18511
mav_Latn,23723,False,0.8998559077809798,7,0.9019748653500896,9,0.9019748653500896,9,1520
maw_Latn,17707,False,0.9946996466431096,16,0.9944035346097202,16,0.9961617950989077,9,1691
max_Latn,333,False,0.037383177570093455,98,0.25,0,0.25,0,7
maz_Latn,17588,False,0.9973586899101954,4,0.996832101372756,5,0.9989417989417989,1,945
mbb_Latn,55597,False,0.9845498135322323,55,0.9840340606705694,58,0.9840340606705694,58,1851
mbc_Latn,25471,False,0.9515905947441218,5,0.9516351911561493,6,0.9516351911561493,6,1132
mbd_Latn,10885,False,0.9907181240840254,15,0.9897510980966326,17,0.9955817378497791,5,1018
mbf_Latn,6748,False,0.9028213166144201,123,0.9536423841059603,55,0.9895833333333333,5,577
mbh_Latn,24424,False,0.9985693848354792,2,0.997855611150822,3,0.997855611150822,3,698
mbi_Latn,11002,False,0.9946576007770762,8,0.9946627850557982,9,0.9970817120622569,4,1027
mbj_Latn,17676,False,0.9989440337909187,2,0.999471737982039,1,0.9989429175475687,1,946
mbl_Latn,17712,False,1.0,0,1.0,0,1.0,0,944
mbs_Latn,18964,False,0.9911154985192496,18,0.9896398618648249,20,0.9896398618648249,20,1004
mbt_Latn,17750,False,0.9925340360122968,16,0.9925208974923009,14,0.9969067609368095,4,1131
mca_Latn,24591,False,0.9974198304460008,7,0.997787610619469,6,0.997787610619469,6,1353
mcb_Latn,17596,False,0.9898774640383591,18,0.9898666666666666,17,0.9946409431939979,8,930
mcd_Latn,26561,False,0.9926701570680627,12,0.9942257217847769,8,0.9942257217847769,8,950
mcf_Latn,17567,False,0.9966740576496674,6,0.9966740576496674,6,1.0,0,899
mck_Latn,100000,False,0.9692677992116371,463,0.9683081423695759,501,0.9664918920795861,571,14311
mcn_Latn,30781,False,0.9888114155991568,58,0.9891286711017362,55,0.9891286711017362,55,3060
mco_Latn,100000,False,0.9975515585271684,2,0.9975052953636149,10,0.997435354462248,17,21288
mcp_Latn,22044,False,0.960900844541758,5,0.9674014281279105,7,0.9674014281279105,7,1656
mcq_Latn,31265,False,0.9981798325445942,5,0.9978165938864628,6,0.9978165938864628,6,1371
mcu_Latn,13492,False,0.9935921598190728,17,0.9954682779456193,12,0.9965973534971645,9,1318
mda_Latn,17774,False,0.9988950276243094,1,0.9994472084024323,0,0.9994472084024323,0,905
mdf_Cyrl,16365,False,0.5930983576305591,2182,0.5950749861136826,2164,0.6767996622334811,1504,1630
mdy_Ethi,67085,True,0.9869668246445498,44,0.9868810833685994,44,0.9868810833685994,44,5941
med_Latn,23245,False,0.9987080103359173,0,0.9987080103359173,0,0.9987080103359173,0,1550
mee_Latn,24514,False,0.9922589725545391,11,0.9936575052854123,9,0.9936575052854123,9,705
mej_Latn,13341,False,0.9953161592505854,11,0.9945397815912638,13,0.9980415197806501,3,1276
mek_Latn,24096,False,0.9986919555264879,1,0.9990186457311089,0,0.9990186457311089,0,1530
men_Latn,16422,False,0.9920911104080987,14,0.99335232668566,11,0.9955499046408137,1,1579
meq_Latn,17804,False,0.9968454258675079,4,0.9972948602344455,3,0.997744700045106,2,1109
mer_Latn,3326,False,0.4128342245989305,527,0.5112582781456954,347,0.6776556776556776,146,215
met_Latn,6728,False,0.9783549783549783,25,0.9868766404199475,14,0.9946808510638299,2,565
meu_Latn,100000,False,0.8799813096589013,3101,0.8766576926911956,3221,0.8760741895882411,3259,13678
mev_Latn,277,False,0.003762935089369709,1057,0.21428571428571427,21,0.2857142857142857,14,4
mfe_Latn,100000,False,0.9841662356013676,396,0.9835479526201176,513,0.983159482216916,593,39862
mfg_Latn,1598,False,0.8029197080291971,27,0.9482758620689655,6,0.9818181818181818,1,55
mfh_Latn,13516,False,0.9988726042841037,3,0.9984962406015038,3,0.9996236356793377,0,1329
mfi_Latn,17796,False,0.9976985040276181,7,0.9979856115107913,6,0.9994236311239193,1,1735
mfk_Latn,17787,False,0.9935897435897435,9,0.9951845906902087,6,0.9967845659163987,3,933
mfq_Latn,21554,False,0.9928741092636579,7,0.9933460076045628,5,0.9933460076045628,5,2113
mfy_Latn,19912,False,0.9825935596170584,17,0.982197134172818,20,0.982197134172818,20,1152
mfz_Latn,13402,False,0.9968553459119497,7,0.997639653815893,5,0.9988184324537219,2,1269
mgc_Latn,5026,False,0.983132530120482,14,0.9927007299270074,6,0.9963369963369962,3,408
mgh_Latn,78930,False,0.9759408602150539,177,0.9759667024704619,185,0.9759667024704619,185,7442
mgm_Latn,179,False,0.04040404040404041,189,0.6,2,0.6,2,5
mgo_Latn,11133,False,0.9909443725743855,1,0.9896640826873385,2,0.9896640826873385,2,389
mgr_Latn,100000,False,0.9517829561480089,688,0.9505774912704807,707,0.9483687468629746,793,14921
mhi_Latn,13542,False,0.9631024096385542,98,0.9726235741444867,72,0.9953271028037382,11,1279
mhl_Latn,17037,False,0.9929245283018868,11,0.9935103244837759,10,0.998221695317131,2,843
mhr_Cyrl,100000,False,0.9534971265088965,1206,0.951319677467822,1295,0.9459754704801628,1583,19644
mhw_Latn,524,False,0.125,208,0.7894736842105262,6,0.9090909090909091,1,17
mhx_Latn,17532,False,0.9952506596306069,9,0.9963021658742736,7,0.9978768577494693,1,943
mhy_Latn,13427,False,0.9791587722622205,48,0.982496194824962,38,0.9907335907335907,8,1299
mib_Latn,24577,False,0.9977528089887641,2,0.9985007496251874,1,0.9985007496251874,1,667
mic_Latn,17716,False,0.9966960352422908,6,0.9977949283351708,4,0.9988962472406182,2,905
mie_Latn,17822,False,1.0,0,1.0,0,1.0,0,903
mif_Latn,17711,False,0.9982758620689656,3,0.9982758620689656,3,0.998706338939198,2,1159
mig_Latn,17825,False,0.9994459833795014,1,1.0,0,1.0,0,902
mih_Latn,17758,False,0.9972512369433755,4,0.9977997799779978,3,0.998898678414097,1,908
mil_Latn,17720,False,1.0,0,1.0,0,1.0,0,935
mim_Latn,6759,False,0.9929453262786596,8,0.9938217122683142,7,0.9955555555555555,2,563
min_Arab,847,False,0.09785932721712538,290,0.1711229946524064,150,0.3076923076923077,67,21
min_Latn,100000,False,0.9554892205638473,956,0.9499357305296464,1140,0.9389355016359454,1587,14790
mio_Latn,17742,False,0.9985964912280703,3,0.9989462592202317,1,0.9989462592202317,1,1424
mip_Latn,6764,False,0.9889549702633814,11,0.9923273657289002,7,0.9957081545064377,1,584
miq_Latn,86132,False,0.9941757406938465,28,0.9944303797468355,28,0.9944303797468355,28,7916
mir_Latn,16801,False,1.0,0,1.0,0,1.0,0,1630
mit_Latn,17430,False,0.9988851727982163,2,0.9983286908077994,3,0.9994422755158953,1,896
miy_Latn,17828,False,0.9963245688436528,11,0.996606334841629,10,0.9971703452178835,8,1764
miz_Latn,17822,False,0.9978678038379531,4,0.9978678038379531,4,0.999466097170315,1,936
mjc_Latn,17745,False,0.9994538503549972,1,0.9994538503549972,1,1.0,0,915
mjw_Latn,11088,False,0.9882988298829883,23,0.991869918699187,15,0.9972677595628415,0,1101
mkd_Cyrl,100000,False,0.9776618330067839,1886,0.977238256315129,1956,0.9770912480173546,2060,91775
mkl_Latn,17702,False,0.9989895587739979,2,0.9989895587739979,2,0.9989895587739979,2,1484
mkn_Latn,18360,False,0.980839788014676,42,0.9799591002044991,39,0.9799591002044991,39,1208
mks_Latn,17827,False,1.0,0,1.0,0,0.9989165763813651,0,924
mkz_Latn,1446,False,0.47674418604651164,89,0.863157894736842,12,0.951219512195122,1,42
mlh_Latn,31269,False,0.9934065934065934,9,0.9941348973607038,8,0.9941348973607038,8,678
mlp_Latn,24038,False,0.991345397324941,10,0.9944751381215471,6,0.9944751381215471,6,631
mlt_Latn,100000,False,0.9779736122477494,3949,0.976598598155258,4791,0.9762311527841238,5281,200861
mlu_Latn,815,False,0.168141592920354,188,0.6909090909090909,17,0.75,11,19
mmn_Latn,11023,False,0.9679611650485438,65,0.9717348927875243,57,0.9959919839679359,4,998
mmo_Latn,24576,False,0.9762738234150137,61,0.9777950915465524,57,0.9777950915465524,57,1255
mmx_Latn,28734,False,0.9958294717330861,17,0.996522142360306,14,0.996522142360306,14,2150
mna_Latn,33077,False,0.9931939718035975,25,0.9929526123936816,26,0.9929526123936816,26,2046
mnb_Latn,13514,False,0.9830763444904099,44,0.9852885703508111,37,0.9931087289433383,7,1308
mnf_Latn,13467,False,0.9992343032159265,2,0.9988518943742823,3,0.9992343032159265,2,1305
mni_Beng,41766,False,0.9744073593584149,158,0.9698037833392081,194,0.9698037833392081,194,4190
mni_Latn,889,False,0.076,462,0.375,59,0.7659574468085106,10,19
mni_Mtei,3424,True,0.9979296066252588,1,0.9979296066252588,1,0.9979296066252588,1,241
mnk_Latn,13537,False,0.9949119373776909,10,0.9960815047021944,7,0.9984289080911234,1,1274
mns_Cyrl,971,False,0.21600000000000003,196,0.5242718446601942,49,0.9629629629629629,1,27
mnw_Mymr,291,False,0.3636363636363636,28,0.5161290322580645,15,0.9411764705882353,1,8
mnx_Latn,6272,False,0.9906890130353818,10,0.99812382739212,2,0.9990610328638497,1,532
mny_Latn,41872,False,0.89895227008149,486,0.8953394240777148,533,0.8953394240777148,533,4243
moa_Latn,17800,False,0.9971428571428572,10,0.9979971387696709,6,0.9997133849240469,0,1745
moc_Latn,18050,False,0.9965317919075144,9,0.9965297860034702,8,0.9965297860034702,8,1727
mog_Latn,13436,False,0.9938414164742109,15,0.9946070878274267,13,0.9976816074188563,5,1292
moh_Latn,1569,False,0.7209302325581396,48,0.9465648854961832,7,0.976,2,62
mop_Latn,18531,False,0.9546621043627032,43,0.9596219931271478,32,0.9596219931271478,32,1179
mor_Latn,13526,False,1.0,0,1.0,0,1.0,0,1297
mos_Latn,100000,False,0.9970356613510956,27,0.9976443714754799,30,0.9975919088136137,58,56138
mox_Latn,30851,False,0.9963612305656634,8,0.9963612305656634,8,0.9963612305656634,8,1509
mpg_Latn,17806,False,0.9795698924731182,37,0.9822102425876011,32,0.9956284153005464,7,912
mph_Latn,1016,False,0.8235294117647058,12,1.0,0,1.0,0,28
mpm_Latn,17709,False,0.995030692779889,12,0.9956127522667447,10,0.9964871194379392,7,1707
mpp_Latn,13388,False,0.9867310012062727,10,0.9867310012062727,10,0.9975609756097561,1,410
mps_Latn,62082,False,0.9952406134320465,8,0.9952406134320465,8,0.9952406134320465,8,4742
mpt_Latn,30449,False,0.9880043620501636,11,0.9890829694323143,10,0.9890829694323143,10,453
mpx_Latn,28162,False,0.989851150202977,23,0.9905149051490514,20,0.9905149051490514,20,1470
mqb_Latn,17749,False,0.9976047904191616,7,0.9976047904191616,7,0.9990999099909992,1,1667
mqj_Latn,24541,False,0.9701897018970189,26,0.9681787406905891,28,0.9681787406905891,28,734
mqy_Latn,11063,False,0.9897008337420303,19,0.9945786101527847,9,0.9965329370975731,2,1011
mrg_Latn,9720,False,0.9908355795148247,16,0.9967462039045553,5,0.9989118607181718,0,920
mri_Latn,73030,False,0.9740595767265973,270,0.9729944400317714,296,0.9729944400317714,296,7462
mrj_Cyrl,32843,False,0.9117743522466384,371,0.9014586709886547,442,0.9014586709886547,442,2947
mrq_Latn,827,False,0.04081632653061225,799,0.1641025641025641,162,0.3,68,17
mrv_Latn,137,False,0.04316546762589928,131,0.888888888888889,0,0.888888888888889,0,5
mrw_Latn,32855,False,0.986288985987645,80,0.9870364787458547,76,0.9870364787458547,76,3284
msb_Latn,17760,False,0.5741715701455559,1370,0.5885714285714286,1291,0.6546610169491526,973,932
msc_Latn,4006,False,0.9415292353823088,38,0.9631901840490797,23,0.9774193548387097,2,315
mse_Latn,11044,False,0.9937649880095923,10,0.995675156174916,6,0.9975903614457832,1,1039
msk_Latn,17461,False,0.9759825327510917,38,0.9759825327510917,38,0.9883913764510779,15,900
msm_Latn,17525,False,0.9732183386291421,54,0.9758761948111061,48,0.989843028624192,17,1077
msy_Latn,23880,False,0.9967689822294022,4,0.9967689822294022,4,0.9967689822294022,4,617
mta_Latn,17707,False,0.9974395448079658,9,0.9988603988603989,4,0.9997146932952925,0,1753
mtg_Latn,10910,False,0.9935185185185186,13,0.9962859795728877,7,0.9976711690731253,2,1074
mti_Latn,37906,False,0.9910714285714286,16,0.9921612541993281,12,0.9921612541993281,12,888
mtj_Latn,13341,False,0.9941747572815534,13,0.9957215091404122,9,0.9980491611392899,2,1282
mto_Latn,24568,False,0.9993808049535603,2,0.9993808049535603,2,0.9993808049535603,2,1614
mtp_Latn,17826,False,0.999340804218853,2,1.0,0,1.0,0,1516
mua_Latn,11045,False,0.9965736661771905,4,0.9970617042115573,3,0.9975478175576262,1,1021
mug_Latn,30584,False,0.9923886639676114,17,0.9923911283794723,18,0.9923911283794723,18,3094
muh_Latn,17927,False,0.9985511445957693,3,0.9985511445957693,3,0.9991301826616411,1,1725
mui_Latn,2590,False,0.34928848641655885,491,0.37960339943342775,425,0.8724832214765099,21,147
mup_Deva,6754,False,0.8743169398907104,159,0.8860759493670886,142,0.9732620320855615,14,562
mur_Latn,13305,False,0.9960159362549801,8,0.998003992015968,3,0.9988004798080767,0,1252
mus_Latn,406,False,0.07926829268292682,302,0.962962962962963,1,0.8799999999999999,1,13
mux_Latn,30379,False,0.9945750452079565,11,0.9945750452079565,11,0.9945750452079565,11,1101
muy_Latn,17784,False,0.996847234164517,10,0.996847234164517,10,0.9982778415614236,5,1740
mva_Latn,31340,False,0.9776785714285714,28,0.9769516728624535,29,0.9769516728624535,29,659
mvn_Latn,17532,False,0.9952038369304557,6,0.9956017592962815,5,0.9963956748097716,2,1251
mvp_Latn,13386,False,0.9865079365079364,33,0.9872915011914217,31,0.993997599039616,13,1244
mwc_Latn,5701,False,0.8810289389067524,74,0.9145728643216081,50,0.9890909090909091,4,274
mwf_Latn,268,False,0.4615384615384615,14,1.0,0,1.0,0,6
mwl_Latn,29497,False,0.8205128205128205,1300,0.8146943201843567,1348,0.8146943201843567,1348,3024
mwm_Latn,34765,False,0.9968983762087211,1,0.996172772006561,6,0.996172772006561,6,2748
mwn_Latn,45676,False,0.8608137044967881,1268,0.8220425611002695,1754,0.8220425611002695,1754,4584
mwp_Latn,4930,False,0.9912170639899623,6,0.9937106918238994,4,0.9987357774968395,0,396
mwq_Latn,13480,False,0.9964994165694282,6,0.9980506822612086,1,0.9980491611392899,0,1284
mwv_Latn,13480,False,0.9872372372372372,31,0.9902034664657121,22,0.9927784112504751,7,1318
mww_Latn,100000,False,0.9966240655895829,37,0.9965942312908769,39,0.9964442837341048,45,16607
mxb_Latn,17827,False,0.9985903580490555,2,0.9983069977426636,1,0.9983069977426636,1,1774
mxp_Latn,17765,False,0.9978902953586498,3,0.9984168865435356,2,0.9989440337909187,1,947
mxq_Latn,17822,False,0.9991396616002294,3,0.9991396616002294,3,1.0,0,1742
mxt_Latn,17738,False,0.9973074851911685,4,0.9967707212055974,5,0.9967707212055974,5,927
mxv_Latn,100000,False,0.9947260145876192,7,0.994842278367469,16,0.9968694096601073,27,13431
mya_Mymr,100000,False,0.9990313395888575,47,0.9990803608116304,50,0.9991783073130649,52,51104
myb_Latn,17794,False,0.9973597359735974,4,0.9973597359735974,4,0.998678122934567,0,1515
myk_Latn,17969,False,0.9959373186302959,14,0.9953596287703016,16,0.9959349593495934,13,1716
myu_Latn,17307,False,0.9950303699613473,9,0.9950303699613473,9,0.9955703211517165,6,901
myv_Cyrl,46588,False,0.8986677432377878,835,0.8963641857186021,858,0.8963641857186021,858,4621
myw_Latn,20830,False,0.9817518248175183,20,0.9844464775846296,17,0.9844464775846296,17,538
myx_Latn,24108,False,0.9580520732883318,153,0.9613152804642168,140,0.9613152804642168,140,2008
myy_Latn,17572,False,0.995069033530572,9,0.995069033530572,9,0.9960513326752222,7,1010
mza_Latn,17806,False,0.9590461378952826,79,0.9635416666666667,70,0.9914255091103965,16,925
mzh_Latn,30095,False,0.9906141939733245,55,0.9909405369790809,53,0.9909405369790809,53,3010
mzk_Latn,13518,False,0.9965556831228473,8,0.9977011494252873,5,0.9988483685220729,1,1303
mzl_Latn,11046,False,0.9995133819951338,1,0.9990272373540857,2,1.0,0,1027
mzm_Latn,17809,False,0.9990766389658357,3,0.9990766389658357,3,0.999384236453202,2,1623
mzn_Arab,25413,False,0.27632379793061473,11586,0.28591264832113106,11005,0.28591264832113106,11005,2574
mzw_Latn,17739,False,0.9964850615114236,10,0.9970691676436109,8,0.9994124559341951,0,1703
mzz_Latn,1662,False,0.6140350877192983,44,0.8750000000000001,10,0.9722222222222222,2,35
nab_Latn,17051,False,1.0,0,1.0,0,1.0,0,879
naf_Latn,30339,False,0.9961977186311787,5,0.9969558599695586,4,0.9969558599695586,4,655
nah_Latn,14383,False,0.7014613778705637,583,0.7142857142857144,544,0.7199429183018194,511,1283
nak_Latn,24401,False,0.9967897271268059,3,0.9983922829581994,1,0.9983922829581994,1,622
nan_Latn,41646,False,0.9602716468590832,333,0.9546426561620709,384,0.9546426561620709,384,4260
nap_Latn,26109,False,0.7549430796884362,1522,0.7524663677130046,1539,0.7524663677130046,1539,2634
naq_Latn,92558,False,0.999364743250397,4,0.9993648105017997,5,0.9993648105017997,5,9447
nas_Latn,24606,False,0.9987929993964997,4,0.9981894990947495,5,0.9981894990947495,5,1655
nav_Latn,81124,False,0.9985079080871382,11,0.9983293556085918,15,0.9983293556085918,15,8379
naw_Latn,17827,False,0.9983268265476853,3,0.9977678571428571,3,0.9988826815642458,1,895
nba_Latn,100000,False,0.9882725832012678,209,0.9859827858773934,277,0.9844988426737743,323,14155
nbc_Latn,10982,False,0.991412213740458,16,0.9942583732057417,10,0.9971153846153846,2,1041
nbe_Latn,11062,False,0.995196926032661,9,0.9971126082771896,5,0.9990356798457087,1,1037
nbl_Latn,100000,False,0.8478936276533339,4780,0.8451015195463008,4943,0.8439276374089525,5010,21734
nbq_Latn,3157,False,0.941908713692946,28,0.9763440860215054,11,0.9869565217391305,6,227
nbu_Latn,30552,False,0.9951314508276534,14,0.9948068808828302,15,0.9948068808828302,15,3082
nca_Latn,24465,False,0.9940029985007496,8,0.9932584269662922,9,0.9932584269662922,9,663
nch_Latn,100000,False,0.918606024808033,316,0.9182419659735349,320,0.9190846897853268,336,17992
ncj_Latn,100000,False,0.9486070947977209,316,0.9496028798354379,338,0.9500470715773257,357,18045
ncl_Latn,17768,False,0.9876819708846584,16,0.9882220975883342,14,0.9943566591422122,3,888
ncq_Laoo,4269,True,0.9851632047477745,9,0.9865871833084949,7,0.9865871833084949,7,333
nct_Latn,11027,False,0.9891560584629892,21,0.9896226415094341,20,0.9952426260704091,5,1051
ncu_Latn,17218,False,1.0,0,1.0,0,1.0,0,1605
ncx_Latn,100000,False,0.86485199047295,2768,0.8627224953381928,2859,0.8617820174548406,2911,13913
ndc_Latn,100000,False,0.8517982740559684,5325,0.8511338151009219,5359,0.8490767663212306,5463,17693
nde_Latn,100000,False,0.7372137264944758,10760,0.735816283619476,10814,0.7352785339740193,10854,23757
ndh_Latn,625,False,0.20253164556962022,124,0.8421052631578948,4,0.9142857142857143,1,18
ndi_Latn,11030,False,0.9980411361410382,1,0.9980411361410382,1,0.998530132288094,0,1022
ndj_Latn,17827,False,0.9621087314662273,61,0.9663541092112521,53,0.9749023982152816,35,884
ndo_Latn,100000,False,0.897135734884403,1958,0.8968639414276998,2032,0.8972490923710436,2089,43169
ndp_Latn,13523,False,0.9889101338432122,29,0.9915579432079816,21,0.9965156794425087,3,1293
nds_Latn,100000,False,0.899037021185534,1584,0.8884680134680135,1927,0.861377294136755,2743,11278
ndy_Latn,6763,False,0.9895287958115184,12,0.9921259842519685,9,0.9955869373345101,2,567
ndz_Latn,17783,False,0.9973753280839895,9,0.9976662777129521,8,0.9997075168177829,0,1710
neb_Latn,13396,False,0.9976689976689977,6,0.9976689976689977,6,0.9972794403420133,6,1284
new_Deva,25626,False,0.6643952299829642,2108,0.6673332381088416,2069,0.6673332381088416,2069,2596
nfa_Latn,17143,False,0.9954379562043796,7,0.9954379562043796,7,0.9963436928702011,4,1094
nfr_Latn,13480,False,0.9988536492166603,0,0.9992360580595876,0,0.9977046671767407,0,1310
ngb_Latn,3303,False,0.6952380952380952,191,0.8021978021978021,107,0.981651376146789,2,220
ngc_Latn,11049,False,0.9568884723523897,90,0.9636621047663992,75,0.9907181240840255,10,1023
ngl_Latn,100000,False,0.9564800919569589,736,0.9560565533053115,787,0.9549498030245267,842,15605
ngp_Latn,17827,False,0.8764478764478765,212,0.8791848617176129,203,0.8816366293229421,196,952
ngu_Latn,100000,False,0.9073713982676331,396,0.9068750827924229,412,0.9092108735814199,433,11966
nhd_Latn,13486,False,0.6346534653465346,1462,0.6366127023661271,1441,0.6514404360238775,1302,1296
nhe_Latn,28871,False,0.9226860254083484,118,0.9214052879391526,123,0.9214052879391526,123,1366
nhg_Latn,16904,False,0.9892372484791765,23,0.9915572232645403,18,0.9990539262062441,1,1057
nhi_Latn,18600,False,0.8213689482470785,486,0.8381601362862009,426,0.8381601362862009,426,1279
nhk_Latn,3218,False,0.6387096774193548,203,0.7872763419483102,86,0.88,33,219
nho_Latn,24502,False,0.9863597612958227,32,0.9876227059325651,29,0.9876227059325651,29,1157
nhr_Latn,17751,False,0.998298355076574,6,0.9977324263038548,8,0.998298355076574,6,1760
nhu_Latn,17806,False,0.9993150684931507,2,1.0,0,1.0,0,1459
nhw_Latn,17816,False,0.5950364963503649,1335,0.5958443078724027,1328,0.5970674486803519,1321,1071
nhx_Latn,35642,False,0.9911417322834646,18,0.9896805896805896,21,0.9896805896805896,21,1007
nhy_Latn,17810,False,0.946524064171123,97,0.953099730458221,83,0.9582655826558266,73,888
nia_Latn,100000,False,0.9953042912269283,150,0.994496435455031,190,0.9935741294917299,232,21460
nif_Latn,10209,False,0.9965397923875432,2,0.9965397923875432,2,1.0,0,288
nii_Latn,30695,False,0.9974683544303797,1,0.9974683544303797,1,0.9974683544303797,1,593
nij_Latn,13418,False,0.9820267686424474,46,0.9857965451055664,36,0.9921996879875196,7,1285
nim_Latn,17845,False,0.9879391714735186,21,0.991578947368421,14,0.9957582184517496,3,944
nin_Latn,24556,False,0.9928605425987624,15,0.9923809523809524,15,0.9923809523809524,15,1043
nio_Cyrl,90,False,0.0898876404494382,81,1.0,0,1.0,0,4
niq_Latn,30088,False,0.9845540607872446,76,0.9845489283934209,75,0.9845489283934209,75,2981
niu_Latn,100000,False,0.9924297480620154,388,0.9932326808064305,389,0.993479991535074,417,49523
niy_Latn,11062,False,0.9881347887992405,25,0.9909566872917659,19,0.9909566872917659,19,1041
njb_Latn,10983,False,0.9936492427943332,10,0.9955947136563876,6,0.9965669445806767,3,1020
njm_Latn,30730,False,0.9933014354066987,26,0.9926658163265306,29,0.9926658163265306,29,3130
njn_Latn,29912,False,0.9900602900439954,43,0.9900538072721344,41,0.9900538072721344,41,3056
njo_Latn,30731,False,0.9912959381044487,45,0.9920954992740764,40,0.9920954992740764,40,3084
njz_Latn,11038,False,0.9930898321816387,13,0.9935802469135803,12,0.9965260545905706,4,1007
nkf_Latn,6762,False,0.9835497835497835,18,0.9938757655293088,6,0.9982425307557118,1,569
nki_Latn,11061,False,0.9127640036730945,151,0.9180934752429432,136,0.9197960129809921,132,1033
nko_Latn,17654,False,1.0,0,0.9994372537985369,1,0.9994372537985369,1,888
nla_Latn,233,False,0.029585798816568046,328,1.0,0,1.0,0,5
nlc_Latn,13403,False,0.9932991722506899,17,0.9932991722506899,17,0.9980182322631789,4,1260
nld_Latn,100000,False,0.9593014917290734,3485,0.9627438422330744,3971,0.9672881086241645,4695,384720
nlg_Latn,16692,False,0.9792038027332146,31,0.9815366289458011,27,0.9927184466019418,2,828
nma_Latn,11038,False,0.9934272300469483,14,0.9948283968030089,11,0.9990557129367328,2,1058
nmf_Latn,30733,False,0.9877931256023129,69,0.9868421052631579,75,0.9868421052631579,75,3082
nmh_Latn,11056,False,0.994263862332696,12,0.9952153110047847,10,0.9985583853916387,2,1040
nmo_Latn,11055,False,0.9877121123464014,20,0.9917743830787309,13,0.9958604376108812,4,845
nmw_Latn,3113,False,0.6373626373626373,33,0.8405797101449275,11,0.9354838709677419,4,29
nmz_Latn,13452,False,0.9977595220313666,5,0.9970149253731343,7,0.9985041136873598,2,1337
nnb_Latn,83880,False,0.8847037793667006,275,0.886685732443597,299,0.886685732443597,299,8460
nng_Latn,11050,False,0.992626728110599,16,0.9949191685912241,11,0.9981429897864438,2,1077
nnh_Latn,10903,False,0.9980582524271845,4,0.997090203685742,6,0.9990281827016522,2,1028
nnl_Latn,29935,False,0.9895539711490632,42,0.9884067572043723,49,0.9884067572043723,49,3005
nno_Latn,100000,False,0.8710585825830951,10774,0.8640736712042327,11637,0.8602658602658603,12129,42144
nnp_Latn,11050,False,0.994754411063424,9,0.9957040572792363,7,0.9971291866028709,3,1045
nnq_Latn,17827,False,0.9232354456465739,147,0.9347939488784559,123,0.9406824146981626,111,898
nnw_Latn,17675,False,1.0,0,1.0,0,1.0,0,1711
noa_Latn,35324,False,0.996703018006594,4,0.9972116603295311,4,0.9972116603295311,4,1974
nob_Latn,100000,False,0.9520263596518304,13028,0.9511507006865995,13170,0.9510917367487077,13308,258590
nod_Thai,11038,False,0.4513432835820895,1838,0.45873786407766987,1784,0.6631578947368421,768,756
nog_Cyrl,19172,False,0.8889819857561793,254,0.8947145877378436,235,0.8947145877378436,235,1072
non_Latn,502,False,0.034482758620689655,443,0.45161290322580644,11,0.5217391304347826,4,13
nop_Latn,31774,False,0.9971671388101984,6,0.9964614295824487,8,0.9964614295824487,8,1410
not_Latn,24235,False,0.9938176197836167,8,0.9961270333075135,5,0.9961270333075135,5,643
nou_Latn,30588,False,0.9939498703543648,5,0.9939498703543648,5,0.9939498703543648,5,577
nov_Latn,1813,False,0.052246603970741906,2714,0.1316501352569883,954,0.31746031746031744,289,82
nph_Latn,11061,False,0.9956118966357874,9,0.9960975609756098,8,0.9985330073349633,3,1021
npi_Deva,100000,False,0.9511733385919937,451,0.951731746719729,462,0.9535302663438255,870,26142
npi_Latn,359,False,0.0462046204620462,288,0.42424242424242425,18,0.7000000000000001,5,8
npl_Latn,24576,False,0.8002270147559591,690,0.8051428571428572,667,0.8051428571428572,667,1424
npo_Latn,11061,False,0.99578848853533,9,0.9971883786316776,6,0.9990610328638497,2,1064
npy_Latn,13254,False,0.9839228295819935,39,0.9870967741935482,31,0.9955156950672646,7,1225
nqo_Nkoo,8471,False,1.0,0,1.0,0,1.0,0,713
nre_Latn,30002,False,0.9922659206845484,28,0.9921026653504443,29,0.9921026653504443,29,3034
nrf_Latn,6460,False,0.39448173005219983,1616,0.44481745698699116,1316,0.9573283858998145,25,537
nri_Latn,11054,False,0.9700874367234239,62,0.9772832637923041,46,0.9952785646836638,7,1057
nsa_Latn,11044,False,0.9962721342031687,8,0.9972014925373134,6,0.9985987856141989,3,1069
nse_Latn,93386,False,0.8125752508361205,3874,0.8018611184268283,4208,0.8018611184268283,4208,9440
nsm_Latn,29995,False,0.9911678115799802,31,0.9916516614830578,27,0.9916516614830578,27,3053
nsn_Latn,24366,False,0.982919254658385,21,0.9844236760124611,18,0.9844236760124611,18,634
nso_Latn,100000,False,0.9872699879809727,933,0.9874514271534197,994,0.987468318386472,1031,178542
nss_Latn,5620,False,0.9098039215686274,23,0.9508196721311475,12,0.983050847457627,4,116
nst_Latn,30606,False,0.9872715404699739,30,0.9887420460107685,26,0.9887420460107685,26,3073
nsu_Latn,17790,False,0.9528688524590163,83,0.9542886492039034,79,0.9687174139728885,50,939
ntp_Latn,17357,False,0.998324958123953,3,0.998324958123953,3,1.0,0,894
ntr_Latn,17764,False,0.9968198901416594,9,0.9968198901416594,9,0.998262883613202,4,1726
ntu_Latn,12626,False,0.988235294117647,10,0.9929078014184397,6,0.996415770609319,0,420
nuj_Latn,8313,False,0.9283408650742415,99,0.9386422976501305,82,0.9735376044568245,6,731
nus_Latn,14391,False,0.995253742241694,9,0.9945235487404163,10,0.9959692194943203,3,1367
nuy_Latn,11270,False,0.9995376791493296,1,0.9990749306197965,1,0.999074074074074,0,1081
nuz_Latn,1598,False,0.3868312757201646,148,0.5251396648044693,84,0.9387755102040817,4,48
nvm_Latn,22498,False,0.9928952042628775,8,0.9928952042628775,8,0.9928952042628775,8,559
nwb_Latn,13165,False,0.9980476376415464,5,0.9980476376415464,5,0.999608916699257,1,1278
nwi_Latn,17294,False,0.9962756052141527,7,0.9962756052141527,7,0.9976689976689976,4,1071
nwx_Deva,16773,False,0.9754619812178129,73,0.9751364463311097,72,0.9846248462484624,33,1618
nxd_Latn,11061,False,0.9875717017208413,24,0.9913627639155471,16,0.995159728944821,3,1035
nya_Latn,100000,False,0.9710630601292491,1022,0.9713804491703937,1116,0.9724760570678306,1208,232789
nyf_Latn,13672,False,0.9222222222222223,211,0.925977653631285,197,0.9799703264094956,34,1341
nyk_Latn,100000,False,0.9847567981616239,247,0.9843636502657033,305,0.9836203275934482,359,26261
nyn_Latn,100000,False,0.9149383542005161,715,0.9145229800028636,753,0.9118801115680991,1026,21991
nyo_Latn,13528,False,0.6623235613463627,1218,0.6716417910447761,1157,0.7389162561576355,802,1246
nyu_Latn,100000,False,0.9190464365532655,1881,0.9177146741649415,1982,0.9135286342258153,2141,15531
nyy_Latn,99263,False,0.9764734895191121,216,0.9733202550269741,307,0.9733202550269741,307,10160
nza_Latn,4301,False,0.957787481804949,29,0.9894736842105264,7,0.9939577039274925,4,329
nzi_Latn,100000,False,0.9962679988245666,54,0.9971236535470048,66,0.997070627178721,134,34103
nzm_Latn,30721,False,0.9956374212312167,16,0.9954780361757106,18,0.9954780361757106,18,3092
obo_Latn,17566,False,0.9949748743718593,12,0.9958088851634534,10,0.9987389659520807,3,1188
oci_Latn,100000,False,0.9318719267294772,1416,0.919070660805969,1820,0.9004110478113507,2436,12812
ogo_Latn,49629,False,0.9963114345528861,14,0.9949268874962698,32,0.9949268874962698,32,5020
ojb_Cans,33721,False,0.9855577689243028,42,0.9838348669485203,48,0.9838348669485203,48,1995
ojb_Latn,26541,False,0.9947877885331347,23,0.9947897283215482,24,0.9947897283215482,24,2677
oke_Latn,51037,False,0.9755676918654786,180,0.9749640287769784,177,0.9749640287769784,177,5166
oku_Latn,6760,False,0.9974683544303797,3,0.9983108108108107,2,1.0,0,591
okv_Latn,24041,False,0.9943181818181819,6,0.9933774834437086,7,0.9933774834437086,7,525
old_Latn,13531,False,0.9734448890505638,63,0.9752005835156821,57,0.9881569207994079,19,1348
olo_Latn,8012,False,0.48451854372235453,1512,0.5237219566016919,1292,0.8921694480102697,148,715
omb_Latn,4266,False,0.9726247987117552,17,0.9885433715220949,7,0.9950576606260296,3,302
omw_Latn,27268,False,0.9958115183246073,6,0.9963331587218438,5,0.9963331587218438,5,953
ong_Latn,31080,False,0.9956024626209323,5,0.9964788732394366,4,0.9964788732394366,4,566
ons_Latn,24539,False,0.9986910994764397,6,0.998473282442748,7,0.998473282442748,7,2289
ood_Latn,16954,False,0.996645318694724,8,0.9972535855965822,6,0.9987775061124695,1,1637
opm_Latn,23755,False,0.9936204146730463,8,0.9968,4,0.9968,4,623
orv_Cyrl,27832,False,0.7230087230087229,1691,0.7230879199428162,1692,0.7230879199428162,1692,2774
ory_Latn,435,False,0.06250000000000001,238,0.5185185185185185,10,0.6666666666666666,4,10
ory_Orya,100000,False,0.9996095427745891,3,0.9995900279171467,4,0.9996098017793039,20,25618
oss_Cyrl,100000,False,0.9983306999455468,7,0.9982681354782267,8,0.9983218780683745,11,56098
ota_Arab,674,False,0.1981981981981982,83,0.3018867924528302,28,0.39024390243902435,16,17
otd_Latn,6719,False,0.9610182975338107,47,0.9749798224374494,29,0.9934102141680395,5,606
ote_Latn,56504,False,0.9876477854243868,21,0.9869580542826929,32,0.9869580542826929,32,5716
otm_Latn,17662,False,0.997874601487779,4,0.997874601487779,4,0.997874601487779,4,939
otn_Latn,17786,False,0.9915343915343915,14,0.9915343915343915,14,0.9920592906299629,13,939
oto_Latn,4664,False,0.7971188475390156,140,0.8939597315436243,51,0.9100968188105117,33,361
otq_Latn,17800,False,0.9988419224088014,4,0.999131190269331,3,0.9994206257242179,2,1725
ots_Latn,21473,False,0.9600319744204636,4,0.9687128712871288,5,0.9687128712871288,5,1297
otw_Latn,85,False,0.03973509933774835,145,0.8,0,0.8,0,3
oym_Latn,10692,False,0.9979529170931423,4,0.9979529170931423,4,0.9994874423372629,1,975
ozm_Latn,13451,False,1.0,0,0.998021369212505,5,0.9988118811881188,3,1261
pab_Latn,17824,False,0.9948186528497409,10,0.995850622406639,8,0.9989572471324296,0,960
pad_Latn,24093,False,0.9852700490998363,18,0.9860769860769861,17,0.9860769860769861,17,602
pag_Latn,100000,False,0.9920372097958677,442,0.9919215845714638,508,0.9919545251934136,658,113547
pah_Latn,17258,False,0.9939659901261656,11,0.9956043956043955,8,0.9988974641675854,2,906
pam_Latn,34170,False,0.9359560841720036,205,0.9251639158941894,256,0.9251639158941894,256,2121
pan_Guru,100000,False,0.9999483832909338,0,0.999977879205716,0,0.999977879205716,0,67811
pan_Latn,4064,False,0.5381818181818182,492,0.6022610483042138,368,0.7018404907975461,217,312
pao_Latn,15679,False,0.9969522519471723,9,0.9972881355932204,7,0.99830220713073,3,1472
pap_Latn,100000,False,0.9922133804472497,335,0.9922856481728698,409,0.9922789539227895,483,141127
pau_Latn,100000,False,0.9984048916655589,33,0.9979401993355481,44,0.997277556440903,64,15037
pbb_Latn,17747,False,0.9970930232558141,9,0.996803254867771,10,0.9982527664531159,4,1716
pbc_Latn,13500,False,0.9972836631742336,7,0.9965075669383004,8,0.9980552314274601,3,1285
pbi_Latn,13371,False,0.999623352165725,0,0.9988709070380127,2,0.9992469879518072,1,1328
pbt_Arab,80648,False,0.9595712454852616,558,0.9588690441561464,576,0.9588690441561464,576,8372
pcd_Latn,2213,False,0.06778451658936853,2609,0.1211708645336964,1281,0.4356955380577428,199,99
pck_Latn,37494,False,0.9435102469784551,221,0.9418267965254015,220,0.9418267965254015,220,3800
pcm_Latn,33265,False,0.6667530784186649,1820,0.6395147313691508,2172,0.6395147313691508,2172,3323
pdc_Latn,13498,False,0.9776558212465699,44,0.9772191673212883,42,0.987585102122547,4,1260
pdt_Latn,100000,False,0.9718858437787692,705,0.9722320606361124,696,0.9707234283289724,742,13813
pem_Latn,8343,False,0.8629563135846797,226,0.8795107033639145,192,0.9778393351800554,14,724
pfe_Latn,15290,False,0.9989969909729188,3,0.9989969909729188,3,0.9993311036789299,2,1494
pfl_Latn,8500,False,0.6344769165607793,843,0.7120268327743172,575,0.8974197608558843,107,769
phm_Latn,38316,False,0.6921675774134791,3028,0.6923593135845078,3027,0.6923593135845078,3027,3793
pib_Latn,25109,False,0.9886131386861314,33,0.9894736842105263,29,0.9894736842105263,29,1699
pio_Latn,17469,False,0.9972175848636617,5,0.9972175848636617,5,0.9994422755158953,1,896
pir_Latn,17355,False,0.9984639016897081,3,0.9974424552429668,5,1.0,0,975
pis_Latn,100000,False,0.9927245047883734,343,0.9917171467424897,533,0.9914935672308208,586,56559
pjt_Latn,19780,False,1.0,0,1.0,0,1.0,0,1192
pkb_Latn,13429,False,0.9544095665171899,120,0.9572713643178411,112,0.9878192534381139,9,1279
plg_Latn,15999,False,0.9937643583852971,10,0.9944207417131604,9,0.9960526315789474,3,1523
pls_Latn,36929,False,0.9960877700289165,6,0.9957475761183875,7,0.9957475761183875,7,2945
plt_Latn,100000,False,0.990951519192304,311,0.9905400003806841,343,0.9891149484242321,433,26174
plu_Latn,22814,False,0.9929128277817151,19,0.9932600212841433,17,0.9932600212841433,17,1402
plw_Latn,18070,False,0.9919540229885058,25,0.9933812949640288,20,0.9933812949640288,20,1729
pma_Latn,31148,False,0.989294710327456,34,0.989294710327456,34,0.989294710327456,34,1571
pmf_Latn,13325,False,0.9902610050642774,14,0.9910261412407335,11,0.9925460965084347,2,1282
pmq_Latn,315,False,0.358974358974359,25,1.0,0,1.0,0,7
pms_Latn,26149,False,0.8837678721614802,650,0.8955376987519235,562,0.8955376987519235,562,2668
pmx_Latn,30033,False,0.9919893190921228,30,0.9914929107589658,33,0.9914929107589658,33,2990
pnb_Arab,100000,False,0.9584314917546927,791,0.9581490690303112,825,0.9586234221995812,976,26621
pne_Latn,17790,False,0.9956331877729258,5,0.9956331877729258,5,0.9972602739726028,0,915
pnt_Grek,846,False,0.019880715705765408,1972,0.03005259203606311,1291,0.21935483870967742,118,20
pny_Latn,11061,False,1.0,0,1.0,0,1.0,0,664
poe_Latn,34622,False,1.0,0,1.0,0,1.0,0,2703
poh_Latn,57259,False,0.9924593967517402,11,0.9920696324951644,11,0.9920696324951644,11,5200
poi_Latn,24578,False,0.9982174688057042,3,0.9988109393579072,2,0.9988109393579072,2,840
pol_Latn,100000,False,0.9830956540383552,1859,0.9840624806207204,2247,0.9856859150811664,2540,415506
pon_Latn,100000,False,0.9977357535892732,47,0.997938926471518,54,0.9977887567758811,88,39570
por_Latn,100000,False,0.9799073813809862,4507,0.9806141763313821,4970,0.9809138713214934,5304,507199
pos_Latn,4298,False,0.9817073170731708,12,0.9953632148377125,3,0.9984496124031007,1,322
pot_Latn,3543,False,0.9452554744525548,30,0.9923371647509579,4,0.9961538461538463,2,259
pov_Latn,23414,False,0.8875509807729657,558,0.8968768414849736,502,0.8968768414849736,502,2306
poy_Latn,11062,False,0.968867924528302,64,0.9701845716990062,59,0.9857493857493858,3,1029
ppk_Latn,13248,False,0.9915764139590855,20,0.9947686116700201,12,0.9971762807583703,6,1237
ppo_Latn,23741,False,0.9994065281899109,1,1.0,0,1.0,0,842
pps_Latn,11062,False,0.9918776875298614,16,0.9933014354066987,13,0.9933014354066987,13,1039
prf_Latn,17733,False,0.9608791208791209,89,0.9638447971781305,82,0.9728526924788607,61,1093
prg_Latn,891,False,0.08583690987124463,426,0.6557377049180327,21,1.0,0,20
pri_Latn,16474,False,0.9983122362869198,3,0.9987336428872942,2,0.9995775242923532,0,1184
prq_Latn,4298,False,0.9304229195088677,50,0.963276836158192,25,0.9701280227596016,20,342
pse_Latn,13493,False,0.9857890800299177,34,0.9872659176029962,30,0.9916413373860182,5,1322
pss_Latn,6762,False,0.9935275080906149,8,0.9943227899432279,6,0.9975550122249389,1,614
ptp_Latn,24490,False,0.9991796554552912,0,0.9991796554552912,0,0.9991796554552912,0,610
ptu_Latn,17647,False,0.9906735751295338,17,0.9927310488058152,13,0.9958333333333333,7,957
pua_Latn,6760,False,0.5921510183805265,817,0.5984886649874055,791,0.6237731733914941,662,600
pui_Latn,6760,False,0.9783549783549782,24,0.989492119089317,11,0.9973474801061009,1,566
pwg_Latn,24474,False,0.9890000000000001,16,0.9894947473736868,15,0.9894947473736868,15,995
pwn_Latn,561,False,0.12093023255813955,187,0.37142857142857144,42,0.7878787878787877,5,15
pww_Thai,37451,False,0.9977178144717411,12,0.9978523489932887,12,0.9978523489932887,12,3721
pxm_Latn,30440,False,0.9945402926403145,18,0.9947552447552448,16,0.9947552447552448,16,2284
qub_Latn,86392,False,0.9601637307214385,117,0.9606528708831245,136,0.9606528708831245,136,6996
quc_Latn,100000,False,0.9655784156708144,787,0.9647533720586787,826,0.9645826159673373,845,20204
quf_Latn,17558,False,0.9835491774588729,42,0.9845505617977528,36,0.9939652112176074,7,1410
qug_Latn,100000,False,0.9037385115057702,1299,0.9021772885683724,1343,0.9042064091127427,1404,14565
quh_Latn,50801,False,0.8554579093432008,555,0.8548648024035128,561,0.8548648024035128,561,4394
qul_Latn,28854,False,0.72562358276644,969,0.726672171758877,962,0.726672171758877,962,2122
qup_Latn,23884,False,0.9870967741935484,12,0.9870967741935484,12,0.9870967741935484,12,616
qus_Latn,5732,False,0.43764275925079943,1230,0.5729665071770335,713,0.8984375,84,480
quw_Latn,28537,False,0.9275466284074605,151,0.9277498202731849,144,0.9277498202731849,144,2839
quy_Latn,100000,False,0.9402934482591643,1405,0.9400720973556239,1447,0.9403688574121969,1475,42363
quz_Latn,100000,False,0.9071547420965058,2572,0.906783502039583,2628,0.9071732504451218,2661,33552
qva_Latn,10970,False,0.9536679536679535,63,0.9562682215743441,53,0.9571984435797666,51,1021
qvc_Latn,17482,False,0.9859813084112149,33,0.9867498051441933,31,0.9948919449901767,10,1269
qve_Latn,17832,False,0.46937775600195986,2140,0.47500621735886595,2082,0.479297365119197,2046,984
qvh_Latn,22988,False,0.9423347398030942,70,0.9435028248587571,66,0.9435028248587571,66,682
qvi_Latn,100000,False,0.9363441601615405,1005,0.9355942214456231,1033,0.9361180565769476,1108,20592
qvm_Latn,16650,False,0.9655612244897959,35,0.9661341853035145,33,0.9667519181585678,32,776
qvn_Latn,17810,False,0.9758354755784062,26,0.9747812660833762,26,0.9752832131822864,25,970
qvo_Latn,13361,False,0.9608895705521472,73,0.9634193299961494,64,0.9693877551020409,31,1282
qvs_Latn,17666,False,0.9859307359307359,20,0.9869989165763814,18,0.9875203472599022,16,917
qvw_Latn,23613,False,0.9910931174089069,9,0.9927007299270073,7,0.9927007299270073,7,614
qvz_Latn,17523,False,0.9725274725274726,47,0.9735973597359737,45,0.9822024471635151,27,888
qwh_Latn,17649,False,0.9819819819819819,31,0.9847543760587237,26,0.9948659440958358,8,873
qxh_Latn,17446,False,0.97544080604534,59,0.9747793190416141,58,0.9750867234310943,57,1568
qxl_Latn,10958,False,0.9937469937469937,12,0.9942252165543792,11,0.9980657640232108,2,1034
qxn_Latn,17805,False,0.9688548155246766,29,0.9692898272552785,27,0.9692898272552785,27,1047
qxo_Latn,23074,False,0.9395348837209303,50,0.9393468118195957,48,0.9393468118195957,48,634
qxr_Latn,12493,False,0.8226733052470319,396,0.828064764841943,379,0.8619991906110887,265,1141
rad_Latn,30721,False,0.9980601357904947,7,0.9975763451284537,10,0.9975763451284537,10,3092
rai_Latn,24409,False,0.9926253687315635,9,0.9911504424778762,10,0.9911504424778762,10,674
ram_Latn,8103,False,0.9993098688750862,1,0.9993098688750862,1,1.0,0,724
rap_Latn,10989,False,0.9754969949144706,53,0.9823091247672253,38,0.9934086629001884,14,1055
rar_Latn,100000,False,0.9939163357194473,188,0.994563037293491,201,0.9948743885965939,220,81259
rav_Deva,6754,False,0.9875886524822696,11,0.9884649511978706,10,0.9955317247542449,2,560
raw_Latn,6734,False,0.994773519163763,6,0.9965095986038394,4,0.9973799126637556,3,571
rcf_Latn,10707,False,0.8610139860139859,315,0.9150023223409196,180,0.9868819374369324,16,988
rej_Latn,9098,False,0.9576968272620446,63,0.9564193168433451,62,0.9804161566707466,9,824
rel_Latn,6750,False,0.9317647058823529,86,0.9526864474739375,58,0.9958018471872376,3,595
rgu_Latn,12785,False,0.9662337662337662,25,0.9662337662337662,25,0.9827814569536425,11,373
rhg_Latn,3252,False,0.6143250688705234,280,0.8308270676691729,88,0.9751693002257336,4,223
ria_Latn,11043,False,0.9971014492753623,5,0.9971014492753623,5,0.9985472154963682,1,1033
rim_Latn,17820,False,0.9727709556860651,45,0.9753747323340471,40,0.9875338753387535,17,917
rjs_Deva,6760,False,0.9771112865035517,29,0.9746434231378764,28,0.9828850855745721,5,619
rkb_Latn,17397,False,0.987485779294653,22,0.9891614375356532,18,0.9936672423719056,6,868
rmc_Latn,39151,False,0.9643285371702639,214,0.9644624381466487,212,0.9644624381466487,212,3241
rme_Latn,366,False,0.017982017982017984,983,0.375,30,0.8888888888888888,1,9
rml_Latn,1790,False,0.4050632911392405,234,0.730593607305936,58,0.9570552147239264,4,81
rmn_Cyrl,64930,False,0.9233692210259659,1008,0.9308167175193359,892,0.9308167175193359,892,6642
rmn_Grek,79160,False,0.8147321428571428,3602,0.8150594451783356,3581,0.8150594451783356,3581,8080
rmn_Latn,100000,False,0.9634101597678529,890,0.9603509588221609,992,0.9549674563055472,1166,14649
rmo_Latn,16689,False,0.9847624738571855,32,0.9886022795440912,19,0.9909747292418774,10,1667
rmq_Latn,3913,False,0.7409470752089136,186,0.8866666666666666,68,0.9869646182495344,6,266
rmy_Cyrl,30085,False,0.92140340125632,494,0.922014123426466,485,0.922014123426466,485,3026
rmy_Latn,70602,False,0.8992401215805471,542,0.8952725627686045,625,0.8952725627686045,625,6701
rnd_Latn,24508,False,0.9867894315452362,53,0.9873873873873874,51,0.9873873873873874,51,2478
rng_Latn,65043,False,0.8811475409836066,1569,0.8743050847457627,1681,0.8743050847457627,1681,6621
rnl_Latn,21989,False,0.9886600323999074,33,0.9900393791985175,28,0.9900393791985175,28,2152
roh_Latn,30545,False,0.9413023540201774,319,0.9390801096558026,339,0.9390801096558026,339,3144
ron_Cyrl,30637,False,0.9525429494812043,265,0.954653937947494,252,0.954653937947494,252,2814
ron_Latn,100000,False,0.9925469842143784,989,0.9926731205799804,1147,0.9924026050124727,1408,149054
roo_Latn,24068,False,0.9968091895341417,5,0.9974457215836526,4,0.9974457215836526,4,781
rop_Latn,54485,False,0.9843400447427292,20,0.984540276647681,18,0.984540276647681,18,4974
row_Latn,14225,False,0.9794437726723095,13,0.9805825242718446,11,0.988957055214724,3,409
rro_Latn,24580,False,0.9881305637982196,14,0.9895988112927191,12,0.9895988112927191,12,668
rtm_Latn,8987,False,0.9875222816399286,21,0.9916467780429593,14,0.9981916817359855,0,831
rub_Latn,11018,False,0.9818002951303493,34,0.9837358304583539,30,0.9970000000000001,2,1001
rue_Cyrl,8501,False,0.1560298601619178,8002,0.1828514949345194,6587,0.5564610011641444,1093,767
ruf_Latn,17822,False,0.9497382198952878,88,0.9547368421052632,78,0.9608050847457628,66,915
rug_Latn,30060,False,0.9907368421052631,36,0.9909378292939937,33,0.9909378292939937,33,2361
run_Latn,100000,False,0.8315253469537577,28009,0.8301828046127321,28681,0.8294685126594579,28970,121606
rup_Latn,5032,False,0.7100085543199316,336,0.8193484698914116,180,0.9619047619047619,18,418
rus_Cyrl,100000,False,0.9817294917662268,1446,0.9828791338292701,1486,0.9852524568524003,1607,827081
rwo_Latn,51384,False,0.997872340425532,6,0.997872340425532,6,0.997872340425532,6,1407
sab_Latn,16901,False,0.9969824984912493,4,0.9981873111782478,2,0.9963636363636363,1,827
sag_Latn,100000,False,0.9957317442571307,48,0.9961042391160805,96,0.9961273145346726,119,91126
sah_Cyrl,100000,False,0.9833649760419492,162,0.9828349444394254,176,0.9807631661936297,229,11083
saj_Latn,6675,False,0.9854077253218885,17,0.990509059534081,11,0.999129677980853,1,574
san_Deva,100000,False,0.9385035872907415,1264,0.9381062986746822,1273,0.9307017543859649,1576,14271
san_Latn,36337,False,0.9877317339149401,70,0.9878697015128799,70,0.9878697015128799,70,3643
sas_Latn,13444,False,0.9916286149162861,21,0.9942726231386025,13,0.9965424510180559,2,1304
sat_Latn,10932,False,0.994567901234568,10,0.9950592885375494,9,0.9975235264982665,4,1008
sat_Olck,16858,False,0.9918414918414918,28,0.9918414918414918,28,0.9967789165446559,11,1702
say_Latn,693,False,0.18918918918918917,120,0.8750000000000001,4,0.9333333333333333,2,14
sba_Latn,37535,False,0.9991780821917808,1,0.9989044097507532,3,0.9989044097507532,3,3652
sbd_Latn,13463,False,0.9961977186311788,8,0.9973353635325467,5,0.9977151561309978,4,1312
sbe_Latn,14275,False,0.9865534324133051,18,0.9907604832977969,12,0.995702005730659,3,698
sbl_Latn,17703,False,0.984673131060369,49,0.984673131060369,49,0.9971491922711434,9,1574
sbs_Latn,271,False,0.0005221250489492233,7651,0.007590132827324478,517,0.007590132827324478,517,8
sby_Latn,172,False,0.0,103,0.0,0,0.0,0,4
sck_Deva,6800,False,0.9089469517022962,107,0.9122807017543859,100,0.9667519181585678,24,582
scn_Latn,62189,False,0.9050238357169051,717,0.8963519507558614,841,0.8963519507558614,841,5255
sco_Latn,87458,False,0.42882779412820327,23775,0.39344262295081966,27595,0.813737181015979,3378,9057
sda_Latn,18554,False,0.9741626794258373,47,0.975095785440613,45,0.975095785440613,45,1025
sdc_Latn,692,False,0.14193548387096774,265,0.5116279069767442,41,0.8235294117647057,7,23
sdh_Arab,100000,False,0.8401537059778948,1846,0.8398240957172854,1849,0.8392588486816057,1866,12793
sdo_Latn,643,False,0.23287671232876714,112,0.9189189189189189,3,0.9696969696969697,0,17
sdq_Latn,12828,False,0.9780666125101544,52,0.980440097799511,45,0.9929548280149191,9,1206
seh_Latn,100000,False,0.9580424665503199,1304,0.9575570859006887,1407,0.9584926072845293,1527,27354
sel_Cyrl,111,False,0.13559322033898305,51,0.888888888888889,1,0.888888888888889,1,4
ses_Latn,22094,False,0.9896623018607857,24,0.988973121984838,25,0.988973121984838,25,1442
sey_Latn,17722,False,0.9997143673236218,1,0.9997143673236218,1,1.0,0,1750
sfw_Latn,8107,False,0.6142920550377274,867,0.6758080313418218,658,0.9031396125584502,127,694
sgb_Latn,17786,False,0.9737283398546674,45,0.9759373251259094,42,0.9925671812464265,8,873
sgc_Latn,11896,False,0.8985959438377535,60,0.9228295819935691,42,0.9679595278246206,13,293
sgh_Cyrl,614,False,0.36000000000000004,30,0.8181818181818182,2,0.8421052631578948,0,11
sgs_Latn,8518,False,0.43385939741750357,1967,0.4670584596350139,1716,0.9190207156308852,99,762
sgw_Ethi,13446,True,0.46633416458852867,1249,0.4680672268907563,1227,0.5955842757135165,708,596
sgz_Latn,28351,False,0.9914821124361158,10,0.9923273657289001,9,0.9923273657289001,9,582
shi_Latn,8865,False,0.9295039164490861,21,0.9348255431204741,10,0.9244147157190635,5,799
shk_Latn,6733,False,1.0,0,1.0,0,1.0,0,567
shn_Mymr,32679,False,0.9995430312261996,3,0.9992386173290695,5,0.9992386173290695,5,3281
shp_Latn,71688,False,0.9863865048831015,67,0.9862201807675212,63,0.9862201807675212,63,3358
shr_Latn,12550,False,0.8601583113456466,328,0.8520446096654275,360,0.8950058985450255,221,1184
shu_Arab,4298,False,0.3826384922901199,1081,0.4342190537913156,873,0.6803699897225076,307,335
sid_Latn,100000,False,0.9957443112732326,82,0.9943208913165994,118,0.9926855658948279,156,11481
sig_Latn,17703,False,0.9995298542548191,1,0.9995298542548191,1,0.9990592662276576,1,1063
sil_Latn,13450,False,0.9988146977479258,2,0.9988137603795967,1,0.9984177215189873,1,1265
sim_Latn,24094,False,0.9926385122045719,16,0.9934031819945673,13,0.9934031819945673,13,1284
sin_Sinh,100000,False,0.9999600694791063,4,0.9999500873471424,5,0.9999500873471424,5,50085
sja_Latn,22053,False,0.9988814317673379,4,0.9994404029099049,2,0.9994404029099049,2,1786
sjo_Mong,688,True,1.0,0,1.0,0,1.0,0,19
sju_Latn,102,False,0.013422818791946308,146,0.5,1,0.5,1,2
skg_Latn,44788,False,0.9725447639717852,171,0.9707285342584562,184,0.9707285342584562,184,4563
skr_Arab,2026,False,0.4833836858006042,161,0.5683453237410072,109,0.672645739910314,58,90
sld_Latn,13475,False,0.999219968798752,1,0.9984411535463756,3,0.9992193598750976,0,1282
slk_Latn,100000,False,0.9752206364949619,2210,0.9755384085339297,2785,0.9757324186251131,3071,312407
sll_Latn,24338,False,0.9895414320193081,13,0.9919224555735056,9,0.9919224555735056,9,615
slv_Latn,100000,False,0.9678130120128878,5612,0.9679778259347125,6214,0.968417181255536,6718,360722
sma_Latn,11624,False,0.9408762228838791,136,0.9476394849785408,117,0.9775985663082437,32,1109
sme_Latn,100000,False,0.9808968108064903,314,0.9788115341723754,419,0.9746925447028152,656,18811
smj_Latn,7981,False,0.8501144164759726,259,0.8761792452830189,207,0.9331585845347313,68,746
smk_Latn,17697,False,0.9441903019213174,121,0.9441903019213174,121,0.9866028708133971,26,1033
sml_Latn,13435,False,0.9886277482941622,30,0.9897533206831121,27,0.9984662576687117,2,1304
smn_Latn,12132,False,0.9372964169381107,149,0.9442165709598032,131,0.981067125645439,28,1156
smo_Latn,100000,False,0.9955762674113797,113,0.9956288196442763,144,0.996086541194033,156,146450
sms_Latn,5951,False,0.9486692015209127,53,0.9661181026137463,34,0.9871159563924677,11,500
smt_Latn,17824,False,0.9703745108999442,92,0.9725336322869956,83,0.9728062797869358,82,1750
sna_Latn,100000,False,0.9744418269026699,657,0.9746735448024303,762,0.9748236222934002,848,192632
snc_Latn,24563,False,0.9931454683929931,5,0.9923896499238964,6,0.9923896499238964,6,656
snd_Arab,100000,False,0.9766699597233832,570,0.9758190031507421,594,0.9730118475339719,670,12896
snd_Deva,2147,False,0.4129554655870445,284,0.46651270207852186,224,0.8559322033898306,27,108
snd_Latn,4155,False,0.4396551724137931,769,0.588235294117647,415,0.7557251908396946,172,317
snf_Latn,11027,False,0.9945300845350571,9,0.9950248756218906,8,0.998003992015968,2,1002
snn_Latn,17690,False,0.9966592427616927,6,0.9972144846796658,5,1.0,0,895
snp_Latn,48512,False,0.9910836762688615,26,0.9917638984214139,24,0.9917638984214139,24,1445
snw_Latn,17742,False,0.9956709956709957,9,0.9952755905511811,9,0.9972386587771203,4,1267
sny_Latn,24185,False,0.9928571428571429,13,0.9918367346938775,14,0.9918367346938775,14,974
soe_Latn,945,False,0.40909090909090906,77,0.8852459016393442,6,0.9259259259259259,1,28
som_Latn,100000,False,0.9911837133672953,114,0.9909541325726298,164,0.990429457044931,233,26719
sop_Latn,100000,False,0.9695898720822893,767,0.9675997586378782,909,0.9645460483344219,1049,18767
soq_Latn,28667,False,0.9957734573119188,9,0.9970376639864579,6,0.9970376639864579,6,1179
sot_Latn,73326,False,0.9350303951367781,902,0.9332827420476822,927,0.9332827420476822,927,7507
soy_Latn,17800,False,0.9994054696789536,2,0.9994054696789536,2,0.9994054696789536,2,1681
spa_Latn,100000,False,0.9716076661495306,3408,0.9731617520558785,3557,0.9752178538780019,3740,324716
spl_Latn,21813,False,0.9956331877729258,5,0.9973753280839895,3,0.9973753280839895,3,570
spm_Latn,2755,False,1.0,0,1.0,0,1.0,0,158
spp_Latn,17708,False,0.9947312961011591,9,0.9952556668423828,8,0.9978835978835979,2,945
sps_Latn,24920,False,0.9911383776414452,13,0.9904632152588556,14,0.9904632152588556,14,727
spy_Latn,19910,False,0.9987110079917505,5,0.998968540484786,4,0.998968540484786,4,1937
srd_Latn,48717,False,0.7075763432547352,2265,0.6673315803790009,2927,0.6673315803790009,2927,4422
sri_Latn,17537,False,0.9984639016897082,1,0.9979508196721311,1,0.9979508196721311,1,977
srm_Latn,65066,False,0.9959404600811909,14,0.9954353338968724,20,0.9954353338968724,20,5922
srn_Latn,100000,False,0.9956426041030075,102,0.995823131211292,124,0.995789222793811,148,100970
srp_Cyrl,100000,False,0.9878571575928868,1943,0.9877583354306861,1957,0.9875051014308741,2094,120711
srp_Latn,79008,False,0.35599155594188503,24999,0.3628488931665062,24220,0.4071706751493891,18690,8099
srq_Latn,10959,False,0.9969909729187563,6,0.997491219267436,5,0.9979899497487437,3,994
srr_Latn,2867,False,0.7634854771784233,113,0.9583333333333334,15,0.9809264305177112,2,185
ssd_Latn,29416,False,0.9977708426214892,2,0.9973262032085561,3,0.9973262032085561,3,1122
ssg_Latn,24525,False,0.9873096446700508,17,0.9879365079365079,16,0.9879365079365079,16,781
ssw_Latn,100000,False,0.9563208735825284,1186,0.9554115053537687,1229,0.9546830962836731,1297,38574
ssx_Latn,22160,False,0.9994858611825194,1,0.9989711934156379,1,0.9989711934156379,1,972
stn_Latn,13415,False,0.9916963226571767,19,0.9932673267326732,15,0.9960127591706539,3,1256
stp_Latn,17750,False,0.9994343891402715,2,0.9994343891402715,2,1.0,0,1767
stq_Latn,8966,False,0.9655976676384839,55,0.9804154302670623,27,0.9897032101756512,2,832
sua_Latn,23474,False,0.9921996879875196,9,0.9914263445050662,10,0.9914263445050662,10,637
suc_Latn,11025,False,0.9955156950672646,9,0.997005988023952,6,0.9994997498749374,1,999
sue_Latn,24412,False,0.988993710691824,13,0.989771833202203,12,0.989771833202203,12,630
suk_Latn,22242,False,0.969989281886388,95,0.9701853344077356,90,0.9701853344077356,90,1827
sun_Latn,100000,False,0.9566418116542391,570,0.9499336093103179,791,0.9353420257714221,1269,12653
sur_Latn,13529,False,0.9988492520138088,2,0.9988492520138088,2,0.9984650805832693,2,1303
sus_Arab,30707,False,0.9996004794246903,1,0.9996004794246903,1,0.9996004794246903,1,2503
sus_Latn,21057,False,0.9868052778888444,10,0.9863891112890313,9,0.9863891112890313,9,1257
suz_Deva,57138,False,0.9930932866746478,27,0.9926294453657638,27,0.9926294453657638,27,5440
swb_Latn,1096,False,0.19377162629757785,233,0.8235294117647058,12,0.9454545454545454,1,28
swc_Latn,100000,False,0.8784188060934547,4871,0.8793774319066148,4854,0.8789535435233032,4978,39930
swe_Latn,100000,False,0.9768570413859694,3624,0.9778300162806924,4042,0.9782360850656897,4560,365129
swg_Latn,8406,False,0.8151476251604621,192,0.834990059642147,148,0.8821022727272728,56,731
swh_Latn,100000,False,0.9007861963403605,6183,0.899455510253547,6555,0.8987718965843912,6921,57013
swk_Latn,6577,False,0.580841358337557,826,0.6293245469522241,674,0.8878205128205128,120,574
swp_Latn,25881,False,0.9856836077308518,35,0.9863896848137536,33,0.9863896848137536,33,1382
sxb_Latn,17789,False,0.9788629737609329,55,0.9817251461988304,47,0.9940740740740741,12,1346
sxn_Latn,49827,False,0.9943983001738458,28,0.9941102635898427,31,0.9941102635898427,31,5178
syb_Latn,10836,False,0.9937046004842615,13,0.9941804073714839,11,0.9975669099756691,4,1026
syc_Syrc,7103,True,0.9902597402597403,12,0.9902597402597403,12,0.9902597402597403,12,610
syl_Beng,4163,False,0.6978818283166109,271,0.7309048178613395,227,0.9693053311793214,6,313
syl_Latn,8549,False,0.9037284362826934,173,0.9541715628672149,78,0.9944819129368486,8,812
syl_Sylo,3570,False,1.0,0,1.0,0,1.0,0,176
szb_Latn,6749,False,0.9957734573119188,5,0.9983050847457626,2,1.0,0,589
szl_Latn,55404,False,0.7041679724224382,3646,0.680738387047965,4095,0.680738387047965,4095,4624
szy_Latn,2536,False,0.8192771084337349,44,0.860759493670886,32,0.9853658536585367,1,103
tab_Cyrl,17650,False,0.9816571790006325,57,0.9813468226367373,58,0.9955099422706862,13,1553
tac_Latn,20618,False,0.988573846804909,21,0.9910828025477707,14,0.9910828025477707,14,1174
tah_Latn,100000,False,0.9960783170294345,49,0.9972186491274908,50,0.9974670768514116,60,103244
taj_Deva,17753,False,0.9881690140845071,20,0.9881690140845071,20,0.9937677053824362,10,878
tam_Latn,4081,False,0.7203907203907205,207,0.7989130434782608,125,0.8953846153846152,42,317
tam_Taml,100000,False,0.9999473382791465,0,0.9999637956627204,0,0.9999637956627204,0,151921
tap_Latn,6921,False,0.7762733720180529,335,0.8272539573296627,238,0.9701492537313433,7,614
taq_Latn,27347,False,0.9110470701248798,79,0.9111365369946605,100,0.9111365369946605,100,2755
taq_Tfng,4245,False,0.9984686064318529,1,0.9984686064318529,1,0.9984686064318529,1,326
tar_Latn,46732,False,0.9777347531461762,53,0.9779005524861879,57,0.9779005524861879,57,3643
tat_Cyrl,100000,False,0.9717466567103388,1037,0.9713533538695364,1070,0.9702026221692491,1185,36831
tat_Latn,885,False,0.07407407407407407,423,0.24637681159420288,102,0.6818181818181819,10,19
tav_Latn,17136,False,0.987152034261242,24,0.988739946380697,21,0.9892703862660944,20,922
taw_Latn,17319,False,0.9494528400208442,96,0.9675704412546517,59,0.9680851063829788,58,912
tay_Latn,743,False,0.3709677419354839,78,0.6133333333333333,29,0.9361702127659574,2,23
tbc_Latn,24280,False,0.9911504424778761,12,0.9926035502958581,9,0.9926035502958581,9,672
tbg_Latn,44840,False,0.9954876778896217,12,0.995484543244182,10,0.995484543244182,10,2882
tbk_Latn,10680,False,0.9875717017208414,25,0.9885167464114833,23,0.9975833736104398,3,1034
tbl_Latn,11846,False,0.9973045822102425,6,0.9986504723346828,3,0.9986492570914004,2,1110
tbo_Latn,24484,False,0.9897494305239181,15,0.9903133903133904,14,0.9903133903133904,14,872
tbw_Latn,4287,False,0.9689807976366323,21,0.9791044776119403,14,0.995433789954338,2,328
tby_Latn,13422,False,0.9930015552099534,18,0.9941611521992992,15,0.998435054773083,3,1277
tbz_Latn,52480,False,0.9996318792563961,0,0.9996318792563961,0,0.9996318792563961,0,5435
tca_Latn,17326,False,0.9993519118600129,1,0.9990281827016521,2,0.9993519118600129,1,1543
tcc_Latn,17823,False,0.993006993006993,16,0.9938757655293089,14,0.9978002639683238,3,1136
tcf_Latn,100000,False,0.997945674503538,22,0.9979919678714858,25,0.9972637723458592,41,10953
tcs_Latn,22712,False,0.9830391138802353,31,0.9833564493758667,28,0.9833564493758667,28,1438
tcy_Knda,8457,False,0.6794751640112464,649,0.6996603590490053,580,0.7871982032565975,320,760
tcz_Latn,68634,False,0.9889319703912584,117,0.9880977533629128,130,0.9880977533629128,130,7054
tdx_Latn,55963,False,0.9870062370062369,111,0.985983734210071,124,0.985983734210071,124,5736
ted_Latn,17646,False,0.9947027663331371,6,0.9947027663331371,6,0.9952885747938751,5,848
tee_Latn,17807,False,0.9976851851851852,8,0.9979739507959479,7,0.9991306867574615,3,1724
tel_Latn,4040,False,0.48230912476722526,525,0.591743119266055,324,0.7786259541984732,110,290
tel_Telu,100000,False,0.9993102161052367,0,0.9994238930226141,0,0.9997648680423239,26,61656
tem_Latn,13526,False,0.9980747015787446,3,0.9984591679506933,2,0.9976851851851851,1,1298
teo_Latn,41825,False,0.989508700102354,60,0.9892583120204603,63,0.9892583120204603,63,3889
ter_Latn,17895,False,0.991635687732342,18,0.992089343880875,16,0.9957963568425969,8,1067
tet_Latn,100000,False,0.9940280853925809,85,0.9948450622646974,94,0.9947439103454664,124,43291
tew_Latn,10834,False,0.9990662931839402,1,0.9981343283582089,2,1.0,0,535
tfr_Latn,17084,False,0.996645318694724,7,0.9972535855965822,5,0.9987775061124694,0,1638
tgk_Cyrl,100000,False,0.9898204621596084,295,0.9897602129532231,306,0.9882811663131734,388,23224
tgo_Latn,24717,False,0.993920972644377,7,0.993920972644377,7,0.993920972644377,7,655
tgp_Latn,17765,False,0.9917098445595856,14,0.9942857142857143,9,0.9973917579551381,2,959
tha_Thai,100000,False,0.9912413245575844,1,0.9915471562858691,4,0.9963949809982803,11,118166
thk_Latn,13482,False,0.994475138121547,14,0.9940828402366864,15,0.9976190476190476,3,1260
thl_Deva,6915,False,0.9177018633540374,100,0.9210320562939797,93,0.9657477025898078,22,597
thv_Latn,372,False,0.0478468899521531,189,0.5,0,0.5,0,15
tif_Latn,23726,False,0.9862385321100917,17,0.9869931140015302,16,0.9869931140015302,16,646
tig_Ethi,3064,True,0.052249637155297526,457,0.09018567639257295,146,0.09018567639257295,146,214
tih_Latn,40349,False,0.9907102187593648,48,0.9902563333833009,48,0.9902563333833009,48,3320
tik_Latn,13464,False,1.0,0,0.999619916381604,0,0.999619916381604,0,1316
tim_Latn,30702,False,0.9973799126637554,2,0.9982517482517482,1,0.9982517482517482,1,572
tir_Ethi,100000,False,0.9705074372821536,1600,0.971661032200816,1623,0.9722298494795437,1689,80658
tiv_Latn,100000,False,0.998353939131793,32,0.9982946630158044,54,0.9980550819987033,77,41651
tiy_Latn,17716,False,0.9956989247311828,8,0.996230479267636,6,0.9983810037776578,2,926
tke_Latn,14338,False,0.8926370418423613,313,0.898360655737705,286,0.9240121580547112,199,1394
tkl_Latn,505,False,0.05755395683453238,259,0.4827586206896552,11,0.6666666666666665,1,11
tkr_Cyrl,777,False,0.7755102040816326,11,0.8636363636363636,6,0.9743589743589743,1,19
tku_Latn,17821,False,0.9856153436334577,18,0.9840255591054313,20,0.9840255591054313,20,934
tlb_Latn,13436,False,0.9850517439632043,38,0.988081507112649,30,0.996124031007752,9,1286
tlf_Latn,23775,False,0.9951377633711508,6,0.9959448499594484,5,0.9959448499594484,5,614
tlh_Latn,42807,False,0.9885110294117647,74,0.9871382636655949,82,0.9871382636655949,82,4328
tlj_Latn,17791,False,0.9914070891514499,16,0.9919398173025255,15,0.997298757428417,5,923
tll_Latn,100000,False,0.994589554051035,57,0.9951078410436607,67,0.9950235242760828,103,51696
tly_Latn,3892,False,0.13145105299699142,3751,0.1493950552340873,3232,0.8502269288956126,94,286
tmc_Latn,6765,False,0.9959049959049959,5,0.9975389663658737,3,0.9991783073130649,1,608
tmd_Latn,17323,False,0.9989304812834224,1,0.9994655264564404,1,1.0,0,935
tna_Latn,23936,False,0.981904012588513,23,0.9873417721518987,16,0.9873417721518987,16,624
tnc_Latn,5146,False,0.9927007299270074,6,0.9975550122249389,2,0.9987760097919216,1,408
tnk_Latn,17717,False,0.9983212087297144,1,0.9977603583426651,1,0.9983193277310924,0,894
tnn_Latn,17665,False,0.9952153110047847,4,0.9952153110047847,4,0.9957446808510639,3,941
tnp_Latn,10970,False,0.9980879541108987,4,0.997131931166348,5,0.9980861244019139,3,1044
tnr_Latn,6516,False,0.9946043165467625,6,0.9963963963963963,4,0.999096657633243,1,553
tob_Latn,42001,False,0.9934702600023745,19,0.9938300901756052,20,0.9938300901756052,20,4220
toc_Latn,17742,False,0.9991132131244458,1,0.9991132131244458,1,0.9991126885536824,0,1692
tod_Latn,19051,False,0.9953942021132485,11,0.9962039045553145,8,0.9962039045553145,8,1843
tog_Latn,100000,False,0.9601928849087241,924,0.9583077414441197,992,0.9569204364349638,1063,20208
toh_Latn,89915,False,0.9854255319148936,231,0.9784605638264174,369,0.9784605638264174,369,9306
toi_Latn,100000,False,0.9858195734368169,374,0.9857898367440792,416,0.9872006606110653,485,65746
toj_Latn,100000,False,0.9945079578569828,102,0.9932551565867174,146,0.9925892782236639,172,17840
tok_Latn,48852,False,0.9980994298289487,2,0.9980990495247625,1,0.9980990495247625,1,5006
ton_Latn,100000,False,0.998090993038784,68,0.9982512516422256,78,0.9981849729964808,104,112771
too_Latn,17821,False,0.9859307359307359,13,0.9869989165763814,11,0.9869989165763814,11,924
top_Latn,100000,False,0.9859474868048906,26,0.9871891819758908,28,0.9929513666394149,47,22741
tos_Latn,17720,False,0.8759827542480346,488,0.8786568303230728,476,0.9428805684613282,206,1728
tpa_Latn,1672,False,0.4819277108433735,43,0.6666666666666666,20,0.7272727272727273,15,20
tpi_Latn,100000,False,0.9951133958645136,70,0.9950917203767973,74,0.9951792297921122,85,162078
tpm_Latn,56620,False,0.9942269529135846,20,0.9941372778930279,21,0.9941372778930279,21,5555
tpn_Latn,493,False,0.13095238095238096,144,0.38461538461538464,29,0.41666666666666663,25,13
tpp_Latn,17827,False,0.9967886962106615,9,0.9977499196399872,6,0.9996779388083736,0,1553
tpt_Latn,17825,False,0.997076023391813,9,0.9979514193737197,6,0.9991210079109288,2,1706
tpw_Latn,360,False,0.05555555555555556,199,0.631578947368421,2,0.7058823529411764,0,11
tpz_Latn,24321,False,0.9997033521210322,1,1.0,0,1.0,0,1685
tqo_Latn,6765,False,0.9695945945945946,33,0.9820359281437125,18,0.9930555555555556,3,577
trc_Latn,10997,False,1.0,0,1.0,0,1.0,0,1046
trn_Latn,6686,False,0.9889737065309585,13,0.995730145175064,5,0.9974337040205303,3,583
tro_Latn,11062,False,0.984302862419206,31,0.9897959183673469,20,0.994847775175644,4,1069
trp_Latn,30617,False,0.993722839208112,19,0.9932432432432433,22,0.9932432432432433,22,3107
trq_Latn,6754,False,0.9983471074380166,2,0.9991728701406121,1,1.0,0,604
trs_Latn,6763,False,0.9991546914623838,1,0.9991546914623838,1,0.9991546914623838,1,591
trv_Latn,5293,False,0.6579352850539291,444,0.6703296703296704,420,0.9693530079455165,27,427
tsc_Latn,100000,False,0.9737358346824111,874,0.9677407140963992,1195,0.9638077285579641,1417,26068
tsg_Latn,10993,False,0.991604938271605,17,0.9925852694018784,15,0.9985067197610752,2,1004
tsn_Latn,100000,False,0.9699181711910637,2366,0.9695537887392504,2443,0.9695782468248512,2488,76940
tso_Latn,100000,False,0.976889974336705,529,0.9767323502544695,604,0.976912193309035,647,77809
tsw_Latn,17700,False,0.9969969969969971,4,0.9974962443665498,3,0.9979959919839679,2,998
tsz_Latn,100000,False,0.9635686459180616,37,0.962991452991453,65,0.9665323435843053,114,12068
ttc_Latn,17827,False,0.9866524292578751,24,0.9898232458489556,18,0.9972958355868037,2,925
tte_Latn,30509,False,0.9777777777777777,25,0.9786142001710862,24,0.9786142001710862,24,573
ttj_Latn,89198,False,0.907865168539326,973,0.9064480059634737,1036,0.9064480059634737,1036,9233
ttq_Latn,6630,False,0.7624671916010498,359,0.7697412076974122,343,0.7875084860828241,309,584
ttq_Tfng,4277,True,1.0,0,1.0,0,1.0,0,326
tuc_Latn,42199,False,0.9967546211372935,17,0.9967546211372935,17,0.9967546211372935,17,3538
tue_Latn,17632,False,0.9991095280498665,2,0.9991095280498665,2,0.9994061757719715,1,1684
tuf_Latn,17688,False,0.9928532160527763,13,0.9928532160527763,13,0.9972329828444936,3,903
tui_Latn,30782,False,0.9957244655581948,17,0.9954077593032463,18,0.9954077593032463,18,3154
tuk_Arab,4783,False,0.9156908665105387,72,0.929845422116528,59,0.9836477987421384,13,391
tuk_Cyrl,100000,False,0.9882845188284519,264,0.9876336467860364,265,0.9864273768171877,304,15453
tuk_Latn,100000,False,0.9947939645283685,284,0.9946780880320686,307,0.9941246744090402,381,50980
tul_Latn,4299,False,0.9812949640287769,13,0.9884057971014493,8,0.9970760233918129,2,341
tum_Latn,100000,False,0.9831600283211396,528,0.9827416378796077,609,0.9827373441854662,650,72716
tuo_Latn,28238,False,0.9991308882322266,5,0.9987832435251173,6,0.9987832435251173,6,2874
tur_Latn,100000,False,0.9882275362377472,736,0.9885349700591541,880,0.9913868430907501,1119,249361
tuv_Latn,532,False,0.06389776357827476,292,0.6896551724137931,8,0.8571428571428572,1,11
tvk_Latn,22714,False,0.9923871669385536,27,0.9931972789115646,24,0.9931972789115646,24,1826
tvl_Latn,100000,False,0.9916014611912461,406,0.9918345728598857,403,0.9921802722586899,473,45280
twb_Latn,6753,False,0.9570446735395189,38,0.9669565217391304,25,0.9737302977232923,17,569
twi_Latn,100000,False,0.9897810638145144,84,0.9900167057999552,97,0.9911695160573796,160,175833
twu_Latn,13437,False,0.979607250755287,46,0.9818319454958365,40,0.9878141660319879,24,1305
twx_Latn,26573,False,0.6509680795395081,2522,0.6471125016295138,2555,0.6471125016295138,2555,2634
txq_Latn,18350,False,0.9843683988170681,23,0.9856297548605241,21,0.9856297548605241,21,1179
txu_Latn,17214,False,0.9984629572702121,5,0.9993846153846154,2,0.999692212988612,1,1624
tyv_Cyrl,100000,False,0.9821347806422434,218,0.9812657846130649,228,0.9797576943336594,273,13285
tzh_Latn,100000,False,0.9915371742768349,254,0.9905712171484495,306,0.9900546161368027,335,20838
tzj_Latn,56692,False,0.9557764826876929,25,0.9551216169921206,27,0.9551216169921206,27,1498
tzl_Latn,190,False,0.028776978417266192,134,0.6666666666666666,1,0.6666666666666666,1,3
tzm_Tfng,1590,False,0.7154471544715447,27,0.7154471544715447,27,0.7154471544715447,27,52
tzo_Latn,100000,False,0.9966700194330246,39,0.996807420063461,43,0.9967884579717502,53,51333
ubr_Latn,27048,False,0.982436882546652,30,0.9835164835164835,28,0.9835164835164835,28,897
ubu_Latn,58489,False,0.9982492997198881,9,0.9982492997198881,9,0.9982492997198881,9,2852
udm_Cyrl,100000,False,0.9725304154870303,510,0.9693410616229409,596,0.9639366618683232,757,12918
udu_Latn,17827,False,0.9978632478632478,4,0.9983965793693212,3,1.0,0,934
uig_Arab,100000,False,0.9990699058744745,12,0.9991071428571429,12,0.9990328820116054,15,13440
uig_Cyrl,39412,False,0.9871223377909856,93,0.9872445820433436,92,0.9872445820433436,92,3997
uig_Latn,59496,False,0.9893442622950821,113,0.9888597640891219,120,0.9888597640891219,120,6052
ukr_Cyrl,100000,False,0.9852227229209622,3772,0.985862679600057,3801,0.9870520194749163,4394,220406
umb_Latn,100000,False,0.9914921808260256,209,0.9922049870663752,218,0.992173284695681,243,57638
upv_Latn,17741,False,0.9854014598540146,27,0.9869178440607013,22,0.9926315789473684,11,946
ura_Latn,17359,False,0.9965277777777778,6,0.9971048060220036,5,0.9971014492753623,4,861
urb_Latn,17434,False,0.9926925238898258,5,0.9943693693693694,2,0.993795826283136,1,891
urd_Arab,100000,False,0.9814203724904782,1130,0.9814906256078766,1136,0.9820542705158091,1193,66932
urd_Latn,38376,False,0.9544908581342586,28,0.9559430320777319,33,0.9559430320777319,33,3889
urh_Latn,100000,False,0.9869325331526474,303,0.9855623590074122,343,0.9851178971781986,357,15396
uri_Latn,4227,False,0.978328173374613,14,0.9921507064364207,5,0.9984202211690364,1,316
urk_Thai,13466,False,0.9981110691348697,5,0.9984882842025699,4,1.0,0,1321
urt_Latn,17543,False,0.9978401727861771,2,0.9983792544570502,1,0.9983792544570502,1,926
urw_Latn,1006,False,0.5517241379310345,39,0.8275862068965517,10,0.888888888888889,6,24
ury_Latn,6598,False,0.9757365684575391,27,0.9842657342657343,17,0.9991126885536824,0,564
usa_Latn,24754,False,0.9947249434815374,7,0.9954751131221719,6,0.9954751131221719,6,660
usp_Latn,17825,False,0.9972451790633609,4,0.9972451790633609,4,0.9983416252072967,0,906
uth_Latn,4272,False,0.9925705794947994,5,0.9985052316890882,1,1.0,0,334
uvh_Latn,17225,False,0.9978094194961665,4,0.9978094194961665,4,0.9994514536478333,1,911
uvl_Latn,24441,False,0.9886449659348978,15,0.9893939393939394,14,0.9893939393939394,14,653
uzn_Cyrl,37596,False,0.9899947340705635,62,0.9899868247694336,59,0.9899868247694336,59,3774
uzn_Latn,100000,False,0.9890912186274317,258,0.9903228020406762,340,0.9910278629080952,442,154129
uzs_Arab,100000,False,0.989563537804916,268,0.9893779397564091,273,0.9891013265242573,283,15949
vag_Latn,17828,False,0.9941451990632318,16,0.9956024626209321,11,0.9973552747575668,4,1702
vap_Latn,30667,False,0.9751131221719457,115,0.9757516973811834,112,0.9757516973811834,112,3056
var_Latn,11058,False,0.9934701492537314,14,0.9943977591036415,12,0.9967243799719232,7,1065
vec_Latn,100000,False,0.8989722376220735,1617,0.8826471078513085,2114,0.8678071539657854,2540,11292
ven_Latn,100000,False,0.9973167691365068,52,0.9974513144739992,63,0.9973883722731016,79,71135
vep_Latn,9947,False,0.3772285251215559,3065,0.43302325581395346,2429,0.8195253022839231,378,940
vid_Latn,17829,False,0.9272918861959958,130,0.9336165693043016,116,0.9386011745862254,106,888
vie_Latn,100000,False,0.9978296143948242,131,0.9981383795898239,206,0.9980047648177832,295,193803
viv_Latn,23382,False,0.9914298601714028,14,0.9927797833935018,12,0.9927797833935018,12,1104
vls_Latn,25500,False,0.606030889924001,3122,0.5924062762007426,3312,0.5924062762007426,3312,2564
vmk_Latn,1646,False,0.2544378698224852,241,0.5058823529411766,73,0.59375,36,54
vmw_Latn,100000,False,0.9746684547757414,376,0.9751417681509713,413,0.974737819025522,470,27148
vmy_Latn,17829,False,0.9957543164449476,14,0.9963183234211271,12,0.9991479693268958,2,1760
vol_Latn,88791,False,0.6200323556305831,10405,0.663714489435959,8590,0.663714489435959,8590,9214
vot_Latn,119,False,0.030303030303030304,62,0.5,0,0.5,0,3
vro_Latn,51151,False,0.7155443193135678,3654,0.7020205813866146,3911,0.7020205813866146,3911,4729
vun_Latn,17824,False,0.9827213822894167,21,0.9870129870129871,15,0.9870129870129871,15,921
vut_Latn,17776,False,0.998772001637331,3,1.0,0,1.0,0,1220
waj_Latn,24407,False,0.995260663507109,4,0.995260663507109,4,0.995260663507109,4,632
wal_Ethi,6595,True,0.718586387434555,384,0.7199471598414795,374,0.8026905829596414,206,595
wal_Latn,100000,False,0.9923730224812656,83,0.9925452609158679,101,0.9921738696974228,156,30171
wap_Latn,30027,False,0.9957936683639583,11,0.9957918050941307,10,0.9957918050941307,10,2257
war_Latn,100000,False,0.9422126419844563,5288,0.9392016651559406,5671,0.9347554578608184,6444,57525
wat_Latn,6617,False,0.9746938775510204,30,0.9851239669421488,16,0.9933110367892977,4,598
way_Latn,13526,False,0.9981167608286253,4,0.9988692046739539,2,0.999245283018868,0,1326
wba_Latn,7083,False,0.9511041009463722,60,0.9717969379532634,33,0.9901153212520593,8,605
wbm_Latn,64634,False,0.9986333463490823,4,0.9986333463490823,4,0.9986333463490823,4,5125
wbp_Latn,20841,False,0.9976525821596244,4,0.998435054773083,3,0.998435054773083,3,1277
wed_Latn,6267,False,0.9608404966571155,20,0.9723546234509056,15,0.9797492767598842,5,524
wer_Latn,24394,False,0.9991796554552912,1,0.9991796554552912,1,0.9991796554552912,1,609
wes_Latn,65898,False,0.7619102350439632,3984,0.7644577965220406,3905,0.7644577965220406,3905,6788
wew_Latn,727,False,0.2076502732240437,145,0.8260869565217391,8,0.9,3,19
whg_Latn,782,False,0.2417582417582418,138,0.9565217391304348,2,1.0,0,22
whk_Latn,11051,False,0.9953271028037383,9,0.9967243799719233,6,0.9981220657276997,1,1066
wib_Latn,9431,False,0.9982153480071385,3,0.9988095238095239,2,0.9994044073853484,1,839
wim_Latn,17245,False,0.9978471474703983,3,0.9978448275862069,2,0.9973045822102425,2,928
wiu_Latn,29858,False,0.9934102141680395,7,0.9942291838417148,6,0.9942291838417148,6,604
wln_Latn,25529,False,0.940788267644363,308,0.9400989192159735,312,0.9400989192159735,312,2581
wls_Latn,100000,False,0.9923527529436349,42,0.9931161382514339,49,0.9937875242012765,70,77107
wlv_Latn,1486,False,0.06789250353606789,1316,0.4711538461538462,109,0.9074074074074074,9,50
wlx_Latn,19671,False,0.9772905246671888,85,0.981904012588513,67,0.981904012588513,67,1874
wmt_Latn,1953,False,0.956989247311828,8,0.978021978021978,4,1.0,0,89
wmw_Latn,17797,False,0.7908771929824561,594,0.8049999999999999,544,0.8606338297059948,363,1129
wnc_Latn,28251,False,0.9899569583931134,21,0.9899569583931134,21,0.9899569583931134,21,1035
wnu_Latn,23875,False,0.9904912836767037,12,0.9936406995230525,8,0.9936406995230525,8,625
wob_Latn,17751,False,1.0,0,1.0,0,1.0,0,908
wol_Latn,69728,False,0.9727058129241665,137,0.968635497581709,211,0.968635497581709,211,6826
wos_Latn,19970,False,0.9950248756218905,6,0.9964362081254454,3,0.9964362081254454,3,701
wrk_Latn,10995,False,0.997090203685742,3,0.997090203685742,3,0.9980544747081712,1,514
wrs_Latn,25819,False,0.9913842619184378,10,0.9913842619184378,10,0.9913842619184378,10,868
wsg_Telu,4001,False,0.9295774647887324,45,0.9443561208267091,35,1.0,0,297
wsk_Latn,29455,False,0.9895916733386709,34,0.989855846235985,33,0.989855846235985,33,1859
wuu_Hani,74364,False,0.4241873978572726,18295,0.4234974327997584,18360,0.4234974327997584,18360,7739
wuv_Latn,24539,False,0.9918588873812755,9,0.9925220938137322,7,0.9925220938137322,7,734
wwa_Latn,13509,False,0.9955193482688391,9,0.9959250203748982,8,0.9975510204081632,4,1224
xal_Cyrl,11611,False,0.9844464775846296,27,0.9826007326007326,28,0.9878731343283583,2,1083
xav_Latn,30476,False,0.9017550208069478,11,0.9009399855386839,16,0.9009399855386839,16,3024
xbi_Latn,8764,False,0.9907407407407408,5,0.9938080495356038,3,0.9984447900466563,0,322
xbr_Latn,6415,False,0.9795555555555555,14,0.9883408071748879,4,0.9855334538878844,1,560
xed_Latn,17807,False,0.9966931216931217,7,0.996031746031746,8,0.9980106100795756,1,1510
xho_Latn,100000,False,0.9052316722162651,5051,0.904338222450118,5283,0.9040881565025551,5423,91940
xla_Latn,27219,False,0.9969293756397134,5,0.9964194373401535,6,0.9964194373401535,6,975
xmf_Geor,100000,False,0.9708980044345898,395,0.9706602596682531,395,0.9706602596682531,395,10744
xmm_Latn,6762,False,0.9499589827727646,60,0.9553719008264462,52,0.993103448275862,4,580
xmv_Latn,56898,False,0.9840129947849877,136,0.9832593098735908,146,0.9832593098735908,146,5806
xnn_Latn,10778,False,0.9744104365278474,47,0.9813036887316826,33,0.9943560800410466,5,975
xog_Latn,26865,False,0.8906115417743325,578,0.8905361144630236,576,0.8905361144630236,576,2642
xon_Latn,24417,False,0.9309252217997465,214,0.9380191693290735,189,0.9380191693290735,189,1473
xrb_Latn,17749,False,0.9969710082215492,7,0.9969710082215492,7,0.9995657837603126,0,1152
xsb_Latn,17822,False,0.964414646725116,65,0.9704203425012973,53,0.9821428571428571,30,939
xsi_Latn,28581,False,0.996708979783733,7,0.9962406015037594,8,0.9962406015037594,8,1060
xsm_Latn,24468,False,0.9978468163641957,3,0.99723162103968,4,0.99723162103968,4,1626
xsr_Deva,17795,False,0.9905857740585774,18,0.9905857740585774,18,0.9942135718043135,9,947
xsu_Latn,19885,False,0.9996705107084018,1,0.9996705107084018,1,0.9996705107084018,1,1517
xtd_Latn,17918,False,0.9982748706152962,4,0.9982748706152962,4,0.998849252013809,2,1738
xtm_Latn,22034,False,0.9885735348322889,30,0.9878453038674032,32,0.9878453038674032,32,1342
xtn_Latn,23830,False,0.9916110991611099,10,0.9911771035076392,10,0.9911771035076392,10,2334
xum_Latn,113,False,0.1081081081081081,33,1.0,0,1.0,0,2
xuo_Latn,17719,False,0.9985955056179776,3,0.9985945186226283,2,0.9989455184534269,1,1423
yaa_Latn,17141,False,0.9976162097735399,4,0.9976162097735399,4,0.9988066825775657,2,837
yad_Latn,16726,False,0.994620442319187,9,0.9958108916816277,7,1.0,0,832
yal_Latn,17818,False,0.9931170108161258,11,0.9926144756277696,10,0.9940828402366864,7,1013
yam_Latn,17769,False,0.9997068308413954,1,1.0,0,1.0,0,1705
yan_Latn,30490,False,0.9882352941176471,63,0.9883983242023848,63,0.9883983242023848,63,3076
yao_Latn,100000,False,0.9917242106372884,104,0.9915682967959527,112,0.9907358669333615,150,19024
yap_Latn,100000,False,0.9987116813440869,26,0.9985005380422318,44,0.998148442046236,65,28342
yaq_Latn,17776,False,0.9968553459119497,6,0.9968553459119497,6,0.9989495798319328,2,951
yas_Latn,6565,False,0.9829642248722317,20,0.9914089347079038,10,0.9991341991341991,1,577
yat_Latn,6733,False,0.9955476402493321,5,0.9973238180196252,3,0.9973238180196252,3,559
yaz_Latn,6764,False,0.9929078014184397,7,0.9955555555555555,4,0.9991079393398752,0,561
ybb_Latn,12240,False,0.9848214285714286,7,0.9843958983504234,9,0.9834006280843428,3,1130
yby_Latn,24355,False,0.986244841815681,17,0.9875862068965517,14,0.9875862068965517,14,720
ycn_Latn,17642,False,0.995840760546643,14,0.995840760546643,14,0.9988066825775657,2,1676
ydd_Hebr,38324,False,0.9500126230749811,325,0.9497601615753597,326,0.9497601615753597,326,3834
yim_Latn,30719,False,0.9909208819714656,40,0.9905966277561609,41,0.9905966277561609,41,3072
yka_Latn,24931,False,0.9984843892088512,5,0.9975772259236826,8,0.9975772259236826,8,1647
yle_Latn,30413,False,0.9977827050997783,5,0.9973404255319148,6,0.9973404255319148,6,1125
yli_Latn,13447,False,0.9953452288595811,10,0.9953452288595811,10,0.9976635514018691,2,1285
yml_Latn,22780,False,0.9959650302622731,8,0.9969707169303265,5,0.9969707169303265,5,1485
yom_Latn,70854,False,0.9620305124170486,426,0.9609662890678313,453,0.9609662890678313,453,7160
yon_Latn,21011,False,0.9956573233320174,9,0.9956573233320174,9,0.9956573233320174,9,1263
yor_Latn,100000,False,0.9948021830212891,54,0.9951164328942245,68,0.9953962613934806,81,162489
yrb_Latn,15989,False,0.9893867924528302,16,0.9905437352245864,13,0.9946396664681358,3,841
yre_Latn,28067,False,0.9971917283635436,7,0.9969372128637061,8,0.9969372128637061,8,1957
yrk_Cyrl,1902,False,0.788888888888889,38,0.9161290322580644,13,0.979020979020979,2,71
yrl_Latn,6918,False,0.7191335740072202,336,0.7936254980079681,206,0.9251184834123223,16,551
yss_Latn,37876,False,0.994238683127572,21,0.9958779884583676,15,0.9958779884583676,15,1812
yua_Latn,100000,False,0.9965301747629256,112,0.9968496073357845,121,0.9968320246902375,132,55125
yue_Hani,100000,False,0.7770539403640695,5243,0.7776369735370855,5215,0.7775500316774122,5218,11183
yuj_Latn,24252,False,0.9957537154989385,8,0.9957537154989385,8,0.9957537154989385,8,938
yup_Latn,270,False,0.06222222222222223,211,1.0,0,1.0,0,7
yut_Latn,28424,False,0.9991071428571429,2,0.998661311914324,3,0.998661311914324,3,1119
yuw_Latn,20046,False,0.9931129476584022,10,0.9958563535911602,6,0.9958563535911602,6,721
yuz_Latn,6670,False,0.9914383561643835,10,0.9974160206718347,3,0.9982758620689656,2,579
yva_Latn,17493,False,0.9911173445535297,18,0.9920374707259952,15,0.9985855728429985,1,1061
zaa_Latn,17673,False,0.9941458222458754,9,0.9930887825624668,11,0.9962586851950829,3,936
zab_Latn,19384,False,0.9821428571428571,15,0.9812206572769954,17,0.9812206572769954,17,1068
zac_Latn,17805,False,0.9989010989010989,1,0.9967105263157894,5,0.9988998899889989,0,910
zad_Latn,17817,False,0.9963060686015831,7,0.9952556668423826,9,0.9973586899101955,5,944
zae_Latn,17778,False,0.9915074309978769,16,0.9941458222458754,11,1.0,0,934
zai_Latn,100000,False,0.9955518652511715,58,0.9954541861016681,67,0.9951229144041861,100,25346
zam_Latn,17797,False,0.9957894736842106,8,0.996313849394418,7,1.0,0,946
zao_Latn,17796,False,0.9948875255623723,9,0.9964157706093191,6,0.9989733059548255,1,974
zar_Latn,17756,False,0.9873031995937023,25,0.9883070665988816,23,0.9918367346938776,16,972
zas_Latn,17799,False,0.9965614254454517,11,0.9971848608070066,9,0.9987468671679198,4,1594
zat_Latn,17798,False,0.9977777777777778,4,0.9994435169727323,1,1.0,0,898
zav_Latn,17587,False,1.0,0,1.0,0,1.0,0,926
zaw_Latn,17823,False,0.9950792782941498,9,0.9956236323851204,8,0.99945085118067,1,910
zca_Latn,17802,False,0.9961935834692768,7,0.9961935834692768,7,0.9978213507625272,4,916
zdj_Latn,1573,False,0.2961038961038961,271,0.7862068965517242,31,0.9739130434782608,2,57
zea_Latn,8505,False,0.08134056890691158,15316,0.10480281140179618,11363,0.17735334242837653,5909,771
zgh_Tfng,2897,False,0.909090909090909,8,0.909090909090909,8,0.909090909090909,8,184
zia_Latn,24412,False,0.9922360248447205,9,0.9937791601866252,7,0.9937791601866252,7,640
ziw_Latn,17829,False,0.8509822712026833,271,0.8602045786653677,242,0.8627259404005861,236,928
zne_Latn,100000,False,0.9950040875647198,148,0.9952081896395253,167,0.9943625718273607,227,27512
zoc_Latn,4297,False,0.9925037481259371,5,0.9954887218045112,3,1.0,0,331
zom_Latn,48432,False,0.7373913043478261,944,0.7391304347826086,953,0.7391304347826086,953,3049
zos_Latn,17816,False,0.9951113525258012,9,0.9956521739130434,8,0.9994544462629569,1,916
zpa_Latn,50169,False,0.9586112200863083,262,0.9529102076630593,323,0.9529102076630593,323,5047
zpc_Latn,17745,False,0.9980209216850437,7,0.9983031674208145,6,1.0,0,1765
zpg_Latn,833,False,0.25,120,0.888888888888889,5,1.0,0,20
zpi_Latn,17812,False,0.991807755324959,11,0.9934354485776805,8,0.9966996699669968,0,912
zpj_Latn,90,False,0.04371584699453552,175,0.6666666666666665,2,0.6666666666666665,2,4
zpl_Latn,17820,False,0.9997138769670958,1,0.9997138769670958,1,0.9991406473789745,0,1747
zpm_Latn,17300,False,0.9957627118644068,6,0.9962904080551139,5,0.9984067976633033,1,942
zpo_Latn,17782,False,0.9937817976257773,11,0.9949066213921902,9,0.9982964224872232,3,879
zpq_Latn,17691,False,1.0,0,1.0,0,1.0,0,950
zpt_Latn,17827,False,0.997993694468329,4,0.9985661026670491,2,0.9991391678622669,0,1744
zpu_Latn,17841,False,0.9966101694915255,10,0.996045197740113,11,0.996045197740113,11,1766
zpv_Latn,17800,False,0.999450247388675,1,0.999450247388675,1,0.999450247388675,1,909
zpz_Latn,17804,False,0.9988344988344989,3,0.9991256193529584,2,0.9994169096209913,1,1715
zsm_Arab,281,False,0.13333333333333333,21,0.4,1,0.4,1,7
zsm_Latn,100000,False,0.7540856517661769,26908,0.7491130572853351,28105,0.7402304456501859,30586,72734
zsr_Latn,17753,False,0.989667049368542,2,0.9902354968408961,1,0.9908045977011495,0,878
ztq_Latn,17742,False,0.9909526343799894,16,0.9935965848452508,11,0.9983914209115282,2,932
zty_Latn,17738,False,0.9989130434782608,0,0.9989130434782608,0,0.9989130434782608,0,921
zul_Latn,100000,False,0.8606933166408746,9489,0.8597834269500261,9657,0.859685669976622,9735,88795
zyb_Latn,13305,False,0.9973251815055407,7,0.9980879541108987,5,0.9992343032159265,2,1305
zyp_Latn,17810,False,0.9945295404814004,10,0.9967105263157894,6,0.999450247388675,1,909
