lang,N,row_treatment,gate_on,rule_clause,floor_unmod,floor_assigned,seen_rescale,target_lang,floor_gap_shift
aai_Latn,24580,unmod,False,head_unmod,-17.775694,,0.0,ubr_Latn,0.0
aak_Latn,24062,unmod,False,head_unmod,-18.414217,,0.0,agm_Latn,0.0
aau_Latn,24485,unmod,False,head_unmod,-18.080288,,0.0,diq_Latn,0.0
aaz_Latn,20777,unmod,False,head_unmod,-18.015053,,0.0,bjn_Latn,0.0
aba_Latn,18107,unmod,False,head_unmod,-17.033075,,0.0,ajg_Latn,0.0
abi_Latn,6735,floor21,True,else_floor21_gate,-16.746387,-21.0,0.0,aha_Latn,0.0
abk_Cyrl,100000,unmod,False,head_unmod,-19.028444,,0.0,,
abn_Latn,47050,unmod,False,head_unmod,-18.014498,,0.0,oke_Latn,0.0
abq_Cyrl,141,floor21,True,else_floor21_gate,-13.566913,-21.0,0.0,lbe_Cyrl,0.0
abs_Latn,1335,floor21,True,else_floor21_gate,-14.937991,-21.0,0.0,mui_Latn,0.0
abt_Latn,46820,unmod,False,head_unmod,-18.888885,,0.0,jav_Latn,0.0
abx_Latn,17721,floor21,True,else_floor21_gate,-17.531727,-21.0,0.0,hil_Latn,-2.6143210000000003
aby_Latn,21889,unmod,False,head_unmod,-17.897102,,0.0,kqc_Latn,0.0
abz_Latn,13333,floor21,True,else_floor21_gate,-16.475962,-21.0,0.0,ind_Latn,-2.069883000000001
aca_Latn,7493,floor21,True,else_floor21_gate,-16.758663,-21.0,0.0,pio_Latn,0.0
acd_Latn,17727,floor21,True,else_floor21_gate,-17.750782,-21.0,0.0,bam_Latn,-3.71903
ace_Arab,6107,floor21,True,else_floor21_gate,-16.768246,-21.0,0.0,bjn_Arab,0.0
ace_Latn,47937,unmod,False,head_unmod,-18.560886,,0.0,sun_Latn,0.0
acf_Latn,34818,unmod,False,head_unmod,-18.027746,,0.0,gcf_Latn,0.0
ach_Latn,42880,unmod,False,head_unmod,-17.87162,,0.0,alz_Latn,0.0
acm_Arab,4566,floor21,True,else_floor21_gate,-15.550294,-21.0,0.0,ars_Arab,-3.8781950000000016
acn_Latn,17803,floor21,True,else_floor21_gate,-17.579079,-21.0,0.0,bjn_Latn,-3.302102999999999
acr_Latn,67975,unmod,False,head_unmod,-19.021029,,0.0,quc_Latn,0.0
acu_Latn,24513,unmod,False,head_unmod,-17.928642,,0.0,agr_Latn,0.0
ada_Latn,100000,unmod,False,head_unmod,-18.591648,,0.0,,
ade_Latn,13525,floor21,True,else_floor21_gate,-17.376831,-21.0,0.0,bam_Latn,-3.71903
adh_Latn,23111,unmod,False,head_unmod,-17.515694,,0.0,luo_Latn,0.0
adi_Latn,30503,unmod,False,head_unmod,-17.960779,,0.0,jav_Latn,0.0
adj_Latn,17702,floor21,True,else_floor21_gate,-17.631569,-21.0,0.0,bam_Latn,-3.71903
adl_Latn,11055,floor21,True,else_floor21_gate,-17.110111,-21.0,0.0,adi_Latn,-3.0392210000000013
ady_Cyrl,5894,floor21,True,else_floor21_gate,-16.695286,-21.0,0.0,kbd_Cyrl,-2.8624989999999997
adz_Latn,3796,floor21,True,else_floor21_gate,-15.944812,-21.0,0.0,tel_Latn,0.0
aeb_Arab,25840,unmod,False,head_unmod,-17.788982,,0.0,ary_Arab,0.0
aer_Latn,12314,floor21,True,else_floor21_gate,-17.656761,-21.0,0.0,sco_Latn,-2.0931849999999983
aeu_Latn,17719,floor21,True,else_floor21_gate,-17.860369,-21.0,0.0,vro_Latn,-2.7770709999999994
aey_Latn,25992,unmod,False,head_unmod,-17.964905,,0.0,sun_Latn,0.0
afr_Latn,100000,unmod,False,head_unmod,-19.024965,,0.0,,
agd_Latn,31162,unmod,False,head_unmod,-18.199633,,0.0,pap_Latn,0.0
agg_Latn,24084,unmod,False,head_unmod,-18.200787,,0.0,agm_Latn,0.0
agm_Latn,24380,unmod,False,head_unmod,-18.521446,,0.0,cax_Latn,0.0
agn_Latn,17794,floor21,True,else_floor21_gate,-17.471947,-21.0,0.0,fil_Latn,-2.077686
agr_Latn,32209,unmod,False,head_unmod,-18.157631,,0.0,sun_Latn,0.0
agt_Latn,16997,floor21,True,else_floor21_gate,-17.528553,-21.0,0.0,ibg_Latn,-2.616237999999999
agu_Latn,22058,unmod,False,head_unmod,-17.958664,,0.0,mam_Latn,0.0
agw_Latn,39173,unmod,False,head_unmod,-18.263485,,0.0,mri_Latn,0.0
agx_Cyrl,1958,floor21,True,else_floor21_gate,-15.369914,-21.0,0.0,tab_Cyrl,0.0
aha_Latn,15133,floor21,True,else_floor21_gate,-16.851297,-21.0,0.0,nzi_Latn,-2.3227539999999998
ahk_Latn,100000,unmod,False,head_unmod,-19.251442,,0.0,,
aia_Latn,17546,floor21,True,else_floor21_gate,-17.674711,-21.0,0.0,kwd_Latn,0.0
aii_Syrc,24440,unmod,False,head_unmod,-18.111671,,0.0,,
aim_Latn,11048,floor21,True,else_floor21_gate,-16.824156,-21.0,0.0,rnl_Latn,-3.510746000000001
ain_Latn,4507,floor21,True,else_floor21_gate,-16.089436,-21.0,0.0,lad_Latn,0.0
ajg_Latn,29217,unmod,False,head_unmod,-17.427134,,0.0,ewe_Latn,0.0
aji_Latn,12641,floor21,True,else_floor21_gate,-17.189302,-21.0,0.0,lij_Latn,-2.7329599999999985
ajz_Latn,11064,floor21,True,else_floor21_gate,-16.88312,-21.0,0.0,mjw_Latn,0.0
akb_Latn,13505,floor21,True,else_floor21_gate,-17.176474,-21.0,0.0,bbc_Latn,-2.4339520000000014
ake_Latn,17791,floor21,True,else_floor21_gate,-17.575365,-21.0,0.0,mbc_Latn,-2.8558480000000017
akh_Latn,24012,unmod,False,head_unmod,-18.344143,,0.0,jav_Latn,0.0
akp_Latn,17785,floor21,True,else_floor21_gate,-17.46035,-21.0,0.0,ewe_Latn,-2.2037639999999996
ald_Latn,11035,floor21,True,else_floor21_gate,-17.170265,-21.0,0.0,bam_Latn,-3.71903
alj_Latn,13407,floor21,True,else_floor21_gate,-17.070852,-21.0,0.0,iry_Latn,0.0
aln_Latn,62542,unmod,False,head_unmod,-18.760038,,0.0,als_Latn,0.0
alp_Latn,17561,floor21,True,else_floor21_gate,-17.502201,-21.0,0.0,mas_Latn,-3.0269319999999986
alq_Latn,17867,floor21,True,else_floor21_gate,-17.813599,-21.0,0.0,ojb_Latn,-2.758852000000001
als_Latn,100000,unmod,False,head_unmod,-19.228251,,0.0,,
alt_Cyrl,84843,unmod,False,head_unmod,-18.738039,,0.0,tyv_Cyrl,0.0
aly_Latn,6317,floor21,True,else_floor21_gate,-16.611387,-21.0,0.0,aer_Latn,0.0
alz_Latn,92770,unmod,False,head_unmod,-18.517265,,0.0,luo_Latn,0.0
ame_Latn,34032,unmod,False,head_unmod,-18.38138,,0.0,ast_Latn,0.0
amf_Latn,13325,floor21,True,else_floor21_gate,-17.216448,-21.0,0.0,gmv_Latn,-3.116505
amh_Ethi,100000,unmod,False,head_unmod,-19.360592,,0.0,,
ami_Latn,87543,unmod,False,head_unmod,-18.39925,,0.0,pag_Latn,0.0
amk_Latn,17696,floor21,True,else_floor21_gate,-17.651409,-21.0,0.0,jav_Latn,-1.835878000000001
amm_Latn,24436,unmod,False,head_unmod,-18.0242,,0.0,swh_Latn,0.0
amn_Latn,37915,unmod,False,head_unmod,-18.316412,,0.0,swh_Latn,0.0
amp_Latn,30724,unmod,False,head_unmod,-18.428467,,0.0,jav_Latn,0.0
amr_Latn,23701,unmod,False,head_unmod,-18.141531,,0.0,bjn_Latn,0.0
amu_Latn,17900,floor21,True,else_floor21_gate,-17.783415,-21.0,0.0,mto_Latn,-2.7885890000000018
amx_Latn,1656,floor21,True,else_floor21_gate,-15.376759,-21.0,0.0,aly_Latn,0.0
ang_Latn,490,floor21,True,else_floor21_gate,-14.03382,-21.0,0.0,non_Latn,0.0
anm_Latn,30734,unmod,False,head_unmod,-18.059292,,0.0,tcz_Latn,0.0
ann_Latn,22124,unmod,False,head_unmod,-17.886438,,0.0,efi_Latn,0.0
anp_Deva,4499,floor21,True,else_floor21_gate,-16.72168,-21.0,0.0,hin_Deva,-1.9932000000000016
anv_Latn,17797,floor21,True,else_floor21_gate,-17.691168,-21.0,0.0,ken_Latn,0.0
any_Latn,11974,floor21,True,else_floor21_gate,-17.214334,-21.0,0.0,aha_Latn,0.0
aoi_Latn,3242,floor21,True,else_floor21_gate,-16.363787,-21.0,0.0,tel_Latn,0.0
aoj_Latn,55040,unmod,False,head_unmod,-18.865307,,0.0,swh_Latn,0.0
aom_Latn,17715,floor21,True,else_floor21_gate,-17.88286,-21.0,0.0,mcq_Latn,-2.921976000000001
aoz_Latn,13501,floor21,True,else_floor21_gate,-17.049114,-21.0,0.0,aaz_Latn,-2.9849469999999982
apb_Latn,10888,floor21,True,else_floor21_gate,-17.257126,-21.0,0.0,aia_Latn,0.0
apc_Arab,79058,unmod,False,head_unmod,-18.575903,,0.0,ary_Arab,0.0
ape_Latn,59332,unmod,False,head_unmod,-19.097435,,0.0,swh_Latn,0.0
apn_Latn,16297,floor21,True,else_floor21_gate,-18.015736,-21.0,0.0,txu_Latn,0.0
apr_Latn,24377,unmod,False,head_unmod,-18.061625,,0.0,sun_Latn,0.0
apt_Latn,11049,floor21,True,else_floor21_gate,-16.936026,-21.0,0.0,fuv_Latn,-3.190923999999999
apu_Latn,11186,floor21,True,else_floor21_gate,-17.23982,-21.0,0.0,apy_Latn,-2.609328999999999
apw_Latn,11058,floor21,True,else_floor21_gate,-17.294798,-21.0,0.0,nav_Latn,-1.9648420000000009
apy_Latn,36974,unmod,False,head_unmod,-18.390671,,0.0,gug_Latn,0.0
apz_Latn,24230,unmod,False,head_unmod,-18.263559,,0.0,kck_Latn,0.0
aqz_Latn,271,floor21,True,else_floor21_gate,-13.293484,-21.0,0.0,max_Latn,0.0
arb_Arab,100000,unmod,False,head_unmod,-19.622101,,0.0,,
arb_Latn,847,floor21,True,else_floor21_gate,-14.814315,-21.0,0.0,snd_Latn,0.0
arc_Syrc,410,floor21,True,else_floor21_gate,-14.470094,-21.0,0.0,syc_Syrc,0.0
are_Latn,6673,floor21,True,else_floor21_gate,-16.563807,-21.0,0.0,dhm_Latn,0.0
arg_Latn,25914,unmod,False,head_unmod,-17.570059,,0.0,ast_Latn,0.0
arl_Latn,24447,unmod,False,head_unmod,-18.185345,,0.0,cni_Latn,0.0
arn_Latn,100000,unmod,False,head_unmod,-18.803537,,0.0,,
arp_Latn,1963,floor21,True,else_floor21_gate,-15.353279,-21.0,0.0,guj_Latn,0.0
arq_Arab,2712,floor21,True,else_floor21_gate,-15.009097,-21.0,0.0,ary_Arab,-1.9093669999999996
arr_Latn,572,floor21,True,else_floor21_gate,-13.467237,-21.0,0.0,eme_Latn,0.0
ars_Arab,18539,unmod,False,head_unmod,-17.121805,,0.0,apc_Arab,0.0
ary_Arab,100000,unmod,False,head_unmod,-19.090633,,0.0,,
arz_Arab,100000,unmod,False,head_unmod,-19.249737,,0.0,,
asg_Latn,17719,floor21,True,else_floor21_gate,-17.535938,-21.0,0.0,hau_Latn,-1.9948119999999996
asm_Beng,100000,unmod,False,head_unmod,-19.368677,,0.0,,
asm_Latn,455,floor21,True,else_floor21_gate,-14.088663,-21.0,0.0,ben_Latn,0.0
aso_Latn,23837,unmod,False,head_unmod,-18.242403,,0.0,gah_Latn,0.0
ast_Latn,100000,unmod,False,head_unmod,-19.111513,,0.0,,
ata_Latn,27005,unmod,False,head_unmod,-18.099943,,0.0,leu_Latn,0.0
atb_Latn,25098,unmod,False,head_unmod,-18.067621,,0.0,kac_Latn,0.0
atd_Latn,17597,floor21,True,else_floor21_gate,-17.660482,-21.0,0.0,pag_Latn,-2.417759
atg_Latn,17802,floor21,True,else_floor21_gate,-17.531336,-21.0,0.0,iso_Latn,-2.333424000000001
ati_Latn,10154,floor21,True,else_floor21_gate,-16.57065,-21.0,0.0,daf_Latn,0.0
atj_Latn,1662,floor21,True,else_floor21_gate,-15.961538,-21.0,0.0,avk_Latn,0.0
atq_Latn,6661,floor21,True,else_floor21_gate,-16.632185,-21.0,0.0,ptu_Latn,0.0
att_Latn,17829,floor21,True,else_floor21_gate,-17.723026,-21.0,0.0,ibg_Latn,-2.616237999999999
auc_Latn,17817,floor21,True,else_floor21_gate,-18.030027,-21.0,0.0,lij_Latn,-2.7329599999999985
aui_Latn,4581,floor21,True,else_floor21_gate,-16.184521,-21.0,0.0,pwg_Latn,-3.2369249999999994
auy_Latn,24037,unmod,False,head_unmod,-18.030403,,0.0,kze_Latn,0.0
ava_Cyrl,17634,floor21,True,else_floor21_gate,-17.694725,-21.0,0.0,tab_Cyrl,0.0
avk_Latn,3056,floor21,True,else_floor21_gate,-14.549497,-21.0,0.0,gos_Latn,0.0
avn_Latn,11063,floor21,True,else_floor21_gate,-17.0676,-21.0,0.0,bov_Latn,0.0
avt_Latn,24340,unmod,False,head_unmod,-17.946411,,0.0,bjn_Latn,0.0
avu_Latn,17019,floor21,True,else_floor21_gate,-18.153187,-21.0,0.0,bss_Latn,0.0
awa_Deva,18700,unmod,False,head_unmod,-17.643902,,0.0,bho_Deva,0.0
awb_Latn,24529,unmod,False,head_unmod,-18.043005,,0.0,usa_Latn,0.0
awi_Latn,6621,floor21,True,else_floor21_gate,-16.440725,-21.0,0.0,jav_Latn,-1.835878000000001
awx_Latn,4174,floor21,True,else_floor21_gate,-16.100014,-21.0,0.0,iou_Latn,-2.6652510000000014
ayo_Latn,6717,floor21,True,else_floor21_gate,-16.88719,-21.0,0.0,ext_Latn,0.0
ayp_Arab,6764,floor21,True,else_floor21_gate,-16.594242,-21.0,0.0,aeb_Arab,-3.2110179999999993
ayr_Latn,100000,unmod,False,head_unmod,-18.858994,,0.0,,
azb_Arab,100000,unmod,False,head_unmod,-19.59342,,0.0,,
azg_Latn,17785,floor21,True,else_floor21_gate,-17.865852,-21.0,0.0,amu_Latn,0.0
azj_Cyrl,26412,unmod,False,head_unmod,-17.978266,,0.0,uig_Cyrl,0.0
azj_Latn,100000,unmod,False,head_unmod,-19.125771,,0.0,,
azz_Latn,17799,floor21,True,else_floor21_gate,-17.863333,-21.0,0.0,nhw_Latn,0.0
bak_Cyrl,100000,unmod,False,head_unmod,-18.942577,,0.0,,
bal_Arab,39095,unmod,False,head_unmod,-18.666275,,0.0,urd_Arab,0.0
bam_Latn,18697,unmod,False,head_unmod,-17.28097,,0.0,dyu_Latn,0.0
ban_Latn,41792,unmod,False,head_unmod,-18.26424,,0.0,jav_Latn,0.0
bao_Latn,17847,floor21,True,else_floor21_gate,-17.614439,-21.0,0.0,tuo_Latn,-2.7265610000000002
bar_Latn,100000,unmod,False,head_unmod,-19.146883,,0.0,,
bas_Latn,100000,unmod,False,head_unmod,-18.595903,,0.0,,
bav_Latn,17825,floor21,True,else_floor21_gate,-17.608828,-21.0,0.0,mcp_Latn,-3.1954920000000016
bba_Latn,84918,unmod,False,head_unmod,-18.945402,,0.0,dyu_Latn,0.0
bbb_Latn,21471,unmod,False,head_unmod,-17.930862,,0.0,nvm_Latn,0.0
bbc_Latn,100000,unmod,False,head_unmod,-18.566048,,0.0,,
bbj_Latn,11052,floor21,True,else_floor21_gate,-16.96143,-21.0,0.0,nnw_Latn,0.0
bbk_Latn,4286,floor21,True,else_floor21_gate,-16.323816,-21.0,0.0,bmv_Latn,0.0
bbo_Latn,6704,floor21,True,else_floor21_gate,-16.315704,-21.0,0.0,bwq_Latn,0.0
bbr_Latn,23818,unmod,False,head_unmod,-17.912186,,0.0,teo_Latn,0.0
bch_Latn,22386,unmod,False,head_unmod,-17.780315,,0.0,mak_Latn,0.0
bci_Latn,100000,unmod,False,head_unmod,-18.640453,,0.0,,
bcl_Latn,100000,unmod,False,head_unmod,-18.446106,,0.0,,
bco_Latn,3937,floor21,True,else_floor21_gate,-16.260256,-21.0,0.0,gos_Latn,0.0
bcw_Latn,17698,floor21,True,else_floor21_gate,-17.841076,-21.0,0.0,gde_Latn,0.0
bdd_Latn,30992,unmod,False,head_unmod,-18.085224,,0.0,dob_Latn,0.0
bdh_Latn,12360,floor21,True,else_floor21_gate,-17.431343,-21.0,0.0,tar_Latn,-3.0575660000000013
bdq_Latn,4240,floor21,True,else_floor21_gate,-16.322395,-21.0,0.0,jra_Latn,-3.260615999999999
bea_Latn,1152,floor21,True,else_floor21_gate,-14.795857,-21.0,0.0,lwg_Latn,0.0
bef_Latn,24278,unmod,False,head_unmod,-18.048788,,0.0,kyg_Latn,0.0
bel_Cyrl,100000,unmod,False,head_unmod,-19.032549,,0.0,,
bem_Latn,100000,unmod,False,head_unmod,-18.576488,,0.0,,
ben_Beng,100000,unmod,False,head_unmod,-19.381445,,0.0,,
ben_Latn,3910,floor21,True,else_floor21_gate,-15.715764,-21.0,0.0,mar_Latn,0.0
beq_Latn,11039,floor21,True,else_floor21_gate,-16.856434,-21.0,0.0,ldi_Latn,-3.0899719999999995
bew_Latn,16291,floor21,True,else_floor21_gate,-18.524382,-21.0,0.0,ind_Latn,-2.069883000000001
bex_Latn,22281,unmod,False,head_unmod,-17.777662,,0.0,kck_Latn,0.0
bfd_Latn,17820,floor21,True,else_floor21_gate,-17.795605,-21.0,0.0,bav_Latn,0.0
bfo_Latn,13446,floor21,True,else_floor21_gate,-17.207872,-21.0,0.0,dgi_Latn,0.0
bgr_Latn,17611,floor21,True,else_floor21_gate,-17.348087,-21.0,0.0,cfm_Latn,-2.050412999999999
bgs_Latn,19527,unmod,False,head_unmod,-17.574524,,0.0,pam_Latn,0.0
bgt_Latn,10924,floor21,True,else_floor21_gate,-17.096634,-21.0,0.0,nlg_Latn,0.0
bgz_Latn,13364,floor21,True,else_floor21_gate,-17.214855,-21.0,0.0,blz_Latn,0.0
bhg_Latn,7106,floor21,True,else_floor21_gate,-16.610769,-21.0,0.0,nou_Latn,-2.9174879999999987
bhl_Latn,27070,unmod,False,head_unmod,-18.256809,,0.0,fai_Latn,0.0
bho_Deva,55844,unmod,False,head_unmod,-18.662739,,0.0,hin_Deva,0.0
bhp_Latn,8035,floor21,True,else_floor21_gate,-16.707603,-21.0,0.0,bug_Latn,0.0
bhw_Latn,96876,unmod,False,head_unmod,-18.63209,,0.0,ind_Latn,0.0
bhz_Latn,6727,floor21,True,else_floor21_gate,-16.588146,-21.0,0.0,npy_Latn,0.0
bib_Latn,17804,floor21,True,else_floor21_gate,-17.532921,-21.0,0.0,xsm_Latn,-3.013425999999999
big_Latn,24303,unmod,False,head_unmod,-18.072784,,0.0,jav_Latn,0.0
bim_Latn,60084,unmod,False,head_unmod,-18.589487,,0.0,gur_Latn,0.0
bin_Latn,100000,unmod,False,head_unmod,-18.644663,,0.0,,
bis_Latn,100000,unmod,False,head_unmod,-18.453302,,0.0,,
biu_Latn,11038,floor21,True,else_floor21_gate,-16.905912,-21.0,0.0,hra_Latn,-3.1220360000000014
biv_Latn,17791,floor21,True,else_floor21_gate,-17.365095,-21.0,0.0,bib_Latn,0.0
bjn_Arab,6110,floor21,True,else_floor21_gate,-16.766596,-21.0,0.0,ars_Arab,-3.8781950000000016
bjn_Latn,27655,unmod,False,head_unmod,-17.697897,,0.0,ind_Latn,0.0
bjp_Latn,3587,floor21,True,else_floor21_gate,-15.813592,-21.0,0.0,ben_Latn,0.0
bjr_Latn,26849,unmod,False,head_unmod,-18.431261,,0.0,tar_Latn,0.0
bjv_Latn,28868,unmod,False,head_unmod,-18.057449,,0.0,sba_Latn,0.0
bkd_Latn,17628,floor21,True,else_floor21_gate,-17.350376,-21.0,0.0,hil_Latn,-2.6143210000000003
bkl_Latn,6670,floor21,True,else_floor21_gate,-16.941629,-21.0,0.0,knc_Latn,0.0
bkq_Latn,17510,floor21,True,else_floor21_gate,-17.891384,-21.0,0.0,lij_Latn,-2.7329599999999985
bku_Latn,13480,floor21,True,else_floor21_gate,-17.205606,-21.0,0.0,bnj_Latn,0.0
bkv_Latn,13494,floor21,True,else_floor21_gate,-17.25069,-21.0,0.0,bam_Latn,-3.71903
bla_Latn,1048,floor21,True,else_floor21_gate,-14.909539,-21.0,0.0,pcd_Latn,0.0
blh_Latn,6716,floor21,True,else_floor21_gate,-16.738794,-21.0,0.0,gej_Latn,0.0
blk_Mymr,26251,unmod,False,head_unmod,-18.671762,,0.0,mya_Mymr,0.0
blt_Latn,6684,floor21,True,else_floor21_gate,-16.832056,-21.0,0.0,vie_Latn,-1.6481460000000006
blw_Latn,17130,floor21,True,else_floor21_gate,-17.645828,-21.0,0.0,ebk_Latn,0.0
blz_Latn,17821,floor21,True,else_floor21_gate,-17.492069,-21.0,0.0,mak_Latn,-2.5944770000000013
bmh_Latn,23801,unmod,False,head_unmod,-17.936951,,0.0,eus_Latn,0.0
bmk_Latn,1657,floor21,True,else_floor21_gate,-15.116868,-21.0,0.0,pwg_Latn,-3.2369249999999994
bmq_Latn,13524,floor21,True,else_floor21_gate,-17.011621,-21.0,0.0,bam_Latn,-3.71903
bmr_Latn,17771,floor21,True,else_floor21_gate,-17.569309,-21.0,0.0,huu_Latn,-3.131022999999999
bmu_Latn,27341,unmod,False,head_unmod,-18.266939,,0.0,bjn_Latn,0.0
bmv_Latn,11017,floor21,True,else_floor21_gate,-17.195024,-21.0,0.0,bfd_Latn,0.0
bnj_Latn,13502,floor21,True,else_floor21_gate,-17.258093,-21.0,0.0,sun_Latn,-1.6745829999999984
bno_Latn,4263,floor21,True,else_floor21_gate,-16.225803,-21.0,0.0,hil_Latn,-2.6143210000000003
bnp_Latn,35503,unmod,False,head_unmod,-18.054333,,0.0,agw_Latn,0.0
boa_Latn,17164,floor21,True,else_floor21_gate,-17.772137,-21.0,0.0,gug_Latn,-2.2391450000000006
bod_Tibt,45476,unmod,False,head_unmod,-18.798719,,0.0,,
boj_Latn,41261,unmod,False,head_unmod,-18.542866,,0.0,fur_Latn,0.0
bom_Latn,11082,floor21,True,else_floor21_gate,-17.091637,-21.0,0.0,bam_Latn,-3.71903
bon_Latn,24452,unmod,False,head_unmod,-18.035761,,0.0,vro_Latn,0.0
bor_Latn,156,floor21,True,else_floor21_gate,-13.224175,-21.0,0.0,tzl_Latn,0.0
bov_Latn,17729,floor21,True,else_floor21_gate,-17.495752,-21.0,0.0,snw_Latn,0.0
box_Latn,17668,floor21,True,else_floor21_gate,-17.745625,-21.0,0.0,bqc_Latn,-2.5603939999999987
bpr_Latn,17724,floor21,True,else_floor21_gate,-17.331909,-21.0,0.0,bjn_Latn,-3.302102999999999
bps_Latn,17697,floor21,True,else_floor21_gate,-17.41292,-21.0,0.0,bpr_Latn,0.0
bpy_Beng,25498,unmod,False,head_unmod,-17.509491,,0.0,ben_Beng,0.0
bqc_Latn,56840,unmod,False,head_unmod,-18.439606,,0.0,kpe_Latn,0.0
bqj_Latn,11034,floor21,True,else_floor21_gate,-17.035292,-21.0,0.0,dyo_Latn,0.0
bqp_Latn,13480,floor21,True,else_floor21_gate,-17.008591,-21.0,0.0,bus_Latn,-3.4689179999999986
bre_Latn,33378,unmod,False,head_unmod,-17.843637,,0.0,sco_Latn,0.0
brh_Arab,11614,floor21,True,else_floor21_gate,-18.016048,-21.0,0.0,pnb_Arab,-1.9293419999999983
bru_Latn,17733,floor21,True,else_floor21_gate,-17.714838,-21.0,0.0,vie_Latn,-1.6481460000000006
brx_Deva,3440,floor21,True,else_floor21_gate,-15.932666,-21.0,0.0,doi_Deva,0.0
brx_Latn,374,floor21,True,else_floor21_gate,-14.073633,-21.0,0.0,kas_Latn,0.0
bsc_Latn,11055,floor21,True,else_floor21_gate,-17.111034,-21.0,0.0,fuv_Latn,-3.190923999999999
bsn_Latn,16998,floor21,True,else_floor21_gate,-17.825108,-21.0,0.0,myy_Latn,0.0
bsp_Latn,7698,floor21,True,else_floor21_gate,-16.646261,-21.0,0.0,tem_Latn,0.0
bsq_Latn,3179,floor21,True,else_floor21_gate,-15.446067,-21.0,0.0,ife_Latn,0.0
bss_Latn,17773,floor21,True,else_floor21_gate,-17.81459,-21.0,0.0,anv_Latn,0.0
btd_Latn,14730,floor21,True,else_floor21_gate,-17.233656,-21.0,0.0,btx_Latn,-2.459071999999999
bth_Latn,10993,floor21,True,else_floor21_gate,-16.851545,-21.0,0.0,bjn_Latn,-3.302102999999999
bts_Latn,40284,unmod,False,head_unmod,-18.305672,,0.0,bbc_Latn,0.0
btt_Latn,13406,floor21,True,else_floor21_gate,-17.313051,-21.0,0.0,bkv_Latn,0.0
btx_Latn,100000,unmod,False,head_unmod,-18.540928,,0.0,,
bud_Latn,13483,floor21,True,else_floor21_gate,-17.262339,-21.0,0.0,xon_Latn,-3.2900220000000004
bug_Latn,14761,floor21,True,else_floor21_gate,-17.559504,-21.0,0.0,mak_Latn,-2.5944770000000013
buk_Latn,24072,unmod,False,head_unmod,-17.926464,,0.0,ldi_Latn,0.0
bul_Cyrl,100000,unmod,False,head_unmod,-19.258125,,0.0,,
bum_Latn,100000,unmod,False,head_unmod,-18.753843,,0.0,,
bus_Latn,23216,unmod,False,head_unmod,-17.531082,,0.0,bqc_Latn,0.0
bvc_Latn,6694,floor21,True,else_floor21_gate,-16.609533,-21.0,0.0,far_Latn,0.0
bvd_Latn,4273,floor21,True,else_floor21_gate,-16.257046,-21.0,0.0,bvc_Latn,0.0
bvr_Latn,17732,floor21,True,else_floor21_gate,-17.911339,-21.0,0.0,bjn_Latn,-3.302102999999999
bvz_Latn,12855,floor21,True,else_floor21_gate,-17.958397,-21.0,0.0,ile_Latn,0.0
bwd_Latn,3872,floor21,True,else_floor21_gate,-15.979526,-21.0,0.0,viv_Latn,-2.9723819999999996
bwi_Latn,221,floor21,True,else_floor21_gate,-13.491307,-21.0,0.0,aqz_Latn,0.0
bwq_Latn,13507,floor21,True,else_floor21_gate,-17.002045,-21.0,0.0,bam_Latn,-3.71903
bwu_Latn,17557,floor21,True,else_floor21_gate,-17.531475,-21.0,0.0,maw_Latn,0.0
bxh_Latn,7138,floor21,True,else_floor21_gate,-16.511673,-21.0,0.0,sbe_Latn,0.0
bxr_Cyrl,28040,unmod,False,head_unmod,-18.110109,,0.0,khk_Cyrl,0.0
byr_Latn,18296,unmod,False,head_unmod,-18.012598,,0.0,agm_Latn,0.0
byv_Latn,1735,floor21,True,else_floor21_gate,-14.823429,-21.0,0.0,pcd_Latn,0.0
byx_Latn,17508,floor21,True,else_floor21_gate,-17.867769,-21.0,0.0,bjn_Latn,-3.302102999999999
bzd_Latn,25300,unmod,False,head_unmod,-17.82346,,0.0,lmo_Latn,0.0
bzh_Latn,24550,unmod,False,head_unmod,-17.979334,,0.0,mmo_Latn,0.0
bzi_Thai,11019,floor21,True,else_floor21_gate,-17.482872,-21.0,0.0,tha_Thai,-1.4429470000000002
bzj_Latn,100000,unmod,False,head_unmod,-18.690449,,0.0,,
caa_Latn,17822,floor21,True,else_floor21_gate,-17.821306,-21.0,0.0,arg_Latn,-3.4299409999999995
cab_Latn,100000,unmod,False,head_unmod,-18.755814,,0.0,,
cac_Latn,54632,unmod,False,head_unmod,-18.844341,,0.0,toj_Latn,0.0
caf_Latn,17803,floor21,True,else_floor21_gate,-17.6665,-21.0,0.0,bjn_Latn,-3.302102999999999
cag_Latn,12070,floor21,True,else_floor21_gate,-17.254738,-21.0,0.0,tpp_Latn,0.0
cak_Latn,100000,unmod,False,head_unmod,-19.361238,,0.0,,
cao_Latn,17717,floor21,True,else_floor21_gate,-17.591181,-21.0,0.0,kaq_Latn,-3.1556260000000016
cap_Latn,28831,unmod,False,head_unmod,-18.231735,,0.0,ayr_Latn,0.0
caq_Latn,31638,unmod,False,head_unmod,-18.192049,,0.0,urd_Latn,0.0
car_Latn,18987,unmod,False,head_unmod,-17.550339,,0.0,apy_Latn,0.0
cas_Latn,6696,floor21,True,else_floor21_gate,-16.823006,-21.0,0.0,zos_Latn,0.0
cat_Latn,100000,unmod,False,head_unmod,-18.836466,,0.0,,
cav_Latn,17546,floor21,True,else_floor21_gate,-17.839899,-21.0,0.0,tna_Latn,-3.165693000000001
cax_Latn,28858,unmod,False,head_unmod,-18.104614,,0.0,hch_Latn,0.0
cbc_Latn,17534,floor21,True,else_floor21_gate,-17.982176,-21.0,0.0,tue_Latn,0.0
cbi_Latn,10976,floor21,True,else_floor21_gate,-17.141592,-21.0,0.0,bug_Latn,0.0
cbk_Latn,100000,unmod,False,head_unmod,-18.689613,,0.0,,
cbr_Latn,24284,unmod,False,head_unmod,-18.104963,,0.0,quw_Latn,0.0
cbs_Latn,27312,unmod,False,head_unmod,-18.156096,,0.0,shp_Latn,0.0
cbt_Latn,10883,floor21,True,else_floor21_gate,-17.265825,-21.0,0.0,not_Latn,-3.0475579999999987
cbu_Latn,16983,floor21,True,else_floor21_gate,-17.847887,-21.0,0.0,swh_Latn,-2.002220000000001
cbv_Latn,27955,unmod,False,head_unmod,-18.371485,,0.0,mwl_Latn,0.0
cce_Latn,100000,unmod,False,head_unmod,-18.535194,,0.0,,
cco_Latn,17689,floor21,True,else_floor21_gate,-18.108286,-21.0,0.0,chz_Latn,0.0
ccp_Latn,6763,floor21,True,else_floor21_gate,-16.428852,-21.0,0.0,lad_Latn,0.0
cdf_Latn,6763,floor21,True,else_floor21_gate,-16.412874,-21.0,0.0,aim_Latn,0.0
cdo_Latn,9577,floor21,True,else_floor21_gate,-17.207232,-21.0,0.0,nan_Latn,-2.8551350000000006
ceb_Latn,100000,unmod,False,head_unmod,-18.76503,,0.0,,
ceg_Latn,13524,floor21,True,else_floor21_gate,-17.376514,-21.0,0.0,arg_Latn,-3.4299409999999995
cek_Latn,44097,unmod,False,head_unmod,-18.517693,,0.0,cfm_Latn,0.0
ces_Latn,100000,unmod,False,head_unmod,-19.192307,,0.0,,
cfm_Latn,80737,unmod,False,head_unmod,-18.949587,,0.0,cnh_Latn,0.0
cgc_Latn,17863,floor21,True,else_floor21_gate,-17.631746,-21.0,0.0,bcl_Latn,-2.5538939999999997
cgg_Latn,34573,unmod,False,head_unmod,-17.397551,,0.0,nyn_Latn,0.0
cha_Latn,19311,unmod,False,head_unmod,-17.451519,,0.0,spa_Latn,0.0
chd_Latn,18037,unmod,False,head_unmod,-17.812601,,0.0,arg_Latn,0.0
che_Cyrl,56243,unmod,False,head_unmod,-18.651049,,0.0,bul_Cyrl,0.0
chf_Latn,18010,unmod,False,head_unmod,-17.64274,,0.0,mop_Latn,0.0
chj_Latn,4286,floor21,True,else_floor21_gate,-16.32807,-21.0,0.0,cnt_Latn,0.0
chk_Latn,100000,unmod,False,head_unmod,-18.705242,,0.0,,
cho_Latn,1031,floor21,True,else_floor21_gate,-14.974052,-21.0,0.0,lwg_Latn,0.0
chq_Latn,10965,floor21,True,else_floor21_gate,-17.301577,-21.0,0.0,cnl_Latn,0.0
chr_Cher,11732,floor21,True,else_floor21_gate,-17.581493,-21.0,0.0,,
chr_Latn,6768,floor21,True,else_floor21_gate,-16.596315,-21.0,0.0,ext_Latn,0.0
chu_Cyrl,27598,unmod,False,head_unmod,-17.775579,,0.0,orv_Cyrl,0.0
chv_Cyrl,47817,unmod,False,head_unmod,-18.453913,,0.0,mhr_Cyrl,0.0
chw_Latn,99872,unmod,False,head_unmod,-18.503967,,0.0,vmw_Latn,0.0
chz_Latn,17827,floor21,True,else_floor21_gate,-17.810772,-21.0,0.0,bam_Latn,-3.71903
cjk_Latn,100000,unmod,False,head_unmod,-18.522625,,0.0,,
cjo_Latn,17378,floor21,True,else_floor21_gate,-17.65624,-21.0,0.0,cpb_Latn,0.0
cjp_Latn,13518,floor21,True,else_floor21_gate,-17.196091,-21.0,0.0,bzd_Latn,-3.1765399999999993
cjs_Cyrl,1320,floor21,True,else_floor21_gate,-15.071778,-21.0,0.0,kjh_Cyrl,-2.8675749999999987
cjv_Latn,24274,unmod,False,head_unmod,-17.975143,,0.0,kue_Latn,0.0
ckb_Arab,100000,unmod,False,head_unmod,-19.266195,,0.0,,
cko_Latn,17723,floor21,True,else_floor21_gate,-17.49246,-21.0,0.0,bam_Latn,-3.71903
ckt_Cyrl,2269,floor21,True,else_floor21_gate,-15.44909,-21.0,0.0,ady_Cyrl,0.0
cle_Latn,17829,floor21,True,else_floor21_gate,-17.84605,-21.0,0.0,mau_Latn,-2.1896710000000006
clu_Latn,10945,floor21,True,else_floor21_gate,-16.925764,-21.0,0.0,krj_Latn,0.0
cly_Latn,13513,floor21,True,else_floor21_gate,-17.115238,-21.0,0.0,cya_Latn,0.0
cme_Latn,17736,floor21,True,else_floor21_gate,-17.564499,-21.0,0.0,bam_Latn,-3.71903
cmn_Hani,100000,unmod,False,head_unmod,-19.690435,,0.0,,
cmo_Khmr,11062,floor21,True,else_floor21_gate,-17.492392,-21.0,0.0,khm_Khmr,-1.2038590000000013
cmo_Latn,17989,floor21,True,else_floor21_gate,-17.717575,-21.0,0.0,jra_Latn,-3.260615999999999
cmr_Latn,6689,floor21,True,else_floor21_gate,-16.593269,-21.0,0.0,lad_Latn,0.0
cnh_Latn,100000,unmod,False,head_unmod,-18.676592,,0.0,,
cni_Latn,32688,unmod,False,head_unmod,-17.967356,,0.0,shp_Latn,0.0
cnk_Latn,11067,floor21,True,else_floor21_gate,-17.018845,-21.0,0.0,cek_Latn,-2.4823069999999987
cnl_Latn,17804,floor21,True,else_floor21_gate,-17.819824,-21.0,0.0,cle_Latn,0.0
cnt_Latn,17808,floor21,True,else_floor21_gate,-17.805094,-21.0,0.0,nap_Latn,-3.3485489999999984
cnw_Latn,6740,floor21,True,else_floor21_gate,-16.437944,-21.0,0.0,cfm_Latn,-2.050412999999999
coe_Latn,17384,floor21,True,else_floor21_gate,-17.690964,-21.0,0.0,cub_Latn,0.0
cof_Latn,16915,floor21,True,else_floor21_gate,-17.629145,-21.0,0.0,spa_Latn,-2.025041999999999
cok_Latn,28590,unmod,False,head_unmod,-18.424307,,0.0,crn_Latn,0.0
con_Latn,17696,floor21,True,else_floor21_gate,-17.580862,-21.0,0.0,cha_Latn,-3.548480999999999
cop_Copt,27503,unmod,False,head_unmod,-18.414297,,0.0,,
cor_Latn,41440,unmod,False,head_unmod,-18.232296,,0.0,cym_Latn,0.0
cos_Latn,9423,floor21,True,else_floor21_gate,-16.549343,-21.0,0.0,scn_Latn,-2.4046459999999996
cot_Latn,17733,floor21,True,else_floor21_gate,-17.825443,-21.0,0.0,cni_Latn,-3.0326440000000012
cou_Latn,6745,floor21,True,else_floor21_gate,-16.53447,-21.0,0.0,bsc_Latn,0.0
cpa_Latn,17827,floor21,True,else_floor21_gate,-17.692219,-21.0,0.0,cle_Latn,0.0
cpb_Latn,17824,floor21,True,else_floor21_gate,-17.401495,-21.0,0.0,cpu_Latn,0.0
cpc_Latn,17825,floor21,True,else_floor21_gate,-17.428692,-21.0,0.0,cni_Latn,-3.0326440000000012
cpu_Latn,17825,floor21,True,else_floor21_gate,-17.466986,-21.0,0.0,cni_Latn,-3.0326440000000012
cpy_Latn,14716,floor21,True,else_floor21_gate,-17.348663,-21.0,0.0,cjo_Latn,0.0
crh_Cyrl,38964,unmod,False,head_unmod,-18.276773,,0.0,tuk_Cyrl,0.0
crh_Latn,17238,floor21,True,else_floor21_gate,-17.326204,-21.0,0.0,tur_Latn,-2.0946250000000006
cri_Latn,2059,floor21,True,else_floor21_gate,-14.806609,-21.0,0.0,kea_Latn,-2.43149
crj_Cans,4295,floor21,True,else_floor21_gate,-16.551332,-21.0,0.0,crm_Cans,0.0
crk_Cans,4454,floor21,True,else_floor21_gate,-16.401381,-21.0,0.0,crm_Cans,0.0
crk_Latn,6188,floor21,True,else_floor21_gate,-16.58005,-21.0,0.0,ojb_Latn,-2.758852000000001
crl_Cans,4295,floor21,True,else_floor21_gate,-16.562174,-21.0,0.0,crm_Cans,0.0
crm_Cans,11058,floor21,True,else_floor21_gate,-17.284027,-21.0,0.0,ojb_Cans,-2.426725000000001
crn_Latn,37171,unmod,False,head_unmod,-18.868622,,0.0,tar_Latn,0.0
crs_Latn,100000,unmod,False,head_unmod,-18.593836,,0.0,,
crt_Latn,10872,floor21,True,else_floor21_gate,-17.336987,-21.0,0.0,cha_Latn,-3.548480999999999
crx_Latn,11044,floor21,True,else_floor21_gate,-17.211882,-21.0,0.0,caf_Latn,0.0
csb_Latn,9336,floor21,True,else_floor21_gate,-16.653099,-21.0,0.0,pol_Latn,-1.5660589999999992
csk_Latn,17816,floor21,True,else_floor21_gate,-17.580795,-21.0,0.0,fuv_Latn,-3.190923999999999
cso_Latn,17825,floor21,True,else_floor21_gate,-17.893267,-21.0,0.0,cpa_Latn,0.0
csw_Cans,124,floor21,True,else_floor21_gate,-13.524582,-21.0,0.0,cwd_Cans,0.0
csw_Latn,247,floor21,True,else_floor21_gate,-13.637094,-21.0,0.0,aqz_Latn,0.0
csy_Latn,36704,unmod,False,head_unmod,-18.055843,,0.0,zom_Latn,0.0
cta_Latn,17725,floor21,True,else_floor21_gate,-17.854685,-21.0,0.0,cya_Latn,0.0
ctd_Latn,66425,unmod,False,head_unmod,-18.616621,,0.0,cfm_Latn,0.0
cto_Latn,16604,floor21,True,else_floor21_gate,-16.821215,-21.0,0.0,emp_Latn,-3.437525000000001
ctp_Latn,25169,unmod,False,head_unmod,-18.264938,,0.0,bjn_Latn,0.0
ctu_Latn,100000,unmod,False,head_unmod,-18.953484,,0.0,,
cub_Latn,17667,floor21,True,else_floor21_gate,-17.891972,-21.0,0.0,bao_Latn,0.0
cuc_Latn,17804,floor21,True,else_floor21_gate,-17.75289,-21.0,0.0,cso_Latn,0.0
cui_Latn,17685,floor21,True,else_floor21_gate,-17.973303,-21.0,0.0,shp_Latn,-2.7251340000000006
cuk_Latn,44245,unmod,False,head_unmod,-18.362228,,0.0,srd_Latn,0.0
cul_Latn,17610,floor21,True,else_floor21_gate,-17.934414,-21.0,0.0,cao_Latn,0.0
cut_Latn,17581,floor21,True,else_floor21_gate,-17.529112,-21.0,0.0,arg_Latn,-3.4299409999999995
cux_Latn,11059,floor21,True,else_floor21_gate,-17.335728,-21.0,0.0,mie_Latn,0.0
cwd_Cans,231,floor21,True,else_floor21_gate,-13.782271,-21.0,0.0,crk_Cans,0.0
cwe_Latn,17817,floor21,True,else_floor21_gate,-17.279568,-21.0,0.0,kdc_Latn,0.0
cwt_Latn,13447,floor21,True,else_floor21_gate,-17.219446,-21.0,0.0,dyo_Latn,0.0
cya_Latn,17827,floor21,True,else_floor21_gate,-17.414726,-21.0,0.0,ctp_Latn,-2.735061999999999
cym_Latn,100000,unmod,False,head_unmod,-19.19664,,0.0,,
czt_Latn,19062,unmod,False,head_unmod,-17.539667,,0.0,cfm_Latn,0.0
daa_Latn,17721,floor21,True,else_floor21_gate,-17.507416,-21.0,0.0,fuv_Latn,-3.190923999999999
dad_Latn,24369,unmod,False,head_unmod,-17.700417,,0.0,hau_Latn,0.0
daf_Latn,10483,floor21,True,else_floor21_gate,-16.531261,-21.0,0.0,dnj_Latn,-2.8782560000000004
dag_Latn,11906,floor21,True,else_floor21_gate,-17.93317,-21.0,0.0,maw_Latn,0.0
dah_Latn,23848,unmod,False,head_unmod,-18.040237,,0.0,nop_Latn,0.0
dak_Latn,2019,floor21,True,else_floor21_gate,-15.360661,-21.0,0.0,avk_Latn,0.0
dan_Latn,100000,unmod,False,head_unmod,-19.230942,,0.0,,
dar_Cyrl,1870,floor21,True,else_floor21_gate,-15.394108,-21.0,0.0,agx_Cyrl,0.0
dbq_Latn,6656,floor21,True,else_floor21_gate,-16.689199,-21.0,0.0,gid_Latn,0.0
ddg_Latn,1354,floor21,True,else_floor21_gate,-14.452139,-21.0,0.0,mkz_Latn,0.0
ddn_Latn,6765,floor21,True,else_floor21_gate,-16.463541,-21.0,0.0,mkl_Latn,0.0
ded_Latn,34664,unmod,False,head_unmod,-18.158409,,0.0,sun_Latn,0.0
des_Latn,17332,floor21,True,else_floor21_gate,-17.694326,-21.0,0.0,sri_Latn,0.0
deu_Latn,100000,unmod,False,head_unmod,-19.021727,,0.0,,
dga_Latn,17138,floor21,True,else_floor21_gate,-17.046009,-21.0,0.0,gur_Latn,-2.1987510000000015
dgc_Latn,17586,floor21,True,else_floor21_gate,-17.419233,-21.0,0.0,prf_Latn,0.0
dgi_Latn,13517,floor21,True,else_floor21_gate,-17.229832,-21.0,0.0,biv_Latn,0.0
dgr_Latn,18978,unmod,False,head_unmod,-17.786219,,0.0,diq_Latn,0.0
dgz_Latn,24281,unmod,False,head_unmod,-17.787006,,0.0,mti_Latn,0.0
dhg_Latn,1607,floor21,True,else_floor21_gate,-15.639632,-21.0,0.0,djr_Latn,0.0
dhm_Latn,11061,floor21,True,else_floor21_gate,-16.877102,-21.0,0.0,ndo_Latn,-2.474024
dhv_Latn,100000,unmod,False,head_unmod,-18.550406,,0.0,,
did_Latn,6278,floor21,True,else_floor21_gate,-16.72888,-21.0,0.0,kik_Latn,-2.1328449999999997
dig_Latn,13447,floor21,True,else_floor21_gate,-17.044167,-21.0,0.0,nyf_Latn,0.0
dik_Latn,40448,unmod,False,head_unmod,-18.245483,,0.0,sco_Latn,0.0
dip_Latn,6750,floor21,True,else_floor21_gate,-16.369703,-21.0,0.0,dks_Latn,0.0
diq_Latn,28046,unmod,False,head_unmod,-17.444571,,0.0,kiu_Latn,0.0
dis_Latn,11060,floor21,True,else_floor21_gate,-16.933622,-21.0,0.0,trp_Latn,-3.0146809999999995
diu_Latn,166,floor21,True,else_floor21_gate,-13.391807,-21.0,0.0,tzl_Latn,0.0
div_Thaa,33933,unmod,False,head_unmod,-18.569044,,0.0,,
dje_Latn,6801,floor21,True,else_floor21_gate,-16.30526,-21.0,0.0,ses_Latn,-3.5077929999999995
djk_Latn,92008,unmod,False,head_unmod,-18.628944,,0.0,srn_Latn,0.0
djr_Latn,10796,floor21,True,else_floor21_gate,-17.588898,-21.0,0.0,gnn_Latn,0.0
dks_Latn,15265,floor21,True,else_floor21_gate,-17.023563,-21.0,0.0,dik_Latn,-2.754517
dln_Latn,26435,unmod,False,head_unmod,-17.784527,,0.0,hra_Latn,0.0
dng_Cyrl,804,floor21,True,else_floor21_gate,-14.370975,-21.0,0.0,eve_Cyrl,0.0
dnj_Latn,21454,unmod,False,head_unmod,-18.121744,,0.0,yre_Latn,0.0
dnw_Latn,6439,floor21,True,else_floor21_gate,-16.782564,-21.0,0.0,sgc_Latn,0.0
dob_Latn,31031,unmod,False,head_unmod,-18.094311,,0.0,kud_Latn,0.0
doi_Deva,3674,floor21,True,else_floor21_gate,-15.991643,-21.0,0.0,anp_Deva,0.0
dop_Latn,33651,unmod,False,head_unmod,-18.204365,,0.0,kbp_Latn,0.0
dos_Latn,6742,floor21,True,else_floor21_gate,-16.622681,-21.0,0.0,lob_Latn,0.0
dow_Latn,11019,floor21,True,else_floor21_gate,-16.987667,-21.0,0.0,gya_Latn,-2.790579000000001
drg_Latn,201,floor21,True,else_floor21_gate,-13.459515,-21.0,0.0,aqz_Latn,0.0
dru_Latn,29903,unmod,False,head_unmod,-18.098639,,0.0,swh_Latn,0.0
dsb_Latn,9265,floor21,True,else_floor21_gate,-16.652584,-21.0,0.0,hsb_Latn,-3.2371480000000012
dsh_Latn,6743,floor21,True,else_floor21_gate,-16.716808,-21.0,0.0,lad_Latn,0.0
dtb_Latn,6615,floor21,True,else_floor21_gate,-16.669847,-21.0,0.0,dtp_Latn,-2.359508999999999
dtp_Latn,52534,unmod,False,head_unmod,-18.640491,,0.0,sun_Latn,0.0
dts_Latn,13356,floor21,True,else_floor21_gate,-17.225685,-21.0,0.0,bam_Latn,-3.71903
dty_Deva,11466,floor21,True,else_floor21_gate,-17.208883,-21.0,0.0,npi_Deva,-1.7426819999999985
dua_Latn,43871,unmod,False,head_unmod,-17.702116,,0.0,lub_Latn,0.0
due_Latn,17710,floor21,True,else_floor21_gate,-17.489216,-21.0,0.0,fil_Latn,-2.077686
dug_Latn,13397,floor21,True,else_floor21_gate,-17.186041,-21.0,0.0,nyf_Latn,0.0
duo_Latn,17496,floor21,True,else_floor21_gate,-17.537907,-21.0,0.0,prf_Latn,0.0
dur_Latn,11023,floor21,True,else_floor21_gate,-17.04147,-21.0,0.0,pfe_Latn,0.0
dwr_Ethi,1693,floor21,True,else_floor21_gate,-15.752379,-21.0,0.0,gof_Ethi,0.0
dwr_Latn,28305,unmod,False,head_unmod,-17.935183,,0.0,wal_Latn,0.0
dww_Latn,31055,unmod,False,head_unmod,-18.059042,,0.0,meu_Latn,0.0
dyi_Latn,17802,floor21,True,else_floor21_gate,-17.51535,-21.0,0.0,bam_Latn,-3.71903
dyo_Latn,14804,floor21,True,else_floor21_gate,-17.270912,-21.0,0.0,csk_Latn,0.0
dyu_Latn,100000,unmod,False,head_unmod,-18.80472,,0.0,,
dzo_Tibt,13407,floor21,True,else_floor21_gate,-17.678276,-21.0,0.0,bod_Tibt,-2.2012810000000016
ebk_Latn,17799,floor21,True,else_floor21_gate,-17.529425,-21.0,0.0,ifb_Latn,-2.8737509999999986
efi_Latn,100000,unmod,False,head_unmod,-18.682095,,0.0,,
eka_Latn,17820,floor21,True,else_floor21_gate,-17.442772,-21.0,0.0,mad_Latn,-2.2479520000000015
ekk_Latn,100000,unmod,False,head_unmod,-19.303837,,0.0,,
eko_Latn,2700,floor21,True,else_floor21_gate,-15.554376,-21.0,0.0,mgh_Latn,-2.475887
ell_Grek,100000,unmod,False,head_unmod,-19.74822,,0.0,,
eme_Latn,645,floor21,True,else_floor21_gate,-13.55615,-21.0,0.0,wew_Latn,0.0
emi_Latn,18149,unmod,False,head_unmod,-17.531788,,0.0,mak_Latn,0.0
eml_Latn,25500,unmod,False,head_unmod,-17.787354,,0.0,lmo_Latn,0.0
emp_Latn,18016,unmod,False,head_unmod,-17.562475,,0.0,sja_Latn,0.0
enb_Latn,13439,floor21,True,else_floor21_gate,-17.309282,-21.0,0.0,spy_Latn,-3.2606719999999996
eng_Latn,100000,unmod,False,head_unmod,-18.972822,,0.0,,
enl_Latn,11016,floor21,True,else_floor21_gate,-17.177095,-21.0,0.0,cag_Latn,0.0
enm_Latn,34177,unmod,False,head_unmod,-17.998791,,0.0,eng_Latn,0.0
enq_Latn,16127,floor21,True,else_floor21_gate,-17.445528,-21.0,0.0,kyc_Latn,-3.0452709999999996
enx_Latn,26138,unmod,False,head_unmod,-18.184471,,0.0,diq_Latn,0.0
epo_Latn,100000,unmod,False,head_unmod,-18.470936,,0.0,,
eri_Latn,17713,floor21,True,else_floor21_gate,-17.639128,-21.0,0.0,kki_Latn,0.0
ese_Latn,24273,unmod,False,head_unmod,-18.287439,,0.0,arg_Latn,0.0
esi_Latn,11038,floor21,True,else_floor21_gate,-17.20779,-21.0,0.0,esk_Latn,0.0
esk_Latn,17756,floor21,True,else_floor21_gate,-17.659691,-21.0,0.0,kal_Latn,-2.2775479999999995
ess_Latn,6942,floor21,True,else_floor21_gate,-16.647751,-21.0,0.0,esu_Latn,0.0
esu_Latn,11057,floor21,True,else_floor21_gate,-16.949707,-21.0,0.0,kal_Latn,-2.2775479999999995
eto_Latn,153,floor21,True,else_floor21_gate,-13.369411,-21.0,0.0,bor_Latn,0.0
etr_Latn,9965,floor21,True,else_floor21_gate,-17.058746,-21.0,0.0,kki_Latn,0.0
etu_Latn,11024,floor21,True,else_floor21_gate,-17.190819,-21.0,0.0,eka_Latn,0.0
eus_Latn,100000,unmod,False,head_unmod,-18.972387,,0.0,,
eve_Cyrl,1953,floor21,True,else_floor21_gate,-15.404027,-21.0,0.0,ckt_Cyrl,0.0
ewe_Latn,100000,unmod,False,head_unmod,-18.796236,,0.0,,
ewo_Latn,11283,floor21,True,else_floor21_gate,-16.809902,-21.0,0.0,fan_Latn,0.0
ext_Latn,8692,floor21,True,else_floor21_gate,-16.582001,-21.0,0.0,ast_Latn,-1.8884870000000014
eza_Latn,30724,unmod,False,head_unmod,-18.254416,,0.0,izz_Latn,0.0
faa_Latn,24288,unmod,False,head_unmod,-18.087751,,0.0,mri_Latn,0.0
fad_Latn,1949,floor21,True,else_floor21_gate,-15.290133,-21.0,0.0,avk_Latn,0.0
fai_Latn,28850,unmod,False,head_unmod,-18.119085,,0.0,jav_Latn,0.0
fal_Latn,13515,floor21,True,else_floor21_gate,-17.066933,-21.0,0.0,fuv_Latn,-3.190923999999999
fan_Latn,17431,floor21,True,else_floor21_gate,-16.797794,-21.0,0.0,bum_Latn,-2.246157
fao_Latn,94618,unmod,False,head_unmod,-19.046661,,0.0,isl_Latn,0.0
far_Latn,10940,floor21,True,else_floor21_gate,-17.028482,-21.0,0.0,kwf_Latn,-3.315670000000001
fas_Arab,100000,unmod,False,head_unmod,-18.983715,,0.0,,
fat_Latn,39870,unmod,False,head_unmod,-17.858471,,0.0,twi_Latn,0.0
ffm_Latn,24480,unmod,False,head_unmod,-17.604994,,0.0,fuh_Latn,0.0
fij_Latn,100000,unmod,False,head_unmod,-18.654804,,0.0,,
fil_Latn,100000,unmod,False,head_unmod,-18.922314,,0.0,,
fin_Latn,100000,unmod,False,head_unmod,-19.2782,,0.0,,
fit_Latn,3881,floor21,True,else_floor21_gate,-15.678094,-21.0,0.0,fin_Latn,-1.7218000000000018
fkv_Latn,1884,floor21,True,else_floor21_gate,-14.864482,-21.0,0.0,fit_Latn,0.0
fmu_Deva,974,floor21,True,else_floor21_gate,-14.894477,-21.0,0.0,kas_Deva,0.0
fon_Latn,100000,unmod,False,head_unmod,-18.940411,,0.0,,
for_Latn,31149,unmod,False,head_unmod,-18.078775,,0.0,kin_Latn,0.0
fra_Latn,100000,unmod,False,head_unmod,-18.970764,,0.0,,
frd_Latn,10934,floor21,True,else_floor21_gate,-17.104633,-21.0,0.0,bjn_Latn,-3.302102999999999
fro_Latn,15794,floor21,True,else_floor21_gate,-16.444376,-21.0,0.0,fra_Latn,-2.029236000000001
frp_Latn,5176,floor21,True,else_floor21_gate,-16.790182,-21.0,0.0,nrf_Latn,0.0
frr_Latn,10794,floor21,True,else_floor21_gate,-16.372046,-21.0,0.0,nds_Latn,-2.0873029999999986
fry_Latn,100000,unmod,False,head_unmod,-19.022299,,0.0,,
fub_Latn,38248,unmod,False,head_unmod,-18.011917,,0.0,wol_Latn,0.0
fud_Latn,9316,floor21,True,else_floor21_gate,-16.224007,-21.0,0.0,wls_Latn,-2.4270780000000016
fue_Latn,10730,floor21,True,else_floor21_gate,-16.721743,-21.0,0.0,fuh_Latn,-3.357754
fuf_Latn,21670,unmod,False,head_unmod,-17.478354,,0.0,fuh_Latn,0.0
fuh_Latn,24509,unmod,False,head_unmod,-17.642246,,0.0,fuv_Latn,0.0
fuq_Latn,17770,floor21,True,else_floor21_gate,-17.315521,-21.0,0.0,fuv_Latn,-3.190923999999999
fur_Latn,46173,unmod,False,head_unmod,-18.03755,,0.0,lmo_Latn,0.0
fuv_Arab,6753,floor21,True,else_floor21_gate,-16.771152,-21.0,0.0,aeb_Arab,-3.2110179999999993
fuv_Latn,30578,unmod,False,head_unmod,-17.809076,,0.0,fub_Latn,0.0
gaa_Latn,100000,unmod,False,head_unmod,-18.61051,,0.0,,
gag_Cyrl,14070,floor21,True,else_floor21_gate,-17.26737,-21.0,0.0,mhr_Cyrl,-2.236882999999999
gag_Latn,14325,floor21,True,else_floor21_gate,-17.271614,-21.0,0.0,tur_Latn,-2.0946250000000006
gah_Latn,24357,unmod,False,head_unmod,-18.015076,,0.0,tar_Latn,0.0
gai_Latn,17631,floor21,True,else_floor21_gate,-17.793003,-21.0,0.0,mak_Latn,-2.5944770000000013
gam_Latn,24151,unmod,False,head_unmod,-17.762703,,0.0,kue_Latn,0.0
gaw_Latn,24230,unmod,False,head_unmod,-18.025034,,0.0,bjn_Latn,0.0
gaz_Latn,100000,unmod,False,head_unmod,-18.853632,,0.0,,
gbi_Latn,13298,floor21,True,else_floor21_gate,-17.432003,-21.0,0.0,tlb_Latn,0.0
gbo_Latn,6764,floor21,True,else_floor21_gate,-16.787098,-21.0,0.0,fon_Latn,-2.059588999999999
gbr_Latn,10708,floor21,True,else_floor21_gate,-16.894205,-21.0,0.0,hau_Latn,-1.9948119999999996
gcf_Latn,67389,unmod,False,head_unmod,-18.229351,,0.0,hat_Latn,0.0
gcr_Latn,26871,unmod,False,head_unmod,-17.246346,,0.0,gcf_Latn,0.0
gde_Latn,17787,floor21,True,else_floor21_gate,-17.613447,-21.0,0.0,meq_Latn,0.0
gdg_Latn,10967,floor21,True,else_floor21_gate,-17.01088,-21.0,0.0,ibg_Latn,-2.616237999999999
gdn_Latn,23906,unmod,False,head_unmod,-18.109074,,0.0,pwg_Latn,0.0
gdr_Latn,24452,unmod,False,head_unmod,-18.135242,,0.0,bjn_Latn,0.0
geb_Latn,17527,floor21,True,else_floor21_gate,-17.794083,-21.0,0.0,jav_Latn,-1.835878000000001
gej_Latn,6763,floor21,True,else_floor21_gate,-16.579706,-21.0,0.0,ajg_Latn,-3.572866000000001
gfk_Latn,23745,unmod,False,head_unmod,-17.883492,,0.0,ksd_Latn,0.0
ghe_Deva,11062,floor21,True,else_floor21_gate,-17.118935,-21.0,0.0,npi_Deva,-1.7426819999999985
ghs_Latn,29407,unmod,False,head_unmod,-18.078365,,0.0,sid_Latn,0.0
gid_Latn,11033,floor21,True,else_floor21_gate,-16.925144,-21.0,0.0,meq_Latn,0.0
gil_Latn,100000,unmod,False,head_unmod,-18.537588,,0.0,,
giz_Latn,34343,unmod,False,head_unmod,-18.117222,,0.0,fub_Latn,0.0
gjn_Latn,30192,unmod,False,head_unmod,-18.018438,,0.0,gaa_Latn,0.0
gkn_Latn,77520,unmod,False,head_unmod,-18.659107,,0.0,yor_Latn,0.0
gla_Latn,100000,unmod,False,head_unmod,-19.287479,,0.0,,
gle_Latn,100000,unmod,False,head_unmod,-19.474548,,0.0,,
glg_Latn,100000,unmod,False,head_unmod,-19.032265,,0.0,,
glk_Arab,22263,unmod,False,head_unmod,-17.741455,,0.0,fas_Arab,0.0
glv_Latn,60970,unmod,False,head_unmod,-18.753691,,0.0,cym_Latn,0.0
gmh_Latn,3042,floor21,True,else_floor21_gate,-15.411914,-21.0,0.0,deu_Latn,-1.9782730000000015
gmv_Ethi,10916,floor21,True,else_floor21_gate,-17.009174,-21.0,0.0,gof_Ethi,0.0
gmv_Latn,30907,unmod,False,head_unmod,-17.883495,,0.0,wal_Latn,0.0
gna_Latn,10888,floor21,True,else_floor21_gate,-17.128237,-21.0,0.0,sld_Latn,0.0
gnb_Latn,11064,floor21,True,else_floor21_gate,-16.931225,-21.0,0.0,vap_Latn,-3.0895629999999983
gnd_Latn,13375,floor21,True,else_floor21_gate,-17.570505,-21.0,0.0,mfh_Latn,0.0
gng_Latn,17738,floor21,True,else_floor21_gate,-17.510496,-21.0,0.0,bam_Latn,-3.71903
gnn_Latn,15289,floor21,True,else_floor21_gate,-17.916592,-21.0,0.0,bvr_Latn,0.0
gnw_Latn,36657,unmod,False,head_unmod,-18.378454,,0.0,gyr_Latn,0.0
goa_Latn,1598,floor21,True,else_floor21_gate,-14.644472,-21.0,0.0,avk_Latn,0.0
gof_Ethi,11001,floor21,True,else_floor21_gate,-16.897053,-21.0,0.0,mdy_Ethi,-1.9141559999999984
gof_Latn,17756,floor21,True,else_floor21_gate,-17.288509,-21.0,0.0,gmv_Latn,-3.116505
gog_Latn,14102,floor21,True,else_floor21_gate,-17.190296,-21.0,0.0,kki_Latn,0.0
goh_Latn,306,floor21,True,else_floor21_gate,-13.796722,-21.0,0.0,ang_Latn,0.0
gom_Deva,3496,floor21,True,else_floor21_gate,-15.896592,-21.0,0.0,mar_Deva,-2.0681949999999993
gom_Latn,77660,unmod,False,head_unmod,-18.57704,,0.0,sco_Latn,0.0
gor_Latn,13438,floor21,True,else_floor21_gate,-17.365936,-21.0,0.0,swh_Latn,-2.002220000000001
gos_Latn,3946,floor21,True,else_floor21_gate,-14.725354,-21.0,0.0,zea_Latn,0.0
got_Goth,7413,floor21,True,else_floor21_gate,-16.408777,-21.0,0.0,,
got_Latn,4657,floor21,True,else_floor21_gate,-15.593228,-21.0,0.0,pfl_Latn,0.0
gqr_Latn,17816,floor21,True,else_floor21_gate,-17.534431,-21.0,0.0,bjv_Latn,-2.9425510000000017
grc_Grek,100000,unmod,False,head_unmod,-19.571589,,0.0,,
grt_Beng,13469,floor21,True,else_floor21_gate,-17.484865,-21.0,0.0,mni_Beng,-2.1961629999999985
gso_Latn,18608,unmod,False,head_unmod,-17.46439,,0.0,gya_Latn,0.0
gsw_Latn,93517,unmod,False,head_unmod,-19.013752,,0.0,bar_Latn,0.0
gub_Latn,56520,unmod,False,head_unmod,-18.884754,,0.0,gug_Latn,0.0
guc_Latn,100000,unmod,False,head_unmod,-18.74935,,0.0,,
gud_Latn,11042,floor21,True,else_floor21_gate,-17.147825,-21.0,0.0,kyf_Latn,0.0
gug_Latn,100000,unmod,False,head_unmod,-18.760855,,0.0,,
guh_Latn,17659,floor21,True,else_floor21_gate,-18.012978,-21.0,0.0,cui_Latn,0.0
gui_Latn,28148,unmod,False,head_unmod,-17.783861,,0.0,gnw_Latn,0.0
guj_Gujr,100000,unmod,False,head_unmod,-19.558468,,0.0,,
guj_Latn,4070,floor21,True,else_floor21_gate,-15.954654,-21.0,0.0,kan_Latn,0.0
guk_Ethi,13514,floor21,True,else_floor21_gate,-17.436411,-21.0,0.0,amh_Ethi,-1.6394079999999995
gul_Latn,17812,floor21,True,else_floor21_gate,-17.477819,-21.0,0.0,pcm_Latn,-2.8042370000000005
gum_Latn,19118,unmod,False,head_unmod,-17.81156,,0.0,arg_Latn,0.0
gun_Latn,17907,floor21,True,else_floor21_gate,-17.373556,-21.0,0.0,gug_Latn,-2.2391450000000006
guo_Latn,17493,floor21,True,else_floor21_gate,-17.780815,-21.0,0.0,bjn_Latn,-3.302102999999999
guq_Latn,13503,floor21,True,else_floor21_gate,-17.167606,-21.0,0.0,gug_Latn,-2.2391450000000006
gur_Latn,77453,unmod,False,head_unmod,-18.801249,,0.0,twi_Latn,0.0
guu_Latn,6743,floor21,True,else_floor21_gate,-16.916742,-21.0,0.0,ksh_Latn,0.0
guw_Latn,100000,unmod,False,head_unmod,-18.712877,,0.0,,
gux_Latn,27027,unmod,False,head_unmod,-17.744066,,0.0,bim_Latn,0.0
guz_Latn,7508,floor21,True,else_floor21_gate,-16.397631,-21.0,0.0,hay_Latn,0.0
gvc_Latn,24005,unmod,False,head_unmod,-18.019449,,0.0,tuo_Latn,0.0
gvf_Latn,24429,unmod,False,head_unmod,-17.88798,,0.0,kue_Latn,0.0
gvl_Latn,17827,floor21,True,else_floor21_gate,-17.613613,-21.0,0.0,sba_Latn,-2.6534769999999988
gvn_Latn,11212,floor21,True,else_floor21_gate,-17.256742,-21.0,0.0,bjn_Latn,-3.302102999999999
gwi_Latn,17620,floor21,True,else_floor21_gate,-17.736975,-21.0,0.0,nav_Latn,-1.9648420000000009
gwr_Latn,6749,floor21,True,else_floor21_gate,-16.590786,-21.0,0.0,lug_Latn,-2.129422999999999
gya_Latn,38815,unmod,False,head_unmod,-18.209421,,0.0,gur_Latn,0.0
gym_Latn,100000,unmod,False,head_unmod,-18.692446,,0.0,,
gyr_Latn,46436,unmod,False,head_unmod,-18.489563,,0.0,gug_Latn,0.0
hac_Arab,28717,unmod,False,head_unmod,-18.883821,,0.0,ckb_Arab,0.0
hae_Latn,13526,floor21,True,else_floor21_gate,-17.246191,-21.0,0.0,gaz_Latn,-2.146367999999999
hag_Latn,14200,floor21,True,else_floor21_gate,-17.030987,-21.0,0.0,maw_Latn,0.0
hak_Hani,29565,unmod,False,head_unmod,-18.450541,,0.0,cmn_Hani,0.0
hak_Latn,13696,floor21,True,else_floor21_gate,-17.362316,-21.0,0.0,nan_Latn,-2.8551350000000006
hat_Latn,100000,unmod,False,head_unmod,-18.938932,,0.0,,
hau_Latn,100000,unmod,False,head_unmod,-19.005188,,0.0,,
hav_Latn,7393,floor21,True,else_floor21_gate,-15.955273,-21.0,0.0,shr_Latn,0.0
haw_Latn,6448,floor21,True,else_floor21_gate,-16.326731,-21.0,0.0,mri_Latn,-2.267132
hay_Latn,13828,floor21,True,else_floor21_gate,-16.762432,-21.0,0.0,nyn_Latn,-2.4489920000000005
hbo_Hebr,100000,unmod,False,head_unmod,-19.646261,,0.0,,
hbs_Latn,100000,unmod,False,head_unmod,-19.162342,,0.0,,
hch_Latn,30840,unmod,False,head_unmod,-17.966137,,0.0,ast_Latn,0.0
heb_Hebr,100000,unmod,False,head_unmod,-19.319082,,0.0,,
heg_Latn,18356,unmod,False,head_unmod,-17.749371,,0.0,sun_Latn,0.0
heh_Latn,18364,unmod,False,head_unmod,-17.390532,,0.0,kde_Latn,0.0
her_Latn,100000,unmod,False,head_unmod,-18.558697,,0.0,,
hif_Latn,21900,unmod,False,head_unmod,-17.470119,,0.0,hin_Latn,0.0
hig_Latn,13520,floor21,True,else_floor21_gate,-17.370407,-21.0,0.0,bcw_Latn,0.0
hil_Latn,100000,unmod,False,head_unmod,-18.385679,,0.0,,
hin_Deva,100000,unmod,False,head_unmod,-19.0068,,0.0,,
hin_Latn,34642,unmod,False,head_unmod,-18.095055,,0.0,urd_Latn,0.0
hix_Latn,17476,floor21,True,else_floor21_gate,-18.024813,-21.0,0.0,diq_Latn,-3.555429
hla_Latn,23887,unmod,False,head_unmod,-17.867189,,0.0,nsn_Latn,0.0
hlt_Latn,6729,floor21,True,else_floor21_gate,-16.504358,-21.0,0.0,cnk_Latn,0.0
hmo_Latn,100000,unmod,False,head_unmod,-18.541883,,0.0,,
hmr_Latn,61468,unmod,False,head_unmod,-18.665174,,0.0,lus_Latn,0.0
hne_Deva,50507,unmod,False,head_unmod,-18.19211,,0.0,bho_Deva,0.0
hnj_Latn,61097,unmod,False,head_unmod,-18.878868,,0.0,mww_Latn,0.0
hnn_Latn,13501,floor21,True,else_floor21_gate,-17.135574,-21.0,0.0,fil_Latn,-2.077686
hns_Latn,19168,unmod,False,head_unmod,-17.581938,,0.0,hif_Latn,0.0
hoc_Latn,380,floor21,True,else_floor21_gate,-13.400584,-21.0,0.0,arr_Latn,0.0
hoc_Wara,499,floor21,True,else_floor21_gate,-14.118984,-21.0,0.0,,
hop_Latn,11019,floor21,True,else_floor21_gate,-17.127544,-21.0,0.0,ayr_Latn,-2.141006000000001
hot_Latn,23745,unmod,False,head_unmod,-17.777573,,0.0,buk_Latn,0.0
hra_Latn,30616,unmod,False,head_unmod,-17.877964,,0.0,hmr_Latn,0.0
hrx_Latn,38051,unmod,False,head_unmod,-17.630482,,0.0,gsw_Latn,0.0
hsb_Latn,28261,unmod,False,head_unmod,-17.762852,,0.0,szl_Latn,0.0
hto_Latn,17753,floor21,True,else_floor21_gate,-17.815357,-21.0,0.0,huu_Latn,-3.131022999999999
hub_Latn,23928,unmod,False,head_unmod,-17.847485,,0.0,acu_Latn,0.0
hui_Latn,64883,unmod,False,head_unmod,-18.990311,,0.0,kin_Latn,0.0
hun_Hung,11832,floor21,True,else_floor21_gate,-17.434702,-21.0,0.0,,
hun_Latn,100000,unmod,False,head_unmod,-19.434969,,0.0,,
hus_Latn,57511,unmod,False,head_unmod,-18.68918,,0.0,quc_Latn,0.0
huu_Latn,24119,unmod,False,head_unmod,-17.868977,,0.0,arg_Latn,0.0
huv_Latn,20043,unmod,False,head_unmod,-17.677908,,0.0,arg_Latn,0.0
hvn_Latn,13972,floor21,True,else_floor21_gate,-17.418159,-21.0,0.0,nfa_Latn,0.0
hwc_Latn,10591,floor21,True,else_floor21_gate,-17.000883,-21.0,0.0,pcm_Latn,-2.8042370000000005
hye_Armn,100000,unmod,False,head_unmod,-19.569683,,0.0,,
hyw_Armn,100000,unmod,False,head_unmod,-19.269022,,0.0,,
ian_Latn,30210,unmod,False,head_unmod,-18.166365,,0.0,swh_Latn,0.0
iba_Latn,100000,unmod,False,head_unmod,-18.494171,,0.0,,
ibg_Latn,97484,unmod,False,head_unmod,-18.383762,,0.0,bcl_Latn,0.0
ibo_Latn,100000,unmod,False,head_unmod,-19.05619,,0.0,,
icr_Latn,17695,floor21,True,else_floor21_gate,-17.494694,-21.0,0.0,jam_Latn,-3.172139999999999
ido_Latn,33665,unmod,False,head_unmod,-17.588688,,0.0,epo_Latn,0.0
idu_Latn,59832,unmod,False,head_unmod,-18.258865,,0.0,ada_Latn,0.0
ifa_Latn,57138,unmod,False,head_unmod,-18.61447,,0.0,sun_Latn,0.0
ifb_Latn,33099,unmod,False,head_unmod,-18.126249,,0.0,ifa_Latn,0.0
ife_Latn,17731,floor21,True,else_floor21_gate,-17.818115,-21.0,0.0,yor_Latn,-1.9451560000000008
ifk_Latn,17387,floor21,True,else_floor21_gate,-17.437128,-21.0,0.0,ifa_Latn,-2.3855299999999993
ifu_Latn,17672,floor21,True,else_floor21_gate,-17.593409,-21.0,0.0,ifb_Latn,-2.8737509999999986
ify_Latn,55082,unmod,False,head_unmod,-18.675303,,0.0,ifa_Latn,0.0
ige_Latn,63586,unmod,False,head_unmod,-18.326677,,0.0,ibo_Latn,0.0
ign_Latn,28193,unmod,False,head_unmod,-18.287504,,0.0,tar_Latn,0.0
ike_Cans,30725,unmod,False,head_unmod,-18.511494,,0.0,ojb_Cans,0.0
ikk_Latn,44245,unmod,False,head_unmod,-18.464979,,0.0,ibo_Latn,0.0
ikt_Latn,1601,floor21,True,else_floor21_gate,-15.030022,-21.0,0.0,esi_Latn,0.0
ikw_Latn,17829,floor21,True,else_floor21_gate,-17.396671,-21.0,0.0,ibo_Latn,-1.9438099999999991
ilb_Latn,10085,floor21,True,else_floor21_gate,-16.775686,-21.0,0.0,leh_Latn,-2.634708
ile_Latn,14414,floor21,True,else_floor21_gate,-16.428589,-21.0,0.0,ina_Latn,-3.0031430000000015
ilo_Latn,100000,unmod,False,head_unmod,-18.923798,,0.0,,
imo_Latn,23862,unmod,False,head_unmod,-18.023777,,0.0,ubu_Latn,0.0
ina_Latn,56283,unmod,False,head_unmod,-17.996857,,0.0,ita_Latn,0.0
inb_Latn,17919,floor21,True,else_floor21_gate,-17.6457,-21.0,0.0,qup_Latn,-3.117535
ind_Latn,100000,unmod,False,head_unmod,-18.930117,,0.0,,
inh_Cyrl,2521,floor21,True,else_floor21_gate,-16.244854,-21.0,0.0,che_Cyrl,-2.3489509999999996
ino_Latn,23125,unmod,False,head_unmod,-18.08182,,0.0,kyg_Latn,0.0
iou_Latn,32094,unmod,False,head_unmod,-18.334749,,0.0,vro_Latn,0.0
ipi_Latn,19056,unmod,False,head_unmod,-18.097584,,0.0,kyc_Latn,0.0
iqw_Latn,11059,floor21,True,else_floor21_gate,-17.266054,-21.0,0.0,izz_Latn,-2.584097
iri_Latn,17827,floor21,True,else_floor21_gate,-17.447968,-21.0,0.0,izr_Latn,0.0
irk_Latn,13515,floor21,True,else_floor21_gate,-17.37224,-21.0,0.0,som_Latn,-1.677423000000001
iry_Latn,13449,floor21,True,else_floor21_gate,-17.114473,-21.0,0.0,bcl_Latn,-2.5538939999999997
isd_Latn,10971,floor21,True,else_floor21_gate,-17.085791,-21.0,0.0,ibg_Latn,-2.616237999999999
ish_Latn,88944,unmod,False,head_unmod,-18.530056,,0.0,bin_Latn,0.0
isl_Latn,100000,unmod,False,head_unmod,-19.138268,,0.0,,
iso_Latn,100000,unmod,False,head_unmod,-18.666576,,0.0,,
ita_Latn,100000,unmod,False,head_unmod,-18.849796,,0.0,,
itl_Cyrl,978,floor21,True,else_floor21_gate,-14.935108,-21.0,0.0,ckt_Cyrl,0.0
itv_Latn,13512,floor21,True,else_floor21_gate,-17.197962,-21.0,0.0,ibg_Latn,-2.616237999999999
ium_Latn,42126,unmod,False,head_unmod,-18.613791,,0.0,bar_Latn,0.0
ivb_Latn,11038,floor21,True,else_floor21_gate,-17.142242,-21.0,0.0,pag_Latn,-2.417759
ivv_Latn,11031,floor21,True,else_floor21_gate,-16.972563,-21.0,0.0,ivb_Latn,0.0
iws_Latn,24587,unmod,False,head_unmod,-18.318064,,0.0,kmh_Latn,0.0
ixl_Latn,54068,unmod,False,head_unmod,-19.029335,,0.0,mam_Latn,0.0
izr_Latn,17843,floor21,True,else_floor21_gate,-17.396368,-21.0,0.0,bam_Latn,-3.71903
izz_Latn,37494,unmod,False,head_unmod,-18.415903,,0.0,ibo_Latn,0.0
jaa_Latn,4307,floor21,True,else_floor21_gate,-16.094385,-21.0,0.0,hay_Latn,0.0
jac_Latn,24475,unmod,False,head_unmod,-17.994858,,0.0,kjb_Latn,0.0
jae_Latn,21891,unmod,False,head_unmod,-17.689632,,0.0,buk_Latn,0.0
jam_Latn,32289,unmod,False,head_unmod,-17.82786,,0.0,bzj_Latn,0.0
jav_Java,6597,floor21,True,else_floor21_gate,-17.191242,-21.0,0.0,,
jav_Latn,100000,unmod,False,head_unmod,-19.164122,,0.0,,
jbo_Latn,12439,floor21,True,else_floor21_gate,-15.918904,-21.0,0.0,nap_Latn,-3.3485489999999984
jbu_Latn,13500,floor21,True,else_floor21_gate,-17.190296,-21.0,0.0,hau_Latn,-1.9948119999999996
jic_Latn,17740,floor21,True,else_floor21_gate,-17.836838,-21.0,0.0,nap_Latn,-3.3485489999999984
jiv_Latn,17510,floor21,True,else_floor21_gate,-17.521568,-21.0,0.0,acu_Latn,-3.071358
jmc_Latn,13528,floor21,True,else_floor21_gate,-17.049433,-21.0,0.0,old_Latn,0.0
jpn_Jpan,100000,unmod,False,head_unmod,-19.741663,,0.0,,
jra_Latn,19753,unmod,False,head_unmod,-17.739384,,0.0,rad_Latn,0.0
jun_Orya,6741,floor21,True,else_floor21_gate,-16.94445,-21.0,0.0,ory_Orya,-1.392004
jvn_Latn,23937,unmod,False,head_unmod,-17.832224,,0.0,jav_Latn,0.0
kaa_Cyrl,38209,unmod,False,head_unmod,-18.333363,,0.0,kaz_Cyrl,0.0
kaa_Latn,20305,unmod,False,head_unmod,-17.722132,,0.0,tur_Latn,0.0
kab_Latn,100000,unmod,False,head_unmod,-18.089947,,0.0,,
kac_Latn,100000,unmod,False,head_unmod,-18.933146,,0.0,,
kak_Latn,165,floor21,True,else_floor21_gate,-14.254523,-21.0,0.0,mgm_Latn,0.0
kal_Latn,100000,unmod,False,head_unmod,-18.722452,,0.0,,
kam_Latn,100000,unmod,False,head_unmod,-18.731234,,0.0,,
kan_Knda,100000,unmod,False,head_unmod,-19.514397,,0.0,,
kan_Latn,4121,floor21,True,else_floor21_gate,-15.912047,-21.0,0.0,mal_Latn,0.0
kao_Latn,13507,floor21,True,else_floor21_gate,-17.064123,-21.0,0.0,mnk_Latn,0.0
kap_Cyrl,776,floor21,True,else_floor21_gate,-14.591565,-21.0,0.0,tkr_Cyrl,0.0
kaq_Latn,24486,unmod,False,head_unmod,-17.844374,,0.0,shp_Latn,0.0
kas_Arab,10408,floor21,True,else_floor21_gate,-17.301361,-21.0,0.0,urd_Arab,-1.9019720000000007
kas_Deva,7226,floor21,True,else_floor21_gate,-16.874071,-21.0,0.0,hin_Deva,-1.9932000000000016
kas_Latn,405,floor21,True,else_floor21_gate,-14.003031,-21.0,0.0,ory_Latn,0.0
kat_Geor,100000,unmod,False,head_unmod,-19.38238,,0.0,,
kaz_Cyrl,100000,unmod,False,head_unmod,-19.220144,,0.0,,
kbc_Latn,17609,floor21,True,else_floor21_gate,-17.854647,-21.0,0.0,mny_Latn,-3.3600920000000016
kbd_Cyrl,46268,unmod,False,head_unmod,-18.137501,,0.0,mhr_Cyrl,0.0
kbh_Latn,17713,floor21,True,else_floor21_gate,-17.887203,-21.0,0.0,spa_Latn,-2.025041999999999
kbm_Latn,24119,unmod,False,head_unmod,-18.002022,,0.0,vls_Latn,0.0
kbo_Latn,4300,floor21,True,else_floor21_gate,-16.40979,-21.0,0.0,luc_Latn,0.0
kbp_Latn,100000,unmod,False,head_unmod,-18.933861,,0.0,,
kbq_Latn,28955,unmod,False,head_unmod,-18.042864,,0.0,hbs_Latn,0.0
kbr_Latn,12888,floor21,True,else_floor21_gate,-17.230961,-21.0,0.0,wal_Latn,-2.2735400000000006
kby_Latn,1099,floor21,True,else_floor21_gate,-14.936069,-21.0,0.0,knc_Latn,0.0
kca_Cyrl,951,floor21,True,else_floor21_gate,-14.770985,-21.0,0.0,mns_Cyrl,0.0
kcg_Latn,11045,floor21,True,else_floor21_gate,-17.258785,-21.0,0.0,tsw_Latn,0.0
kck_Latn,26283,unmod,False,head_unmod,-17.444368,,0.0,ssw_Latn,0.0
kdc_Latn,17827,floor21,True,else_floor21_gate,-17.240633,-21.0,0.0,vid_Latn,0.0
kde_Latn,26927,unmod,False,head_unmod,-17.653694,,0.0,mck_Latn,0.0
kdh_Latn,1820,floor21,True,else_floor21_gate,-15.459884,-21.0,0.0,sld_Latn,0.0
kdi_Latn,17817,floor21,True,else_floor21_gate,-17.3046,-21.0,0.0,laj_Latn,-3.546976000000001
kdj_Latn,13519,floor21,True,else_floor21_gate,-17.144802,-21.0,0.0,teo_Latn,-3.103864999999999
kdl_Latn,17708,floor21,True,else_floor21_gate,-17.496313,-21.0,0.0,asg_Latn,0.0
kdr_Latn,85,floor21,True,else_floor21_gate,-13.380363,-21.0,0.0,bor_Latn,0.0
kea_Latn,100000,unmod,False,head_unmod,-18.56851,,0.0,,
kei_Latn,226,floor21,True,else_floor21_gate,-13.488635,-21.0,0.0,aqz_Latn,0.0
kek_Latn,100000,unmod,False,head_unmod,-19.051258,,0.0,,
ken_Latn,17805,floor21,True,else_floor21_gate,-17.694532,-21.0,0.0,twi_Latn,-2.2780689999999986
keo_Latn,6847,floor21,True,else_floor21_gate,-16.498701,-21.0,0.0,mhi_Latn,0.0
ker_Latn,6741,floor21,True,else_floor21_gate,-16.686487,-21.0,0.0,gid_Latn,0.0
kew_Latn,26979,unmod,False,head_unmod,-17.906406,,0.0,sun_Latn,0.0
kex_Deva,739,floor21,True,else_floor21_gate,-14.289268,-21.0,0.0,gom_Deva,0.0
kez_Latn,13488,floor21,True,else_floor21_gate,-17.283262,-21.0,0.0,bam_Latn,-3.71903
kff_Telu,6762,floor21,True,else_floor21_gate,-16.850801,-21.0,0.0,tel_Telu,-1.5579199999999993
kgf_Latn,28674,unmod,False,head_unmod,-18.007483,,0.0,ded_Latn,0.0
kgk_Latn,17217,floor21,True,else_floor21_gate,-17.859987,-21.0,0.0,gun_Latn,0.0
kgp_Latn,19199,unmod,False,head_unmod,-17.85664,,0.0,gug_Latn,0.0
kgr_Latn,6735,floor21,True,else_floor21_gate,-16.731682,-21.0,0.0,jav_Latn,-1.835878000000001
kha_Latn,34095,unmod,False,head_unmod,-18.114536,,0.0,sun_Latn,0.0
khk_Cyrl,100000,unmod,False,head_unmod,-19.123745,,0.0,,
khm_Khmr,100000,unmod,False,head_unmod,-19.796141,,0.0,,
khq_Latn,6762,floor21,True,else_floor21_gate,-16.251154,-21.0,0.0,ses_Latn,-3.5077929999999995
khs_Latn,17585,floor21,True,else_floor21_gate,-17.815197,-21.0,0.0,kki_Latn,0.0
khy_Latn,11021,floor21,True,else_floor21_gate,-16.878136,-21.0,0.0,lol_Latn,0.0
khz_Latn,24568,unmod,False,head_unmod,-17.851305,,0.0,meu_Latn,0.0
kia_Latn,41825,unmod,False,head_unmod,-18.283737,,0.0,wol_Latn,0.0
kij_Latn,32364,unmod,False,head_unmod,-18.099009,,0.0,loz_Latn,0.0
kik_Latn,100000,unmod,False,head_unmod,-18.867155,,0.0,,
kin_Latn,100000,unmod,False,head_unmod,-18.522554,,0.0,,
kir_Cyrl,100000,unmod,False,head_unmod,-19.086964,,0.0,,
kiu_Latn,100000,unmod,False,head_unmod,-19.938652,,0.0,,
kix_Latn,11038,floor21,True,else_floor21_gate,-16.889675,-21.0,0.0,nri_Latn,0.0
kjb_Latn,37135,unmod,False,head_unmod,-18.333637,,0.0,cac_Latn,0.0
kje_Latn,17575,floor21,True,else_floor21_gate,-17.588732,-21.0,0.0,lex_Latn,-3.084938000000001
kjh_Cyrl,39529,unmod,False,head_unmod,-18.132425,,0.0,kaz_Cyrl,0.0
kjs_Latn,24469,unmod,False,head_unmod,-17.798113,,0.0,kew_Latn,0.0
kkc_Latn,14662,floor21,True,else_floor21_gate,-17.394932,-21.0,0.0,kki_Latn,0.0
kki_Latn,17827,floor21,True,else_floor21_gate,-17.227839,-21.0,0.0,ziw_Latn,0.0
kkj_Latn,17797,floor21,True,else_floor21_gate,-17.698593,-21.0,0.0,gya_Latn,-2.790579000000001
kkl_Latn,2995,floor21,True,else_floor21_gate,-16.152586,-21.0,0.0,ben_Latn,0.0
kle_Deva,6765,floor21,True,else_floor21_gate,-16.69858,-21.0,0.0,ghe_Deva,0.0
klt_Latn,3724,floor21,True,else_floor21_gate,-16.058065,-21.0,0.0,pam_Latn,-3.057452999999999
klv_Latn,21999,unmod,False,head_unmod,-17.812246,,0.0,bjn_Latn,0.0
kma_Latn,6754,floor21,True,else_floor21_gate,-16.528641,-21.0,0.0,kmy_Latn,0.0
kmb_Latn,100000,unmod,False,head_unmod,-18.600857,,0.0,,
kmd_Latn,6703,floor21,True,else_floor21_gate,-16.555006,-21.0,0.0,ksc_Latn,0.0
kmg_Latn,10497,floor21,True,else_floor21_gate,-16.994852,-21.0,0.0,mlh_Latn,-2.6686569999999996
kmh_Latn,46615,unmod,False,head_unmod,-18.631968,,0.0,wol_Latn,0.0
kmk_Latn,17725,floor21,True,else_floor21_gate,-17.473125,-21.0,0.0,bcl_Latn,-2.5538939999999997
kmm_Latn,29927,unmod,False,head_unmod,-17.982828,,0.0,hra_Latn,0.0
kmo_Latn,24242,unmod,False,head_unmod,-17.786978,,0.0,fuv_Latn,0.0
kmr_Cyrl,6748,floor21,True,else_floor21_gate,-16.678825,-21.0,0.0,tat_Cyrl,-2.012505000000001
kmr_Latn,100000,unmod,False,head_unmod,-18.729609,,0.0,,
kms_Latn,24321,unmod,False,head_unmod,-17.868082,,0.0,jav_Latn,0.0
kmu_Latn,23350,unmod,False,head_unmod,-18.048168,,0.0,kyg_Latn,0.0
kmy_Latn,11048,floor21,True,else_floor21_gate,-17.015638,-21.0,0.0,sig_Latn,0.0
knc_Arab,6113,floor21,True,else_floor21_gate,-16.847673,-21.0,0.0,arz_Arab,-1.7502630000000003
knc_Latn,9356,floor21,True,else_floor21_gate,-16.723557,-21.0,0.0,hau_Latn,-1.9948119999999996
kne_Latn,17520,floor21,True,else_floor21_gate,-17.434004,-21.0,0.0,lbk_Latn,0.0
knf_Latn,19074,unmod,False,head_unmod,-17.532454,,0.0,wol_Latn,0.0
kng_Latn,100000,unmod,False,head_unmod,-18.500992,,0.0,,
knj_Latn,24479,unmod,False,head_unmod,-17.991268,,0.0,kjb_Latn,0.0
knk_Latn,13427,floor21,True,else_floor21_gate,-17.097824,-21.0,0.0,bam_Latn,-3.71903
kno_Latn,13390,floor21,True,else_floor21_gate,-17.373871,-21.0,0.0,knk_Latn,0.0
knv_Latn,54786,unmod,False,head_unmod,-19.099239,,0.0,chw_Latn,0.0
knx_Latn,351,floor21,True,else_floor21_gate,-13.671185,-21.0,0.0,hoc_Latn,0.0
kny_Latn,3507,floor21,True,else_floor21_gate,-15.308124,-21.0,0.0,rnd_Latn,-3.9132399999999983
kog_Latn,17787,floor21,True,else_floor21_gate,-17.89562,-21.0,0.0,agr_Latn,-2.8423690000000015
koi_Cyrl,13537,floor21,True,else_floor21_gate,-17.007097,-21.0,0.0,kpv_Cyrl,-2.8554570000000012
koo_Latn,100000,unmod,False,head_unmod,-18.539701,,0.0,,
kor_Hang,100000,unmod,False,head_unmod,-19.932438,,0.0,,
kos_Latn,72165,unmod,False,head_unmod,-18.404118,,0.0,sun_Latn,0.0
kpe_Latn,78345,unmod,False,head_unmod,-19.068623,,0.0,gaa_Latn,0.0
kpf_Latn,35264,unmod,False,head_unmod,-18.172764,,0.0,bim_Latn,0.0
kpg_Latn,66707,unmod,False,head_unmod,-18.876028,,0.0,wal_Latn,0.0
kpj_Latn,17134,floor21,True,else_floor21_gate,-17.509117,-21.0,0.0,skg_Latn,-3.223001
kpq_Latn,6764,floor21,True,else_floor21_gate,-16.573837,-21.0,0.0,nlc_Latn,0.0
kpr_Latn,27728,unmod,False,head_unmod,-18.216297,,0.0,nou_Latn,0.0
kpv_Cyrl,37519,unmod,False,head_unmod,-18.144543,,0.0,mhr_Cyrl,0.0
kpw_Latn,23907,unmod,False,head_unmod,-17.993938,,0.0,kmh_Latn,0.0
kpx_Latn,24157,unmod,False,head_unmod,-17.824795,,0.0,meu_Latn,0.0
kpz_Latn,13549,floor21,True,else_floor21_gate,-17.177618,-21.0,0.0,ach_Latn,-3.12838
kqa_Latn,889,floor21,True,else_floor21_gate,-14.812432,-21.0,0.0,swb_Latn,0.0
kqc_Latn,22286,unmod,False,head_unmod,-17.548023,,0.0,kin_Latn,0.0
kqe_Latn,17772,floor21,True,else_floor21_gate,-17.511314,-21.0,0.0,fil_Latn,-2.077686
kqf_Latn,4591,floor21,True,else_floor21_gate,-16.092072,-21.0,0.0,dww_Latn,-2.9409579999999984
kql_Latn,1133,floor21,True,else_floor21_gate,-14.912645,-21.0,0.0,avk_Latn,0.0
kqn_Latn,100000,unmod,False,head_unmod,-18.45536,,0.0,,
kqo_Latn,11062,floor21,True,else_floor21_gate,-17.459949,-21.0,0.0,mad_Latn,-2.2479520000000015
kqp_Latn,17793,floor21,True,else_floor21_gate,-17.543776,-21.0,0.0,bam_Latn,-3.71903
kqs_Latn,11046,floor21,True,else_floor21_gate,-16.971361,-21.0,0.0,bam_Latn,-3.71903
kqw_Latn,13948,floor21,True,else_floor21_gate,-17.170019,-21.0,0.0,rai_Latn,-3.179323
kqy_Ethi,13330,floor21,True,else_floor21_gate,-17.362869,-21.0,0.0,kxc_Ethi,0.0
krc_Cyrl,23418,unmod,False,head_unmod,-17.715975,,0.0,crh_Cyrl,0.0
kri_Latn,100000,unmod,False,head_unmod,-18.66111,,0.0,,
krj_Latn,17825,floor21,True,else_floor21_gate,-17.421108,-21.0,0.0,hil_Latn,-2.6143210000000003
krl_Latn,9341,floor21,True,else_floor21_gate,-16.819122,-21.0,0.0,fin_Latn,-1.7218000000000018
kru_Deva,17760,floor21,True,else_floor21_gate,-17.690876,-21.0,0.0,awa_Deva,-3.3560979999999994
krx_Latn,970,floor21,True,else_floor21_gate,-14.666393,-21.0,0.0,vmk_Latn,0.0
ksb_Latn,11038,floor21,True,else_floor21_gate,-16.764793,-21.0,0.0,ziw_Latn,0.0
ksc_Latn,10977,floor21,True,else_floor21_gate,-17.010839,-21.0,0.0,ebk_Latn,0.0
ksd_Latn,59612,unmod,False,head_unmod,-18.549444,,0.0,sun_Latn,0.0
ksf_Latn,11299,floor21,True,else_floor21_gate,-17.252708,-21.0,0.0,xuo_Latn,0.0
ksh_Latn,11430,floor21,True,else_floor21_gate,-16.695745,-21.0,0.0,gsw_Latn,-1.9862479999999998
ksj_Latn,10732,floor21,True,else_floor21_gate,-17.023865,-21.0,0.0,snc_Latn,-3.0384770000000003
ksp_Latn,8240,floor21,True,else_floor21_gate,-16.64856,-21.0,0.0,gvl_Latn,0.0
ksr_Latn,27341,unmod,False,head_unmod,-18.21282,,0.0,mlh_Latn,0.0
kss_Latn,100000,unmod,False,head_unmod,-18.95191,,0.0,,
ksw_Mymr,100000,unmod,False,head_unmod,-19.159115,,0.0,,
ktb_Ethi,13238,floor21,True,else_floor21_gate,-17.292599,-21.0,0.0,amh_Ethi,-1.6394079999999995
ktj_Latn,17646,floor21,True,else_floor21_gate,-17.897896,-21.0,0.0,wob_Latn,0.0
ktm_Latn,6181,floor21,True,else_floor21_gate,-16.459196,-21.0,0.0,jav_Latn,-1.835878000000001
kto_Latn,30763,unmod,False,head_unmod,-18.275906,,0.0,pam_Latn,0.0
ktu_Latn,21343,unmod,False,head_unmod,-17.172462,,0.0,kng_Latn,0.0
ktz_Latn,357,floor21,True,else_floor21_gate,-14.29678,-21.0,0.0,hoc_Latn,0.0
kua_Latn,100000,unmod,False,head_unmod,-18.558367,,0.0,,
kub_Latn,17771,floor21,True,else_floor21_gate,-17.697582,-21.0,0.0,urd_Latn,-2.5813029999999983
kud_Latn,31123,unmod,False,head_unmod,-18.004448,,0.0,kij_Latn,0.0
kue_Latn,24594,unmod,False,head_unmod,-17.838224,,0.0,kck_Latn,0.0
kuj_Latn,11061,floor21,True,else_floor21_gate,-17.048641,-21.0,0.0,nyo_Latn,0.0
kum_Cyrl,13281,floor21,True,else_floor21_gate,-17.1945,-21.0,0.0,krc_Cyrl,-3.2840249999999997
kup_Latn,23283,unmod,False,head_unmod,-18.145258,,0.0,bre_Latn,0.0
kus_Latn,13488,floor21,True,else_floor21_gate,-16.99539,-21.0,0.0,hag_Latn,0.0
kvg_Latn,11146,floor21,True,else_floor21_gate,-17.366924,-21.0,0.0,crh_Latn,0.0
kvj_Latn,11057,floor21,True,else_floor21_gate,-17.008413,-21.0,0.0,bcw_Latn,0.0
kvn_Latn,17773,floor21,True,else_floor21_gate,-17.73497,-21.0,0.0,cuk_Latn,-2.6377719999999982
kwd_Latn,17670,floor21,True,else_floor21_gate,-17.638094,-21.0,0.0,kwf_Latn,-3.315670000000001
kwf_Latn,18620,unmod,False,head_unmod,-17.68433,,0.0,mak_Latn,0.0
kwi_Latn,17740,floor21,True,else_floor21_gate,-17.546114,-21.0,0.0,rnd_Latn,-3.9132399999999983
kwj_Latn,24528,unmod,False,head_unmod,-17.958031,,0.0,swh_Latn,0.0
kwn_Latn,100000,unmod,False,head_unmod,-18.501776,,0.0,,
kwy_Latn,100000,unmod,False,head_unmod,-18.469271,,0.0,,
kxc_Ethi,13467,floor21,True,else_floor21_gate,-17.433395,-21.0,0.0,amh_Ethi,-1.6394079999999995
kxm_Thai,13492,floor21,True,else_floor21_gate,-17.440647,-21.0,0.0,tha_Thai,-1.4429470000000002
kxw_Latn,11040,floor21,True,else_floor21_gate,-17.194036,-21.0,0.0,bam_Latn,-3.71903
kyc_Latn,27920,unmod,False,head_unmod,-17.954729,,0.0,swh_Latn,0.0
kyf_Latn,17627,floor21,True,else_floor21_gate,-17.615856,-21.0,0.0,ktj_Latn,0.0
kyg_Latn,27081,unmod,False,head_unmod,-18.172243,,0.0,kbq_Latn,0.0
kyq_Latn,24514,unmod,False,head_unmod,-18.010469,,0.0,fuv_Latn,0.0
kyu_Kali,4280,floor21,True,else_floor21_gate,-16.74177,-21.0,0.0,,
kyu_Latn,4306,floor21,True,else_floor21_gate,-16.583624,-21.0,0.0,frp_Latn,0.0
kyu_Mymr,13476,floor21,True,else_floor21_gate,-17.792656,-21.0,0.0,ksw_Mymr,-1.840885
kyz_Latn,16966,floor21,True,else_floor21_gate,-17.993538,-21.0,0.0,pah_Latn,0.0
kze_Latn,24039,unmod,False,head_unmod,-18.044432,,0.0,usa_Latn,0.0
kzf_Latn,12488,floor21,True,else_floor21_gate,-17.129377,-21.0,0.0,lew_Latn,0.0
kzj_Latn,4996,floor21,True,else_floor21_gate,-15.224924,-21.0,0.0,dtp_Latn,-2.359508999999999
kzn_Latn,2125,floor21,True,else_floor21_gate,-14.900265,-21.0,0.0,llb_Latn,-3.8483920000000005
lac_Latn,17753,floor21,True,else_floor21_gate,-17.898335,-21.0,0.0,mop_Latn,-3.237950999999999
lad_Hebr,171,floor21,True,else_floor21_gate,-13.402001,-21.0,0.0,ydd_Hebr,-2.7283040000000014
lad_Latn,10070,floor21,True,else_floor21_gate,-16.625565,-21.0,0.0,spa_Latn,-2.025041999999999
lai_Latn,11021,floor21,True,else_floor21_gate,-16.936985,-21.0,0.0,nyy_Latn,-2.3621830000000017
laj_Latn,22156,unmod,False,head_unmod,-17.453024,,0.0,ach_Latn,0.0
lam_Latn,43564,unmod,False,head_unmod,-18.015272,,0.0,bem_Latn,0.0
lao_Laoo,33981,unmod,False,head_unmod,-18.630404,,0.0,,
lap_Latn,4299,floor21,True,else_floor21_gate,-15.921592,-21.0,0.0,frp_Latn,0.0
las_Latn,6746,floor21,True,else_floor21_gate,-16.543777,-21.0,0.0,lam_Latn,-2.9847280000000005
lat_Latn,100000,unmod,False,head_unmod,-18.862997,,0.0,,
law_Latn,6540,floor21,True,else_floor21_gate,-16.988705,-21.0,0.0,loe_Latn,0.0
lbb_Latn,1700,floor21,True,else_floor21_gate,-15.102415,-21.0,0.0,kqw_Latn,0.0
lbe_Cyrl,182,floor21,True,else_floor21_gate,-13.515779,-21.0,0.0,lez_Cyrl,0.0
lbj_Tibt,10380,floor21,True,else_floor21_gate,-17.396332,-21.0,0.0,dzo_Tibt,0.0
lbk_Latn,17600,floor21,True,else_floor21_gate,-17.445498,-21.0,0.0,ebk_Latn,0.0
lcm_Latn,27324,unmod,False,head_unmod,-17.846153,,0.0,bjn_Latn,0.0
lcp_Thai,4281,floor21,True,else_floor21_gate,-16.42593,-21.0,0.0,tha_Thai,-1.4429470000000002
ldi_Latn,51424,unmod,False,head_unmod,-17.910028,,0.0,yom_Latn,0.0
ldn_Latn,106,floor21,True,else_floor21_gate,-13.215727,-21.0,0.0,bor_Latn,0.0
lea_Latn,3217,floor21,True,else_floor21_gate,-15.082244,-21.0,0.0,lgm_Latn,0.0
led_Latn,3688,floor21,True,else_floor21_gate,-15.297909,-21.0,0.0,ben_Latn,0.0
lee_Latn,17731,floor21,True,else_floor21_gate,-17.681461,-21.0,0.0,mcp_Latn,-3.1954920000000016
lef_Latn,13442,floor21,True,else_floor21_gate,-17.265734,-21.0,0.0,bov_Latn,0.0
leh_Latn,55845,unmod,False,head_unmod,-18.365292,,0.0,toi_Latn,0.0
lem_Latn,17770,floor21,True,else_floor21_gate,-17.906685,-21.0,0.0,anv_Latn,0.0
leu_Latn,35286,unmod,False,head_unmod,-18.206123,,0.0,fur_Latn,0.0
lew_Latn,13383,floor21,True,else_floor21_gate,-17.184685,-21.0,0.0,mak_Latn,-2.5944770000000013
lex_Latn,19181,unmod,False,head_unmod,-17.915062,,0.0,mak_Latn,0.0
lez_Cyrl,337,floor21,True,else_floor21_gate,-13.777726,-21.0,0.0,sgh_Cyrl,0.0
lfn_Cyrl,5655,floor21,True,else_floor21_gate,-15.458644,-21.0,0.0,srp_Cyrl,-1.7337319999999998
lfn_Latn,12192,floor21,True,else_floor21_gate,-15.849339,-21.0,0.0,ina_Latn,-3.0031430000000015
lgg_Latn,9264,floor21,True,else_floor21_gate,-16.633018,-21.0,0.0,mhi_Latn,0.0
lgl_Latn,10951,floor21,True,else_floor21_gate,-17.07692,-21.0,0.0,kwf_Latn,-3.315670000000001
lgm_Latn,11059,floor21,True,else_floor21_gate,-16.728264,-21.0,0.0,ldi_Latn,-3.0899719999999995
lhi_Latn,10945,floor21,True,else_floor21_gate,-17.243095,-21.0,0.0,jbo_Latn,0.0
lhu_Latn,72409,unmod,False,head_unmod,-18.715643,,0.0,ahk_Latn,0.0
lia_Latn,13468,floor21,True,else_floor21_gate,-17.301336,-21.0,0.0,men_Latn,0.0
lid_Latn,27185,unmod,False,head_unmod,-18.014753,,0.0,bjn_Latn,0.0
lif_Deva,24326,unmod,False,head_unmod,-18.223732,,0.0,san_Deva,0.0
lif_Limb,10950,floor21,True,else_floor21_gate,-17.493826,-21.0,0.0,,
lij_Latn,35338,unmod,False,head_unmod,-18.26704,,0.0,lmo_Latn,0.0
lim_Latn,100000,unmod,False,head_unmod,-19.006338,,0.0,,
lin_Latn,100000,unmod,False,head_unmod,-18.615196,,0.0,,
lip_Latn,17701,floor21,True,else_floor21_gate,-17.581429,-21.0,0.0,snw_Latn,0.0
lis_Lisu,6732,floor21,True,else_floor21_gate,-16.781765,-21.0,0.0,,
lit_Latn,100000,unmod,False,head_unmod,-19.388399,,0.0,,
liv_Latn,625,floor21,True,else_floor21_gate,-14.525047,-21.0,0.0,prg_Latn,0.0
ljp_Latn,13436,floor21,True,else_floor21_gate,-17.105091,-21.0,0.0,ind_Latn,-2.069883000000001
lki_Arab,211,floor21,True,else_floor21_gate,-13.648528,-21.0,0.0,ota_Arab,0.0
llb_Latn,25228,unmod,False,head_unmod,-17.151608,,0.0,mny_Latn,0.0
lld_Latn,814,floor21,True,else_floor21_gate,-14.12952,-21.0,0.0,prg_Latn,0.0
llg_Latn,14230,floor21,True,else_floor21_gate,-17.429274,-21.0,0.0,txq_Latn,-3.2486989999999984
lln_Latn,8245,floor21,True,else_floor21_gate,-16.797668,-21.0,0.0,kia_Latn,-2.7162630000000014
lmk_Latn,17821,floor21,True,else_floor21_gate,-17.550035,-21.0,0.0,bjn_Latn,-3.302102999999999
lmo_Latn,58536,unmod,False,head_unmod,-18.601789,,0.0,vec_Latn,0.0
lmp_Latn,11043,floor21,True,else_floor21_gate,-17.18854,-21.0,0.0,jbo_Latn,0.0
lnd_Latn,25726,unmod,False,head_unmod,-17.697304,,0.0,bjn_Latn,0.0
lob_Latn,13529,floor21,True,else_floor21_gate,-17.185511,-21.0,0.0,biv_Latn,0.0
loe_Latn,6830,floor21,True,else_floor21_gate,-16.600998,-21.0,0.0,blz_Latn,0.0
log_Latn,11018,floor21,True,else_floor21_gate,-17.372412,-21.0,0.0,niy_Latn,0.0
lok_Latn,6752,floor21,True,else_floor21_gate,-16.624254,-21.0,0.0,men_Latn,0.0
lol_Latn,11060,floor21,True,else_floor21_gate,-16.810507,-21.0,0.0,nxd_Latn,0.0
lom_Latn,11043,floor21,True,else_floor21_gate,-17.116417,-21.0,0.0,tod_Latn,-3.3620240000000017
loq_Latn,7481,floor21,True,else_floor21_gate,-16.492014,-21.0,0.0,lin_Latn,-2.384803999999999
loz_Latn,100000,unmod,False,head_unmod,-18.534184,,0.0,,
lrc_Arab,168,floor21,True,else_floor21_gate,-13.579986,-21.0,0.0,lki_Arab,0.0
lsi_Latn,10998,floor21,True,else_floor21_gate,-17.439077,-21.0,0.0,mhx_Latn,0.0
lsm_Latn,13528,floor21,True,else_floor21_gate,-17.206184,-21.0,0.0,xog_Latn,-3.1188129999999994
ltg_Latn,14559,floor21,True,else_floor21_gate,-17.219849,-21.0,0.0,lvs_Latn,-1.6089020000000005
ltz_Latn,100000,unmod,False,head_unmod,-19.057537,,0.0,,
lua_Latn,100000,unmod,False,head_unmod,-18.574352,,0.0,,
lub_Latn,100000,unmod,False,head_unmod,-18.499189,,0.0,,
luc_Latn,7040,floor21,True,else_floor21_gate,-16.786633,-21.0,0.0,avu_Latn,0.0
lud_Latn,554,floor21,True,else_floor21_gate,-14.066299,-21.0,0.0,arr_Latn,0.0
lue_Latn,100000,unmod,False,head_unmod,-18.490894,,0.0,,
lug_Latn,100000,unmod,False,head_unmod,-18.870577,,0.0,,
lun_Latn,100000,unmod,False,head_unmod,-18.551331,,0.0,,
luo_Latn,100000,unmod,False,head_unmod,-18.649616,,0.0,,
lus_Latn,100000,unmod,False,head_unmod,-18.695724,,0.0,,
lvs_Latn,100000,unmod,False,head_unmod,-19.391098,,0.0,,
lwg_Latn,1392,floor21,True,else_floor21_gate,-14.413005,-21.0,0.0,kzn_Latn,0.0
lwo_Latn,17490,floor21,True,else_floor21_gate,-17.685194,-21.0,0.0,fuv_Latn,-3.190923999999999
lww_Latn,17549,floor21,True,else_floor21_gate,-17.887829,-21.0,0.0,rmy_Latn,-2.5056399999999996
lzh_Hani,97818,unmod,False,head_unmod,-18.551535,,0.0,cmn_Hani,0.0
maa_Latn,38068,unmod,False,head_unmod,-18.571672,,0.0,mau_Latn,0.0
mad_Latn,44560,unmod,False,head_unmod,-18.752048,,0.0,sun_Latn,0.0
maf_Latn,11056,floor21,True,else_floor21_gate,-16.864578,-21.0,0.0,jav_Latn,-1.835878000000001
mag_Deva,12847,floor21,True,else_floor21_gate,-17.250633,-21.0,0.0,bho_Deva,-2.3372610000000016
mah_Latn,100000,unmod,False,head_unmod,-18.80315,,0.0,,
mai_Deva,43579,unmod,False,head_unmod,-18.586281,,0.0,bho_Deva,0.0
maj_Latn,17827,floor21,True,else_floor21_gate,-17.590452,-21.0,0.0,vmy_Latn,0.0
mak_Latn,26049,unmod,False,head_unmod,-18.405523,,0.0,bjn_Latn,0.0
mal_Latn,10693,floor21,True,else_floor21_gate,-16.87159,-21.0,0.0,san_Latn,-2.6011050000000004
mal_Mlym,100000,unmod,False,head_unmod,-19.578014,,0.0,,
mam_Latn,100000,unmod,False,head_unmod,-19.059172,,0.0,,
maq_Latn,17793,floor21,True,else_floor21_gate,-17.690588,-21.0,0.0,vmy_Latn,0.0
mar_Deva,100000,unmod,False,head_unmod,-18.931805,,0.0,,
mar_Latn,3924,floor21,True,else_floor21_gate,-15.545822,-21.0,0.0,pan_Latn,0.0
mas_Latn,31948,unmod,False,head_unmod,-17.973068,,0.0,teo_Latn,0.0
mau_Latn,100000,unmod,False,head_unmod,-18.810329,,0.0,,
mav_Latn,23723,unmod,False,head_unmod,-18.332582,,0.0,por_Latn,0.0
maw_Latn,17707,floor21,True,else_floor21_gate,-17.550529,-21.0,0.0,bam_Latn,-3.71903
max_Latn,333,floor21,True,else_floor21_gate,-13.381597,-21.0,0.0,hoc_Latn,0.0
maz_Latn,17588,floor21,True,else_floor21_gate,-17.773745,-21.0,0.0,ote_Latn,-2.6183510000000005
mbb_Latn,55597,unmod,False,head_unmod,-18.745111,,0.0,zsm_Latn,0.0
mbc_Latn,25471,unmod,False,head_unmod,-18.144152,,0.0,diq_Latn,0.0
mbd_Latn,10885,floor21,True,else_floor21_gate,-17.134562,-21.0,0.0,msm_Latn,0.0
mbf_Latn,6748,floor21,True,else_floor21_gate,-16.360407,-21.0,0.0,ind_Latn,-2.069883000000001
mbh_Latn,24424,unmod,False,head_unmod,-17.927088,,0.0,lcm_Latn,0.0
mbi_Latn,11002,floor21,True,else_floor21_gate,-17.228642,-21.0,0.0,mbb_Latn,-2.2548889999999986
mbj_Latn,17676,floor21,True,else_floor21_gate,-17.755438,-21.0,0.0,bar_Latn,-1.853117000000001
mbl_Latn,17712,floor21,True,else_floor21_gate,-17.644623,-21.0,0.0,gom_Latn,-2.42296
mbs_Latn,18964,unmod,False,head_unmod,-17.561293,,0.0,mbb_Latn,0.0
mbt_Latn,17750,floor21,True,else_floor21_gate,-17.465591,-21.0,0.0,mbb_Latn,-2.2548889999999986
mca_Latn,24591,unmod,False,head_unmod,-18.159822,,0.0,mam_Latn,0.0
mcb_Latn,17596,floor21,True,else_floor21_gate,-17.719109,-21.0,0.0,cpu_Latn,0.0
mcd_Latn,26561,unmod,False,head_unmod,-18.125811,,0.0,shp_Latn,0.0
mcf_Latn,17567,floor21,True,else_floor21_gate,-17.789639,-21.0,0.0,arg_Latn,-3.4299409999999995
mck_Latn,100000,unmod,False,head_unmod,-18.669468,,0.0,,
mcn_Latn,30781,unmod,False,head_unmod,-17.898783,,0.0,giz_Latn,0.0
mco_Latn,100000,unmod,False,head_unmod,-18.90204,,0.0,,
mcp_Latn,22044,unmod,False,head_unmod,-17.804508,,0.0,kpe_Latn,0.0
mcq_Latn,31265,unmod,False,head_unmod,-18.078024,,0.0,sna_Latn,0.0
mcu_Latn,13492,floor21,True,else_floor21_gate,-17.438303,-21.0,0.0,vut_Latn,0.0
mda_Latn,17774,floor21,True,else_floor21_gate,-17.756895,-21.0,0.0,bam_Latn,-3.71903
mdf_Cyrl,16365,floor21,True,else_floor21_gate,-17.26664,-21.0,0.0,myv_Cyrl,-2.61055
mdy_Ethi,67085,unmod,False,head_unmod,-19.085844,,0.0,tir_Ethi,0.0
med_Latn,23245,unmod,False,head_unmod,-18.026495,,0.0,nii_Latn,0.0
mee_Latn,24514,unmod,False,head_unmod,-17.977219,,0.0,mak_Latn,0.0
mej_Latn,13341,floor21,True,else_floor21_gate,-17.478598,-21.0,0.0,bjn_Latn,-3.302102999999999
mek_Latn,24096,unmod,False,head_unmod,-18.021427,,0.0,smo_Latn,0.0
men_Latn,16422,floor21,True,else_floor21_gate,-17.275936,-21.0,0.0,ada_Latn,-2.4083520000000007
meq_Latn,17804,floor21,True,else_floor21_gate,-17.660189,-21.0,0.0,xed_Latn,0.0
mer_Latn,3326,floor21,True,else_floor21_gate,-15.326262,-21.0,0.0,kik_Latn,-2.1328449999999997
met_Latn,6728,floor21,True,else_floor21_gate,-16.4543,-21.0,0.0,bjn_Latn,-3.302102999999999
meu_Latn,100000,unmod,False,head_unmod,-18.801832,,0.0,,
mev_Latn,277,floor21,True,else_floor21_gate,-13.539826,-21.0,0.0,max_Latn,0.0
mfe_Latn,100000,unmod,False,head_unmod,-18.566271,,0.0,,
mfg_Latn,1598,floor21,True,else_floor21_gate,-15.054447,-21.0,0.0,knk_Latn,0.0
mfh_Latn,13516,floor21,True,else_floor21_gate,-17.353111,-21.0,0.0,mfk_Latn,0.0
mfi_Latn,17796,floor21,True,else_floor21_gate,-17.705095,-21.0,0.0,hau_Latn,-1.9948119999999996
mfk_Latn,17787,floor21,True,else_floor21_gate,-17.495909,-21.0,0.0,meq_Latn,0.0
mfq_Latn,21554,unmod,False,head_unmod,-17.709753,,0.0,gux_Latn,0.0
mfy_Latn,19912,unmod,False,head_unmod,-17.634237,,0.0,tar_Latn,0.0
mfz_Latn,13402,floor21,True,else_floor21_gate,-17.373068,-21.0,0.0,bam_Latn,-3.71903
mgc_Latn,5026,floor21,True,else_floor21_gate,-16.099304,-21.0,0.0,bex_Latn,-3.2223380000000006
mgh_Latn,78930,unmod,False,head_unmod,-18.524113,,0.0,vmw_Latn,0.0
mgm_Latn,179,floor21,True,else_floor21_gate,-13.467534,-21.0,0.0,tzl_Latn,0.0
mgo_Latn,11133,floor21,True,else_floor21_gate,-17.176252,-21.0,0.0,bfd_Latn,0.0
mgr_Latn,100000,unmod,False,head_unmod,-18.633526,,0.0,,
mhi_Latn,13542,floor21,True,else_floor21_gate,-17.029619,-21.0,0.0,hay_Latn,0.0
mhl_Latn,17037,floor21,True,else_floor21_gate,-17.542984,-21.0,0.0,mas_Latn,-3.0269319999999986
mhr_Cyrl,100000,unmod,False,head_unmod,-18.763117,,0.0,,
mhw_Latn,524,floor21,True,else_floor21_gate,-13.820023,-21.0,0.0,arr_Latn,0.0
mhx_Latn,17532,floor21,True,else_floor21_gate,-17.826286,-21.0,0.0,hau_Latn,-1.9948119999999996
mhy_Latn,13427,floor21,True,else_floor21_gate,-17.096712,-21.0,0.0,bjn_Latn,-3.302102999999999
mib_Latn,24577,unmod,False,head_unmod,-17.908701,,0.0,mwl_Latn,0.0
mic_Latn,17716,floor21,True,else_floor21_gate,-17.800358,-21.0,0.0,vls_Latn,-3.370118999999999
mie_Latn,17822,floor21,True,else_floor21_gate,-17.59918,-21.0,0.0,mib_Latn,-3.0912989999999994
mif_Latn,17711,floor21,True,else_floor21_gate,-17.660349,-21.0,0.0,mfk_Latn,0.0
mig_Latn,17825,floor21,True,else_floor21_gate,-17.508783,-21.0,0.0,mxb_Latn,0.0
mih_Latn,17758,floor21,True,else_floor21_gate,-17.452757,-21.0,0.0,mza_Latn,0.0
mil_Latn,17720,floor21,True,else_floor21_gate,-17.944279,-21.0,0.0,mib_Latn,-3.0912989999999994
mim_Latn,6759,floor21,True,else_floor21_gate,-16.901297,-21.0,0.0,mxb_Latn,0.0
min_Arab,847,floor21,True,else_floor21_gate,-14.832381,-21.0,0.0,bjn_Arab,0.0
min_Latn,100000,unmod,False,head_unmod,-19.061642,,0.0,,
mio_Latn,17742,floor21,True,else_floor21_gate,-17.466797,-21.0,0.0,mih_Latn,0.0
mip_Latn,6764,floor21,True,else_floor21_gate,-16.367056,-21.0,0.0,xtd_Latn,0.0
miq_Latn,86132,unmod,False,head_unmod,-18.759514,,0.0,jav_Latn,0.0
mir_Latn,16801,floor21,True,else_floor21_gate,-17.908131,-21.0,0.0,mxp_Latn,0.0
mit_Latn,17430,floor21,True,else_floor21_gate,-17.770412,-21.0,0.0,mil_Latn,0.0
miy_Latn,17828,floor21,True,else_floor21_gate,-17.793783,-21.0,0.0,mxv_Latn,-2.2336600000000004
miz_Latn,17822,floor21,True,else_floor21_gate,-17.671061,-21.0,0.0,mxv_Latn,-2.2336600000000004
mjc_Latn,17745,floor21,True,else_floor21_gate,-17.55311,-21.0,0.0,mih_Latn,0.0
mjw_Latn,11088,floor21,True,else_floor21_gate,-16.98377,-21.0,0.0,jav_Latn,-1.835878000000001
mkd_Cyrl,100000,unmod,False,head_unmod,-19.252594,,0.0,,
mkl_Latn,17702,floor21,True,else_floor21_gate,-17.531437,-21.0,0.0,soy_Latn,0.0
mkn_Latn,18360,unmod,False,head_unmod,-17.623777,,0.0,bjn_Latn,0.0
mks_Latn,17827,floor21,True,else_floor21_gate,-17.724243,-21.0,0.0,mxv_Latn,-2.2336600000000004
mkz_Latn,1446,floor21,True,else_floor21_gate,-14.465457,-21.0,0.0,zdj_Latn,0.0
mlh_Latn,31269,unmod,False,head_unmod,-18.331343,,0.0,luo_Latn,0.0
mlp_Latn,24038,unmod,False,head_unmod,-18.080391,,0.0,bjn_Latn,0.0
mlt_Latn,100000,unmod,False,head_unmod,-19.456818,,0.0,,
mlu_Latn,815,floor21,True,else_floor21_gate,-14.173932,-21.0,0.0,ddg_Latn,0.0
mmn_Latn,11023,floor21,True,else_floor21_gate,-17.085188,-21.0,0.0,bcl_Latn,-2.5538939999999997
mmo_Latn,24576,unmod,False,head_unmod,-17.992556,,0.0,bjn_Latn,0.0
mmx_Latn,28734,unmod,False,head_unmod,-18.038097,,0.0,sun_Latn,0.0
mna_Latn,33077,unmod,False,head_unmod,-18.183889,,0.0,tuc_Latn,0.0
mnb_Latn,13514,floor21,True,else_floor21_gate,-17.202784,-21.0,0.0,hvn_Latn,0.0
mnf_Latn,13467,floor21,True,else_floor21_gate,-17.378771,-21.0,0.0,bfd_Latn,0.0
mni_Beng,41766,unmod,False,head_unmod,-18.803837,,0.0,ben_Beng,0.0
mni_Latn,889,floor21,True,else_floor21_gate,-14.381562,-21.0,0.0,prg_Latn,0.0
mni_Mtei,3424,floor21,True,else_floor21_gate,-16.287693,-21.0,0.0,,
mnk_Latn,13537,floor21,True,else_floor21_gate,-17.12491,-21.0,0.0,bam_Latn,-3.71903
mns_Cyrl,971,floor21,True,else_floor21_gate,-14.77984,-21.0,0.0,rue_Cyrl,0.0
mnw_Mymr,291,floor21,True,else_floor21_gate,-14.396031,-21.0,0.0,blk_Mymr,-2.328237999999999
mnx_Latn,6272,floor21,True,else_floor21_gate,-16.981642,-21.0,0.0,lad_Latn,0.0
mny_Latn,41872,unmod,False,head_unmod,-17.639908,,0.0,chw_Latn,0.0
moa_Latn,17800,floor21,True,else_floor21_gate,-17.912001,-21.0,0.0,dnj_Latn,-2.8782560000000004
moc_Latn,18050,unmod,False,head_unmod,-17.742708,,0.0,tob_Latn,0.0
mog_Latn,13436,floor21,True,else_floor21_gate,-17.347366,-21.0,0.0,bjn_Latn,-3.302102999999999
moh_Latn,1569,floor21,True,else_floor21_gate,-15.234309,-21.0,0.0,ben_Latn,0.0
mop_Latn,18531,unmod,False,head_unmod,-17.762049,,0.0,yua_Latn,0.0
mor_Latn,13526,floor21,True,else_floor21_gate,-17.27862,-21.0,0.0,ile_Latn,0.0
mos_Latn,100000,unmod,False,head_unmod,-18.811268,,0.0,,
mox_Latn,30851,unmod,False,head_unmod,-18.210897,,0.0,dob_Latn,0.0
mpg_Latn,17806,floor21,True,else_floor21_gate,-17.361027,-21.0,0.0,bam_Latn,-3.71903
mph_Latn,1016,floor21,True,else_floor21_gate,-15.130685,-21.0,0.0,wmt_Latn,0.0
mpm_Latn,17709,floor21,True,else_floor21_gate,-17.645893,-21.0,0.0,xtn_Latn,-3.2393189999999983
mpp_Latn,13388,floor21,True,else_floor21_gate,-17.292664,-21.0,0.0,ded_Latn,-2.841591000000001
mps_Latn,62082,unmod,False,head_unmod,-19.074568,,0.0,rmy_Latn,0.0
mpt_Latn,30449,unmod,False,head_unmod,-18.314804,,0.0,mas_Latn,0.0
mpx_Latn,28162,unmod,False,head_unmod,-17.924702,,0.0,tte_Latn,0.0
mqb_Latn,17749,floor21,True,else_floor21_gate,-17.653326,-21.0,0.0,mfk_Latn,0.0
mqj_Latn,24541,unmod,False,head_unmod,-17.717997,,0.0,mak_Latn,0.0
mqy_Latn,11063,floor21,True,else_floor21_gate,-16.926994,-21.0,0.0,jav_Latn,-1.835878000000001
mrg_Latn,9720,floor21,True,else_floor21_gate,-17.006142,-21.0,0.0,adi_Latn,-3.0392210000000013
mri_Latn,73030,unmod,False,head_unmod,-18.732868,,0.0,rar_Latn,0.0
mrj_Cyrl,32843,unmod,False,head_unmod,-17.69486,,0.0,mhr_Cyrl,0.0
mrq_Latn,827,floor21,True,else_floor21_gate,-14.10239,-21.0,0.0,tah_Latn,-2.487665
mrv_Latn,137,floor21,True,else_floor21_gate,-13.366695,-21.0,0.0,bor_Latn,0.0
mrw_Latn,32855,unmod,False,head_unmod,-18.07769,,0.0,pag_Latn,0.0
msb_Latn,17760,floor21,True,else_floor21_gate,-17.326801,-21.0,0.0,bcl_Latn,-2.5538939999999997
msc_Latn,4006,floor21,True,else_floor21_gate,-15.892623,-21.0,0.0,bam_Latn,-3.71903
mse_Latn,11044,floor21,True,else_floor21_gate,-16.794514,-21.0,0.0,mcn_Latn,-3.1012169999999983
msk_Latn,17461,floor21,True,else_floor21_gate,-17.526894,-21.0,0.0,kqe_Latn,0.0
msm_Latn,17525,floor21,True,else_floor21_gate,-17.404118,-21.0,0.0,atd_Latn,0.0
msy_Latn,23880,unmod,False,head_unmod,-17.966915,,0.0,bjn_Latn,0.0
mta_Latn,17707,floor21,True,else_floor21_gate,-17.628075,-21.0,0.0,mbt_Latn,0.0
mtg_Latn,10910,floor21,True,else_floor21_gate,-17.580675,-21.0,0.0,nlc_Latn,0.0
mti_Latn,37906,unmod,False,head_unmod,-18.052309,,0.0,jav_Latn,0.0
mtj_Latn,13341,floor21,True,else_floor21_gate,-17.475456,-21.0,0.0,ile_Latn,0.0
mto_Latn,24568,unmod,False,head_unmod,-18.211411,,0.0,pxm_Latn,0.0
mtp_Latn,17826,floor21,True,else_floor21_gate,-17.825434,-21.0,0.0,mzh_Latn,-2.8887479999999996
mua_Latn,11045,floor21,True,else_floor21_gate,-16.890556,-21.0,0.0,kia_Latn,-2.7162630000000014
mug_Latn,30584,unmod,False,head_unmod,-17.986795,,0.0,giz_Latn,0.0
muh_Latn,17927,floor21,True,else_floor21_gate,-17.876238,-21.0,0.0,bam_Latn,-3.71903
mui_Latn,2590,floor21,True,else_floor21_gate,-16.642162,-21.0,0.0,bew_Latn,0.0
mup_Deva,6754,floor21,True,else_floor21_gate,-16.601673,-21.0,0.0,mag_Deva,0.0
mur_Latn,13305,floor21,True,else_floor21_gate,-17.248299,-21.0,0.0,bam_Latn,-3.71903
mus_Latn,406,floor21,True,else_floor21_gate,-13.600672,-21.0,0.0,arr_Latn,0.0
mux_Latn,30379,unmod,False,head_unmod,-18.531769,,0.0,ubu_Latn,0.0
muy_Latn,17784,floor21,True,else_floor21_gate,-17.71233,-21.0,0.0,meq_Latn,0.0
mva_Latn,31340,unmod,False,head_unmod,-18.15411,,0.0,sun_Latn,0.0
mvn_Latn,17532,floor21,True,else_floor21_gate,-17.736336,-21.0,0.0,tbo_Latn,-3.2491149999999998
mvp_Latn,13386,floor21,True,else_floor21_gate,-17.11726,-21.0,0.0,mqj_Latn,-3.2820029999999996
mwc_Latn,5701,floor21,True,else_floor21_gate,-16.193247,-21.0,0.0,wed_Latn,0.0
mwf_Latn,268,floor21,True,else_floor21_gate,-14.230773,-21.0,0.0,aqz_Latn,0.0
mwl_Latn,29497,unmod,False,head_unmod,-17.93203,,0.0,glg_Latn,0.0
mwm_Latn,34765,unmod,False,head_unmod,-18.402266,,0.0,sba_Latn,0.0
mwn_Latn,45676,unmod,False,head_unmod,-17.677385,,0.0,mgr_Latn,0.0
mwp_Latn,4930,floor21,True,else_floor21_gate,-16.40271,-21.0,0.0,jav_Latn,-1.835878000000001
mwq_Latn,13480,floor21,True,else_floor21_gate,-17.259821,-21.0,0.0,cfm_Latn,-2.050412999999999
mwv_Latn,13480,floor21,True,else_floor21_gate,-17.179976,-21.0,0.0,bug_Latn,0.0
mww_Latn,100000,unmod,False,head_unmod,-18.77319,,0.0,,
mxb_Latn,17827,floor21,True,else_floor21_gate,-17.681934,-21.0,0.0,mxv_Latn,-2.2336600000000004
mxp_Latn,17765,floor21,True,else_floor21_gate,-17.881172,-21.0,0.0,mxq_Latn,0.0
mxq_Latn,17822,floor21,True,else_floor21_gate,-17.746532,-21.0,0.0,mco_Latn,-2.0979600000000005
mxt_Latn,17738,floor21,True,else_floor21_gate,-17.503897,-21.0,0.0,mih_Latn,0.0
mxv_Latn,100000,unmod,False,head_unmod,-18.76634,,0.0,,
mya_Mymr,100000,unmod,False,head_unmod,-19.345442,,0.0,,
myb_Latn,17794,floor21,True,else_floor21_gate,-17.453413,-21.0,0.0,vls_Latn,-3.370118999999999
myk_Latn,17969,floor21,True,else_floor21_gate,-17.616508,-21.0,0.0,bam_Latn,-3.71903
myu_Latn,17307,floor21,True,else_floor21_gate,-17.887817,-21.0,0.0,bjn_Latn,-3.302102999999999
myv_Cyrl,46588,unmod,False,head_unmod,-18.38945,,0.0,rus_Cyrl,0.0
myw_Latn,20830,unmod,False,head_unmod,-17.742155,,0.0,pag_Latn,0.0
myx_Latn,24108,unmod,False,head_unmod,-17.755346,,0.0,leh_Latn,0.0
myy_Latn,17572,floor21,True,else_floor21_gate,-17.714045,-21.0,0.0,bao_Latn,0.0
mza_Latn,17806,floor21,True,else_floor21_gate,-17.707783,-21.0,0.0,xtm_Latn,-3.199767999999999
mzh_Latn,30095,unmod,False,head_unmod,-18.111252,,0.0,vro_Latn,0.0
mzk_Latn,13518,floor21,True,else_floor21_gate,-17.266422,-21.0,0.0,wol_Latn,-2.514042
mzl_Latn,11046,floor21,True,else_floor21_gate,-17.391584,-21.0,0.0,mxq_Latn,0.0
mzm_Latn,17809,floor21,True,else_floor21_gate,-17.491001,-21.0,0.0,bam_Latn,-3.71903
mzn_Arab,25413,unmod,False,head_unmod,-17.556471,,0.0,fas_Arab,0.0
mzw_Latn,17739,floor21,True,else_floor21_gate,-17.420576,-21.0,0.0,vag_Latn,0.0
mzz_Latn,1662,floor21,True,else_floor21_gate,-15.216453,-21.0,0.0,bwd_Latn,0.0
nab_Latn,17051,floor21,True,else_floor21_gate,-18.281052,-21.0,0.0,cuc_Latn,0.0
naf_Latn,30339,unmod,False,head_unmod,-18.261372,,0.0,kpf_Latn,0.0
nah_Latn,14383,floor21,True,else_floor21_gate,-17.27706,-21.0,0.0,nhi_Latn,-3.400848
nak_Latn,24401,unmod,False,head_unmod,-18.026012,,0.0,rmy_Latn,0.0
nan_Latn,41646,unmod,False,head_unmod,-18.144865,,0.0,sco_Latn,0.0
nap_Latn,26109,unmod,False,head_unmod,-17.651451,,0.0,ita_Latn,0.0
naq_Latn,92558,unmod,False,head_unmod,-18.771753,,0.0,ron_Latn,0.0
nas_Latn,24606,unmod,False,head_unmod,-17.986658,,0.0,mak_Latn,0.0
nav_Latn,81124,unmod,False,head_unmod,-19.035158,,0.0,sco_Latn,0.0
naw_Latn,17827,floor21,True,else_floor21_gate,-17.546942,-21.0,0.0,xsm_Latn,-3.013425999999999
nba_Latn,100000,unmod,False,head_unmod,-18.472231,,0.0,,
nbc_Latn,10982,floor21,True,else_floor21_gate,-16.862131,-21.0,0.0,nph_Latn,0.0
nbe_Latn,11062,floor21,True,else_floor21_gate,-16.906702,-21.0,0.0,jav_Latn,-1.835878000000001
nbl_Latn,100000,unmod,False,head_unmod,-18.641697,,0.0,,
nbq_Latn,3157,floor21,True,else_floor21_gate,-16.060347,-21.0,0.0,dnw_Latn,0.0
nbu_Latn,30552,unmod,False,head_unmod,-18.02268,,0.0,pck_Latn,0.0
nca_Latn,24465,unmod,False,head_unmod,-17.863176,,0.0,rwo_Latn,0.0
nch_Latn,100000,unmod,False,head_unmod,-18.59623,,0.0,,
ncj_Latn,100000,unmod,False,head_unmod,-18.582277,,0.0,,
ncl_Latn,17768,floor21,True,else_floor21_gate,-17.828796,-21.0,0.0,azz_Latn,0.0
ncq_Laoo,4269,floor21,True,else_floor21_gate,-16.466597,-21.0,0.0,lao_Laoo,-2.3695960000000014
nct_Latn,11027,floor21,True,else_floor21_gate,-16.898602,-21.0,0.0,aim_Latn,0.0
ncu_Latn,17218,floor21,True,else_floor21_gate,-17.73918,-21.0,0.0,dua_Latn,-3.297884
ncx_Latn,100000,unmod,False,head_unmod,-18.390837,,0.0,,
ndc_Latn,100000,unmod,False,head_unmod,-18.647385,,0.0,,
nde_Latn,100000,unmod,False,head_unmod,-18.681803,,0.0,,
ndh_Latn,625,floor21,True,else_floor21_gate,-13.945949,-21.0,0.0,eme_Latn,0.0
ndi_Latn,11030,floor21,True,else_floor21_gate,-17.297207,-21.0,0.0,pfe_Latn,0.0
ndj_Latn,17827,floor21,True,else_floor21_gate,-17.317513,-21.0,0.0,heh_Latn,-3.6094679999999997
ndo_Latn,100000,unmod,False,head_unmod,-18.525976,,0.0,,
ndp_Latn,13523,floor21,True,else_floor21_gate,-17.031614,-21.0,0.0,mhi_Latn,0.0
nds_Latn,100000,unmod,False,head_unmod,-18.912697,,0.0,,
ndy_Latn,6763,floor21,True,else_floor21_gate,-16.413326,-21.0,0.0,knc_Latn,0.0
ndz_Latn,17783,floor21,True,else_floor21_gate,-17.768555,-21.0,0.0,yor_Latn,-1.9451560000000008
neb_Latn,13396,floor21,True,else_floor21_gate,-17.570869,-21.0,0.0,kpe_Latn,-1.9313770000000012
new_Deva,25626,unmod,False,head_unmod,-17.388943,,0.0,san_Deva,0.0
nfa_Latn,17143,floor21,True,else_floor21_gate,-17.712582,-21.0,0.0,jav_Latn,-1.835878000000001
nfr_Latn,13480,floor21,True,else_floor21_gate,-17.096079,-21.0,0.0,dyi_Latn,0.0
ngb_Latn,3303,floor21,True,else_floor21_gate,-15.210426,-21.0,0.0,sag_Latn,-2.4101430000000015
ngc_Latn,11049,floor21,True,else_floor21_gate,-16.773392,-21.0,0.0,lin_Latn,-2.384803999999999
ngl_Latn,100000,unmod,False,head_unmod,-18.521822,,0.0,,
ngp_Latn,17827,floor21,True,else_floor21_gate,-17.305391,-21.0,0.0,ziw_Latn,0.0
ngu_Latn,100000,unmod,False,head_unmod,-18.73123,,0.0,,
nhd_Latn,13486,floor21,True,else_floor21_gate,-17.198664,-21.0,0.0,gug_Latn,-2.2391450000000006
nhe_Latn,28871,unmod,False,head_unmod,-18.053354,,0.0,nch_Latn,0.0
nhg_Latn,16904,floor21,True,else_floor21_gate,-17.587761,-21.0,0.0,nhw_Latn,0.0
nhi_Latn,18600,unmod,False,head_unmod,-17.599152,,0.0,ncj_Latn,0.0
nhk_Latn,3218,floor21,True,else_floor21_gate,-15.161458,-21.0,0.0,nhx_Latn,-2.7825890000000015
nho_Latn,24502,unmod,False,head_unmod,-17.95072,,0.0,mri_Latn,0.0
nhr_Latn,17751,floor21,True,else_floor21_gate,-17.776934,-21.0,0.0,bjn_Latn,-3.302102999999999
nhu_Latn,17806,floor21,True,else_floor21_gate,-17.621712,-21.0,0.0,bam_Latn,-3.71903
nhw_Latn,17816,floor21,True,else_floor21_gate,-17.573555,-21.0,0.0,nhe_Latn,-2.946646000000001
nhx_Latn,35642,unmod,False,head_unmod,-18.217411,,0.0,ngu_Latn,0.0
nhy_Latn,17810,floor21,True,else_floor21_gate,-17.553694,-21.0,0.0,ncx_Latn,-2.609162999999999
nia_Latn,100000,unmod,False,head_unmod,-18.780529,,0.0,,
nif_Latn,10209,floor21,True,else_floor21_gate,-17.084759,-21.0,0.0,yut_Latn,-2.9933680000000003
nii_Latn,30695,unmod,False,head_unmod,-18.301008,,0.0,jav_Latn,0.0
nij_Latn,13418,floor21,True,else_floor21_gate,-17.098156,-21.0,0.0,bjn_Latn,-3.302102999999999
nim_Latn,17845,floor21,True,else_floor21_gate,-17.405718,-21.0,0.0,kam_Latn,-2.2687659999999994
nin_Latn,24556,unmod,False,head_unmod,-17.772818,,0.0,kin_Latn,0.0
nio_Cyrl,90,floor21,True,else_floor21_gate,-13.587542,-21.0,0.0,sel_Cyrl,0.0
niq_Latn,30088,unmod,False,head_unmod,-17.860744,,0.0,mas_Latn,0.0
niu_Latn,100000,unmod,False,head_unmod,-18.406122,,0.0,,
niy_Latn,11062,floor21,True,else_floor21_gate,-17.45653,-21.0,0.0,vut_Latn,0.0
njb_Latn,10983,floor21,True,else_floor21_gate,-17.100584,-21.0,0.0,bjn_Latn,-3.302102999999999
njm_Latn,30730,unmod,False,head_unmod,-17.923761,,0.0,sot_Latn,0.0
njn_Latn,29912,unmod,False,head_unmod,-17.962257,,0.0,tcz_Latn,0.0
njo_Latn,30731,unmod,False,head_unmod,-17.875658,,0.0,jav_Latn,0.0
njz_Latn,11038,floor21,True,else_floor21_gate,-17.146141,-21.0,0.0,jbo_Latn,0.0
nkf_Latn,6762,floor21,True,else_floor21_gate,-16.39966,-21.0,0.0,aim_Latn,0.0
nki_Latn,11061,floor21,True,else_floor21_gate,-16.802982,-21.0,0.0,pck_Latn,-2.9892670000000017
nko_Latn,17654,floor21,True,else_floor21_gate,-17.574152,-21.0,0.0,naw_Latn,0.0
nla_Latn,233,floor21,True,else_floor21_gate,-13.544067,-21.0,0.0,aqz_Latn,0.0
nlc_Latn,13403,floor21,True,else_floor21_gate,-17.440456,-21.0,0.0,mad_Latn,-2.2479520000000015
nld_Latn,100000,unmod,False,head_unmod,-19.222292,,0.0,,
nlg_Latn,16692,floor21,True,else_floor21_gate,-17.402336,-21.0,0.0,bnp_Latn,-2.9456670000000003
nma_Latn,11038,floor21,True,else_floor21_gate,-17.037949,-21.0,0.0,nst_Latn,-2.6724700000000006
nmf_Latn,30733,unmod,False,head_unmod,-17.937008,,0.0,tcz_Latn,0.0
nmh_Latn,11056,floor21,True,else_floor21_gate,-16.941381,-21.0,0.0,anm_Latn,-2.9407080000000008
nmo_Latn,11055,floor21,True,else_floor21_gate,-16.971823,-21.0,0.0,nmh_Latn,0.0
nmw_Latn,3113,floor21,True,else_floor21_gate,-15.73734,-21.0,0.0,mpx_Latn,-3.075298
nmz_Latn,13452,floor21,True,else_floor21_gate,-17.273016,-21.0,0.0,vag_Latn,0.0
nnb_Latn,83880,unmod,False,head_unmod,-18.769272,,0.0,koo_Latn,0.0
nng_Latn,11050,floor21,True,else_floor21_gate,-17.154612,-21.0,0.0,lmk_Latn,0.0
nnh_Latn,10903,floor21,True,else_floor21_gate,-17.270403,-21.0,0.0,ybb_Latn,0.0
nnl_Latn,29935,unmod,False,head_unmod,-17.885239,,0.0,nre_Latn,0.0
nno_Latn,100000,unmod,False,head_unmod,-18.932827,,0.0,,
nnp_Latn,11050,floor21,True,else_floor21_gate,-17.038475,-21.0,0.0,nbe_Latn,0.0
nnq_Latn,17827,floor21,True,else_floor21_gate,-17.316429,-21.0,0.0,kde_Latn,-3.3463059999999984
nnw_Latn,17675,floor21,True,else_floor21_gate,-17.780035,-21.0,0.0,xsm_Latn,-3.013425999999999
noa_Latn,35324,unmod,False,head_unmod,-18.736364,,0.0,bar_Latn,0.0
nob_Latn,100000,unmod,False,head_unmod,-19.031115,,0.0,,
nod_Thai,11038,floor21,True,else_floor21_gate,-17.459028,-21.0,0.0,tha_Thai,-1.4429470000000002
nog_Cyrl,19172,unmod,False,head_unmod,-17.515192,,0.0,crh_Cyrl,0.0
non_Latn,502,floor21,True,else_floor21_gate,-14.170449,-21.0,0.0,isl_Latn,-1.861732
nop_Latn,31774,unmod,False,head_unmod,-18.10099,,0.0,ach_Latn,0.0
not_Latn,24235,unmod,False,head_unmod,-17.952442,,0.0,cni_Latn,0.0
nou_Latn,30588,unmod,False,head_unmod,-18.082512,,0.0,jav_Latn,0.0
nov_Latn,1813,floor21,True,else_floor21_gate,-15.533905,-21.0,0.0,ile_Latn,0.0
nph_Latn,11061,floor21,True,else_floor21_gate,-16.91116,-21.0,0.0,nbe_Latn,0.0
npi_Deva,100000,unmod,False,head_unmod,-19.257318,,0.0,,
npi_Latn,359,floor21,True,else_floor21_gate,-13.980992,-21.0,0.0,ory_Latn,0.0
npl_Latn,24576,unmod,False,head_unmod,-17.743412,,0.0,ncx_Latn,0.0
npo_Latn,11061,floor21,True,else_floor21_gate,-16.983265,-21.0,0.0,yim_Latn,-3.078555999999999
npy_Latn,13254,floor21,True,else_floor21_gate,-17.193129,-21.0,0.0,lew_Latn,0.0
nqo_Nkoo,8471,floor21,True,else_floor21_gate,-17.732807,-21.0,0.0,,
nre_Latn,30002,unmod,False,head_unmod,-17.905968,,0.0,njm_Latn,0.0
nrf_Latn,6460,floor21,True,else_floor21_gate,-17.058842,-21.0,0.0,fra_Latn,-2.029236000000001
nri_Latn,11054,floor21,True,else_floor21_gate,-16.815287,-21.0,0.0,njm_Latn,-3.076239000000001
nsa_Latn,11044,floor21,True,else_floor21_gate,-16.866922,-21.0,0.0,yim_Latn,-3.078555999999999
nse_Latn,93386,unmod,False,head_unmod,-18.523872,,0.0,nya_Latn,0.0
nsm_Latn,29995,unmod,False,head_unmod,-17.966549,,0.0,xho_Latn,0.0
nsn_Latn,24366,unmod,False,head_unmod,-17.91802,,0.0,sun_Latn,0.0
nso_Latn,100000,unmod,False,head_unmod,-18.741491,,0.0,,
nss_Latn,5620,floor21,True,else_floor21_gate,-16.337196,-21.0,0.0,ktm_Latn,0.0
nst_Latn,30606,unmod,False,head_unmod,-18.32753,,0.0,vro_Latn,0.0
nsu_Latn,17790,floor21,True,else_floor21_gate,-17.481615,-21.0,0.0,npl_Latn,-3.2565880000000007
ntp_Latn,17357,floor21,True,else_floor21_gate,-17.76759,-21.0,0.0,srd_Latn,-2.7017500000000005
ntr_Latn,17764,floor21,True,else_floor21_gate,-17.580515,-21.0,0.0,gur_Latn,-2.1987510000000015
ntu_Latn,12626,floor21,True,else_floor21_gate,-17.500811,-21.0,0.0,ile_Latn,0.0
nuj_Latn,8313,floor21,True,else_floor21_gate,-16.635025,-21.0,0.0,lsm_Latn,0.0
nus_Latn,14391,floor21,True,else_floor21_gate,-17.343405,-21.0,0.0,dik_Latn,-2.754517
nuy_Latn,11270,floor21,True,else_floor21_gate,-17.492405,-21.0,0.0,bvr_Latn,0.0
nuz_Latn,1598,floor21,True,else_floor21_gate,-15.159297,-21.0,0.0,ngu_Latn,-2.26877
nvm_Latn,22498,unmod,False,head_unmod,-17.995245,,0.0,eus_Latn,0.0
nwb_Latn,13165,floor21,True,else_floor21_gate,-17.658447,-21.0,0.0,kyf_Latn,0.0
nwi_Latn,17294,floor21,True,else_floor21_gate,-17.686531,-21.0,0.0,tnk_Latn,0.0
nwx_Deva,16773,floor21,True,else_floor21_gate,-17.441467,-21.0,0.0,new_Deva,-3.611056999999999
nxd_Latn,11061,floor21,True,else_floor21_gate,-16.874235,-21.0,0.0,lin_Latn,-2.384803999999999
nya_Latn,100000,unmod,False,head_unmod,-18.650843,,0.0,,
nyf_Latn,13672,floor21,True,else_floor21_gate,-17.150051,-21.0,0.0,swh_Latn,-2.002220000000001
nyk_Latn,100000,unmod,False,head_unmod,-18.503073,,0.0,,
nyn_Latn,100000,unmod,False,head_unmod,-18.551008,,0.0,,
nyo_Latn,13528,floor21,True,else_floor21_gate,-17.0072,-21.0,0.0,ttj_Latn,-2.624110999999999
nyu_Latn,100000,unmod,False,head_unmod,-18.473366,,0.0,,
nyy_Latn,99263,unmod,False,head_unmod,-18.637817,,0.0,bem_Latn,0.0
nza_Latn,4301,floor21,True,else_floor21_gate,-16.241661,-21.0,0.0,bmv_Latn,0.0
nzi_Latn,100000,unmod,False,head_unmod,-18.677246,,0.0,,
nzm_Latn,30721,unmod,False,head_unmod,-18.107689,,0.0,sun_Latn,0.0
obo_Latn,17566,floor21,True,else_floor21_gate,-17.629196,-21.0,0.0,atd_Latn,0.0
oci_Latn,100000,unmod,False,head_unmod,-19.011343,,0.0,,
ogo_Latn,49629,unmod,False,head_unmod,-17.911001,,0.0,ada_Latn,0.0
ojb_Cans,33721,unmod,False,head_unmod,-18.573275,,0.0,,
ojb_Latn,26541,unmod,False,head_unmod,-18.241148,,0.0,fuv_Latn,0.0
oke_Latn,51037,unmod,False,head_unmod,-17.945292,,0.0,urh_Latn,0.0
oku_Latn,6760,floor21,True,else_floor21_gate,-16.565989,-21.0,0.0,nhu_Latn,0.0
okv_Latn,24041,unmod,False,head_unmod,-17.657719,,0.0,kpr_Latn,0.0
old_Latn,13531,floor21,True,else_floor21_gate,-17.068827,-21.0,0.0,vun_Latn,0.0
olo_Latn,8012,floor21,True,else_floor21_gate,-16.461252,-21.0,0.0,krl_Latn,0.0
omb_Latn,4266,floor21,True,else_floor21_gate,-16.182562,-21.0,0.0,nlg_Latn,0.0
omw_Latn,27268,unmod,False,head_unmod,-18.290979,,0.0,tbg_Latn,0.0
ong_Latn,31080,unmod,False,head_unmod,-18.1998,,0.0,jav_Latn,0.0
ons_Latn,24539,unmod,False,head_unmod,-17.990429,,0.0,mlh_Latn,0.0
ood_Latn,16954,floor21,True,else_floor21_gate,-17.663958,-21.0,0.0,gsw_Latn,-1.9862479999999998
opm_Latn,23755,unmod,False,head_unmod,-18.17584,,0.0,bjn_Latn,0.0
orv_Cyrl,27832,unmod,False,head_unmod,-17.53339,,0.0,bul_Cyrl,0.0
ory_Latn,435,floor21,True,else_floor21_gate,-13.963146,-21.0,0.0,asm_Latn,0.0
ory_Orya,100000,unmod,False,head_unmod,-19.607996,,0.0,,
oss_Cyrl,100000,unmod,False,head_unmod,-19.032125,,0.0,,
ota_Arab,674,floor21,True,else_floor21_gate,-13.787377,-21.0,0.0,acm_Arab,0.0
otd_Latn,6719,floor21,True,else_floor21_gate,-16.526588,-21.0,0.0,bjn_Latn,-3.302102999999999
ote_Latn,56504,unmod,False,head_unmod,-18.381649,,0.0,spa_Latn,0.0
otm_Latn,17662,floor21,True,else_floor21_gate,-17.657454,-21.0,0.0,ote_Latn,-2.6183510000000005
otn_Latn,17786,floor21,True,else_floor21_gate,-17.768415,-21.0,0.0,ote_Latn,-2.6183510000000005
oto_Latn,4664,floor21,True,else_floor21_gate,-15.615449,-21.0,0.0,ote_Latn,-2.6183510000000005
otq_Latn,17800,floor21,True,else_floor21_gate,-17.440126,-21.0,0.0,ote_Latn,-2.6183510000000005
ots_Latn,21473,unmod,False,head_unmod,-18.039343,,0.0,ote_Latn,0.0
otw_Latn,85,floor21,True,else_floor21_gate,-13.330602,-21.0,0.0,ldn_Latn,0.0
oym_Latn,10692,floor21,True,else_floor21_gate,-17.457165,-21.0,0.0,kyz_Latn,0.0
ozm_Latn,13451,floor21,True,else_floor21_gate,-17.593803,-21.0,0.0,bss_Latn,0.0
pab_Latn,17824,floor21,True,else_floor21_gate,-17.589117,-21.0,0.0,ter_Latn,0.0
pad_Latn,24093,unmod,False,head_unmod,-18.228113,,0.0,mcq_Latn,0.0
pag_Latn,100000,unmod,False,head_unmod,-18.582241,,0.0,,
pah_Latn,17258,floor21,True,else_floor21_gate,-17.919264,-21.0,0.0,gun_Latn,0.0
pam_Latn,34170,unmod,False,head_unmod,-17.942547,,0.0,fil_Latn,0.0
pan_Guru,100000,unmod,False,head_unmod,-19.558218,,0.0,,
pan_Latn,4064,floor21,True,else_floor21_gate,-15.834356,-21.0,0.0,guj_Latn,0.0
pao_Latn,15679,floor21,True,else_floor21_gate,-17.43165,-21.0,0.0,mny_Latn,-3.3600920000000016
pap_Latn,100000,unmod,False,head_unmod,-18.597628,,0.0,,
pau_Latn,100000,unmod,False,head_unmod,-18.60652,,0.0,,
pbb_Latn,17747,floor21,True,else_floor21_gate,-17.682201,-21.0,0.0,fur_Latn,-2.9624500000000005
pbc_Latn,13500,floor21,True,else_floor21_gate,-17.290836,-21.0,0.0,ake_Latn,0.0
pbi_Latn,13371,floor21,True,else_floor21_gate,-17.417183,-21.0,0.0,hig_Latn,0.0
pbt_Arab,80648,unmod,False,head_unmod,-19.158524,,0.0,fas_Arab,0.0
pcd_Latn,2213,floor21,True,else_floor21_gate,-14.803782,-21.0,0.0,nrf_Latn,0.0
pck_Latn,37494,unmod,False,head_unmod,-18.010733,,0.0,zom_Latn,0.0
pcm_Latn,33265,unmod,False,head_unmod,-18.195763,,0.0,wes_Latn,0.0
pdc_Latn,13498,floor21,True,else_floor21_gate,-17.139444,-21.0,0.0,bar_Latn,-1.853117000000001
pdt_Latn,100000,unmod,False,head_unmod,-18.825802,,0.0,,
pem_Latn,8343,floor21,True,else_floor21_gate,-16.03536,-21.0,0.0,lua_Latn,-2.425647999999999
pfe_Latn,15290,floor21,True,else_floor21_gate,-17.251448,-21.0,0.0,vut_Latn,0.0
pfl_Latn,8500,floor21,True,else_floor21_gate,-16.638943,-21.0,0.0,gsw_Latn,-1.9862479999999998
phm_Latn,38316,unmod,False,head_unmod,-17.485403,,0.0,nyu_Latn,0.0
pib_Latn,25109,unmod,False,head_unmod,-17.681877,,0.0,swh_Latn,0.0
pio_Latn,17469,floor21,True,else_floor21_gate,-18.007835,-21.0,0.0,tar_Latn,-3.0575660000000013
pir_Latn,17355,floor21,True,else_floor21_gate,-17.663752,-21.0,0.0,gvc_Latn,-2.9805509999999984
pis_Latn,100000,unmod,False,head_unmod,-18.546104,,0.0,,
pjt_Latn,19780,unmod,False,head_unmod,-17.979954,,0.0,wbp_Latn,0.0
pkb_Latn,13429,floor21,True,else_floor21_gate,-17.207628,-21.0,0.0,nyf_Latn,0.0
plg_Latn,15999,floor21,True,else_floor21_gate,-17.745949,-21.0,0.0,moc_Latn,-3.2572919999999996
pls_Latn,36929,unmod,False,head_unmod,-18.292463,,0.0,spa_Latn,0.0
plt_Latn,100000,unmod,False,head_unmod,-19.041254,,0.0,,
plu_Latn,22814,unmod,False,head_unmod,-18.041212,,0.0,bjn_Latn,0.0
plw_Latn,18070,unmod,False,head_unmod,-17.543753,,0.0,pam_Latn,0.0
pma_Latn,31148,unmod,False,head_unmod,-18.152931,,0.0,bre_Latn,0.0
pmf_Latn,13325,floor21,True,else_floor21_gate,-17.476774,-21.0,0.0,lew_Latn,0.0
pmq_Latn,315,floor21,True,else_floor21_gate,-14.183052,-21.0,0.0,max_Latn,0.0
pms_Latn,26149,unmod,False,head_unmod,-17.492306,,0.0,lmo_Latn,0.0
pmx_Latn,30033,unmod,False,head_unmod,-18.044975,,0.0,tcz_Latn,0.0
pnb_Arab,100000,unmod,False,head_unmod,-19.070658,,0.0,,
pne_Latn,17790,floor21,True,else_floor21_gate,-17.511404,-21.0,0.0,ban_Latn,-2.735759999999999
pnt_Grek,846,floor21,True,else_floor21_gate,-14.752656,-21.0,0.0,ell_Grek,-1.2517800000000001
pny_Latn,11061,floor21,True,else_floor21_gate,-17.267618,-21.0,0.0,bfd_Latn,0.0
poe_Latn,34622,unmod,False,head_unmod,-18.283293,,0.0,pls_Latn,0.0
poh_Latn,57259,unmod,False,head_unmod,-19.130173,,0.0,acr_Latn,0.0
poi_Latn,24578,unmod,False,head_unmod,-17.979029,,0.0,arg_Latn,0.0
pol_Latn,100000,unmod,False,head_unmod,-19.433941,,0.0,,
pon_Latn,100000,unmod,False,head_unmod,-18.694586,,0.0,,
por_Latn,100000,unmod,False,head_unmod,-19.249256,,0.0,,
pos_Latn,4298,floor21,True,else_floor21_gate,-16.168865,-21.0,0.0,ext_Latn,0.0
pot_Latn,3543,floor21,True,else_floor21_gate,-16.059576,-21.0,0.0,gos_Latn,0.0
pov_Latn,23414,unmod,False,head_unmod,-17.012184,,0.0,kea_Latn,0.0
poy_Latn,11062,floor21,True,else_floor21_gate,-16.909691,-21.0,0.0,wmw_Latn,0.0
ppk_Latn,13248,floor21,True,else_floor21_gate,-17.309254,-21.0,0.0,npy_Latn,0.0
ppo_Latn,23741,unmod,False,head_unmod,-18.07823,,0.0,mwl_Latn,0.0
pps_Latn,11062,floor21,True,else_floor21_gate,-17.060431,-21.0,0.0,pls_Latn,-2.7075369999999985
prf_Latn,17733,floor21,True,else_floor21_gate,-17.384258,-21.0,0.0,fil_Latn,-2.077686
prg_Latn,891,floor21,True,else_floor21_gate,-13.981436,-21.0,0.0,fkv_Latn,0.0
pri_Latn,16474,floor21,True,else_floor21_gate,-17.663046,-21.0,0.0,scn_Latn,-2.4046459999999996
prq_Latn,4298,floor21,True,else_floor21_gate,-16.149984,-21.0,0.0,cpc_Latn,0.0
pse_Latn,13493,floor21,True,else_floor21_gate,-17.051226,-21.0,0.0,ind_Latn,-2.069883000000001
pss_Latn,6762,floor21,True,else_floor21_gate,-16.652725,-21.0,0.0,bjn_Latn,-3.302102999999999
ptp_Latn,24490,unmod,False,head_unmod,-17.919369,,0.0,diq_Latn,0.0
ptu_Latn,17647,floor21,True,else_floor21_gate,-17.535442,-21.0,0.0,mqj_Latn,-3.2820029999999996
pua_Latn,6760,floor21,True,else_floor21_gate,-16.531576,-21.0,0.0,tsz_Latn,-2.370505999999999
pui_Latn,6760,floor21,True,else_floor21_gate,-16.60857,-21.0,0.0,ext_Latn,0.0
pwg_Latn,24474,unmod,False,head_unmod,-17.763075,,0.0,dww_Latn,0.0
pwn_Latn,561,floor21,True,else_floor21_gate,-15.092454,-21.0,0.0,szy_Latn,0.0
pww_Thai,37451,unmod,False,head_unmod,-18.650589,,0.0,tha_Thai,0.0
pxm_Latn,30440,unmod,False,head_unmod,-18.314203,,0.0,mco_Latn,0.0
qub_Latn,86392,unmod,False,head_unmod,-18.792936,,0.0,qvi_Latn,0.0
quc_Latn,100000,unmod,False,head_unmod,-19.093477,,0.0,,
quf_Latn,17558,floor21,True,else_floor21_gate,-17.56522,-21.0,0.0,quy_Latn,-2.373552
qug_Latn,100000,unmod,False,head_unmod,-18.468763,,0.0,,
quh_Latn,50801,unmod,False,head_unmod,-18.517485,,0.0,quz_Latn,0.0
qul_Latn,28854,unmod,False,head_unmod,-17.939537,,0.0,quh_Latn,0.0
qup_Latn,23884,unmod,False,head_unmod,-17.882465,,0.0,quz_Latn,0.0
qus_Latn,5732,floor21,True,else_floor21_gate,-15.713718,-21.0,0.0,ext_Latn,0.0
quw_Latn,28537,unmod,False,head_unmod,-17.43222,,0.0,qvi_Latn,0.0
quy_Latn,100000,unmod,False,head_unmod,-18.626448,,0.0,,
quz_Latn,100000,unmod,False,head_unmod,-18.562263,,0.0,,
qva_Latn,10970,floor21,True,else_floor21_gate,-16.830826,-21.0,0.0,qvn_Latn,0.0
qvc_Latn,17482,floor21,True,else_floor21_gate,-17.591736,-21.0,0.0,quf_Latn,0.0
qve_Latn,17832,floor21,True,else_floor21_gate,-17.640001,-21.0,0.0,quz_Latn,-2.4377369999999985
qvh_Latn,22988,unmod,False,head_unmod,-17.674086,,0.0,qub_Latn,0.0
qvi_Latn,100000,unmod,False,head_unmod,-18.561649,,0.0,,
qvm_Latn,16650,floor21,True,else_floor21_gate,-17.361477,-21.0,0.0,qvh_Latn,-3.325914000000001
qvn_Latn,17810,floor21,True,else_floor21_gate,-17.476244,-21.0,0.0,qub_Latn,-2.207063999999999
qvo_Latn,13361,floor21,True,else_floor21_gate,-16.920183,-21.0,0.0,qug_Latn,-2.531237000000001
qvs_Latn,17666,floor21,True,else_floor21_gate,-17.459309,-21.0,0.0,qup_Latn,-3.117535
qvw_Latn,23613,unmod,False,head_unmod,-17.755098,,0.0,qub_Latn,0.0
qvz_Latn,17523,floor21,True,else_floor21_gate,-17.419641,-21.0,0.0,quw_Latn,-3.567779999999999
qwh_Latn,17649,floor21,True,else_floor21_gate,-17.456024,-21.0,0.0,qxo_Latn,-3.2742199999999997
qxh_Latn,17446,floor21,True,else_floor21_gate,-17.410032,-21.0,0.0,qub_Latn,-2.207063999999999
qxl_Latn,10958,floor21,True,else_floor21_gate,-16.920647,-21.0,0.0,quw_Latn,-3.567779999999999
qxn_Latn,17805,floor21,True,else_floor21_gate,-17.52973,-21.0,0.0,qxo_Latn,-3.2742199999999997
qxo_Latn,23074,unmod,False,head_unmod,-17.72578,,0.0,qub_Latn,0.0
qxr_Latn,12493,floor21,True,else_floor21_gate,-16.860023,-21.0,0.0,qug_Latn,-2.531237000000001
rad_Latn,30721,unmod,False,head_unmod,-18.104872,,0.0,vie_Latn,0.0
rai_Latn,24409,unmod,False,head_unmod,-17.820677,,0.0,ksd_Latn,0.0
ram_Latn,8103,floor21,True,else_floor21_gate,-16.704062,-21.0,0.0,apn_Latn,0.0
rap_Latn,10989,floor21,True,else_floor21_gate,-17.176006,-21.0,0.0,mri_Latn,-2.267132
rar_Latn,100000,unmod,False,head_unmod,-18.497662,,0.0,,
rav_Deva,6754,floor21,True,else_floor21_gate,-16.669649,-21.0,0.0,kle_Deva,0.0
raw_Latn,6734,floor21,True,else_floor21_gate,-16.783775,-21.0,0.0,eml_Latn,-3.2126459999999994
rcf_Latn,10707,floor21,True,else_floor21_gate,-16.37879,-21.0,0.0,gcr_Latn,-3.753654000000001
rej_Latn,9098,floor21,True,else_floor21_gate,-17.14963,-21.0,0.0,bew_Latn,0.0
rel_Latn,6750,floor21,True,else_floor21_gate,-16.520622,-21.0,0.0,som_Latn,-1.677423000000001
rgu_Latn,12785,floor21,True,else_floor21_gate,-17.357397,-21.0,0.0,txq_Latn,-3.2486989999999984
rhg_Latn,3252,floor21,True,else_floor21_gate,-15.163507,-21.0,0.0,ben_Latn,0.0
ria_Latn,11043,floor21,True,else_floor21_gate,-17.016869,-21.0,0.0,dis_Latn,0.0
rim_Latn,17820,floor21,True,else_floor21_gate,-17.435949,-21.0,0.0,heh_Latn,-3.6094679999999997
rjs_Deva,6760,floor21,True,else_floor21_gate,-16.616777,-21.0,0.0,thl_Deva,0.0
rkb_Latn,17397,floor21,True,else_floor21_gate,-17.868559,-21.0,0.0,skg_Latn,-3.223001
rmc_Latn,39151,unmod,False,head_unmod,-18.244968,,0.0,rmn_Latn,0.0
rme_Latn,366,floor21,True,else_floor21_gate,-14.033171,-21.0,0.0,thv_Latn,0.0
rml_Latn,1790,floor21,True,else_floor21_gate,-15.072593,-21.0,0.0,rmc_Latn,-2.755032
rmn_Cyrl,64930,unmod,False,head_unmod,-18.313816,,0.0,mkd_Cyrl,0.0
rmn_Grek,79160,unmod,False,head_unmod,-18.855452,,0.0,ell_Grek,0.0
rmn_Latn,100000,unmod,False,head_unmod,-18.623695,,0.0,,
rmo_Latn,16689,floor21,True,else_floor21_gate,-17.356184,-21.0,0.0,rmy_Latn,-2.5056399999999996
rmq_Latn,3913,floor21,True,else_floor21_gate,-15.855713,-21.0,0.0,spa_Latn,-2.025041999999999
rmy_Cyrl,30085,unmod,False,head_unmod,-17.653063,,0.0,rmn_Cyrl,0.0
rmy_Latn,70602,unmod,False,head_unmod,-18.49436,,0.0,rmn_Latn,0.0
rnd_Latn,24508,unmod,False,head_unmod,-17.08676,,0.0,lun_Latn,0.0
rng_Latn,65043,unmod,False,head_unmod,-18.074892,,0.0,tso_Latn,0.0
rnl_Latn,21989,unmod,False,head_unmod,-17.489254,,0.0,hra_Latn,0.0
roh_Latn,30545,unmod,False,head_unmod,-17.872406,,0.0,lmo_Latn,0.0
ron_Cyrl,30637,unmod,False,head_unmod,-18.172739,,0.0,mhr_Cyrl,0.0
ron_Latn,100000,unmod,False,head_unmod,-19.191645,,0.0,,
roo_Latn,24068,unmod,False,head_unmod,-18.164412,,0.0,tbg_Latn,0.0
rop_Latn,54485,unmod,False,head_unmod,-18.704487,,0.0,tpi_Latn,0.0
row_Latn,14225,floor21,True,else_floor21_gate,-17.416052,-21.0,0.0,txq_Latn,-3.2486989999999984
rro_Latn,24580,unmod,False,head_unmod,-17.764126,,0.0,gil_Latn,0.0
rtm_Latn,8987,floor21,True,else_floor21_gate,-16.32159,-21.0,0.0,frr_Latn,0.0
rub_Latn,11018,floor21,True,else_floor21_gate,-17.226904,-21.0,0.0,nyo_Latn,0.0
rue_Cyrl,8501,floor21,True,else_floor21_gate,-16.713118,-21.0,0.0,ukr_Cyrl,-1.823834999999999
ruf_Latn,17822,floor21,True,else_floor21_gate,-17.305786,-21.0,0.0,kki_Latn,0.0
rug_Latn,30060,unmod,False,head_unmod,-18.078129,,0.0,fij_Latn,0.0
run_Latn,100000,unmod,False,head_unmod,-18.75798,,0.0,,
rup_Latn,5032,floor21,True,else_floor21_gate,-16.206472,-21.0,0.0,ron_Latn,-1.8083549999999988
rus_Cyrl,100000,unmod,False,head_unmod,-19.542179,,0.0,,
rwo_Latn,51384,unmod,False,head_unmod,-18.935089,,0.0,xho_Latn,0.0
sab_Latn,16901,floor21,True,else_floor21_gate,-17.910763,-21.0,0.0,kck_Latn,-3.5556319999999992
sag_Latn,100000,unmod,False,head_unmod,-18.589857,,0.0,,
sah_Cyrl,100000,unmod,False,head_unmod,-19.190695,,0.0,,
saj_Latn,6675,floor21,True,else_floor21_gate,-16.684221,-21.0,0.0,tby_Latn,0.0
san_Deva,100000,unmod,False,head_unmod,-18.997606,,0.0,,
san_Latn,36337,unmod,False,head_unmod,-18.398895,,0.0,lvs_Latn,0.0
sas_Latn,13444,floor21,True,else_floor21_gate,-17.182596,-21.0,0.0,ban_Latn,-2.735759999999999
sat_Latn,10932,floor21,True,else_floor21_gate,-17.157635,-21.0,0.0,jbo_Latn,0.0
sat_Olck,16858,floor21,True,else_floor21_gate,-18.177086,-21.0,0.0,,
say_Latn,693,floor21,True,else_floor21_gate,-13.974788,-21.0,0.0,prg_Latn,0.0
sba_Latn,37535,unmod,False,head_unmod,-18.346523,,0.0,kia_Latn,0.0
sbd_Latn,13463,floor21,True,else_floor21_gate,-17.276207,-21.0,0.0,bam_Latn,-3.71903
sbe_Latn,14275,floor21,True,else_floor21_gate,-17.189432,-21.0,0.0,tte_Latn,-2.9333649999999984
sbl_Latn,17703,floor21,True,else_floor21_gate,-17.601513,-21.0,0.0,xsb_Latn,0.0
sbs_Latn,271,floor21,True,else_floor21_gate,-13.526531,-21.0,0.0,max_Latn,0.0
sby_Latn,172,floor21,True,else_floor21_gate,-13.400047,-21.0,0.0,tzl_Latn,0.0
sck_Deva,6800,floor21,True,else_floor21_gate,-16.503525,-21.0,0.0,mag_Deva,0.0
scn_Latn,62189,unmod,False,head_unmod,-18.595354,,0.0,ita_Latn,0.0
sco_Latn,87458,unmod,False,head_unmod,-18.906815,,0.0,eng_Latn,0.0
sda_Latn,18554,unmod,False,head_unmod,-17.391205,,0.0,mqj_Latn,0.0
sdc_Latn,692,floor21,True,else_floor21_gate,-14.149895,-21.0,0.0,cos_Latn,0.0
sdh_Arab,100000,unmod,False,head_unmod,-19.567272,,0.0,,
sdo_Latn,643,floor21,True,else_floor21_gate,-13.880005,-21.0,0.0,eme_Latn,0.0
sdq_Latn,12828,floor21,True,else_floor21_gate,-17.750475,-21.0,0.0,bjn_Latn,-3.302102999999999
seh_Latn,100000,unmod,False,head_unmod,-18.510031,,0.0,,
sel_Cyrl,111,floor21,True,else_floor21_gate,-13.5008,-21.0,0.0,lbe_Cyrl,0.0
ses_Latn,22094,unmod,False,head_unmod,-17.492207,,0.0,fuh_Latn,0.0
sey_Latn,17722,floor21,True,else_floor21_gate,-17.574657,-21.0,0.0,zpc_Latn,0.0
sfw_Latn,8107,floor21,True,else_floor21_gate,-16.127645,-21.0,0.0,twi_Latn,-2.2780689999999986
sgb_Latn,17786,floor21,True,else_floor21_gate,-17.517918,-21.0,0.0,xsb_Latn,0.0
sgc_Latn,11896,floor21,True,else_floor21_gate,-16.769787,-21.0,0.0,niq_Latn,-3.1392559999999996
sgh_Cyrl,614,floor21,True,else_floor21_gate,-14.113507,-21.0,0.0,tkr_Cyrl,0.0
sgs_Latn,8518,floor21,True,else_floor21_gate,-16.423452,-21.0,0.0,lit_Latn,-1.6116010000000003
sgw_Ethi,13446,floor21,True,else_floor21_gate,-17.368746,-21.0,0.0,amh_Ethi,-1.6394079999999995
sgz_Latn,28351,unmod,False,head_unmod,-18.233059,,0.0,pam_Latn,0.0
shi_Latn,8865,floor21,True,else_floor21_gate,-16.761782,-21.0,0.0,kab_Latn,-2.9100530000000013
shk_Latn,6733,floor21,True,else_floor21_gate,-16.593599,-21.0,0.0,mfq_Latn,-3.290247000000001
shn_Mymr,32679,unmod,False,head_unmod,-18.784874,,0.0,mya_Mymr,0.0
shp_Latn,71688,unmod,False,head_unmod,-18.274866,,0.0,glg_Latn,0.0
shr_Latn,12550,floor21,True,else_floor21_gate,-16.481693,-21.0,0.0,cgg_Latn,-3.602449
shu_Arab,4298,floor21,True,else_floor21_gate,-16.413754,-21.0,0.0,aeb_Arab,-3.2110179999999993
sid_Latn,100000,unmod,False,head_unmod,-18.594479,,0.0,,
sig_Latn,17703,floor21,True,else_floor21_gate,-17.604864,-21.0,0.0,bib_Latn,0.0
sil_Latn,13450,floor21,True,else_floor21_gate,-17.21533,-21.0,0.0,vag_Latn,0.0
sim_Latn,24094,unmod,False,head_unmod,-17.988617,,0.0,jav_Latn,0.0
sin_Sinh,100000,unmod,False,head_unmod,-19.598587,,0.0,,
sja_Latn,22053,unmod,False,head_unmod,-17.925322,,0.0,arg_Latn,0.0
sjo_Mong,688,floor21,True,else_floor21_gate,-14.794422,-21.0,0.0,,
sju_Latn,102,floor21,True,else_floor21_gate,-13.490091,-21.0,0.0,ldn_Latn,0.0
skg_Latn,44788,unmod,False,head_unmod,-17.776999,,0.0,xmv_Latn,0.0
skr_Arab,2026,floor21,True,else_floor21_gate,-14.698008,-21.0,0.0,pnb_Arab,-1.9293419999999983
sld_Latn,13475,floor21,True,else_floor21_gate,-17.284,-21.0,0.0,nko_Latn,0.0
slk_Latn,100000,unmod,False,head_unmod,-19.435032,,0.0,,
sll_Latn,24338,unmod,False,head_unmod,-17.873865,,0.0,gvf_Latn,0.0
slv_Latn,100000,unmod,False,head_unmod,-19.298542,,0.0,,
sma_Latn,11624,floor21,True,else_floor21_gate,-17.057417,-21.0,0.0,sme_Latn,-1.9073640000000012
sme_Latn,100000,unmod,False,head_unmod,-19.092636,,0.0,,
smj_Latn,7981,floor21,True,else_floor21_gate,-16.593164,-21.0,0.0,sme_Latn,-1.9073640000000012
smk_Latn,17697,floor21,True,else_floor21_gate,-17.592394,-21.0,0.0,xsb_Latn,0.0
sml_Latn,13435,floor21,True,else_floor21_gate,-17.297583,-21.0,0.0,yka_Latn,-3.0590210000000013
smn_Latn,12132,floor21,True,else_floor21_gate,-17.084574,-21.0,0.0,sme_Latn,-1.9073640000000012
smo_Latn,100000,unmod,False,head_unmod,-18.680323,,0.0,,
sms_Latn,5951,floor21,True,else_floor21_gate,-16.533672,-21.0,0.0,smn_Latn,0.0
smt_Latn,17824,floor21,True,else_floor21_gate,-17.304983,-21.0,0.0,pck_Latn,-2.9892670000000017
sna_Latn,100000,unmod,False,head_unmod,-18.700167,,0.0,,
snc_Latn,24563,unmod,False,head_unmod,-17.961523,,0.0,meu_Latn,0.0
snd_Arab,100000,unmod,False,head_unmod,-19.42721,,0.0,,
snd_Deva,2147,floor21,True,else_floor21_gate,-15.488522,-21.0,0.0,kas_Deva,0.0
snd_Latn,4155,floor21,True,else_floor21_gate,-15.949693,-21.0,0.0,hin_Latn,-2.9049450000000014
snf_Latn,11027,floor21,True,else_floor21_gate,-17.08741,-21.0,0.0,ffm_Latn,-3.3950059999999986
snn_Latn,17690,floor21,True,else_floor21_gate,-17.753935,-21.0,0.0,sey_Latn,0.0
snp_Latn,48512,unmod,False,head_unmod,-18.661064,,0.0,loz_Latn,0.0
snw_Latn,17742,floor21,True,else_floor21_gate,-17.52953,-21.0,0.0,bam_Latn,-3.71903
sny_Latn,24185,unmod,False,head_unmod,-18.137403,,0.0,diq_Latn,0.0
soe_Latn,945,floor21,True,else_floor21_gate,-14.242517,-21.0,0.0,tll_Latn,-2.460833000000001
som_Latn,100000,unmod,False,head_unmod,-19.322577,,0.0,,
sop_Latn,100000,unmod,False,head_unmod,-18.529844,,0.0,,
soq_Latn,28667,unmod,False,head_unmod,-18.089188,,0.0,mti_Latn,0.0
sot_Latn,73326,unmod,False,head_unmod,-18.890234,,0.0,tsn_Latn,0.0
soy_Latn,17800,floor21,True,else_floor21_gate,-17.663973,-21.0,0.0,tbz_Latn,-2.3681069999999984
spa_Latn,100000,unmod,False,head_unmod,-18.974958,,0.0,,
spl_Latn,21813,unmod,False,head_unmod,-18.096781,,0.0,tim_Latn,0.0
spm_Latn,2755,floor21,True,else_floor21_gate,-15.911624,-21.0,0.0,msy_Latn,-3.033085
spp_Latn,17708,floor21,True,else_floor21_gate,-17.653372,-21.0,0.0,myk_Latn,0.0
sps_Latn,24920,unmod,False,head_unmod,-18.077717,,0.0,bjn_Latn,0.0
spy_Latn,19910,unmod,False,head_unmod,-17.739328,,0.0,niq_Latn,0.0
srd_Latn,48717,unmod,False,head_unmod,-18.29825,,0.0,scn_Latn,0.0
sri_Latn,17537,floor21,True,else_floor21_gate,-17.628986,-21.0,0.0,tue_Latn,0.0
srm_Latn,65066,unmod,False,head_unmod,-18.480129,,0.0,djk_Latn,0.0
srn_Latn,100000,unmod,False,head_unmod,-18.553455,,0.0,,
srp_Cyrl,100000,unmod,False,head_unmod,-19.266268,,0.0,,
srp_Latn,79008,unmod,False,head_unmod,-18.744761,,0.0,hbs_Latn,0.0
srq_Latn,10959,floor21,True,else_floor21_gate,-17.104208,-21.0,0.0,gui_Latn,-3.2161389999999983
srr_Latn,2867,floor21,True,else_floor21_gate,-15.137528,-21.0,0.0,wol_Latn,-2.514042
ssd_Latn,29416,unmod,False,head_unmod,-17.952951,,0.0,jav_Latn,0.0
ssg_Latn,24525,unmod,False,head_unmod,-17.747982,,0.0,sun_Latn,0.0
ssw_Latn,100000,unmod,False,head_unmod,-18.739151,,0.0,,
ssx_Latn,22160,unmod,False,head_unmod,-17.86697,,0.0,knv_Latn,0.0
stn_Latn,13415,floor21,True,else_floor21_gate,-17.279583,-21.0,0.0,agw_Latn,-2.7365150000000007
stp_Latn,17750,floor21,True,else_floor21_gate,-18.094696,-21.0,0.0,mxp_Latn,0.0
stq_Latn,8966,floor21,True,else_floor21_gate,-16.711388,-21.0,0.0,fry_Latn,-1.9777009999999997
sua_Latn,23474,unmod,False,head_unmod,-18.353605,,0.0,rmy_Latn,0.0
suc_Latn,11025,floor21,True,else_floor21_gate,-17.155455,-21.0,0.0,atd_Latn,0.0
sue_Latn,24412,unmod,False,head_unmod,-17.783224,,0.0,soq_Latn,0.0
suk_Latn,22242,unmod,False,head_unmod,-17.691324,,0.0,nyy_Latn,0.0
sun_Latn,100000,unmod,False,head_unmod,-19.325417,,0.0,,
sur_Latn,13529,floor21,True,else_floor21_gate,-17.284857,-21.0,0.0,fuv_Latn,-3.190923999999999
sus_Arab,30707,unmod,False,head_unmod,-18.210657,,0.0,arz_Arab,0.0
sus_Latn,21057,unmod,False,head_unmod,-17.449762,,0.0,dyu_Latn,0.0
suz_Deva,57138,unmod,False,head_unmod,-18.816034,,0.0,npi_Deva,0.0
swb_Latn,1096,floor21,True,else_floor21_gate,-14.277294,-21.0,0.0,zdj_Latn,0.0
swc_Latn,100000,unmod,False,head_unmod,-18.424252,,0.0,,
swe_Latn,100000,unmod,False,head_unmod,-19.245983,,0.0,,
swg_Latn,8406,floor21,True,else_floor21_gate,-16.593433,-21.0,0.0,gsw_Latn,-1.9862479999999998
swh_Latn,100000,unmod,False,head_unmod,-18.99778,,0.0,,
swk_Latn,6577,floor21,True,else_floor21_gate,-16.424086,-21.0,0.0,seh_Latn,-2.4899689999999985
swp_Latn,25881,unmod,False,head_unmod,-17.713303,,0.0,meu_Latn,0.0
sxb_Latn,17789,floor21,True,else_floor21_gate,-17.504133,-21.0,0.0,xog_Latn,-3.1188129999999994
sxn_Latn,49827,unmod,False,head_unmod,-18.319382,,0.0,jav_Latn,0.0
syb_Latn,10836,floor21,True,else_floor21_gate,-17.095432,-21.0,0.0,plw_Latn,-3.456247000000001
syc_Syrc,7103,floor21,True,else_floor21_gate,-16.584873,-21.0,0.0,aii_Syrc,-2.888328999999999
syl_Beng,4163,floor21,True,else_floor21_gate,-16.351,-21.0,0.0,ben_Beng,-1.6185550000000006
syl_Latn,8549,floor21,True,else_floor21_gate,-17.085678,-21.0,0.0,frr_Latn,0.0
syl_Sylo,3570,floor21,True,else_floor21_gate,-16.514576,-21.0,0.0,,
szb_Latn,6749,floor21,True,else_floor21_gate,-16.523531,-21.0,0.0,abz_Latn,0.0
szl_Latn,55404,unmod,False,head_unmod,-18.395451,,0.0,pol_Latn,0.0
szy_Latn,2536,floor21,True,else_floor21_gate,-16.295506,-21.0,0.0,bjn_Latn,-3.302102999999999
tab_Cyrl,17650,floor21,True,else_floor21_gate,-17.655199,-21.0,0.0,che_Cyrl,-2.3489509999999996
tac_Latn,20618,unmod,False,head_unmod,-17.886133,,0.0,tar_Latn,0.0
tah_Latn,100000,unmod,False,head_unmod,-18.512335,,0.0,,
taj_Deva,17753,floor21,True,else_floor21_gate,-17.659657,-21.0,0.0,xsr_Deva,0.0
tam_Latn,4081,floor21,True,else_floor21_gate,-15.797527,-21.0,0.0,kan_Latn,0.0
tam_Taml,100000,unmod,False,head_unmod,-19.458364,,0.0,,
tap_Latn,6921,floor21,True,else_floor21_gate,-16.366402,-21.0,0.0,bem_Latn,-2.423511999999999
taq_Latn,27347,unmod,False,head_unmod,-18.20035,,0.0,kab_Latn,0.0
taq_Tfng,4245,floor21,True,else_floor21_gate,-16.500603,-21.0,0.0,ttq_Tfng,0.0
tar_Latn,46732,unmod,False,head_unmod,-17.942434,,0.0,spa_Latn,0.0
tat_Cyrl,100000,unmod,False,head_unmod,-18.987495,,0.0,,
tat_Latn,885,floor21,True,else_floor21_gate,-14.389214,-21.0,0.0,crh_Latn,0.0
tav_Latn,17136,floor21,True,else_floor21_gate,-17.768648,-21.0,0.0,bao_Latn,0.0
taw_Latn,17319,floor21,True,else_floor21_gate,-17.635653,-21.0,0.0,kmh_Latn,-2.3680319999999995
tay_Latn,743,floor21,True,else_floor21_gate,-15.408982,-21.0,0.0,trv_Latn,0.0
tbc_Latn,24280,unmod,False,head_unmod,-17.945047,,0.0,pag_Latn,0.0
tbg_Latn,44840,unmod,False,head_unmod,-18.678923,,0.0,sna_Latn,0.0
tbk_Latn,10680,floor21,True,else_floor21_gate,-17.461063,-21.0,0.0,agn_Latn,0.0
tbl_Latn,11846,floor21,True,else_floor21_gate,-17.209827,-21.0,0.0,bam_Latn,-3.71903
tbo_Latn,24484,unmod,False,head_unmod,-17.750885,,0.0,kud_Latn,0.0
tbw_Latn,4287,floor21,True,else_floor21_gate,-16.343859,-21.0,0.0,tbk_Latn,0.0
tby_Latn,13422,floor21,True,else_floor21_gate,-17.302164,-21.0,0.0,tlb_Latn,0.0
tbz_Latn,52480,unmod,False,head_unmod,-18.631893,,0.0,kpe_Latn,0.0
tca_Latn,17326,floor21,True,else_floor21_gate,-17.891359,-21.0,0.0,hch_Latn,-3.033863
tcc_Latn,17823,floor21,True,else_floor21_gate,-17.52154,-21.0,0.0,som_Latn,-1.677423000000001
tcf_Latn,100000,unmod,False,head_unmod,-18.668163,,0.0,,
tcs_Latn,22712,unmod,False,head_unmod,-17.699986,,0.0,tpi_Latn,0.0
tcy_Knda,8457,floor21,True,else_floor21_gate,-16.823824,-21.0,0.0,kan_Knda,-1.4856030000000011
tcz_Latn,68634,unmod,False,head_unmod,-18.716387,,0.0,cfm_Latn,0.0
tdx_Latn,55963,unmod,False,head_unmod,-18.000677,,0.0,xmv_Latn,0.0
ted_Latn,17646,floor21,True,else_floor21_gate,-17.826242,-21.0,0.0,wob_Latn,0.0
tee_Latn,17807,floor21,True,else_floor21_gate,-17.832928,-21.0,0.0,tpt_Latn,0.0
tel_Latn,4040,floor21,True,else_floor21_gate,-15.693152,-21.0,0.0,kan_Latn,0.0
tel_Telu,100000,unmod,False,head_unmod,-19.44208,,0.0,,
tem_Latn,13526,floor21,True,else_floor21_gate,-17.124107,-21.0,0.0,bam_Latn,-3.71903
teo_Latn,41825,unmod,False,head_unmod,-17.896135,,0.0,min_Latn,0.0
ter_Latn,17895,floor21,True,else_floor21_gate,-17.881824,-21.0,0.0,gug_Latn,-2.2391450000000006
tet_Latn,100000,unmod,False,head_unmod,-18.592743,,0.0,,
tew_Latn,10834,floor21,True,else_floor21_gate,-17.41103,-21.0,0.0,ksh_Latn,0.0
tfr_Latn,17084,floor21,True,else_floor21_gate,-17.657534,-21.0,0.0,diq_Latn,-3.555429
tgk_Cyrl,100000,unmod,False,head_unmod,-19.242168,,0.0,,
tgo_Latn,24717,unmod,False,head_unmod,-17.882395,,0.0,llb_Latn,0.0
tgp_Latn,17765,floor21,True,else_floor21_gate,-17.424833,-21.0,0.0,rmy_Latn,-2.5056399999999996
tha_Thai,100000,unmod,False,head_unmod,-19.557053,,0.0,,
thk_Latn,13482,floor21,True,else_floor21_gate,-17.251297,-21.0,0.0,hay_Latn,0.0
thl_Deva,6915,floor21,True,else_floor21_gate,-16.639568,-21.0,0.0,mai_Deva,-2.4137190000000004
thv_Latn,372,floor21,True,else_floor21_gate,-13.429835,-21.0,0.0,hoc_Latn,0.0
tif_Latn,23726,unmod,False,head_unmod,-18.340216,,0.0,tlf_Latn,0.0
tig_Ethi,3064,floor21,True,else_floor21_gate,-15.473741,-21.0,0.0,tir_Ethi,-1.6269449999999992
tih_Latn,40349,unmod,False,head_unmod,-18.259979,,0.0,dtp_Latn,0.0
tik_Latn,13464,floor21,True,else_floor21_gate,-17.484247,-21.0,0.0,lee_Latn,0.0
tim_Latn,30702,unmod,False,head_unmod,-18.201473,,0.0,kpf_Latn,0.0
tir_Ethi,100000,unmod,False,head_unmod,-19.373055,,0.0,,
tiv_Latn,100000,unmod,False,head_unmod,-18.572018,,0.0,,
tiy_Latn,17716,floor21,True,else_floor21_gate,-17.593458,-21.0,0.0,sun_Latn,-1.6745829999999984
tke_Latn,14338,floor21,True,else_floor21_gate,-17.174574,-21.0,0.0,mny_Latn,-3.3600920000000016
tkl_Latn,505,floor21,True,else_floor21_gate,-13.8821,-21.0,0.0,arr_Latn,0.0
tkr_Cyrl,777,floor21,True,else_floor21_gate,-14.484138,-21.0,0.0,agx_Cyrl,0.0
tku_Latn,17821,floor21,True,else_floor21_gate,-17.59189,-21.0,0.0,top_Latn,-2.294568999999999
tlb_Latn,13436,floor21,True,else_floor21_gate,-17.302998,-21.0,0.0,gor_Latn,0.0
tlf_Latn,23775,unmod,False,head_unmod,-18.278563,,0.0,fai_Latn,0.0
tlh_Latn,42807,unmod,False,head_unmod,-18.114883,,0.0,eng_Latn,0.0
tlj_Latn,17791,floor21,True,else_floor21_gate,-17.550068,-21.0,0.0,xog_Latn,-3.1188129999999994
tll_Latn,100000,unmod,False,head_unmod,-18.539167,,0.0,,
tly_Latn,3892,floor21,True,else_floor21_gate,-16.522963,-21.0,0.0,azj_Latn,-1.8742289999999997
tmc_Latn,6765,floor21,True,else_floor21_gate,-16.772917,-21.0,0.0,frr_Latn,0.0
tmd_Latn,17323,floor21,True,else_floor21_gate,-17.77696,-21.0,0.0,kpw_Latn,-3.006062
tna_Latn,23936,unmod,False,head_unmod,-17.834307,,0.0,arg_Latn,0.0
tnc_Latn,5146,floor21,True,else_floor21_gate,-16.730267,-21.0,0.0,tuo_Latn,-2.7265610000000002
tnk_Latn,17717,floor21,True,else_floor21_gate,-17.694994,-21.0,0.0,azj_Latn,-1.8742289999999997
tnn_Latn,17665,floor21,True,else_floor21_gate,-17.655119,-21.0,0.0,tnk_Latn,0.0
tnp_Latn,10970,floor21,True,else_floor21_gate,-17.283253,-21.0,0.0,tnn_Latn,0.0
tnr_Latn,6516,floor21,True,else_floor21_gate,-16.923416,-21.0,0.0,bsc_Latn,0.0
tob_Latn,42001,unmod,False,head_unmod,-18.555292,,0.0,glg_Latn,0.0
toc_Latn,17742,floor21,True,else_floor21_gate,-18.13448,-21.0,0.0,top_Latn,-2.294568999999999
tod_Latn,19051,unmod,False,head_unmod,-17.637976,,0.0,kpe_Latn,0.0
tog_Latn,100000,unmod,False,head_unmod,-18.490118,,0.0,,
toh_Latn,89915,unmod,False,head_unmod,-18.470154,,0.0,cce_Latn,0.0
toi_Latn,100000,unmod,False,head_unmod,-18.519445,,0.0,,
toj_Latn,100000,unmod,False,head_unmod,-18.783241,,0.0,,
tok_Latn,48852,unmod,False,head_unmod,-17.240019,,0.0,jav_Latn,0.0
ton_Latn,100000,unmod,False,head_unmod,-18.704702,,0.0,,
too_Latn,17821,floor21,True,else_floor21_gate,-17.658936,-21.0,0.0,top_Latn,-2.294568999999999
top_Latn,100000,unmod,False,head_unmod,-18.705431,,0.0,,
tos_Latn,17720,floor21,True,else_floor21_gate,-18.049299,-21.0,0.0,top_Latn,-2.294568999999999
tpa_Latn,1672,floor21,True,else_floor21_gate,-15.131623,-21.0,0.0,wed_Latn,0.0
tpi_Latn,100000,unmod,False,head_unmod,-18.553535,,0.0,,
tpm_Latn,56620,unmod,False,head_unmod,-18.499128,,0.0,gur_Latn,0.0
tpn_Latn,493,floor21,True,else_floor21_gate,-13.764291,-21.0,0.0,eme_Latn,0.0
tpp_Latn,17827,floor21,True,else_floor21_gate,-17.593597,-21.0,0.0,top_Latn,-2.294568999999999
tpt_Latn,17825,floor21,True,else_floor21_gate,-17.640196,-21.0,0.0,tpp_Latn,0.0
tpw_Latn,360,floor21,True,else_floor21_gate,-13.441723,-21.0,0.0,hoc_Latn,0.0
tpz_Latn,24321,unmod,False,head_unmod,-18.139103,,0.0,mad_Latn,0.0
tqo_Latn,6765,floor21,True,else_floor21_gate,-16.547832,-21.0,0.0,lfn_Latn,0.0
trc_Latn,10997,floor21,True,else_floor21_gate,-17.464041,-21.0,0.0,miy_Latn,0.0
trn_Latn,6686,floor21,True,else_floor21_gate,-16.65659,-21.0,0.0,ign_Latn,-2.7124960000000016
tro_Latn,11062,floor21,True,else_floor21_gate,-16.890366,-21.0,0.0,smt_Latn,0.0
trp_Latn,30617,unmod,False,head_unmod,-17.985319,,0.0,jav_Latn,0.0
trq_Latn,6754,floor21,True,else_floor21_gate,-16.711569,-21.0,0.0,trs_Latn,0.0
trs_Latn,6763,floor21,True,else_floor21_gate,-16.777699,-21.0,0.0,cos_Latn,0.0
trv_Latn,5293,floor21,True,else_floor21_gate,-17.404493,-21.0,0.0,bjn_Latn,-3.302102999999999
tsc_Latn,100000,unmod,False,head_unmod,-18.484503,,0.0,,
tsg_Latn,10993,floor21,True,else_floor21_gate,-17.248049,-21.0,0.0,sml_Latn,0.0
tsn_Latn,100000,unmod,False,head_unmod,-19.039539,,0.0,,
tso_Latn,100000,unmod,False,head_unmod,-18.966043,,0.0,,
tsw_Latn,17700,floor21,True,else_floor21_gate,-17.518707,-21.0,0.0,asg_Latn,0.0
tsz_Latn,100000,unmod,False,head_unmod,-18.629494,,0.0,,
ttc_Latn,17827,floor21,True,else_floor21_gate,-17.674086,-21.0,0.0,mam_Latn,-1.9408279999999998
tte_Latn,30509,unmod,False,head_unmod,-18.066635,,0.0,kud_Latn,0.0
ttj_Latn,89198,unmod,False,head_unmod,-18.375889,,0.0,nyn_Latn,0.0
ttq_Latn,6630,floor21,True,else_floor21_gate,-16.697372,-21.0,0.0,taq_Latn,-2.7996499999999997
ttq_Tfng,4277,floor21,True,else_floor21_gate,-16.231266,-21.0,0.0,,
tuc_Latn,42199,unmod,False,head_unmod,-18.609728,,0.0,swh_Latn,0.0
tue_Latn,17632,floor21,True,else_floor21_gate,-17.633125,-21.0,0.0,bao_Latn,0.0
tuf_Latn,17688,floor21,True,else_floor21_gate,-17.790649,-21.0,0.0,arg_Latn,-3.4299409999999995
tui_Latn,30782,unmod,False,head_unmod,-18.116606,,0.0,wol_Latn,0.0
tuk_Arab,4783,floor21,True,else_floor21_gate,-16.305822,-21.0,0.0,azb_Arab,-1.4065800000000017
tuk_Cyrl,100000,unmod,False,head_unmod,-18.802612,,0.0,,
tuk_Latn,100000,unmod,False,head_unmod,-18.975079,,0.0,,
tul_Latn,4299,floor21,True,else_floor21_gate,-16.037535,-21.0,0.0,knc_Latn,0.0
tum_Latn,100000,unmod,False,head_unmod,-18.596365,,0.0,,
tuo_Latn,28238,unmod,False,head_unmod,-18.273439,,0.0,tar_Latn,0.0
tur_Latn,100000,unmod,False,head_unmod,-18.905375,,0.0,,
tuv_Latn,532,floor21,True,else_floor21_gate,-13.963043,-21.0,0.0,arr_Latn,0.0
tvk_Latn,22714,unmod,False,head_unmod,-17.897989,,0.0,pma_Latn,0.0
tvl_Latn,100000,unmod,False,head_unmod,-18.477608,,0.0,,
twb_Latn,6753,floor21,True,else_floor21_gate,-16.415077,-21.0,0.0,bnj_Latn,0.0
twi_Latn,100000,unmod,False,head_unmod,-18.721931,,0.0,,
twu_Latn,13437,floor21,True,else_floor21_gate,-17.250261,-21.0,0.0,llg_Latn,0.0
twx_Latn,26573,unmod,False,head_unmod,-17.163424,,0.0,ndc_Latn,0.0
txq_Latn,18350,unmod,False,head_unmod,-17.751301,,0.0,tet_Latn,0.0
txu_Latn,17214,floor21,True,else_floor21_gate,-18.020214,-21.0,0.0,diq_Latn,-3.555429
tyv_Cyrl,100000,unmod,False,head_unmod,-18.992876,,0.0,,
tzh_Latn,100000,unmod,False,head_unmod,-18.720543,,0.0,,
tzj_Latn,56692,unmod,False,head_unmod,-18.947996,,0.0,cak_Latn,0.0
tzl_Latn,190,floor21,True,else_floor21_gate,-13.279754,-21.0,0.0,aqz_Latn,0.0
tzm_Tfng,1590,floor21,True,else_floor21_gate,-15.836462,-21.0,0.0,zgh_Tfng,0.0
tzo_Latn,100000,unmod,False,head_unmod,-18.851353,,0.0,,
ubr_Latn,27048,unmod,False,head_unmod,-17.972542,,0.0,sco_Latn,0.0
ubu_Latn,58489,unmod,False,head_unmod,-19.091419,,0.0,swh_Latn,0.0
udm_Cyrl,100000,unmod,False,head_unmod,-18.92034,,0.0,,
udu_Latn,17827,floor21,True,else_floor21_gate,-17.710165,-21.0,0.0,bjn_Latn,-3.302102999999999
uig_Arab,100000,unmod,False,head_unmod,-19.533276,,0.0,,
uig_Cyrl,39412,unmod,False,head_unmod,-18.512623,,0.0,tat_Cyrl,0.0
uig_Latn,59496,unmod,False,head_unmod,-18.9072,,0.0,uzn_Latn,0.0
ukr_Cyrl,100000,unmod,False,head_unmod,-19.176165,,0.0,,
umb_Latn,100000,unmod,False,head_unmod,-18.597679,,0.0,,
upv_Latn,17741,floor21,True,else_floor21_gate,-17.577806,-21.0,0.0,jav_Latn,-1.835878000000001
ura_Latn,17359,floor21,True,else_floor21_gate,-17.756456,-21.0,0.0,cni_Latn,-3.0326440000000012
urb_Latn,17434,floor21,True,else_floor21_gate,-17.802511,-21.0,0.0,gug_Latn,-2.2391450000000006
urd_Arab,100000,unmod,False,head_unmod,-19.098028,,0.0,,
urd_Latn,38376,unmod,False,head_unmod,-18.418697,,0.0,lvs_Latn,0.0
urh_Latn,100000,unmod,False,head_unmod,-18.644287,,0.0,,
uri_Latn,4227,floor21,True,else_floor21_gate,-16.320221,-21.0,0.0,xbi_Latn,0.0
urk_Thai,13466,floor21,True,else_floor21_gate,-17.572378,-21.0,0.0,kxm_Thai,0.0
urt_Latn,17543,floor21,True,else_floor21_gate,-17.607746,-21.0,0.0,jav_Latn,-1.835878000000001
urw_Latn,1006,floor21,True,else_floor21_gate,-14.813037,-21.0,0.0,avk_Latn,0.0
ury_Latn,6598,floor21,True,else_floor21_gate,-16.850519,-21.0,0.0,zea_Latn,0.0
usa_Latn,24754,unmod,False,head_unmod,-18.177706,,0.0,tar_Latn,0.0
usp_Latn,17825,floor21,True,else_floor21_gate,-17.718365,-21.0,0.0,quc_Latn,-1.906523
uth_Latn,4272,floor21,True,else_floor21_gate,-16.313787,-21.0,0.0,oto_Latn,0.0
uvh_Latn,17225,floor21,True,else_floor21_gate,-17.899649,-21.0,0.0,mak_Latn,-2.5944770000000013
uvl_Latn,24441,unmod,False,head_unmod,-17.852642,,0.0,mee_Latn,0.0
uzn_Cyrl,37596,unmod,False,head_unmod,-18.384436,,0.0,tgk_Cyrl,0.0
uzn_Latn,100000,unmod,False,head_unmod,-19.33787,,0.0,,
uzs_Arab,100000,unmod,False,head_unmod,-19.380856,,0.0,,
vag_Latn,17828,floor21,True,else_floor21_gate,-17.428881,-21.0,0.0,tpm_Latn,-2.500872000000001
vap_Latn,30667,unmod,False,head_unmod,-17.910437,,0.0,pck_Latn,0.0
var_Latn,11058,floor21,True,else_floor21_gate,-17.407549,-21.0,0.0,tar_Latn,-3.0575660000000013
vec_Latn,100000,unmod,False,head_unmod,-18.901024,,0.0,,
ven_Latn,100000,unmod,False,head_unmod,-18.667692,,0.0,,
vep_Latn,9947,floor21,True,else_floor21_gate,-16.525753,-21.0,0.0,vro_Latn,-2.7770709999999994
vid_Latn,17829,floor21,True,else_floor21_gate,-17.334766,-21.0,0.0,swh_Latn,-2.002220000000001
vie_Latn,100000,unmod,False,head_unmod,-19.351854,,0.0,,
viv_Latn,23382,unmod,False,head_unmod,-18.027618,,0.0,kud_Latn,0.0
vls_Latn,25500,unmod,False,head_unmod,-17.629881,,0.0,lim_Latn,0.0
vmk_Latn,1646,floor21,True,else_floor21_gate,-14.607589,-21.0,0.0,vmw_Latn,-2.4564839999999997
vmw_Latn,100000,unmod,False,head_unmod,-18.543516,,0.0,,
vmy_Latn,17829,floor21,True,else_floor21_gate,-17.509323,-21.0,0.0,mau_Latn,-2.1896710000000006
vol_Latn,88791,unmod,False,head_unmod,-18.67778,,0.0,gsw_Latn,0.0
vot_Latn,119,floor21,True,else_floor21_gate,-13.27791,-21.0,0.0,bor_Latn,0.0
vro_Latn,51151,unmod,False,head_unmod,-18.222929,,0.0,ekk_Latn,0.0
vun_Latn,17824,floor21,True,else_floor21_gate,-17.367733,-21.0,0.0,kki_Latn,0.0
vut_Latn,17776,floor21,True,else_floor21_gate,-17.661537,-21.0,0.0,mcp_Latn,-3.1954920000000016
waj_Latn,24407,unmod,False,head_unmod,-18.139738,,0.0,tbg_Latn,0.0
wal_Ethi,6595,floor21,True,else_floor21_gate,-16.570704,-21.0,0.0,ktb_Ethi,0.0
wal_Latn,100000,unmod,False,head_unmod,-18.72646,,0.0,,
wap_Latn,30027,unmod,False,head_unmod,-18.180416,,0.0,swh_Latn,0.0
war_Latn,100000,unmod,False,head_unmod,-18.803905,,0.0,,
wat_Latn,6617,floor21,True,else_floor21_gate,-16.575438,-21.0,0.0,pwg_Latn,-3.2369249999999994
way_Latn,13526,floor21,True,else_floor21_gate,-17.350632,-21.0,0.0,mfy_Latn,-3.365763000000001
wba_Latn,7083,floor21,True,else_floor21_gate,-16.456438,-21.0,0.0,bug_Latn,0.0
wbm_Latn,64634,unmod,False,head_unmod,-18.817198,,0.0,cfm_Latn,0.0
wbp_Latn,20841,unmod,False,head_unmod,-18.241354,,0.0,mak_Latn,0.0
wed_Latn,6267,floor21,True,else_floor21_gate,-16.318428,-21.0,0.0,pwg_Latn,-3.2369249999999994
wer_Latn,24394,unmod,False,head_unmod,-17.919802,,0.0,hrx_Latn,0.0
wes_Latn,65898,unmod,False,head_unmod,-18.161024,,0.0,eng_Latn,0.0
wew_Latn,727,floor21,True,else_floor21_gate,-13.988091,-21.0,0.0,mlu_Latn,0.0
whg_Latn,782,floor21,True,else_floor21_gate,-14.071486,-21.0,0.0,prg_Latn,0.0
whk_Latn,11051,floor21,True,else_floor21_gate,-17.07427,-21.0,0.0,mad_Latn,-2.2479520000000015
wib_Latn,9431,floor21,True,else_floor21_gate,-17.10463,-21.0,0.0,soy_Latn,0.0
wim_Latn,17245,floor21,True,else_floor21_gate,-17.945253,-21.0,0.0,bjn_Latn,-3.302102999999999
wiu_Latn,29858,unmod,False,head_unmod,-18.14712,,0.0,swh_Latn,0.0
wln_Latn,25529,unmod,False,head_unmod,-17.413876,,0.0,fra_Latn,0.0
wls_Latn,100000,unmod,False,head_unmod,-18.572922,,0.0,,
wlv_Latn,1486,floor21,True,else_floor21_gate,-14.50665,-21.0,0.0,mzh_Latn,-2.8887479999999996
wlx_Latn,19671,unmod,False,head_unmod,-17.58506,,0.0,fil_Latn,0.0
wmt_Latn,1953,floor21,True,else_floor21_gate,-15.994826,-21.0,0.0,wbp_Latn,-2.758645999999999
wmw_Latn,17797,floor21,True,else_floor21_gate,-17.280638,-21.0,0.0,swh_Latn,-2.002220000000001
wnc_Latn,28251,unmod,False,head_unmod,-18.175081,,0.0,pam_Latn,0.0
wnu_Latn,23875,unmod,False,head_unmod,-17.8599,,0.0,bar_Latn,0.0
wob_Latn,17751,floor21,True,else_floor21_gate,-17.779758,-21.0,0.0,moa_Latn,0.0
wol_Latn,69728,unmod,False,head_unmod,-18.485958,,0.0,som_Latn,0.0
wos_Latn,19970,unmod,False,head_unmod,-17.776525,,0.0,abt_Latn,0.0
wrk_Latn,10995,floor21,True,else_floor21_gate,-17.68685,-21.0,0.0,gvn_Latn,0.0
wrs_Latn,25819,unmod,False,head_unmod,-18.179874,,0.0,jav_Latn,0.0
wsg_Telu,4001,floor21,True,else_floor21_gate,-16.475893,-21.0,0.0,tel_Telu,-1.5579199999999993
wsk_Latn,29455,unmod,False,head_unmod,-17.935743,,0.0,jav_Latn,0.0
wuu_Hani,74364,unmod,False,head_unmod,-19.34483,,0.0,cmn_Hani,0.0
wuv_Latn,24539,unmod,False,head_unmod,-17.691454,,0.0,mwl_Latn,0.0
wwa_Latn,13509,floor21,True,else_floor21_gate,-17.190075,-21.0,0.0,hag_Latn,0.0
xal_Cyrl,11611,floor21,True,else_floor21_gate,-17.15757,-21.0,0.0,tat_Cyrl,-2.012505000000001
xav_Latn,30476,unmod,False,head_unmod,-18.3389,,0.0,por_Latn,0.0
xbi_Latn,8764,floor21,True,else_floor21_gate,-17.124619,-21.0,0.0,lad_Latn,0.0
xbr_Latn,6415,floor21,True,else_floor21_gate,-16.533119,-21.0,0.0,bhp_Latn,0.0
xed_Latn,17807,floor21,True,else_floor21_gate,-17.554403,-21.0,0.0,hau_Latn,-1.9948119999999996
xho_Latn,100000,unmod,False,head_unmod,-18.966749,,0.0,,
xla_Latn,27219,unmod,False,head_unmod,-18.099957,,0.0,knv_Latn,0.0
xmf_Geor,100000,unmod,False,head_unmod,-19.199575,,0.0,,
xmm_Latn,6762,floor21,True,else_floor21_gate,-16.552959,-21.0,0.0,mkn_Latn,-3.3762229999999995
xmv_Latn,56898,unmod,False,head_unmod,-18.001871,,0.0,plt_Latn,0.0
xnn_Latn,10778,floor21,True,else_floor21_gate,-17.011091,-21.0,0.0,kne_Latn,0.0
xog_Latn,26865,unmod,False,head_unmod,-17.881187,,0.0,lug_Latn,0.0
xon_Latn,24417,unmod,False,head_unmod,-17.709978,,0.0,bim_Latn,0.0
xrb_Latn,17749,floor21,True,else_floor21_gate,-17.608837,-21.0,0.0,myk_Latn,0.0
xsb_Latn,17822,floor21,True,else_floor21_gate,-17.553312,-21.0,0.0,pag_Latn,-2.417759
xsi_Latn,28581,unmod,False,head_unmod,-18.162369,,0.0,ldi_Latn,0.0
xsm_Latn,24468,unmod,False,head_unmod,-17.986574,,0.0,gur_Latn,0.0
xsr_Deva,17795,floor21,True,else_floor21_gate,-17.706606,-21.0,0.0,npi_Deva,-1.7426819999999985
xsu_Latn,19885,unmod,False,head_unmod,-18.089334,,0.0,vro_Latn,0.0
xtd_Latn,17918,floor21,True,else_floor21_gate,-17.574444,-21.0,0.0,xtn_Latn,-3.2393189999999983
xtm_Latn,22034,unmod,False,head_unmod,-17.800232,,0.0,xtn_Latn,0.0
xtn_Latn,23830,unmod,False,head_unmod,-17.760681,,0.0,mxv_Latn,0.0
xum_Latn,113,floor21,True,else_floor21_gate,-13.24964,-21.0,0.0,bor_Latn,0.0
xuo_Latn,17719,floor21,True,else_floor21_gate,-17.708883,-21.0,0.0,kia_Latn,-2.7162630000000014
yaa_Latn,17141,floor21,True,else_floor21_gate,-17.721855,-21.0,0.0,mcd_Latn,-2.874189000000001
yad_Latn,16726,floor21,True,else_floor21_gate,-17.69087,-21.0,0.0,scn_Latn,-2.4046459999999996
yal_Latn,17818,floor21,True,else_floor21_gate,-17.342989,-21.0,0.0,sus_Latn,-3.5502380000000002
yam_Latn,17769,floor21,True,else_floor21_gate,-17.740488,-21.0,0.0,bfd_Latn,0.0
yan_Latn,30490,unmod,False,head_unmod,-18.029142,,0.0,miq_Latn,0.0
yao_Latn,100000,unmod,False,head_unmod,-18.741262,,0.0,,
yap_Latn,100000,unmod,False,head_unmod,-18.56189,,0.0,,
yaq_Latn,17776,floor21,True,else_floor21_gate,-17.790342,-21.0,0.0,mfy_Latn,-3.365763000000001
yas_Latn,6565,floor21,True,else_floor21_gate,-16.746262,-21.0,0.0,lem_Latn,0.0
yat_Latn,6733,floor21,True,else_floor21_gate,-16.846607,-21.0,0.0,mcp_Latn,-3.1954920000000016
yaz_Latn,6764,floor21,True,else_floor21_gate,-16.745506,-21.0,0.0,atg_Latn,0.0
ybb_Latn,12240,floor21,True,else_floor21_gate,-17.203337,-21.0,0.0,bss_Latn,0.0
yby_Latn,24355,unmod,False,head_unmod,-17.97995,,0.0,snp_Latn,0.0
ycn_Latn,17642,floor21,True,else_floor21_gate,-17.873148,-21.0,0.0,tar_Latn,-3.0575660000000013
ydd_Hebr,38324,unmod,False,head_unmod,-18.271696,,0.0,heb_Hebr,0.0
yim_Latn,30719,unmod,False,head_unmod,-17.921444,,0.0,njo_Latn,0.0
yka_Latn,24931,unmod,False,head_unmod,-17.940979,,0.0,bjn_Latn,0.0
yle_Latn,30413,unmod,False,head_unmod,-18.400875,,0.0,jav_Latn,0.0
yli_Latn,13447,floor21,True,else_floor21_gate,-17.274033,-21.0,0.0,jav_Latn,-1.835878000000001
yml_Latn,22780,unmod,False,head_unmod,-18.036947,,0.0,dob_Latn,0.0
yom_Latn,70854,unmod,False,head_unmod,-18.271048,,0.0,kwy_Latn,0.0
yon_Latn,21011,unmod,False,head_unmod,-17.759016,,0.0,fuv_Latn,0.0
yor_Latn,100000,unmod,False,head_unmod,-19.054844,,0.0,,
yrb_Latn,15989,floor21,True,else_floor21_gate,-17.397398,-21.0,0.0,aby_Latn,-3.1028979999999997
yre_Latn,28067,unmod,False,head_unmod,-18.179792,,0.0,dyu_Latn,0.0
yrk_Cyrl,1902,floor21,True,else_floor21_gate,-15.431736,-21.0,0.0,eve_Cyrl,0.0
yrl_Latn,6918,floor21,True,else_floor21_gate,-15.909217,-21.0,0.0,ext_Latn,0.0
yss_Latn,37876,unmod,False,head_unmod,-18.336929,,0.0,jav_Latn,0.0
yua_Latn,100000,unmod,False,head_unmod,-18.748322,,0.0,,
yue_Hani,100000,unmod,False,head_unmod,-19.385622,,0.0,,
yuj_Latn,24252,unmod,False,head_unmod,-18.062048,,0.0,jav_Latn,0.0
yup_Latn,270,floor21,True,else_floor21_gate,-13.599019,-21.0,0.0,aqz_Latn,0.0
yut_Latn,28424,unmod,False,head_unmod,-18.006632,,0.0,kmh_Latn,0.0
yuw_Latn,20046,unmod,False,head_unmod,-17.886494,,0.0,jav_Latn,0.0
yuz_Latn,6670,floor21,True,else_floor21_gate,-16.60323,-21.0,0.0,ext_Latn,0.0
yva_Latn,17493,floor21,True,else_floor21_gate,-17.696014,-21.0,0.0,wmw_Latn,0.0
zaa_Latn,17673,floor21,True,else_floor21_gate,-17.742298,-21.0,0.0,spa_Latn,-2.025041999999999
zab_Latn,19384,unmod,False,head_unmod,-17.548119,,0.0,zai_Latn,0.0
zac_Latn,17805,floor21,True,else_floor21_gate,-17.701822,-21.0,0.0,zai_Latn,-2.3629040000000003
zad_Latn,17817,floor21,True,else_floor21_gate,-17.51763,-21.0,0.0,zpu_Latn,0.0
zae_Latn,17778,floor21,True,else_floor21_gate,-17.675404,-21.0,0.0,mwl_Latn,-3.067969999999999
zai_Latn,100000,unmod,False,head_unmod,-18.637096,,0.0,,
zam_Latn,17797,floor21,True,else_floor21_gate,-18.020971,-21.0,0.0,zca_Latn,0.0
zao_Latn,17796,floor21,True,else_floor21_gate,-17.419807,-21.0,0.0,zpi_Latn,0.0
zar_Latn,17756,floor21,True,else_floor21_gate,-17.736547,-21.0,0.0,zai_Latn,-2.3629040000000003
zas_Latn,17799,floor21,True,else_floor21_gate,-17.478937,-21.0,0.0,zaw_Latn,0.0
zat_Latn,17798,floor21,True,else_floor21_gate,-17.598967,-21.0,0.0,zai_Latn,-2.3629040000000003
zav_Latn,17587,floor21,True,else_floor21_gate,-17.770041,-21.0,0.0,zpq_Latn,0.0
zaw_Latn,17823,floor21,True,else_floor21_gate,-17.553192,-21.0,0.0,zab_Latn,-3.451881
zca_Latn,17802,floor21,True,else_floor21_gate,-17.481995,-21.0,0.0,zpi_Latn,0.0
zdj_Latn,1573,floor21,True,else_floor21_gate,-14.54332,-21.0,0.0,kzn_Latn,0.0
zea_Latn,8505,floor21,True,else_floor21_gate,-16.403,-21.0,0.0,vls_Latn,-3.370118999999999
zgh_Tfng,2897,floor21,True,else_floor21_gate,-15.386987,-21.0,0.0,taq_Tfng,0.0
zia_Latn,24412,unmod,False,head_unmod,-17.830906,,0.0,jav_Latn,0.0
ziw_Latn,17829,floor21,True,else_floor21_gate,-17.260088,-21.0,0.0,swh_Latn,-2.002220000000001
zne_Latn,100000,unmod,False,head_unmod,-18.482119,,0.0,,
zoc_Latn,4297,floor21,True,else_floor21_gate,-16.285007,-21.0,0.0,zos_Latn,0.0
zom_Latn,48432,unmod,False,head_unmod,-18.238922,,0.0,ctd_Latn,0.0
zos_Latn,17816,floor21,True,else_floor21_gate,-17.713335,-21.0,0.0,arg_Latn,-3.4299409999999995
zpa_Latn,50169,unmod,False,head_unmod,-17.931023,,0.0,zai_Latn,0.0
zpc_Latn,17745,floor21,True,else_floor21_gate,-17.654982,-21.0,0.0,zsr_Latn,0.0
zpg_Latn,833,floor21,True,else_floor21_gate,-14.230258,-21.0,0.0,prg_Latn,0.0
zpi_Latn,17812,floor21,True,else_floor21_gate,-17.468048,-21.0,0.0,zab_Latn,-3.451881
zpj_Latn,90,floor21,True,else_floor21_gate,-13.319242,-21.0,0.0,ldn_Latn,0.0
zpl_Latn,17820,floor21,True,else_floor21_gate,-17.563286,-21.0,0.0,zai_Latn,-2.3629040000000003
zpm_Latn,17300,floor21,True,else_floor21_gate,-17.663342,-21.0,0.0,zpi_Latn,0.0
zpo_Latn,17782,floor21,True,else_floor21_gate,-17.407179,-21.0,0.0,zao_Latn,0.0
zpq_Latn,17691,floor21,True,else_floor21_gate,-17.634674,-21.0,0.0,zad_Latn,0.0
zpt_Latn,17827,floor21,True,else_floor21_gate,-17.46207,-21.0,0.0,zpu_Latn,0.0
zpu_Latn,17841,floor21,True,else_floor21_gate,-17.601425,-21.0,0.0,vls_Latn,-3.370118999999999
zpv_Latn,17800,floor21,True,else_floor21_gate,-17.796452,-21.0,0.0,zai_Latn,-2.3629040000000003
zpz_Latn,17804,floor21,True,else_floor21_gate,-17.624929,-21.0,0.0,zab_Latn,-3.451881
zsm_Arab,281,floor21,True,else_floor21_gate,-13.479317,-21.0,0.0,ota_Arab,0.0
zsm_Latn,100000,unmod,False,head_unmod,-19.018448,,0.0,,
zsr_Latn,17753,floor21,True,else_floor21_gate,-17.652672,-21.0,0.0,zar_Latn,0.0
ztq_Latn,17742,floor21,True,else_floor21_gate,-17.357363,-21.0,0.0,zpo_Latn,0.0
zty_Latn,17738,floor21,True,else_floor21_gate,-17.646761,-21.0,0.0,zad_Latn,0.0
zul_Latn,100000,unmod,False,head_unmod,-18.952782,,0.0,,
zyb_Latn,13305,floor21,True,else_floor21_gate,-17.493708,-21.0,0.0,ium_Latn,-2.386209000000001
zyp_Latn,17810,floor21,True,else_floor21_gate,-17.469576,-21.0,0.0,czt_Latn,-3.4603329999999985
